<?xml version="1.0" encoding="utf-8"?>
<COLLADA xmlns="http://www.collada.org/2005/11/COLLADASchema" version="1.4.1" xmlns:xsi="http://www.w3.org/2001/XMLSchema-instance">
  <asset>
    <contributor>
      <author>Blender User</author>
      <authoring_tool>Blender 3.3.21 commit date:2024-07-15, commit time:08:57, hash:e016c21db151</authoring_tool>
    </contributor>
    <created>2025-10-31T14:57:52</created>
    <modified>2025-10-31T14:57:52</modified>
    <unit name="meter" meter="1"/>
    <up_axis>Z_UP</up_axis>
  </asset>
  <library_cameras>
    <camera id="Camera_001-camera" name="Camera.001">
      <optics>
        <technique_common>
          <perspective>
            <xfov sid="xfov">39.59775</xfov>
            <aspect_ratio>1.777778</aspect_ratio>
            <znear sid="znear">0.1</znear>
            <zfar sid="zfar">100</zfar>
          </perspective>
        </technique_common>
      </optics>
      <extra>
        <technique profile="blender">
          <shiftx sid="shiftx" type="float">0</shiftx>
          <shifty sid="shifty" type="float">0</shifty>
          <dof_distance sid="dof_distance" type="float">10</dof_distance>
        </technique>
      </extra>
    </camera>
    <camera id="Camera-camera" name="Camera">
      <optics>
        <technique_common>
          <perspective>
            <xfov sid="xfov">39.59775</xfov>
            <aspect_ratio>1.777778</aspect_ratio>
            <znear sid="znear">0.1</znear>
            <zfar sid="zfar">100</zfar>
          </perspective>
        </technique_common>
      </optics>
      <extra>
        <technique profile="blender">
          <shiftx sid="shiftx" type="float">0</shiftx>
          <shifty sid="shifty" type="float">0</shifty>
          <dof_distance sid="dof_distance" type="float">10</dof_distance>
        </technique>
      </extra>
    </camera>
  </library_cameras>
  <library_lights>
    <light id="Light_001-light" name="Light.001">
      <technique_common>
        <point>
          <color sid="color">1000 1000 1000</color>
          <constant_attenuation>1</constant_attenuation>
          <linear_attenuation>0</linear_attenuation>
          <quadratic_attenuation>0.001599967</quadratic_attenuation>
        </point>
      </technique_common>
      <extra>
        <technique profile="blender">
          <type sid="type" type="int">0</type>
          <flag sid="flag" type="int">0</flag>
          <mode sid="mode" type="int">2097153</mode>
          <gamma sid="blender_gamma" type="float">1</gamma>
          <red sid="red" type="float">1</red>
          <green sid="green" type="float">1</green>
          <blue sid="blue" type="float">1</blue>
          <shadow_r sid="blender_shadow_r" type="float">0</shadow_r>
          <shadow_g sid="blender_shadow_g" type="float">0</shadow_g>
          <shadow_b sid="blender_shadow_b" type="float">0</shadow_b>
          <energy sid="blender_energy" type="float">1000</energy>
          <dist sid="blender_dist" type="float">25</dist>
          <spotsize sid="spotsize" type="float">75</spotsize>
          <spotblend sid="spotblend" type="float">0.15</spotblend>
          <att1 sid="att1" type="float">0</att1>
          <att2 sid="att2" type="float">1</att2>
          <falloff_type sid="falloff_type" type="int">2</falloff_type>
          <clipsta sid="clipsta" type="float">0.04999995</clipsta>
          <clipend sid="clipend" type="float">40</clipend>
          <bias sid="bias" type="float">1</bias>
          <soft sid="soft" type="float">3</soft>
          <bufsize sid="bufsize" type="int">512</bufsize>
          <samp sid="samp" type="int">3</samp>
          <buffers sid="buffers" type="int">1</buffers>
          <area_shape sid="area_shape" type="int">1</area_shape>
          <area_size sid="area_size" type="float">0.1</area_size>
          <area_sizey sid="area_sizey" type="float">0.1</area_sizey>
          <area_sizez sid="area_sizez" type="float">1</area_sizez>
        </technique>
      </extra>
    </light>
    <light id="Light-light" name="Light">
      <technique_common>
        <point>
          <color sid="color">1000 1000 1000</color>
          <constant_attenuation>1</constant_attenuation>
          <linear_attenuation>0</linear_attenuation>
          <quadratic_attenuation>0.00111109</quadratic_attenuation>
        </point>
      </technique_common>
      <extra>
        <technique profile="blender">
          <type sid="type" type="int">0</type>
          <flag sid="flag" type="int">0</flag>
          <mode sid="mode" type="int">1</mode>
          <gamma sid="blender_gamma" type="float">1</gamma>
          <red sid="red" type="float">1</red>
          <green sid="green" type="float">1</green>
          <blue sid="blue" type="float">1</blue>
          <shadow_r sid="blender_shadow_r" type="float">0</shadow_r>
          <shadow_g sid="blender_shadow_g" type="float">0</shadow_g>
          <shadow_b sid="blender_shadow_b" type="float">0</shadow_b>
          <energy sid="blender_energy" type="float">1000</energy>
          <dist sid="blender_dist" type="float">29.99998</dist>
          <spotsize sid="spotsize" type="float">75</spotsize>
          <spotblend sid="spotblend" type="float">0.15</spotblend>
          <att1 sid="att1" type="float">0</att1>
          <att2 sid="att2" type="float">1</att2>
          <falloff_type sid="falloff_type" type="int">2</falloff_type>
          <clipsta sid="clipsta" type="float">0.04999995</clipsta>
          <clipend sid="clipend" type="float">30.002</clipend>
          <bias sid="bias" type="float">1</bias>
          <soft sid="soft" type="float">3</soft>
          <bufsize sid="bufsize" type="int">2880</bufsize>
          <samp sid="samp" type="int">3</samp>
          <buffers sid="buffers" type="int">1</buffers>
          <area_shape sid="area_shape" type="int">1</area_shape>
          <area_size sid="area_size" type="float">0.1</area_size>
          <area_sizey sid="area_sizey" type="float">0.1</area_sizey>
          <area_sizez sid="area_sizez" type="float">1</area_sizez>
        </technique>
      </extra>
    </light>
  </library_lights>
  <library_effects>
    <effect id="black_spec_003-effect">
      <profile_COMMON>
        <technique sid="common">
          <lambert>
            <emission>
              <color sid="emission">0 0 0 1</color>
            </emission>
            <diffuse>
              <color sid="diffuse">0.16355 0.16355 0.16355 1</color>
            </diffuse>
            <transparent opaque="A_ONE">
              <color sid="alpha">0 0 0 0</color>
            </transparent>
            <index_of_refraction>
              <float sid="ior">1.5</float>
            </index_of_refraction>
          </lambert>
        </technique>
      </profile_COMMON>
    </effect>
  </library_effects>
  <library_images/>
  <library_materials>
    <material id="black_spec_003-material" name="black_spec.003">
      <instance_effect url="#black_spec_003-effect"/>
    </material>
  </library_materials>
  <library_geometries>
    <geometry id="proximal_001-mesh" name="proximal_001">
      <mesh>
        <source id="proximal_001-mesh-positions">
          <float_array id="proximal_001-mesh-positions-array" count="1647">-7.1735 6.94911 4.21838 -9.932702 -1.15879 -3.1e-4 -9.92969 1.15514 -3.1e-4 -7.4536 6.66578 -3.1e-4 -6.19669 -7.61001 14.00068 -5.99999 -7.6976 7.99969 -5.93079 -7.72543 8.52069 -5.99999 -7.62085 -1.45521 -6.5373 7.42476 2.97619 -6 7.62007 -1.44611 -5.99999 -8.9e-4 -3.1e-4 -4.99999 3.65198 9.71969 -3.55469 -9.23031 23.11969 -3.56699 -8.6156 18.55868 -1.76899 -9.5904 22.63068 -4.59092 -8.80456 23.59968 4.59459 -8.80456 23.59968 1.77266 -9.5904 22.63068 3.57066 -8.6156 18.55868 3.55836 -9.23031 23.11969 0.00405997 -8.84559 18.22268 0.00405997 -9.69028 22.44568 9.93636 -1.15879 -3.1e-4 5.00366 3.81254 9.73169 6.00366 -8.9e-4 -3.1e-4 6.00366 7.62007 -1.44611 7.14516 6.97814 3.97919 6.00366 -7.62085 -1.45522 9.933362 1.15514 -3.1e-4 7.45726 6.66578 -3.1e-4 -4.47209 7.99911 23.99968 -0.9201 7.99911 10.96068 -2.7345 7.99911 10.65468 -5.10259 7.94911 9.74469 -3.99999 -8.00089 9.999691 -5.00999 -7.96456 14.00168 -6 6.94911 4.50619 -5.6464 6.94911 8.25268 -7.17349 6.94911 6.96669 -7.0646 7.04525 7.66968 -6.70469 7.3181 8.43568 -6.02019 7.68741 9.16469 -7.4536 -6.66756 -3.1e-4 -7.46809 -6.65131 13.99969 -9.91719 -1.28497 23.99968 -9.99999 -0.02063995 23.99968 -9.92209 1.24482 23.99968 -9.68389 2.49335 23.99968 -9.63909 2.66125 -3.1e-4 -8.93994 4.00025 23.99968 -9.119091 4.10304 -3.1e-4 -8.39959 5.42557 23.99968 -8.38479 5.44841 -3.1e-4 -7.47299 6.64398 23.99968 -6 -5.4987 -5.79131 -5.99999 -6.96596 -3.90192 -6 -3.36071 -7.26061 -6 -4.50038 -6.61501 -6 -2.24851 -7.67811 -9.4122 -1.47532 -3.03941 -8.06 -1.20361 -5.79601 -6 -1.13267 -7.91981 -6 -8.9e-4 -8.00031 -8.06 1.20183 -5.79601 -9.4122 1.47352 -3.03941 -6 1.13089 -7.91981 -7.3578 3.50247 -5.79601 -6 2.24673 -7.67811 -8.5105 4.2811 -3.03941 -6 3.35892 -7.26061 -6 5.49692 -5.79131 -6 4.4986 -6.61501 -6.62189 6.66578 -3.42181 -6 6.66577 -4.42251 -6.78489 -7.26453 -3.1e-4 -6.83189 -7.23065 13.99969 -5.99999 -7.6976 -3.1e-4 -5.71839 -7.8018 9.02269 -5.3855 -7.89522 9.44169 -4.95869 -7.97119 9.75468 -5.99999 -7.3473 -2.89871 -5.57889 7.84294 23.99968 -6.59929 7.38662 23.99968 -6 7.69581 -3.1e-4 -6 7.69581 2.18159 -6 7.34767 -2.89111 -6 7.07516 -3.64421 -6 7.31252 3.24219 6.00366 6.94911 4.50619 6.00366 7.31252 3.24219 6.00366 6.66577 -4.42252 6.00366 7.34767 -2.89111 6.66886 7.34083 3.17053 6.00366 7.69581 2.18159 6.00366 7.69581 -3.1e-4 6.60296 7.38662 23.99968 5.58256 7.84294 23.99968 6.00366 -7.18556 -3.39231 4.96236 -7.97119 9.75468 5.38916 -7.89522 9.44169 5.72206 -7.8018 9.02269 5.93446 -7.72543 8.52069 6.00366 -7.6976 7.99968 6.00366 -7.6976 -3.1e-4 6.20036 -7.61001 14.00068 6.83556 -7.23065 13.99968 6.78856 -7.26453 -3.1e-4 6.62556 6.66578 -3.42181 6.00366 4.4986 -6.61501 6.00366 5.49692 -5.79131 6.00366 3.35892 -7.26061 8.514162 4.2811 -3.03941 6.00366 2.24673 -7.67812 7.36146 3.50247 -5.79601 6.00366 1.13089 -7.91981 9.415862 1.47352 -3.03941 8.06366 1.20183 -5.79601 6.00366 -8.9e-4 -8.00031 6.00366 -1.13267 -7.91981 8.06366 -1.20361 -5.79601 9.415862 -1.47532 -3.03941 6.00366 -2.24851 -7.67812 6.00366 -4.50038 -6.61501 6.00366 -3.36071 -7.26061 6.00366 -6.66755 -4.42252 6.00366 -5.4987 -5.79131 7.47666 6.64398 23.99968 8.388462 5.44841 -3.1e-4 8.403262 5.42557 23.99968 9.12276 4.10304 -3.1e-4 8.943612 4.00025 23.99968 9.64276 2.66125 -3.1e-4 9.687561 2.49335 23.99968 9.92576 1.24482 23.99968 10.00366 -0.02063995 23.99968 9.92086 -1.28497 23.99968 7.47176 -6.65131 13.99968 7.45726 -6.66756 -3.1e-4 5.10626 7.94911 9.74469 6.02386 7.68741 9.16469 7.06826 7.04525 7.66968 7.17716 6.94911 6.96669 0.00405997 -8.00089 13.99868 3.58286 -8.00089 13.99868 4.00366 -8.00089 9.999691 5.01366 -7.96456 14.00168 0.003659904 7.99911 23.99968 2.73816 7.99911 10.65468 0.92376 7.99911 10.96068 4.47576 7.99911 23.99968 -3.99999 -5.02735 37.82068 4.00366 -5.02735 37.82068 -3.99999 -5.00089 39.42268 -4.48079 7.99911 34.49768 -3.53979 -8.82177 32.40168 -2.34909 -9.2897 31.73368 -1.16229 -9.554902 31.35468 4.48446 7.99911 34.49768 0.00345999 -9.63919 31.23468 1.16596 -9.554902 31.35468 2.35276 -9.2897 31.73368 3.54346 -8.82177 32.40168 0.003659904 7.99911 44.99968 4.46387 7.99911 44.99968 4.00366 6.94911 44.99968 7.00366 -8.9e-4 44.99968 7.00366 -3.61239 46.59969 7.00366 3.37761 47.04568 7.00366 -3.04855 47.51268 7.00366 2.70194 47.87968 7.00366 -2.25983 48.23969 7.00366 1.82715 48.50168 7.00366 -1.30441 48.72868 7.00366 0.81734 48.86368 7.00366 -0.25282 48.94168 4.00366 6.69274 46.86967 4.00366 5.94276 48.60168 4.00366 4.7537 50.06868 4.00366 3.21449 51.16068 4.00366 1.43786 51.79867 4.00366 -0.44483 51.93568 4.00366 -2.29479 51.56068 4.00366 -3.97553 50.70068 4.00366 -5.36307 49.42068 4.00366 -6.35507 47.81468 4.00366 -6.87828 46.00168 4.00366 -6.89415 44.11368 4.00366 -6.40153 42.29169 6.60256 4.84007 47.50069 5.76706 6.37616 44.99969 5.50366 5.81689 48.00468 6.60256 3.15259 49.44267 5.50366 3.78892 50.33968 6.60256 0.76172 50.39468 5.50366 0.9156 51.48367 6.60256 -1.79926 50.14268 5.50366 -2.16214 51.18068 6.60256 -3.9591 48.74368 5.50366 -4.7578 49.49968 6.60256 -5.23604 46.50967 5.50366 -6.29241 46.81468 -6.59889 -5.34526 43.93867 -5.49999 -6.29241 46.81468 -6.59889 -5.23604 46.50967 -5.49999 -4.7578 49.49968 -6.59889 -3.9591 48.74368 -5.49999 -2.16214 51.18068 -6.59889 -1.79926 50.14268 -5.49999 0.9156 51.48367 -6.59889 0.76172 50.39468 -5.49999 3.78892 50.33968 -6.59889 3.15259 49.44267 -5.49999 5.81689 48.00468 -5.76339 6.37616 44.99968 -6.59889 4.84007 47.50069 -6.42709 5.71247 44.99968 -3.99999 -6.40153 42.29169 -3.99999 -6.89415 44.11368 -3.99999 -6.87828 46.00168 -3.99999 -6.35507 47.81468 -3.99999 -5.36307 49.42068 -3.99999 -3.97553 50.70068 -3.99999 -2.29479 51.56068 -3.99999 -0.44483 51.93568 -3.99999 1.43786 51.79867 -3.99999 3.21449 51.16068 -3.99999 4.7537 50.06868 -3.99999 5.94276 48.60168 -3.99999 6.69274 46.86967 -6.85319 4.87616 44.99968 -4.92709 6.80228 44.99968 -6.99999 -0.25282 48.94168 -6.99999 0.81734 48.86368 -6.99999 -1.30441 48.72868 -6.99999 1.82715 48.50168 -6.99999 -2.25983 48.23969 -6.99999 2.70194 47.87968 -6.99999 -9e-4 44.99968 -6.99999 -3.04855 47.51268 -6.99999 3.37761 47.04568 -6.99999 -3.61239 46.59969 -6.99999 3.80368 46.06168 -6.99999 -3.90969 45.56868 -6.99999 3.94911 44.99968 -6.99999 -3.91855 44.49568 -3.99999 6.94911 44.99968 -4.46019 7.99911 44.99968 8.35526 -5.50089 23.99968 8.735362 -4.87502 23.99968 9.28136 -3.73246 23.99968 9.67876 -2.5291 23.99968 7.43666 6.6981 34.49368 8.314372 5.81849 29.52985 8.89386 -4.46979 29.51968 8.76546 -4.19563 35.80267 9.26076 -2.79232 29.51968 8.91906 -2.27439 35.04568 9.450962 -1.09815 29.51968 8.96676 -0.33818 35.04568 9.47666 0.60681 29.51968 8.94576 1.60178 35.04568 9.335762 2.31798 29.51968 8.83896 3.55496 35.04568 8.30708 5.67738 34.68957 8.98616 4.04325 29.51968 0.004159927 -10.00089 29.52368 0.003359973 -10.00089 30.08768 2.93366 -9.56529 30.58668 3.43473 -9.48162 29.13079 3.49076 -9.37344 25.99968 1.45316 -9.895442 25.99968 4.39459 -9.10315 25.99968 4.41876 -8.98168 31.25368 6.33566 -7.76061 29.52368 5.84346 -8.13534 32.22368 7.02016 -7.12658 25.99968 7.14446 -7.03138 33.48969 8.27176 -5.67266 35.04868 8.54566 -5.26191 29.52368 4.68486 -8.14347 33.37068 5.30646 7.91391 34.49867 6.09576 7.66057 34.49867 6.81586 7.24997 34.49968 6.91396 -7.18597 33.86967 5.65496 -8.25206 32.34668 5.01416 -8.44358 32.71868 3.31336 -9.32459 31.45968 1.18046 -9.86343 30.69068 5.37426 -8.43667 25.99968 5.71986 -8.20649 23.99968 6.46616 -7.63259 23.99968 7.16186 -6.98424 23.99968 -7.15819 -6.98424 23.99968 -6.46249 -7.63259 23.99968 -5.71619 -8.20649 23.99968 -5.37059 -8.43667 25.99968 -1.17679 -9.86343 30.69068 -3.30969 -9.32459 31.45968 -5.01049 -8.44358 32.71868 -5.65129 -8.25206 32.34668 -6.31069 -7.37931 34.23868 -6.91029 -7.18597 33.86967 -7.85419 -6.04028 35.50568 -6.81219 7.24997 34.49968 -6.09209 7.66057 34.49867 -5.30279 7.91391 34.49867 -8.268092 -5.67266 35.04868 -4.68119 -8.14347 33.37068 -5.72309 -7.25891 34.63368 -8.54199 -5.26191 29.52368 -7.14079 -7.03138 33.48969 -7.01649 -7.12658 25.99968 -5.83979 -8.13534 32.22368 -6.33199 -7.76061 29.52368 -4.41509 -8.98168 31.25368 -4.39092 -9.10315 25.99968 -1.44949 -9.895442 25.99968 -3.48709 -9.37343 25.99968 -3.43106 -9.48162 29.13079 -2.92999 -9.56529 30.58668 0.001839995 -10.00019 25.99969 -8.98249 4.04325 29.51968 -8.30341 5.67738 34.68957 -8.83529 3.55496 35.04568 -9.33209 2.31798 29.51968 -8.94209 1.60178 35.04568 -9.47299 0.60681 29.51968 -8.96309 -0.33818 35.04568 -9.44729 -1.09815 29.51968 -8.91539 -2.27439 35.04568 -9.25709 -2.79232 29.51968 -8.76179 -4.19563 35.80267 -8.890192 -4.46979 29.51968 -8.3107 5.81849 29.52985 -7.43299 6.6981 34.49368 -9.67509 -2.5291 23.99968 -9.27769 -3.73246 23.99968 -8.73169 -4.87502 23.99968 -8.351592 -5.50089 23.99968 0.001829922 7.242001 10.60569 4.00366 4.25152 9.999691 5.65006 6.94911 8.25268 5.55006 6.94911 5.59469 3.89726 6.94911 9.21068 3.63686 6.94093 6.60969 1.98966 6.94911 9.80069 0.003659904 6.94911 9.999691 0.003659904 6.94911 7.84768 4.30636 7.242001 9.80469 1.47496 7.242001 10.60569 4.32487 5.06448 8.40697 3.63686 6.82538 6.40069 4.38886 6.06216 6.65668 4.68666 3.9459 9.879692 4.34936 4.09318 9.96969 3.63371 6.43688 6.43168 4.43506 6.73264 6.19568 4.49076 6.91366 6.33069 5.94346 3.82193 8.45469 6.004 4.02117 8.04468 -6 4.02117 8.04468 -5.93979 3.82193 8.45469 -5.54639 6.94911 5.59469 -4.5404 6.94911 6.46068 -3.6332 6.94093 6.60969 -4.45075 6.64691 6.24219 -4.34569 4.09222 9.96969 -3.6332 6.82538 6.40069 3.63321 5.95391 6.88068 -4.32395 5.11941 8.41997 -1.47129 7.242001 10.60569 -4.30269 7.242001 9.80469 -1.98599 6.94911 9.80069 -3.89359 6.94911 9.21068 -3.99999 4.25198 9.999691 4.47576 -8.00089 9.94269 6.00366 5.96671 5.62369 6.00366 4.86318 6.60168 6.00366 4.40365 7.39368 5.41736 3.62295 9.41469 5.73196 3.74311 9.003682 -5.72829 3.74311 9.003682 -3.63359 6.44435 6.42669 -4.68299 3.85204 9.879692 -5.41369 3.62295 9.41469 -4.3852 6.06216 6.65668 -3.6332 5.95391 6.88068 -5.99999 4.40365 7.39368 -5.99999 4.86318 6.60168 -6 5.96671 5.62369 -4.47209 -8.00089 9.94269 -8.38479 -5.4502 -3.1e-4 -9.63909 -2.66304 -3.1e-4 -6.78409 -6.66756 -3.03501 -8.5105 -4.2829 -3.03941 -7.3578 -3.50425 -5.79601 7.36146 -3.50425 -5.79601 8.514162 -4.2829 -3.03941 6.78776 -6.66756 -3.03501 9.64276 -2.66304 -3.1e-4 8.388462 -5.4502 -3.1e-4 9.12276 -4.10482 -3.1e-4 -9.119091 -4.10482 -3.1e-4 -3.57919 -8.00089 13.99868 -3.99999 -5.43664 40.66869 -5.48459 -5.09962 40.93769 -5.49999 -4.73356 40.21569 -5.76329 -4.42797 39.42269 -6.42709 -4.46943 41.43969 -6.59809 -3.69701 40.57769 -6.42699 -3.76429 39.42269 -6.85319 -2.92798 39.42269 -6.6831 -3.81534 41.96069 -6.99999 -3.09028 42.53869 -6.99999 -2.49594 41.59168 -6.99999 -2.12557 40.53269 -6.99999 -2.00089 39.42269 -5.36349 -4.67315 38.32668 -6.19619 -4.0446 39.22469 -6.72699 -3.25133 38.74369 -6.99999 -2.00089 38.27869 -6.96549 -2.4548 38.42168 -8.53599 -1.46623 39.60468 -8.55289 -0.11087 39.43468 -8.54059 1.25595 39.55968 -8.50409 2.50568 39.95368 -8.45399 3.57721 40.56069 -6.76829 -5.70594 36.85169 -6.86009 -4.0311 39.22569 -6.92969 7.10944 44.99969 -6.11599 7.64029 44.99969 -5.93589 7.04911 44.99969 -5.49999 6.94911 44.99969 -5.31029 7.90772 44.99969 -4.88529 7.95342 44.99969 -7.19169 6.82799 43.78869 -8.19199 4.97673 41.65069 -7.71279 6.06131 42.71468 -7.49639 -5.59217 36.77569 -7.60349 -3.56948 39.46268 -8.124691 -5.26918 36.55169 -8.062292 -2.97472 39.64069 -8.56689 -4.78127 36.21169 -8.399291 -2.25591 39.68868 -7.28129 -6.21366 35.90269 -6.99999 1.68717 38.19369 -6.99999 0.45891 38.00269 -6.99999 -0.78335 38.03168 -6.99999 2.86304 38.59969 -6.99999 3.94911 39.20568 -6.99999 -3.63839 43.45969 -5.03399 6.76527 43.41169 -5.49999 6.54719 42.67069 -5.9359 6.24091 41.72169 -6.39679 5.75341 40.92669 -6.83869 4.91954 39.95969 -7.08054 5.94669 41.49869 -7.43409 4.97597 40.42869 -8.19199 4.02715 40.55369 -7.43409 3.77077 39.39269 -8.19199 2.84199 39.71668 -7.43409 2.35678 38.66769 -8.19199 1.49065 39.18868 -7.43409 0.81253 38.29169 -8.19199 0.05166995 39.00069 -7.43409 -0.7768 38.28768 -8.19199 -1.39001 39.16369 -7.43409 -2.3232 38.65369 -6.72699 6.57048 42.44669 -6.72699 6.92842 43.70069 -5.49999 -6.42367 43.72469 5.48826 -5.09962 40.93769 6.43076 -4.46943 41.43969 5.50366 -6.42367 43.72469 6.60256 -5.34526 43.93868 6.85686 4.87616 44.99969 6.73066 6.92842 43.70069 6.73066 -3.25133 38.74369 6.73066 6.57048 42.44669 7.08421 5.94669 41.49869 7.43776 -2.3232 38.65369 8.19566 -1.39001 39.16369 7.43776 -0.7768 38.28768 8.19566 0.05166995 39.00069 7.43776 0.81253 38.29169 8.19566 1.49065 39.18868 7.43776 2.35678 38.66769 8.19566 2.84199 39.71668 7.43776 3.77077 39.39269 8.19566 4.02715 40.55369 7.43776 4.97597 40.42869 6.84236 4.91954 39.95969 6.40046 5.75341 40.92669 6.43076 5.71247 44.99969 5.93956 6.24091 41.72169 5.50366 6.54719 42.67069 5.03766 6.76527 43.41169 4.93076 6.80228 44.99969 7.00366 3.80368 46.06168 7.00366 -3.90969 45.56869 7.00366 3.94911 44.99969 7.00366 -3.91855 44.49569 7.00366 -3.63839 43.45969 7.00366 3.94911 39.20568 7.00366 2.86304 38.59969 7.00366 -0.78335 38.03168 7.00366 0.45891 38.00269 7.00366 1.68717 38.19369 6.31436 -7.37931 34.23869 8.12836 -5.26918 36.55169 7.85786 -6.04028 35.50568 7.28496 -6.21366 35.90269 8.40296 -2.25591 39.68868 8.57056 -4.78127 36.21169 8.06596 -2.97472 39.64069 7.60716 -3.56948 39.46268 6.99346 -4.00149 39.23769 7.50006 -5.59217 36.77569 7.71646 6.06131 42.71468 8.19566 4.97673 41.65069 7.19536 6.82799 43.78869 4.88896 7.95342 44.99969 5.31396 7.90772 44.99969 5.93956 7.04911 44.99969 6.11966 7.64029 44.99969 6.93336 7.10944 44.99969 5.72676 -7.25891 34.63369 6.77196 -5.70594 36.85169 8.45766 3.57721 40.56069 8.507761 2.50568 39.95368 8.54426 1.25595 39.55968 8.55656 -0.11086 39.43468 8.53966 -1.46623 39.60468 7.00366 -2.00089 38.27869 6.96916 -2.4548 38.42168 6.19986 -4.0446 39.22469 5.36716 -4.67315 38.32668 7.00366 -2.31088 41.06269 7.00366 -2.00089 39.42269 7.00366 -2.49594 41.59168 7.00366 -3.09028 42.53869 6.75609 -3.81534 41.96069 6.85686 -2.92798 39.42269 6.43066 -3.76429 39.42269 6.60176 -3.69701 40.57769 5.76696 -4.42797 39.42269 5.50366 -4.73356 40.21569 4.00366 -5.00089 39.42269 4.00366 -5.43664 40.66869</float_array>
          <technique_common>
            <accessor source="#proximal_001-mesh-positions-array" count="549" stride="3">
              <param name="X" type="float"/>
              <param name="Y" type="float"/>
              <param name="Z" type="float"/>
            </accessor>
          </technique_common>
        </source>
        <source id="proximal_001-mesh-normals">
          <float_array id="proximal_001-mesh-normals-array" count="3069">-0.3799088 -0.9250235 0.001048445 -0.6139672 0.7892366 -0.01224112 -0.0759257 -0.9767864 -0.2003086 -0.2299373 -0.9645672 -0.1293793 -0.08133679 -0.9773278 -0.1954864 -0.4242824 -0.8975669 -0.1198255 0.4242821 -0.897567 -0.1198257 0.08143758 -0.9773196 -0.1954848 0.2299373 -0.9645672 -0.1293793 0.07610845 -0.9767886 -0.200229 0 1 0 -0.02010369 0.9997945 -0.002617537 -0.9978625 -0.06534767 3.01358e-4 -0.9999951 0.001300692 -0.002865374 -0.9981107 0.06144225 8.64718e-5 -0.9822826 0.1874051 -3.89221e-4 -0.9818897 0.189453 -5.07475e-4 -0.896676 0.4426852 0.00142312 -0.9406552 0.3392581 0.008474647 -0.9350267 0.3544756 0.008497834 -0.8777682 0.4790858 -8.53726e-5 -0.7959709 0.6053348 8.52243e-5 -0.7942761 0.607557 -8.98341e-5 -0.7306165 0 -0.6827881 -0.8978016 0 -0.4404002 -0.8978015 0 -0.4404005 -0.7160986 0.04952156 -0.6962403 -0.7571126 0.1382995 -0.6384776 -0.6977736 0.212974 -0.6839255 -0.8561726 0.2613199 -0.4457358 -0.921918 0.3324995 -0.1987742 -0.9382057 0.30132 -0.1702249 -0.8568307 0.2751851 -0.4360212 -0.6972523 0.2519209 -0.6711 -0.8683474 0.4739425 -0.1461216 -0.7374927 0.5031387 -0.4505063 -0.7787755 0.5957012 -0.1965932 -0.7842012 0.5905 -0.1906262 -0.7353641 0.5110189 -0.4450837 -0.722465 0.5257914 -0.4489853 -0.6732938 -0.7393749 -4.71043e-4 -0.6659585 -0.7459889 1.76529e-4 -0.5127453 -0.8585407 3.56307e-4 -0.4830961 -0.8755664 -0.001309394 -0.3447124 -0.9387034 0.003044724 -0.2800471 -0.959949 0.008464515 -0.1748322 -0.9845982 -5.74761e-4 -0.1397159 0.990188 0.002706468 -0.2731179 0.9619786 -0.001960813 -0.4082341 0.9128737 0.002573251 -0.4742823 0.8803726 -6.63911e-4 -0.4504006 0.8928266 0 -0.7111676 0.7030225 2.61297e-6 -0.5779047 0.8155508 -0.03005313 -0.6049246 0.7962827 5.90979e-4 -0.6756773 0.7371875 0.003842294 -0.5776383 0.8151751 -0.04270333 -0.646443 0.7466048 -0.1571398 -0.6768237 0.7234036 -0.1363707 -0.5952005 0.7556287 -0.2734258 -0.5995312 0.7083365 -0.372588 1 0 0 1 4.57914e-7 -4.87399e-6 1 6.60885e-7 -3.78783e-7 1 7.73188e-7 2.69209e-7 1 6.10067e-7 -2.46621e-7 1 6.28831e-7 -1.2847e-7 1 9.32973e-7 -2.24897e-6 1 1.37122e-6 0 1 1.13577e-6 0 0.02818775 0.9400969 0.3397405 0.01435941 0.9313032 0.3639617 0.1297287 0.9795094 -0.1540516 -0.6476441 0.7619397 0.002261519 -0.7119071 0.7022737 6.27266e-5 -0.9858108 0 -0.1678611 -0.9714014 0.1874296 -0.1457722 0.9714008 0.1874303 -0.1457753 0.9856488 0 -0.1688093 0.7119134 0.7022674 6.24341e-5 0.6476438 0.7619401 0.002261519 0.004945993 0.9135041 0.4067998 -1 0 0 -1 1.67221e-7 0 -1 0 0 -1 0 0 -1 0 0 0.5476507 0.7643564 -0.3403499 0.6768175 0.7234092 -0.1363717 0.6464421 0.746606 -0.1571373 0.5776383 0.8151751 -0.04270333 0.6756373 0.7372242 0.00383985 0.5779066 0.8155539 -0.02993488 0.619653 0.7847682 -0.01300072 0.7033936 0.7108004 -6.27444e-4 0.4708018 0.8822391 0 0.4082344 0.9128735 0.002573251 0.2731176 0.9619786 -0.001960813 0.1397159 0.990188 0.002706468 0.1748364 -0.9845974 -5.74775e-4 0.2800377 -0.9599518 0.008463203 0.3447131 -0.9387032 0.003044724 0.3799099 -0.925023 0.001048922 0.4830951 -0.875567 -0.001309454 0.5127458 -0.8585404 3.56307e-4 0.6659643 -0.7459837 1.76075e-4 0.6732935 -0.7393752 -4.71043e-4 0.7224647 0.5257896 -0.4489881 0.7353649 0.511016 -0.4450857 0.7842025 0.5904989 -0.1906243 0.7787713 0.5957052 -0.1965978 0.7374925 0.503139 -0.4505065 0.8683477 0.473941 -0.1461238 0.6972507 0.2519274 -0.6710993 0.8568305 0.2751851 -0.4360216 0.9382054 0.3013195 -0.1702272 0.9219169 0.3325015 -0.1987768 0.8561724 0.2613204 -0.4457359 0.6977736 0.212974 -0.6839255 0.7571178 0.1382925 -0.6384732 0.7160985 0.04952156 -0.6962404 0.8978014 0 -0.4404007 0.8978015 0 -0.4404005 0.7306165 0 -0.6827881 0.7942726 0.6075618 -9.01707e-5 0.7959706 0.6053354 8.52243e-5 0.8777693 0.4790838 -8.53857e-5 0.9350264 0.3544763 0.008497714 0.9406549 0.3392589 0.008474528 0.8966764 0.4426847 0.00142306 0.9818894 0.1894546 -5.07544e-4 0.9822832 0.1874022 -3.89135e-4 0.9980943 0.06144225 -0.005712568 0.9999992 0.001295745 3.11897e-4 0.9978625 -0.06534868 3.00879e-4 0.02010363 0.9997945 -0.002617657 0 -1 -3.33183e-7 0 1 0 0 -0.9998636 0.01651459 0 0 1 0.699459 0.6890758 0.1895569 0.2289098 0.8932969 0.3868089 0.9624838 0.2108318 0.1708065 0.9594557 0.212758 0.1848753 0.6969233 0.541327 0.470386 0.3600229 0.7247664 0.5874498 0.308513 0.7181713 0.6237385 0.6971632 0.541269 0.4700971 0.967513 0.1465044 0.2060467 0.2193372 0.5645359 0.7957327 0.9575935 0.09722816 0.2712224 0.9614183 0.1017668 0.2555749 0.6972126 0.2651948 0.6660078 0.6971736 0.2651839 0.6660529 0.3007256 0.3223257 0.8975914 0.3444123 0.347271 0.8722288 0.9670221 0.01851361 0.2540191 0.2285001 0.07066261 0.9709761 0.6971852 -0.07020366 0.7134453 0.9501792 -0.0618782 0.3055006 0.9640705 -0.02601414 0.2643697 0.3623325 -0.09131467 0.927565 0.6971447 -0.07023918 0.7134815 0.2569239 -0.1919976 0.9471679 0.9653677 -0.1188648 0.2322424 0.6971182 -0.389773 0.6017503 0.9584006 -0.1551722 0.2395622 0.6971911 -0.389687 0.6017215 0.4292185 -0.4114192 0.8040559 0.252278 -0.5260005 0.8122065 0.2286626 -0.6600856 0.7155421 0.9669961 -0.1726864 0.1873446 0.6971476 -0.622424 0.355772 0.9624235 -0.2310442 0.1426877 0.9594331 -0.244772 0.1399094 0.6971164 -0.6224615 0.3557673 0.3600109 -0.7937372 0.4902789 0.3083918 -0.8258818 0.4720316 0.2194978 -0.9373604 0.2705109 -0.9576526 -0.2879167 0.002377569 -0.6970757 -0.7163515 0.03043162 -0.9675209 -0.2428946 0.07004058 -0.2194978 -0.9373604 0.2705109 -0.3083918 -0.8258818 0.4720316 -0.3600109 -0.7937372 0.4902789 -0.6971169 -0.6224611 0.3557673 -0.959433 -0.2447725 0.1399096 -0.9624231 -0.2310454 0.1426878 -0.6971476 -0.622424 0.355772 -0.9669961 -0.1726864 0.1873448 -0.2286626 -0.6600856 0.7155421 -0.252278 -0.5260005 0.8122065 -0.4292185 -0.4114191 0.804056 -0.6971914 -0.3896868 0.6017214 -0.9584004 -0.1551728 0.2395625 -0.6971185 -0.3897727 0.6017501 -0.9653677 -0.1188637 0.2322427 -0.2569239 -0.1919976 0.9471679 -0.6971448 -0.070239 0.7134814 -0.3623325 -0.09131467 0.927565 -0.9640705 -0.02601414 0.26437 -0.9501791 -0.06187868 0.3055009 -0.6971854 -0.07020372 0.7134452 -0.2285001 0.07066261 0.9709761 -0.967022 0.01851475 0.2540194 -0.3444123 0.3472709 0.8722288 -0.3007255 0.3223258 0.8975914 -0.6971738 0.2651837 0.6660528 -0.6972126 0.2651949 0.6660076 -0.9614183 0.1017662 0.2555752 -0.9575933 0.09722852 0.2712227 -0.2193372 0.564536 0.7957326 -0.967513 0.1465044 0.2060468 -0.6971634 0.5412688 0.4700971 -0.3085131 0.7181711 0.6237387 -0.3600229 0.7247664 0.5874498 -0.6969231 0.5413278 0.4703854 -0.9594557 0.2127577 0.1848756 -0.9624837 0.2108324 0.1708068 -0.2289098 0.8932969 0.3868089 -0.9670202 0.2337297 0.1012045 -0.6994597 0.6890752 0.1895562 -0.4446891 0.8727464 0.2014088 -0.1500748 0.9475706 0.2821127 -0.4295782 0.894661 0.1226552 -0.9501794 0.3088003 0.04244536 -0.6936243 0.6936355 0.1943067 -0.9874669 0.1563673 0.02141278 -0.8447947 0.4304234 0.3178956 0 -0.9653381 -0.2610028 0 -0.9653378 -0.2610037 0 -0.9999648 0.008405625 0 -0.9999648 0.008405148 0 -0.9607912 0.2772729 0 -0.9607913 0.277273 0 -0.8507841 0.5255154 0 -0.850784 0.5255157 0 -0.6780502 0.7350156 0 -0.6780502 0.7350156 0 -0.4555124 0.8902295 0 -0.4555125 0.8902295 0 -0.1986665 0.9800672 0 -0.1986665 0.9800672 0 0.0725829 0.9973624 0 0.3379701 0.9411569 0 0.3379701 0.9411569 0 0.578626 0.8155931 0 0.5786261 0.8155931 0 0.7768597 0.6296737 0 0.9176633 0.3973588 0 0.9176635 0.3973583 0 0.9907326 0.1358266 0 0.9907326 0.1358271 -1 0 0 0 -0.9749881 0.2222572 0 -0.9245347 0.3810978 0.9022553 -0.431164 0.005745232 0.9764875 -0.2135774 0.02927517 0.976124 -0.2134988 0.04000508 0.948024 -0.3130773 0.05685973 0.9963483 -0.05341035 0.06661492 0.9776346 -0.1902408 0.08966106 0.9913358 -0.1112963 0.06976145 0.9911978 -0.1112803 0.07172042 0.9955845 -0.02452671 0.09060859 0.994094 -0.06510215 0.08682709 0.9958893 -0.01501119 0.08932656 0.9951989 -0.01500093 0.09671783 0.9942417 0.06120407 0.08796417 0.9955418 0.0107764 0.09370434 0.9933758 0.08179557 0.08070927 0.9925646 0.08172851 0.09019988 0.979983 0.1869634 0.06839597 0.9955196 0.05443531 0.07731455 0.9682615 0.2479404 0.03154826 0.9779555 0.1981687 0.06581908 0.8966289 0.4426618 -0.01035952 0.9777713 0.1981316 0.06860983 0.1470032 -0.9891361 2.09995e-4 0.2480656 -0.9683086 -0.02901566 0.07172125 -0.9937152 0.08594286 0.1496278 -0.9887425 -2.95121e-4 0.149039 -0.9888159 -0.005531847 0.2864006 -0.9577018 -0.02796369 0.3403009 -0.9381902 0.06320196 0.562478 -0.8267962 0.005163013 0.5045124 -0.8619278 0.05047631 0.5346261 -0.8436591 -0.04913645 0.5126293 -0.8582266 -0.02566188 0.6226496 -0.7822504 -0.01979756 0.6410891 -0.7673967 0.01036179 0.7970201 -0.6017187 -0.0519002 0.7489991 -0.6624602 -0.01211839 0.7487949 -0.6622802 0.0262897 0.9153769 -0.4023008 0.01547068 0.6153915 -0.7864137 0.05335718 0.5700288 -0.8155577 0.09966385 0.1247459 -0.8758621 0.4661591 0.5187477 -0.8547754 -0.01612663 0.3764861 -0.9086223 0.1807313 0.3248482 -0.9228477 0.2069437 0.1331168 -0.8874807 0.4412004 0.09620517 -0.88767 0.4503185 0.3148171 -0.9412037 0.1225793 0.06741726 -0.9042549 0.4216374 0.0830574 -0.9096373 0.4070155 0.1755372 -0.9659669 0.189986 0.02219635 -0.9064717 0.4216828 0.161661 -0.9825873 -0.09158581 0.06492912 -0.9943588 -0.08387446 0.07171654 -0.9936583 -0.08660167 0.208957 -0.9769504 -0.04364818 0.2476607 -0.9667278 -0.06404435 0.6092862 -0.792317 0.03168803 0.6226751 -0.7822833 0.01756477 0.6817677 -0.7315591 -0.003761589 0.4745671 -0.8800084 -0.01927512 0.561607 -0.8255136 -0.05590271 0.409902 -0.9087111 -0.07889592 0.2862735 -0.9572765 -0.040856 0.7956075 0.6050592 -0.03020137 0.9350122 0.3544702 -0.01015615 0.9352077 0.3539596 -0.009965896 0.9352372 0.3538509 0.0109989 0.7589781 0.6508427 0.01887202 0.7791006 -0.6268095 0.01058924 0.7732634 -0.6340846 7.7921e-4 0.8547009 -0.5190737 -0.007003426 0.915458 -0.4024002 0.003254652 0.1030972 0.9946714 -8.55227e-5 0.1397158 0.9901871 -0.003019094 0.3056116 0.952155 0.001600563 0.4082323 0.9128689 -0.004097938 0.4953317 0.8687031 0.001262128 0.6476423 0.7619379 -0.00321561 0.6643888 0.747386 -0.001322031 0.7051299 0.7090776 -9.6908e-4 -0.7051307 0.7090767 -9.69081e-4 -0.6643887 0.7473861 -0.001322031 -0.647643 0.7619373 -0.00321561 -0.4953312 0.8687033 0.001262128 -0.4082321 0.912869 -0.004097938 -0.3056116 0.952155 0.001600563 -0.1397157 0.9901871 -0.003019094 -0.1030972 0.9946713 -8.55227e-5 -0.9154574 -0.4024018 0.003254413 -0.8547033 -0.5190696 -0.007003366 -0.7732632 -0.6340848 7.79522e-4 -0.7791002 -0.6268101 0.01058894 -0.7589781 0.6508427 0.01887178 -0.935237 0.3538515 0.01099854 -0.9352076 0.3539597 -0.009966194 -0.9350122 0.3544702 -0.01015615 -0.7956079 0.6050586 -0.03020131 -0.2862634 -0.9572798 -0.0408523 -0.4099018 -0.9087113 -0.07889586 -0.561607 -0.8255136 -0.05590271 -0.4745674 -0.8800082 -0.01927512 -0.6817677 -0.7315591 -0.003761589 -0.6226751 -0.7822833 0.01756477 -0.6092863 -0.7923171 0.03168749 -0.2476652 -0.9667267 -0.06404423 -0.2089563 -0.9769506 -0.0436446 -0.07171547 -0.9936507 -0.08669155 -0.06476837 -0.9943678 -0.08389127 -0.1616079 -0.9825283 -0.09231013 -0.02213472 -0.9064758 0.4216773 -0.1755372 -0.9659669 0.1899862 -0.0830574 -0.9096373 0.4070156 -0.06741726 -0.9042549 0.4216374 -0.3148171 -0.9412038 0.1225789 -0.09620517 -0.8876698 0.4503187 -0.1331168 -0.8874802 0.4412016 -0.3248481 -0.9228479 0.2069436 -0.3764863 -0.9086222 0.1807314 -0.5187487 -0.8547747 -0.01612663 -0.1247459 -0.8758621 0.4661591 -0.1527347 -0.866174 0.4758308 -0.4117256 -0.8735862 0.2594783 -0.5700271 -0.8155589 0.09966355 -0.6153938 -0.7864118 0.05335736 -0.4326135 -0.8665297 0.248942 -0.1476498 -0.8632162 0.4827603 -0.7143127 -0.6942068 0.08851206 -0.6784806 -0.725324 0.1164872 -0.9425727 -0.3322906 0.03376239 -0.9153757 -0.4023035 0.0154702 -0.7487951 -0.66228 0.02628976 -0.748999 -0.6624603 -0.01211863 -0.7970204 -0.6017183 -0.05190026 -0.6410887 -0.767397 0.01036196 -0.6226494 -0.7822505 -0.01979744 -0.512629 -0.8582267 -0.02566182 -0.5346265 -0.8436589 -0.04913651 -0.5045122 -0.8619278 0.05047631 -0.5624784 -0.826796 0.005163013 -0.3403007 -0.9381903 0.0632019 -0.2863907 -0.9577047 -0.02796787 -0.1488336 -0.9888464 -0.005604267 -0.1494517 -0.9887691 -9.84658e-5 -0.07172077 -0.9937151 0.08594435 -0.2480704 -0.9683073 -0.02901852 -0.146923 -0.989148 -2.0988e-4 -0.9777713 0.1981316 0.06860983 -0.8966289 0.4426618 -0.01035982 -0.9779558 0.1981671 0.06581944 -0.9682613 0.2479413 0.03154796 -0.9955196 0.05443459 0.07731419 -0.9799828 0.1869645 0.06839603 -0.9925644 0.08173012 0.0902 -0.9933757 0.08179718 0.08070909 -0.9955418 0.0107764 0.09370434 -0.9942417 0.06120407 0.08796411 -0.9951989 -0.01500177 0.09671777 -0.9958893 -0.0150128 0.08932638 -0.9940939 -0.06510323 0.08682739 -0.9955846 -0.02452677 0.09060823 -0.991198 -0.1112787 0.0717203 -0.9913359 -0.1112955 0.06976151 -0.9776346 -0.1902409 0.08966141 -0.9963483 -0.05341035 0.06661498 -0.9480245 -0.3130764 0.05685979 -0.976124 -0.2134988 0.04000496 -0.9764873 -0.2135781 0.02927541 -0.9022545 -0.4311658 0.005744934 0 0.4245274 -0.9054152 0 0.4245272 -0.9054152 0 0.4245271 -0.9054153 0 0.9003537 -0.4351589 0 0.9003537 -0.4351589 -1.556e-7 0 -1 0.02991503 0.9995336 -0.006138741 -0.04896819 0.9985495 -0.02238243 -9.43513e-4 0.999995 -0.003050804 0.001672089 0.9999972 -0.00170046 -0.1812686 0.9258215 -0.3316571 -0.3360526 0.3045265 -0.8912532 -0.2418658 0.4588621 -0.8549542 -0.1267191 0.9033748 -0.4097029 -0.1072936 0.9190465 -0.3792648 -0.1573897 0.3229818 -0.9332264 -0.0362823 0.9314363 -0.3620914 -0.9893151 5.88579e-4 -0.1457921 -0.0864582 0 -0.9962555 -0.2562138 -0.07479709 -0.9637219 -0.4628279 0.6170639 -0.6364138 -0.1274827 0.6178865 -0.7758637 -0.1290537 0.8678367 -0.4797965 0.5240565 0.5956107 -0.6087797 0.08703243 0.8718323 -0.4820104 0.02729153 0.5909897 -0.8062173 0.08646577 0 -0.9962549 0.9894277 5.57673e-4 -0.1450267 0 -0.07951611 -0.9968336 0 0.8751525 -0.4838472 0 0.8751526 -0.4838472 0.0362119 0.9314543 -0.3620523 0.1573897 0.322984 -0.9332255 0.1072936 0.9190471 -0.3792633 0.1267192 0.9033747 -0.409703 0.2418651 0.4588642 -0.8549532 0.3360532 0.3045273 -0.8912527 0.1812676 0.9258214 -0.3316576 0 0.9999783 -0.006607115 -0.001670062 0.9999971 -0.001701354 9.43515e-4 0.999995 -0.003050446 0.00937879 0.9999536 -0.002205908 -0.03447008 -0.5646155 -0.824634 -0.02256971 -0.8681976 -0.4957052 0 -1 0 -0.02658045 0.9996436 -0.002508521 0.008109092 0.9999209 0.009629666 0.4067909 -0.9135214 0 -0.9912948 2.01194e-5 -0.1316614 -0.9330821 -0.001328468 -0.359661 -0.9209647 1.48327e-4 -0.3896462 -0.7940332 -3.19967e-4 -0.6078744 -0.7830108 4.59087e-4 -0.622008 -0.6083325 -3.71086e-4 -0.7936823 -0.5914261 4.99623e-4 -0.806359 -0.4231428 -2.84713e-4 -0.906063 -0.3604851 0.001444995 -0.9327639 -0.258025 -5.39805e-4 -0.9661381 -0.1198638 9.63564e-4 -0.9927899 -0.003411054 0.9404647 0.3398744 0.1025817 0.9559973 0.2748565 -0.541073 -0.7274026 -0.4220492 -0.5420628 -0.7246639 -0.4254763 -0.5415136 -0.7219388 -0.4307754 -0.5692431 -0.7540959 -0.3275695 -0.6624484 -0.4968496 -0.560627 -0.3506087 -0.8080537 -0.473416 -0.8456505 -0.4008612 -0.3523998 -0.3836632 0.7883502 -0.4809433 -0.4088088 0.3925461 -0.8238828 -0.1297296 0.9795089 -0.1540536 -0.4955191 -0.4686755 -0.731303 -0.4284467 -0.2236674 -0.8754464 0.4467427 -0.2317857 -0.864116 0.4966071 -0.464201 -0.733416 0.2326981 0.8764512 -0.421527 0.1795241 0.799304 -0.5734844 0.4088094 0.3925467 -0.8238822 0.3836637 0.7883481 -0.4809464 0.8456452 -0.4008675 -0.3524051 0.3384107 -0.824899 -0.4527911 0.01363778 -0.8815902 -0.4718188 0.6743778 -0.4897354 -0.5526065 0.5862584 -0.7389906 -0.3319551 0.5605377 -0.7095019 -0.4270886 0.5613982 -0.7135143 -0.419201 0.5604301 -0.7163533 -0.4156394 -0.067613 0.958868 0.2756824 0.1198654 9.63631e-4 -0.9927897 0.2581613 -5.41407e-4 -0.9661017 0.3604847 0.001456439 -0.9327641 0.4511389 -0.001083612 -0.8924531 0.5913214 -3.26541e-4 -0.8064359 0.5934292 -4.34382e-4 -0.8048861 0.7830199 4.58473e-4 -0.6219966 0.7940332 -3.19887e-4 -0.6078744 0.9209647 1.48251e-4 -0.3896462 0.9330824 -0.001328527 -0.3596603 0.9912944 1.99627e-5 -0.131664 -0.4067897 -0.9135219 0 -0.006248712 -0.8652143 -0.5013635 0 -0.8791204 -0.4765997 0 1 2.31276e-7 0 0 -1 -0.1187474 -0.6759967 -0.727274 -0.6994545 -0.5644611 -0.4383458 -0.730081 -0.5293507 -0.4321686 -0.7953388 -0.5761455 -0.188395 -0.7374915 -0.5031378 -0.4505094 -0.6633329 -0.3688408 -0.6511113 -0.6818597 -0.4655324 -0.5642226 -0.6972542 -0.2519184 -0.671099 -0.9352673 -0.3003759 -0.1872151 -0.8568298 -0.2751849 -0.4360229 -0.7072177 -0.1496701 -0.6909718 -0.7163138 -0.2186332 -0.6626418 -0.856172 -0.2613197 -0.4457372 -0.7160985 -0.04952162 -0.6962404 -0.5992678 -0.7483098 -0.2844477 -0.6337927 -0.7599773 -0.1440187 -0.6588848 -0.7380656 -0.1453619 -0.6263898 -0.7648207 -0.1506165 0.6263903 -0.7648203 -0.1506165 0.6588904 -0.7380607 -0.145361 0.5971537 -0.7826108 -0.1758633 0.6222693 -0.69937 -0.3516567 0.7160984 -0.04952156 -0.6962406 0.8561718 -0.2613201 -0.4457375 0.7163156 -0.2186334 -0.6626397 0.7072184 -0.1496642 -0.6909723 0.8568297 -0.2751849 -0.4360232 0.9352668 -0.3003757 -0.1872177 0.6972525 -0.251925 -0.6710982 0.6818597 -0.4655324 -0.5642226 0.6633328 -0.3688412 -0.6511113 0.7374911 -0.5031381 -0.4505097 0.79534 -0.5761432 -0.1883968 0.7300817 -0.5293478 -0.4321706 0.7543528 -0.4992209 -0.4262984 0 -1 -2.66215e-7 0.001063525 -0.9999607 0.00880891 0.02537733 -0.9996744 0.002670288 0.7935888 -0.6084544 -1.15683e-4 0.7942696 -0.6075656 -1.84439e-4 0.854722 -0.519086 8.60663e-5 0.8777705 -0.4790801 -0.001205861 0.9022697 -0.4311717 7.27111e-4 0.9406878 -0.3392723 -9.5256e-4 0.9495603 -0.3135846 3.25717e-4 0.9815879 -0.1910108 -4.0639e-4 0.9814795 -0.1915668 -3.73282e-4 0.8683496 -0.4739385 -0.1461212 0.9276117 -0.3345578 -0.1661561 0.2862613 -0.9581054 0.009408593 0.06123709 -0.9981229 8.18592e-4 0.7791398 -0.6268418 0.00327599 0 -0.9805852 -0.1960937 0.07625222 -0.9881774 -0.1330072 0.6732891 -0.7393699 -0.003750562 0.6817668 -0.7315576 -0.00421977 0.512665 -0.8584476 -0.01556652 0.609494 -0.7925865 -0.01799172 0.2859638 -0.9572588 -0.04336237 0.483862 -0.8733946 -0.05531126 0.02543574 -0.9907243 -0.1334865 0.1981129 -0.9771604 -0.07686901 0.9708839 -0.1894976 -0.1465439 0.7823502 -0.5984465 -0.1725981 0.4825818 -0.8746349 -0.04613882 -0.4825817 -0.8746348 -0.04613989 -0.7823529 -0.5984421 -0.1726012 -0.9708822 -0.1895062 -0.1465439 -0.1981127 -0.9771605 -0.07686907 -0.02543574 -0.9907242 -0.1334866 -0.4838626 -0.8733943 -0.05531144 -0.2859634 -0.9572589 -0.04336231 -0.609494 -0.7925865 -0.01799172 -0.5126656 -0.8584472 -0.01556658 -0.6817663 -0.7315579 -0.00421977 -0.6732887 -0.7393702 -0.003750562 -0.0761578 -0.9881846 -0.1330084 0 -0.9805853 -0.1960936 -0.7791397 -0.6268418 0.00327605 0.2039476 -0.06685477 -0.9766964 -0.06123709 -0.9981229 8.18363e-4 -0.2862615 -0.9581055 0.009408712 -0.9276126 -0.3345565 -0.166154 -0.8683492 -0.4739399 -0.1461189 -0.9814782 -0.191574 -3.72854e-4 -0.9815879 -0.1910108 -4.0639e-4 -0.9495603 -0.3135846 3.25717e-4 -0.940688 -0.3392715 -9.52531e-4 -0.9022693 -0.4311726 7.27153e-4 -0.8777694 -0.479082 -0.001205801 -0.8547245 -0.5190822 8.59716e-5 -0.7942731 -0.6075608 -1.84517e-4 -0.7935855 -0.6084589 -1.15113e-4 6.15052e-4 -0.06807857 -0.9976798 -1.97109e-4 -0.680881 -0.732394 0 -0.6793107 -0.7338509 -0.02537733 -0.9996744 0.002670288 -0.001063525 -0.9999607 0.00880891 0 -0.9998636 0.01651448 3.61076e-7 -0.9439413 -0.3301134 0 -0.9439417 -0.3301122 -0.2643494 -0.910363 -0.3183687 -0.2987821 -0.9195772 -0.2551611 -0.3674415 -0.8326583 -0.4143273 -0.6406548 -0.6902621 -0.3363029 -0.6957071 -0.5980561 -0.3978953 -0.7056724 -0.7056935 -0.06342935 -0.6937651 -0.7186921 -0.04660135 -0.8860521 -0.4515488 -0.1049545 -0.9488672 -0.3041971 -0.08435231 -0.9363663 -0.3401591 -0.0866605 -0.9682372 -0.2117811 -0.1329126 -0.9645293 -0.2491763 -0.08714658 -0.9875419 -0.1563731 -0.01756435 -0.9679518 -0.246127 0.04990941 -0.3089751 -0.9509404 0.01570671 -0.198183 -0.9694441 0.1445745 -0.6448025 -0.7615943 -0.06483876 -0.8001385 -0.5924012 -0.09401708 -0.696296 -0.6963099 0.174139 -0.8898327 -0.4534764 0.05056643 -0.997124 -0.07578724 0 -0.9633862 -0.2551158 0.08247965 -0.9818682 -0.1554756 -0.1084543 -0.9949239 -0.04385644 0.09057188 -0.9958863 -0.02453488 0.08722692 -0.9956572 -7.38399e-4 0.09309339 -0.9956631 4.52381e-4 0.09303241 -0.9959366 0.0107811 0.08941024 -0.9960593 0.001133799 0.08868205 -0.9959635 -0.004226863 0.08966004 -0.01575094 -0.8173039 0.5759916 -7.33479e-5 -0.8191851 0.5735293 1.94956e-4 -0.8191721 0.5735478 7.28531e-5 -0.8191405 0.5735931 -1.65615e-4 -0.8191556 0.5735715 1.56803e-4 -0.8191463 0.5735847 -6.61529e-6 0 1 3.97887e-6 0 1 5.28629e-6 0 1 1.02034e-5 3.75648e-6 1 5.30588e-6 -1.00653e-6 1 -0.1068651 0.9942736 2.0964e-4 -0.1069134 0.9942683 5.09699e-4 -0.1030966 0.9946714 3.56481e-4 -0.3150224 0.9490842 3.34396e-4 -0.3056117 0.9521557 0.001143276 -0.5463944 0.837528 3.73921e-4 -0.4953166 0.8686912 0.006083488 -0.7338324 0.6793301 8.80197e-4 -0.6644177 0.7473306 0.006805062 -0.296597 -0.7686298 0.566779 -0.6224277 -0.6222399 0.4747645 -0.841253 -0.41735 0.3436748 -0.9744505 -0.1509978 0.1662711 -0.1846795 -0.8215659 0.5393727 -0.5279387 -0.747918 0.4023672 -0.5158857 -0.7478264 0.4178729 -0.7934528 -0.5695222 0.2146559 -0.7799015 -0.5772123 0.2420324 -0.9485962 -0.3164871 -0.001140177 -0.1372181 -0.8406397 0.5239238 -0.162445 -0.8501812 0.5008029 -0.4661837 -0.828212 0.3110271 -0.4605458 -0.8305534 0.3131752 -1 -3.27641e-7 0 -1 1.49267e-7 0 -1 2.48264e-7 0 -1 -1.71391e-7 0 -1 0 0 -1 1.44991e-7 0 -1 3.21019e-7 0 -1 -8.14166e-7 0 -0.1564131 0.9876128 -0.01248794 -0.4346013 0.9005851 0.0082677 -0.4539496 0.8909162 0.01408469 -0.5690831 0.8222705 -0.003977894 -0.7353002 0.6776565 0.01073616 -0.7071006 0.7071106 0.001847326 -0.8827075 0.4699193 -0.001843154 -0.8910149 0.4539722 0.001343846 -0.9862865 0.1650364 -0.00141704 -0.9876932 0.1564038 0 0.6346035 -0.6656314 0.3927003 0.6343637 -0.6651783 0.3938536 0.7256048 -0.5202691 0.4503529 0.6853549 -0.4746962 0.5522248 0.7261381 -0.3966333 0.5616099 0.6847252 -0.3325186 0.6485236 0.7261522 -0.2502147 0.6403871 0.684234 -0.1725227 0.7085618 0.7266314 -0.08899742 0.6812388 0.684139 -0.001841425 0.7293494 0.7266258 0.07718497 0.6826841 0.684294 0.1679532 0.709601 0.7334362 0.2502641 0.6320121 0.6819118 0.3307784 0.6523664 0.502461 0.4216653 0.7548056 0.7961958 -0.4574593 0.395984 0.7114854 -0.405374 0.5739865 0.7729598 -0.339695 0.535855 0.7397748 -0.2448716 0.6267147 0.7753537 -0.2103731 0.5954577 0.7524687 -0.08531767 0.6530787 0.7789685 -0.06405884 0.6237825 0.7529844 0.07392758 0.6538726 0.7780252 0.08772855 0.6220777 0.7561596 0.197265 0.6239466 0.6642826 0.2647748 0.6990157 0.2497181 -0.786834 0.5643876 0.1361342 -0.87777 0.4593336 0.1179847 -0.8491773 0.51476 -0.06009161 -0.9898787 0.1285665 0.2388814 -0.9559645 0.1704926 0.2705117 -0.8407834 0.4689423 0.4960436 -0.8349499 0.2383263 0.5027434 -0.7962702 0.3364564 0.3669498 -0.7460848 0.5556125 0.5114145 -0.5786386 0.6353209 0.4721146 -0.574646 0.6684982 0.499365 -0.4221509 0.7565867 0.557468 -0.3787819 0.7387515 0.467388 -0.2885296 0.835643 0.5712579 -0.1941712 0.7974724 0.470137 -0.135616 0.8721122 0.5081035 0.0200926 0.8610617 0.5529832 -0.002104103 0.8331898 0.5023533 0.1719196 0.8473989 0.5563976 0.1913799 0.8085762 0.4892705 0.295656 0.8204889 0.3715515 0.4414342 0.816753 0.49467 0.4209045 0.7603559 -0.07970446 -0.9373559 0.339133 -0.06820148 -0.9593552 0.273836 -0.2180658 -0.9505538 0.2211221 -0.06791192 -0.9850595 0.1582584 1.22344e-7 -0.9998733 0.01592624 -0.03964042 -0.9515368 0.3049697 0.01193594 0.5242769 0.8514643 0 -0.8595678 -0.5110219 0 -0.8595682 -0.5110211 -0.9614171 -0.2748471 0.01167583 -0.3011589 -0.9535403 0.008015394 -0.3447172 -0.9378608 0.03983944 -0.6970722 -0.716355 0.03043007 -0.228857 -0.9397178 -0.2540769 -0.9670111 -0.2459016 -0.06649869 -0.9501139 -0.2680299 -0.1595109 -0.9456332 -0.2755073 -0.1728396 -0.9555607 -0.2514765 -0.153829 -0.6997743 -0.6577793 -0.2786435 -0.3700652 -0.8383296 -0.4003189 -0.6401704 -0.6925287 -0.3325446 -0.2765077 -0.8260547 -0.4910978 -0.9961526 0.05446982 0.0686528 -0.9888867 0.1322932 0.0678364 -0.9675799 0.2492844 0.04057806 -0.9311121 0.3611149 0.05125027 -0.7583342 0.6513999 0.02464699 -0.8359994 0.5485509 0.01403707 -0.18465 -0.806416 0.5617807 -0.5302942 -0.6873701 0.4962968 -0.8020794 -0.4715606 0.3664686 -0.9638664 -0.1912861 0.1853946 0.9638656 -0.1912895 0.1853953 0.8020799 -0.4715595 0.3664695 0.5302944 -0.6873704 0.4962961 0.1846542 -0.8077426 0.5598704 0.8359994 0.5485509 0.01403719 0.7583346 0.6513995 0.02464705 0.9311118 0.3611155 0.05125021 0.9675799 0.2492844 0.04057806 0.9888867 0.1322932 0.0678364 0.9961526 0.05446982 0.0686528 0.2765077 -0.8260549 -0.4910978 0.6401702 -0.6925289 -0.3325447 0.3700652 -0.8383296 -0.400319 0.6997752 -0.657779 -0.2786424 0.9301458 -0.3218536 -0.1767461 0.9642388 -0.2405658 -0.1112284 0.9501128 -0.2680328 -0.1595125 0.9670118 -0.2458992 -0.06649732 0.228857 -0.9397178 -0.2540769 0.6970718 -0.7163553 0.03043007 0.3447174 -0.9378608 0.03983944 0.3011589 -0.9535403 0.008015394 0.9614166 -0.2748488 0.01167595 0.9576529 -0.2879158 0.00237745 0.6970752 -0.716352 0.03043174 0.967521 -0.2428941 0.07004094 0.9670205 0.2337284 0.1012044 0.4446899 0.8727459 0.2014088 0.1500748 0.9475701 0.2821143 0.4295781 0.8946611 0.1226551 0.9671238 0.2330853 0.1016999 0.8868406 0.4518455 0.09669333 0.6936243 0.6936354 0.1943072 0.987467 0.1563664 0.02141278 -0.04305464 0.5389091 0.8412629 0.03964042 -0.9515368 0.3049698 0.05119282 -0.9910536 0.1232563 0.06791192 -0.9850594 0.158259 0.06820148 -0.9593553 0.2738358 0.07970434 -0.9373562 0.3391324 -0.4944111 0.3995135 0.7719758 -0.3278042 0.4368091 0.8377007 -0.5563971 0.1913798 0.8085765 -0.4892702 0.2956563 0.8204888 -0.5023529 0.1719195 0.8473991 -0.5529828 -0.002103567 0.83319 -0.5081031 0.02009284 0.861062 -0.4701366 -0.1356163 0.8721123 -0.5712574 -0.1941713 0.7974725 -0.4673875 -0.2885295 0.8356433 -0.5574677 -0.3787821 0.7387516 -0.4993646 -0.4221506 0.756587 -0.4721148 -0.5746454 0.6684985 -0.5114136 -0.5786392 0.6353211 -0.3368144 -0.7837018 0.5218885 -0.2817511 -0.7551178 0.5919574 -0.5027431 -0.7962704 0.3364561 -0.4960439 -0.8349497 0.2383264 -0.2705125 -0.8407831 0.4689424 -0.2388828 -0.9559639 0.1704936 0.06009149 -0.9898787 0.1285663 -0.1179835 -0.8491775 0.5147596 -0.1361332 -0.8777707 0.4593325 -0.6642834 0.2647733 0.6990156 -0.7561591 0.1972678 0.6239462 -0.778027 0.0877276 0.6220756 -0.7529854 0.07392746 0.6538714 -0.778966 -0.06405723 0.6237858 -0.7524677 -0.0853188 0.6530798 -0.7753526 -0.2103741 0.5954588 -0.7397726 -0.2448731 0.6267166 -0.7729586 -0.3396953 0.5358566 -0.7114849 -0.4053757 0.5739861 -0.7961947 -0.4574616 0.3959835 -0.5505176 0.4006057 0.7324244 -0.6819129 0.3307773 0.6523658 -0.7334365 0.2502648 0.6320114 -0.6842941 0.1679532 0.7096008 -0.7266259 0.07718497 0.6826839 -0.6841393 -0.001841425 0.7293491 -0.7266317 -0.08899682 0.6812387 -0.6842341 -0.1725233 0.7085615 -0.7261526 -0.2502136 0.6403871 -0.6847253 -0.3325192 0.6485232 -0.7261384 -0.3966323 0.5616102 -0.6853551 -0.4746963 0.5522244 -0.7256049 -0.5202692 0.4503527 -0.6343642 -0.6651779 0.3938534 -0.6346035 -0.6656314 0.3927003 0.9876933 0.1564036 0 0.9862866 0.1650358 -0.001416981 0.8910146 0.4539728 0.001344025 0.8827075 0.4699192 -0.001843273 0.7071001 0.7071111 0.001847326 0.7352903 0.6776674 0.01073312 0.5690906 0.8222653 -0.003979146 0.4539485 0.8909167 0.01408487 0.4346037 0.9005839 0.008266985 0.1564134 0.9876128 -0.01248848 1 0 0 1 -1.71391e-7 0 1 2.48264e-7 0 1 0 0 1 -1.47623e-7 0 1 0 0 0.1527272 -0.8661755 0.4758303 0.411724 -0.8735874 0.2594773 0.4326195 -0.8665274 0.2489391 0.1476478 -0.8632179 0.4827578 0.4605485 -0.8305523 0.3131741 0.4661831 -0.8282123 0.3110268 0.1624466 -0.8501803 0.5008039 0.7143128 -0.6942068 0.08851093 0.6784824 -0.7253223 0.1164875 0.1372244 -0.8406382 0.5239247 0.948596 -0.3164879 -0.00113976 0.7950698 -0.5624948 0.2268564 0.7763164 -0.5863091 0.2314618 0.5158879 -0.7478256 0.4178716 0.527939 -0.7479184 0.4023663 0.1846798 -0.8215655 0.5393733 0.9744503 -0.1509977 0.1662721 0.8412534 -0.4173489 0.3436753 0.6224266 -0.6222422 0.4747628 0.3302499 -0.7603887 0.5592354 0.6644177 0.7473306 0.006805062 0.7338306 0.679332 8.80194e-4 0.4953174 0.8686909 0.006083488 0.5463951 0.8375276 3.74015e-4 0.3056114 0.9521557 0.001143276 0.3150226 0.9490841 3.34396e-4 0.1030967 0.9946714 3.56481e-4 0.106913 0.9942683 5.09697e-4 0.1068677 0.9942733 2.09532e-4 0.9425719 -0.3322927 0.03376209 -4.4235e-6 -2.76735e-6 1 -8.16281e-6 3.75661e-6 1 -1.45466e-5 0 1 6.6153e-6 0 1 -1.56803e-4 -0.8191462 0.5735849 1.56899e-4 -0.8191552 0.573572 -7.28531e-5 -0.8191406 0.573593 -1.94956e-4 -0.8191713 0.573549 8.0016e-5 -0.8191846 0.57353 0.03477114 -0.8147392 0.5787841 0.9959636 -0.004221975 0.08965921 0.9960594 0.001131176 0.08868181 0.9959366 0.0107811 0.08941 0.9956631 4.5143e-4 0.09303247 0.9956572 -7.37124e-4 0.09309339 0.9958863 -0.02453488 0.08722692 0.9949239 -0.04385644 0.09057176 0.997124 -0.07578748 0 0.9818683 -0.1554756 -0.1084535 0.9633866 -0.2551149 0.08247941 0.889832 -0.4534776 0.05056697 0.696296 -0.6963099 0.174139 0.8001399 -0.5923995 -0.09401661 0.6448025 -0.7615943 -0.06483846 0.198183 -0.9694438 0.144576 0.308975 -0.9509405 0.01570665 0.9581708 -0.2853796 0.02161431 0.987263 -0.1563284 -0.02954876 0.9645317 -0.24916 -0.08716541 0.9682373 -0.2117806 -0.1329123 0.9652741 -0.2281593 -0.1272372 0.9256566 -0.353999 -0.1335835 0.8860517 -0.4515495 -0.1049548 0.6937648 -0.7186924 -0.04660135 0.7056724 -0.7056935 -0.06342977 0.6957064 -0.5980572 -0.3978949 0.6406549 -0.6902615 -0.3363041 0.367438 -0.8326594 -0.4143279 0.2987847 -0.9195762 -0.2551612 0.2643498 -0.9103623 -0.3183706 -1 2.90123e-5 2.78484e-5 -1 -4.4189e-4 2.63296e-4 -1 -1.38492e-7 0 -1 -1.58385e-7 0 -1 0 0 1 8.91887e-7 8.19071e-7 1 -1.24747e-5 7.74399e-6 1 -1.38492e-7 0 1 5.2267e-6 -4.04457e-6 1 1.09494e-6 8.06749e-7 1 1.09802e-6 3.49152e-7 1 1.27165e-6 4.26484e-7 -1 2.27269e-7 0 -1 -9.08496e-7 0 1 -2.27097e-7 0 1 2.27055e-7 0 1 -2.83898e-7 0 1 3.12296e-7 0 1 3.40752e-7 0 1 -4.54071e-7 0 1 -2.27061e-7 0 1 2.27271e-7 0 1 -2.27071e-7 0 1 2.27379e-7 0 1 7.61596e-7 0 1 -1.84397e-7 0 0.4549232 -0.698483 -0.5524188 0.4557287 -0.6985597 -0.5516573 0.6262539 -0.6583629 -0.4175698 0.5960881 -0.6730789 -0.4377714 0.3981752 -0.7671641 -0.5029076 -0.4393818 -0.7140336 -0.5450686 -0.6032525 -0.7104871 -0.3623459 -0.5141114 -0.7391611 -0.4351211 -0.4555354 -0.7592577 -0.4647746 -0.3995027 -0.7813884 -0.4794057 -0.006338298 -0.8901471 -0.4556292 -5.03807e-5 -0.8765521 -0.481307 0 -0.8191362 0.5735992 -1.98534e-4 -0.8191915 0.5735202 1.46566e-4 -0.8191221 0.5736192 -1.40351e-4 -0.8191577 0.5735684 1.99115e-4 -0.8191916 0.57352 -1.46566e-4 -0.8191223 0.5736191 1.40351e-4 -0.8191579 0.5735681 -0.6818593 0.4655323 -0.564223 -0.6633327 0.3688387 -0.6511127 0.6633325 0.3688394 -0.6511126 0.6818595 0.4655323 -0.5642229 -0.9856255 0.001283705 -0.1689399 0.9858314 0.001277565 -0.1677342 -0.2740227 0.799332 -0.5347709 0.5206381 0.8537723 -0.003012716 0.04209697 -0.5746313 -0.817329 0.119957 -0.674353 -0.7286003</float_array>
          <technique_common>
            <accessor source="#proximal_001-mesh-normals-array" count="1023" stride="3">
              <param name="X" type="float"/>
              <param name="Y" type="float"/>
              <param name="Z" type="float"/>
            </accessor>
          </technique_common>
        </source>
        <source id="proximal_001-mesh-map-0">
          <float_array id="proximal_001-mesh-map-0-array" count="6552">0.03083449 0.2384537 0.03476786 0.1601543 0.03555685 0.1669878 0.4291349 0.05778014 0.425509 0.1127823 0.4172633 0.09635519 0.06421881 0.2990353 0.1099814 0.3510894 0.08691978 0.3530752 0.06354194 0.3589056 0.06421881 0.2990353 0.08691978 0.3530752 0.1106679 0.2955275 0.1099814 0.3510894 0.06421881 0.2990353 0.06354194 0.3589056 0.04986417 0.3647482 0.06421881 0.2990353 0.1557672 0.3604418 0.156763 0.3005774 0.1689596 0.3667326 0.1106679 0.2955275 0.156763 0.3005774 0.1099814 0.3510894 0.1557672 0.3604418 0.132839 0.3538401 0.156763 0.3005774 0.156763 0.3005774 0.132839 0.3538401 0.1099814 0.3510894 0.3904945 0.3708013 0.3444129 0.2004389 0.3679483 0.1964409 0.3986649 0.1845721 0.3904945 0.3708013 0.3679483 0.1964409 0.7423304 0.2590104 0.7587542 0.2589519 0.7450735 0.572736 0.7750756 0.5726307 0.7450735 0.572736 0.7587542 0.2589519 0.7587542 0.2589519 0.7751345 0.2588974 0.7750756 0.5726307 0.7750756 0.5726307 0.7751345 0.2588974 0.7912374 0.2588428 0.7944987 0.5725644 0.7750756 0.5726307 0.7912374 0.2588428 0.7912374 0.2588428 0.8105077 0.2587843 0.7944987 0.5725644 0.8130062 0.5725099 0.7944987 0.5725644 0.8105077 0.2587843 0.8130062 0.5725099 0.8105077 0.2587843 0.8287938 0.2587298 0.8301852 0.5724592 0.8130062 0.5725099 0.8287938 0.2587298 0.8301852 0.5724592 0.8287938 0.2587298 0.8442575 0.2586908 0.8456334 0.5724164 0.8301852 0.5724592 0.8442575 0.2586908 0.7440814 0.6485296 0.7752709 0.6484205 0.7590337 0.6773254 0.7791559 0.6123517 0.7752709 0.6484205 0.7440814 0.6485296 0.7409207 0.612488 0.7791559 0.6123517 0.7440814 0.6485296 0.7737045 0.6762185 0.7590337 0.6773254 0.7752709 0.6484205 0.2529259 0.9454524 0.2457036 0.9164866 0.2529259 0.9034636 0.500738 0.9037296 0.5226084 0.881531 0.5226084 0.9196875 0.8048484 0.6483269 0.7752709 0.6484205 0.7791559 0.6123517 0.7791559 0.6123517 0.7944987 0.5725644 0.8130062 0.5725099 0.815234 0.6122386 0.7791559 0.6123517 0.8130062 0.5725099 0.7791559 0.6123517 0.815234 0.6122386 0.8048484 0.6483269 0.5856533 0.8940498 0.5939174 0.881531 0.5981768 0.9071298 0.8130062 0.5725099 0.8301852 0.5724592 0.815234 0.6122386 0.830218 0.6481944 0.8048484 0.6483269 0.815234 0.6122386 0.815234 0.6122386 0.8301852 0.5724592 0.8456334 0.5724164 0.815234 0.6122386 0.8456334 0.5724164 0.8454903 0.6171575 0.815234 0.6122386 0.8454903 0.6171575 0.830218 0.6481944 0.8453114 0.6302496 0.830218 0.6481944 0.8454903 0.6171575 0.02626204 0.05528521 0.02247852 0.2381229 0.01404619 0.2377097 0.01740229 0.05485641 0.02626204 0.05528521 0.01404619 0.2377097 0.03083449 0.2384537 0.02247852 0.2381229 0.02626204 0.05528521 0.02626204 0.05528521 0.03657597 0.05566084 0.03083449 0.2384537 0.03083449 0.2384537 0.03555685 0.1669878 0.03822165 0.173627 0.03822165 0.173627 0.04247218 0.1792163 0.04633301 0.2388917 0.04247218 0.1792163 0.04795932 0.1834325 0.04633301 0.2388917 0.4048482 0.3708661 0.3904945 0.3708013 0.3986649 0.1845721 0.3986649 0.1845721 0.4105626 0.1771023 0.4048482 0.3708661 0.4180774 0.3710551 0.4048482 0.3708661 0.4105626 0.1771023 0.4105626 0.1771023 0.4194359 0.1677309 0.4180774 0.3710551 0.4102967 0.0573529 0.4172633 0.09635519 0.4102977 0.08586078 0.42551 0.1486904 0.425509 0.1127823 0.4291349 0.05778014 0.4102967 0.0573529 0.4291349 0.05778014 0.4172633 0.09635519 0.4180774 0.3710551 0.4194359 0.1677309 0.4240993 0.1578357 0.4180774 0.3710551 0.4240993 0.1578357 0.42551 0.1486904 0.4102948 0.03849411 0.4291349 0.05778014 0.4102967 0.0573529 0.4183452 0.01307606 0.4291349 0.05778014 0.4102948 0.03849411 0.4102948 0.03849411 0.410289 0.0197274 0.4183452 0.01307606 0.410289 0.0197274 0.4102842 0.01000082 0.4183452 0.01307606 0.4102774 1.46162e-6 0.4183452 0.01307606 0.4102842 0.01000082 0.3415562 0.8881483 0.3269042 0.8894832 0.3122121 0.8887153 0.3122121 0.8887153 0.2976863 0.885835 0.3415562 0.8881483 0.2976863 0.885835 0.2831644 0.880657 0.3559621 0.8847095 0.3702776 0.8789751 0.3559621 0.8847095 0.2831644 0.880657 0.2831644 0.880657 0.2682296 0.872505 0.3702776 0.8789751 0.3848923 0.8702512 0.3702776 0.8789751 0.2682296 0.872505 0.2682296 0.872505 0.2550836 0.8619892 0.3848923 0.8702512 0.3976303 0.8592355 0.3848923 0.8702512 0.2550836 0.8619892 0.2550836 0.8619892 0.2395918 0.8443922 0.3976303 0.8592355 0.4161842 0.8341746 0.3976303 0.8592355 0.2395918 0.8443922 0.2395918 0.8443922 0.2340921 0.8343227 0.4161842 0.8341746 0.4208795 0.8209674 0.4161842 0.8341746 0.2340921 0.8343227 0.2340921 0.8343227 0.2303724 0.8245474 0.4208795 0.8209674 0.2303724 0.8245474 0.2264835 0.8057305 0.4208795 0.8209674 0.4208795 0.8209674 0.2264835 0.8057305 0.324923 0.7849258 0.2264835 0.8057305 0.2251434 0.7868533 0.324923 0.7849258 0.2251434 0.7868533 0.2246029 0.7583361 0.324923 0.7849258 0.4102919 0.09987717 0.4102977 0.08586078 0.4172633 0.09635519 0.4172633 0.09635519 0.425509 0.1127823 0.4102919 0.09987717 0.405702 0.1654926 0.42551 0.1486904 0.4240993 0.1578357 0.4180774 0.3710551 0.42551 0.1486904 0.4293989 0.3713635 0.42551 0.1486904 0.4291349 0.05778014 0.4293989 0.3713635 0.7409207 0.612488 0.7750756 0.5726307 0.7791559 0.6123517 0.7944987 0.5725644 0.7791559 0.6123517 0.7750756 0.5726307 0.5918164 0.1048302 0.5723932 0.1047726 0.5764726 0.065041 0.5382374 0.06490749 0.5764726 0.065041 0.5423913 0.1046674 0.2393617 0.1486904 0.2354796 0.3713635 0.2357204 0.05778014 0.2468253 0.3710551 0.2354796 0.3713635 0.2393617 0.1486904 0.2459589 0.0989291 0.2545876 0.09987717 0.2397755 0.1096452 0.6573579 0.7939372 0.757138 0.7958617 0.6568165 0.8224543 0.6586981 0.7750599 0.757138 0.7958617 0.6573579 0.7939372 0.662587 0.7562421 0.757138 0.7958617 0.6586981 0.7750599 0.8562839 0.778752 0.757138 0.7958617 0.662587 0.7562421 0.6718074 0.7363982 0.8562839 0.778752 0.662587 0.7562421 0.8562839 0.778752 0.6718074 0.7363982 0.8511211 0.7533257 0.6718074 0.7363982 0.8446607 0.7397316 0.8511211 0.7533257 0.8446607 0.7397316 0.6718074 0.7363982 0.8298467 0.7215501 0.6872991 0.7188003 0.8298467 0.7215501 0.6718074 0.7363982 0.8298467 0.7215501 0.6872991 0.7188003 0.8171088 0.7105343 0.7004451 0.7082844 0.8171088 0.7105343 0.6872991 0.7188003 0.8171088 0.7105343 0.7004451 0.7082844 0.8024941 0.7018114 0.7153809 0.7001315 0.8024941 0.7018114 0.7004451 0.7082844 0.8024941 0.7018114 0.7153809 0.7001315 0.788179 0.696077 0.7299028 0.6949526 0.788179 0.696077 0.7153809 0.7001315 0.7444276 0.6920732 0.7737731 0.6926393 0.7299028 0.6949526 0.7737731 0.6926393 0.7444276 0.6920732 0.7591202 0.6913034 0.2545847 0.0197274 0.2465062 0.01307606 0.2545731 1.46162e-6 0.2465062 0.01307606 0.2545847 0.0197274 0.2545895 0.03849411 0.2465062 0.01307606 0.2545895 0.03849411 0.2357204 0.05778014 0.2545895 0.03849411 0.2545915 0.0573529 0.2357204 0.05778014 0.2468253 0.3710551 0.2393617 0.1486904 0.2407754 0.1578357 0.2545915 0.0573529 0.2459589 0.0989291 0.2357204 0.05778014 0.2357204 0.05778014 0.2459589 0.0989291 0.2397755 0.1096452 0.2357204 0.05778014 0.2397755 0.1096452 0.2393617 0.1486904 0.2545915 0.0573529 0.2545924 0.08586078 0.2459589 0.0989291 0.2468253 0.3710551 0.2543343 0.1771023 0.260068 0.3708661 0.2662417 0.1845721 0.260068 0.3708661 0.2543343 0.1771023 0.2662417 0.1845721 0.2744275 0.3708013 0.260068 0.3708661 0.1821723 0.1815437 0.1762955 0.2410568 0.1765923 0.1855757 0.1865534 0.1760981 0.1762955 0.2410568 0.1821723 0.1815437 0.1915696 0.2411314 0.1865534 0.1760981 0.189397 0.1695505 0.1915696 0.2411314 0.189397 0.1695505 0.1904026 0.1627467 0.2022501 0.05821669 0.1915696 0.2411314 0.1922107 0.05825322 0.1915696 0.2411314 0.2022501 0.05821669 0.1996858 0.2410749 0.2107307 0.05807685 0.2077507 0.2409365 0.2022501 0.05821669 0.2022501 0.05821669 0.2077507 0.2409365 0.1996858 0.2410749 0.6426175 0.04707187 0.6427983 0.06017577 0.6275252 0.0291261 0.6125478 0.06513452 0.6275252 0.0291261 0.6427983 0.06017577 0.6125478 0.06513452 0.6427983 0.06017577 0.6429443 0.1049315 0.6125478 0.06513452 0.6429443 0.1049315 0.627498 0.10491 0.6275252 0.0291261 0.6125478 0.06513452 0.6021584 0.02902382 0.610321 0.1048759 0.6125478 0.06513452 0.627498 0.10491 0.6312593 0.899038 0.6187437 0.9121156 0.6229923 0.8865212 0.5764726 0.065041 0.6021584 0.02902382 0.6125478 0.06513452 0.6125478 0.06513452 0.610321 0.1048759 0.5764726 0.065041 0.5764726 0.065041 0.610321 0.1048759 0.5918164 0.1048302 0.6021584 0.02902382 0.5764726 0.065041 0.5725837 0.0289449 0.5631468 0.9128122 0.5364806 0.9086118 0.5631468 0.881531 0.2318315 0.9034637 0.2318315 0.9454725 0.2246034 0.932453 0.5710116 0.00110495 0.5725837 0.0289449 0.5563398 9.74412e-7 0.5382374 0.06490749 0.5413944 0.02883672 0.5764726 0.065041 0.5764726 0.065041 0.5413944 0.02883672 0.5725837 0.0289449 0.5413944 0.02883672 0.5563398 9.74412e-7 0.5725837 0.0289449 0.6429443 0.1049315 0.6415684 0.4186609 0.627498 0.10491 0.627498 0.10491 0.6415684 0.4186609 0.6261076 0.4186385 0.627498 0.10491 0.6261076 0.4186385 0.610321 0.1048759 0.610321 0.1048759 0.6261076 0.4186385 0.6078225 0.4185937 0.610321 0.1048759 0.6078225 0.4185937 0.5918164 0.1048302 0.588555 0.4185528 0.5918164 0.1048302 0.6078225 0.4185937 0.5918164 0.1048302 0.588555 0.4185528 0.5723932 0.1047726 0.5723932 0.1047726 0.588555 0.4185528 0.5724532 0.418505 0.5560729 0.4184505 0.5423913 0.1046674 0.5724532 0.418505 0.5724532 0.418505 0.5423913 0.1046674 0.5723932 0.1047726 0.5396491 0.41839 0.5423913 0.1046674 0.5560729 0.4184505 0.2969602 0.1964409 0.2744275 0.3708013 0.2662417 0.1845721 0.2744275 0.3708013 0.2969602 0.1964409 0.3204956 0.2004389 0.1113553 0.2399528 0.1641163 0.1885828 0.157756 0.2407255 0.3444129 0.2004389 0.3324369 0.3708013 0.3204956 0.2004389 0.3904945 0.3708013 0.3324369 0.3708013 0.3444129 0.2004389 0.3324369 0.3708013 0.2744275 0.3708013 0.3204956 0.2004389 0.05311679 0.5488293 0.1568887 0.5505579 0.05274647 0.5697411 0.3324369 0.3708013 0.3906125 0.5079638 0.3324475 0.6451786 0.3324369 0.3708013 0.3324475 0.6451786 0.2743201 0.5079638 0.6264103 0.7296187 0.6398977 0.7236032 0.6398977 0.7819076 0.9512425 0.5180685 0.9451123 0.5324494 0.9120519 0.5215043 0.9589313 0.498458 0.9512425 0.5180685 0.9361665 0.4984468 0.1461827 0.8417282 0.1185786 0.8465496 0.1273982 0.8356947 0.1241663 0.8669967 0.1185786 0.8465496 0.1461827 0.8417282 0.1461827 0.8417282 0.1584131 0.8483464 0.1241663 0.8669967 0.9823496 0.5181002 0.9589313 0.498458 0.9784395 0.4984765 0.9512425 0.5180685 0.9589313 0.498458 0.9823496 0.5181002 0.1319543 0.8787286 0.1241663 0.8669967 0.1584131 0.8483464 0.1185786 0.8465496 0.1241663 0.8669967 0.1071923 0.8546177 0.9728296 0.03397482 0.9787224 0.0143662 0.9906243 0.03397482 0.1241663 0.8669967 0.09407389 0.8592793 0.1071923 0.8546177 0.09309923 0.8792743 0.09407389 0.8592793 0.1241663 0.8669967 0.1241663 0.8669967 0.1319543 0.8787286 0.09309923 0.8792743 0.09461778 0.8934812 0.09309923 0.8792743 0.1319543 0.8787286 0.9438857 0.0143662 0.9728296 0.03397482 0.951164 0.03397482 0.9787224 0.0143662 0.9728296 0.03397482 0.9438857 0.0143662 0.09407389 0.8592793 0.09309923 0.8792743 0.0801925 0.8602265 0.9272295 0.03397482 0.9438857 0.0143662 0.951164 0.03397482 0.9399387 1.46162e-6 0.9438857 0.0143662 0.9065879 1.46162e-6 0.09309923 0.8792743 0.06657224 0.8573695 0.0801925 0.8602265 0.05991077 0.8758015 0.06657224 0.8573695 0.09309923 0.8792743 0.9438857 0.0143662 0.9272295 0.03397482 0.903805 0.0143662 0.903805 0.0143662 0.9065879 1.46162e-6 0.9438857 0.0143662 0.9027888 0.03397482 0.903805 0.0143662 0.9272295 0.03397482 0.06657224 0.8573695 0.05991077 0.8758015 0.05421859 0.8509111 0.05991077 0.8758015 0.05473297 0.8893068 0.03200399 0.8573656 0.03200399 0.8573656 0.05421859 0.8509111 0.05991077 0.8758015 0.02119499 0.8671486 0.03200399 0.8573656 0.05473297 0.8893068 0.8674231 0.0143662 0.9027888 0.03397482 0.8796443 0.03397482 0.903805 0.0143662 0.9027888 0.03397482 0.8674231 0.0143662 0.8595057 0.03397482 0.8674231 0.0143662 0.8796443 0.03397482 0.05421859 0.8509111 0.03200399 0.8573656 0.04404288 0.8413501 0.03200399 0.8573656 0.02119499 0.8671486 0.01560384 0.8280709 0.03200399 0.8573656 0.03679597 0.8293766 0.04404288 0.8413501 0.01560384 0.8280709 0.03679597 0.8293766 0.03200399 0.8573656 0.001485645 0.8319451 0.01560384 0.8280709 0.02119499 0.8671486 0.1747059 0.6689608 0.1543738 0.7022334 0.1550506 0.6817286 0.1736133 0.7033013 0.1543738 0.7022334 0.1747059 0.6689608 0.1556259 0.6582967 0.1747059 0.6689608 0.1550506 0.6817286 0.469726 0.7567556 0.4871351 0.7689552 0.487096 0.7829829 0.01752316 0.6618601 0.01813811 0.6283305 0.03203636 0.6665843 0.4909172 0.7554577 0.4871351 0.7689552 0.469726 0.7567556 0.05185401 0.656568 0.05127871 0.6799997 0.03203636 0.6665843 0.03094381 0.7009247 0.03203636 0.6665843 0.05060189 0.7005047 0.03203636 0.6665843 0.05127871 0.6799997 0.05060189 0.7005047 0.4556106 0.7528619 0.475319 0.7176544 0.469726 0.7567556 0.469726 0.7567556 0.4861257 0.7274609 0.4909172 0.7554577 0.4861257 0.7274609 0.4981636 0.7434841 0.4909172 0.7554577 0.4861257 0.7274609 0.469726 0.7567556 0.475319 0.7176544 0.5083388 0.7339232 0.4981636 0.7434841 0.4861257 0.7274609 0.8595057 0.1385998 0.8796443 0.1385998 0.8674231 0.1582079 0.903805 0.1582079 0.8674231 0.1582079 0.9027888 0.1385998 0.8674231 0.1582079 0.8796443 0.1385998 0.9027888 0.1385998 0.475319 0.7176544 0.5088566 0.6954963 0.4861257 0.7274609 0.4861257 0.7274609 0.514032 0.7090211 0.5083388 0.7339232 0.514032 0.7090211 0.4861257 0.7274609 0.5088566 0.6954963 0.520693 0.7274648 0.5083388 0.7339232 0.514032 0.7090211 0.9027888 0.1385998 0.9272295 0.1385998 0.903805 0.1582079 0.903805 0.1582079 0.9438857 0.1582079 0.9065879 0.1725732 0.9438857 0.1582079 0.903805 0.1582079 0.9272295 0.1385998 0.514032 0.7090211 0.5472204 0.7055483 0.520693 0.7274648 0.5472204 0.7055483 0.5343127 0.7246039 0.520693 0.7274648 0.9399387 0.1725732 0.9065879 0.1725732 0.9438857 0.1582079 0.9272295 0.1385998 0.951164 0.1385998 0.9438857 0.1582079 0.5481941 0.725551 0.5343127 0.7246039 0.5472204 0.7055483 0.9787224 0.1582079 0.9438857 0.1582079 0.9728296 0.1385998 0.9438857 0.1582079 0.951164 0.1385998 0.9728296 0.1385998 0.5487418 0.691318 0.5860788 0.7060706 0.5472204 0.7055483 0.578288 0.717822 0.5472204 0.7055483 0.5860788 0.7060706 0.5472204 0.7055483 0.578288 0.717822 0.5481941 0.725551 0.578288 0.717822 0.561313 0.7302087 0.5481941 0.725551 0.9728296 0.1385998 0.9906243 0.1385998 0.9787224 0.1582079 0.5726998 0.7382807 0.561313 0.7302087 0.578288 0.717822 0.5860788 0.7060706 0.6125386 0.7364488 0.578288 0.717822 0.9512425 0.3742268 0.9823496 0.3742585 0.9589313 0.3938329 0.9823496 0.3742585 0.9784395 0.3938515 0.9589313 0.3938329 0.6003053 0.7430905 0.578288 0.717822 0.6125386 0.7364488 0.578288 0.717822 0.6003053 0.7430905 0.5726998 0.7382807 0.6003053 0.7430905 0.5815194 0.7491318 0.5726998 0.7382807 0.9589313 0.3938329 0.9361665 0.3938217 0.9512425 0.3742268 0.5871134 0.7619668 0.5815194 0.7491318 0.6003053 0.7430905 0.9512425 0.3742268 0.9120519 0.3707764 0.9451123 0.3598781 0.9120519 0.3707764 0.9512425 0.3742268 0.9118779 0.3817015 0.9512425 0.3742268 0.911816 0.3938188 0.9118779 0.3817015 0.9512425 0.3742268 0.9361665 0.3938217 0.911816 0.3938188 0.6003053 0.7430905 0.6117312 0.7757216 0.5871134 0.7619668 0.9451123 0.3598781 0.9120519 0.3707764 0.9123265 0.362111 0.5890743 0.7758385 0.5871134 0.7619668 0.6010411 0.7757761 0.5871134 0.7619668 0.6117312 0.7757216 0.6010411 0.7757761 0.1563134 0.6096106 0.1560582 0.6336435 0.05254149 0.607882 0.05228525 0.6319149 0.05254149 0.607882 0.1560582 0.6336435 0.1560582 0.6336435 0.1556259 0.6582967 0.05228525 0.6319149 0.05185401 0.656568 0.05228525 0.6319149 0.1556259 0.6582967 0.1556259 0.6582967 0.1550506 0.6817286 0.05185401 0.656568 0.05127871 0.6799997 0.05185401 0.656568 0.1550506 0.6817286 0.1550506 0.6817286 0.1543738 0.7022334 0.05127871 0.6799997 0.05060189 0.7005047 0.05127871 0.6799997 0.1543738 0.7022334 0.8595057 0.03397482 0.8796443 0.03397482 0.8595057 0.1385998 0.8796443 0.1385998 0.8595057 0.1385998 0.8796443 0.03397482 0.8796443 0.03397482 0.9027888 0.03397482 0.8796443 0.1385998 0.9027888 0.1385998 0.8796443 0.1385998 0.9027888 0.03397482 0.9027888 0.03397482 0.9272295 0.03397482 0.9027888 0.1385998 0.9272295 0.1385998 0.9027888 0.1385998 0.9272295 0.03397482 0.9272295 0.03397482 0.951164 0.03397482 0.9272295 0.1385998 0.951164 0.1385998 0.9272295 0.1385998 0.951164 0.03397482 0.951164 0.03397482 0.9728296 0.03397482 0.951164 0.1385998 0.9728296 0.1385998 0.951164 0.1385998 0.9728296 0.03397482 0.9728296 0.03397482 0.9906243 0.03397482 0.9728296 0.1385998 0.9906243 0.1385998 0.9728296 0.1385998 0.9906243 0.03397482 0.9784395 0.4984765 0.9589313 0.498458 0.9784395 0.3938515 0.9589313 0.3938329 0.9784395 0.3938515 0.9589313 0.498458 0.9589313 0.498458 0.9361665 0.4984468 0.9589313 0.3938329 0.9361665 0.3938217 0.9589313 0.3938329 0.9361665 0.4984468 0.9361665 0.4984468 0.911816 0.4984434 0.9361665 0.3938217 0.911816 0.3938188 0.9361665 0.3938217 0.911816 0.4984434 0.4909172 0.7554577 0.4981636 0.7434841 0.5378574 0.7761191 0.4871351 0.7689552 0.4909172 0.7554577 0.5378574 0.7761191 0.5871134 0.7619668 0.5890743 0.7758385 0.5378574 0.7761191 0.487096 0.7829829 0.4871351 0.7689552 0.5378574 0.7761191 0.6264103 0.8342443 0.6264103 0.7296187 0.6398977 0.7819076 0.6398977 0.7819076 0.6398977 0.8402598 0.6264103 0.8342443 0.09286332 0.4586104 0.1083444 0.4510548 0.1234261 0.4591195 0.09286332 0.4586104 0.1234261 0.4591195 0.1079722 0.4658644 0.5076813 0.4182566 0.497727 0.4903669 0.4926682 0.4181854 0.497727 0.4903669 0.519611 0.4904566 0.5009468 0.572506 0.497727 0.4903669 0.5076813 0.4182566 0.519611 0.4904566 0.5234293 0.4183257 0.519611 0.4904566 0.5076813 0.4182566 0.5009468 0.572506 0.519611 0.4904566 0.525949 0.5627034 0.5416477 0.4905394 0.5234293 0.4183257 0.5396491 0.41839 0.519611 0.4904566 0.5234293 0.4183257 0.5416477 0.4905394 0.5416477 0.4905394 0.525949 0.5627034 0.519611 0.4904566 0.525949 0.5627034 0.5416477 0.4905394 0.5510721 0.5627925 0.5560729 0.4184505 0.5416477 0.4905394 0.5396491 0.41839 0.5637636 0.4906174 0.5510721 0.5627925 0.5416477 0.4905394 0.5416477 0.4905394 0.5560729 0.4184505 0.5637636 0.4906174 0.5724532 0.418505 0.5637636 0.4906174 0.5560729 0.4184505 0.5510721 0.5627925 0.5637636 0.4906174 0.5762183 0.5628798 0.5859 0.4906895 0.5762183 0.5628798 0.5637636 0.4906174 0.5637636 0.4906174 0.5724532 0.418505 0.5859 0.4906895 0.588555 0.4185528 0.5859 0.4906895 0.5724532 0.418505 0.5762183 0.5628798 0.5859 0.4906895 0.6015048 0.5629641 0.5859 0.4906895 0.6288469 0.5583853 0.6015048 0.5629641 0.6081426 0.4907548 0.6288469 0.5583853 0.5859 0.4906895 0.6081426 0.4907548 0.588555 0.4185528 0.6078225 0.4185937 0.5859 0.4906895 0.588555 0.4185528 0.6081426 0.4907548 0.1083444 0.4510548 0.1084817 0.4436882 0.1460865 0.457998 0.1528857 0.43905 0.1280325 0.3979211 0.1542859 0.398113 0.1528857 0.43905 0.1092475 0.3976575 0.1280325 0.3979211 0.1084817 0.4436882 0.1092475 0.3976575 0.1528857 0.43905 0.1528857 0.43905 0.1460865 0.457998 0.1084817 0.4436882 0.1659187 0.3981793 0.1528857 0.43905 0.1542859 0.398113 0.1460865 0.457998 0.1528857 0.43905 0.1650069 0.4667531 0.189864 0.4439893 0.1659187 0.3981793 0.1784101 0.3980736 0.1528857 0.43905 0.1659187 0.3981793 0.189864 0.4439893 0.1528857 0.43905 0.1829913 0.4793279 0.1650069 0.4667531 0.189864 0.4439893 0.1829913 0.4793279 0.1528857 0.43905 0.1993348 0.3978056 0.189864 0.4439893 0.1784101 0.3980736 0.1829913 0.4793279 0.189864 0.4439893 0.1992236 0.4956195 0.4541255 0.4901779 0.4816504 0.5625655 0.463694 0.5420839 0.4541255 0.4901779 0.487329 0.4903709 0.4816504 0.5625655 0.4541255 0.4901779 0.462758 0.4441652 0.487329 0.4903709 0.497727 0.4903669 0.4816504 0.5625655 0.487329 0.4903709 0.1961982 0.5006065 0.1829913 0.4793279 0.1992236 0.4956195 0.1805566 0.4809492 0.1829913 0.4793279 0.1961982 0.5006065 0.1533479 0.4814828 0.1722248 0.4857609 0.1677132 0.4940634 0.1829913 0.4793279 0.1805566 0.4809492 0.1650069 0.4667531 0.1805566 0.4809492 0.1722248 0.4857609 0.1650069 0.4667531 0.1507363 0.4693683 0.1650069 0.4667531 0.1722248 0.4857609 0.1722248 0.4857609 0.1533479 0.4814828 0.1507363 0.4693683 0.1382082 0.4727233 0.1507363 0.4693683 0.1533479 0.4814828 0.1650069 0.4667531 0.1507363 0.4693683 0.1460865 0.457998 0.1234261 0.4591195 0.1382082 0.4727233 0.122991 0.4676427 0.1507363 0.4693683 0.1382082 0.4727233 0.1234261 0.4591195 0.1234261 0.4591195 0.1460865 0.457998 0.1507363 0.4693683 0.1079722 0.4658644 0.1234261 0.4591195 0.122991 0.4676427 0.1460865 0.457998 0.1234261 0.4591195 0.1083444 0.4510548 0.1280325 0.3979211 0.1099814 0.3510894 0.132839 0.3538401 0.1092475 0.3976575 0.1099814 0.3510894 0.1280325 0.3979211 0.1542859 0.398113 0.132839 0.3538401 0.1557672 0.3604418 0.1542859 0.398113 0.1280325 0.3979211 0.132839 0.3538401 0.1993348 0.3978056 0.1832697 0.3719155 0.1927638 0.3718034 0.1784101 0.3980736 0.1832697 0.3719155 0.1993348 0.3978056 0.201579 0.3716451 0.1993348 0.3978056 0.1927638 0.3718034 0.1784101 0.3980736 0.1689596 0.3667326 0.1832697 0.3719155 0.1659187 0.3981793 0.1689596 0.3667326 0.1784101 0.3980736 0.1659187 0.3981793 0.1557672 0.3604418 0.1689596 0.3667326 0.1542859 0.398113 0.1557672 0.3604418 0.1659187 0.3981793 0.6261076 0.4186385 0.6415684 0.4186609 0.6309161 0.4909438 0.6078225 0.4185937 0.6261076 0.4186385 0.6309161 0.4909438 0.6078225 0.4185937 0.6309161 0.4909438 0.6081426 0.4907548 0.6309161 0.4909438 0.6288469 0.5583853 0.6081426 0.4907548 0.6417744 0.5558397 0.6288469 0.5583853 0.6309161 0.4909438 0.4844147 0.4181435 0.462758 0.4441652 0.464747 0.4180325 0.4844147 0.4181435 0.487329 0.4903709 0.462758 0.4441652 0.4844147 0.4181435 0.4926682 0.4181854 0.487329 0.4903709 0.4926682 0.4181854 0.497727 0.4903669 0.487329 0.4903709 0.2744275 0.3708013 0.3324369 0.3708013 0.2743201 0.5079638 0.2744275 0.3708013 0.2743201 0.5079638 0.2636561 0.5080121 0.2744275 0.3708013 0.2636561 0.5080121 0.260068 0.3708661 0.260068 0.3708661 0.2636561 0.5080121 0.2534137 0.5081169 0.260068 0.3708661 0.2534137 0.5081169 0.2468253 0.3710551 0.2468253 0.3710551 0.2534137 0.5081169 0.2440667 0.5083006 0.2354796 0.3713635 0.2468253 0.3710551 0.2440667 0.5083006 0.2354796 0.3713635 0.2440667 0.5083006 0.2360047 0.5084511 0.2354796 0.3713635 0.2360047 0.5084511 0.2246029 0.4439606 0.4293989 0.3713635 0.4402543 0.4439606 0.4288855 0.5084511 0.4293989 0.3713635 0.4288855 0.5084511 0.4208418 0.5083006 0.4293989 0.3713635 0.4208418 0.5083006 0.4180774 0.3710551 0.4180774 0.3710551 0.4208418 0.5083006 0.4115083 0.5081173 0.4048482 0.3708661 0.4180774 0.3710551 0.4115083 0.5081173 0.4048482 0.3708661 0.4115083 0.5081173 0.4012736 0.5080121 0.3904945 0.3708013 0.4048482 0.3708661 0.4012736 0.5080121 0.3904945 0.3708013 0.4012736 0.5080121 0.3906125 0.5079638 0.3904945 0.3708013 0.3906125 0.5079638 0.3324369 0.3708013 0.6953524 0.2591975 0.6900142 0.1870052 0.7004113 0.1870169 0.6870999 0.2592325 0.6900142 0.1870052 0.6953524 0.2591975 0.6870999 0.2592325 0.6654471 0.2331845 0.6900142 0.1870052 0.6870999 0.2592325 0.6674351 0.2593183 0.6654471 0.2331845 0.8444634 0.1215091 0.8336022 0.1864206 0.831533 0.1189796 0.8336022 0.1864206 0.8108268 0.1866272 0.831533 0.1189796 0.8105077 0.2587843 0.8108268 0.1866272 0.8336022 0.1864206 0.8105077 0.2587843 0.8336022 0.1864206 0.8287938 0.2587298 0.8287938 0.2587298 0.8336022 0.1864206 0.8442575 0.2586908 0.06381368 0.3966056 0.05200874 0.3962816 0.06354194 0.3589056 0.05200874 0.3962816 0.04986417 0.3647482 0.06354194 0.3589056 0.05200874 0.3962816 0.03909575 0.395753 0.04986417 0.3647482 0.03909575 0.395753 0.03499412 0.3694453 0.04986417 0.3647482 0.01591038 0.3685523 0.02513659 0.3690112 0.01734137 0.3947737 0.03909575 0.395753 0.01734137 0.3947737 0.03499412 0.3694453 0.01734137 0.3947737 0.02513659 0.3690112 0.03499412 0.3694453 0.06381368 0.3966056 0.08691978 0.3530752 0.09039771 0.3972945 0.06381368 0.3966056 0.06354194 0.3589056 0.08691978 0.3530752 0.1092475 0.3976575 0.09039771 0.3972945 0.1099814 0.3510894 0.09039771 0.3972945 0.08691978 0.3530752 0.1099814 0.3510894 0.07006084 0.4567317 0.1083444 0.4510548 0.09286332 0.4586104 0.1079722 0.4658644 0.09280335 0.4671399 0.09286332 0.4586104 0.09286332 0.4586104 0.06486469 0.467938 0.07006084 0.4567317 0.06486469 0.467938 0.09286332 0.4586104 0.07724589 0.4717075 0.09286332 0.4586104 0.09280335 0.4671399 0.07724589 0.4717075 0.05047041 0.4648451 0.07006084 0.4567317 0.06486469 0.467938 0.07724589 0.4717075 0.06150859 0.4799529 0.06486469 0.467938 0.04224884 0.4835957 0.06486469 0.467938 0.06150859 0.4799529 0.06486469 0.467938 0.04224884 0.4835957 0.05047041 0.4648451 0.03396439 0.4785074 0.05047041 0.4648451 0.04224884 0.4835957 0.03151136 0.4768046 0.05047041 0.4648451 0.03396439 0.4785074 0.06150859 0.4799529 0.04627597 0.4920405 0.04224884 0.4835957 0.02471113 0.5026621 0.04224884 0.4835957 0.04627597 0.4920405 0.04224884 0.4835957 0.02471113 0.5026621 0.03396439 0.4785074 0.03396439 0.4785074 0.01695847 0.4976209 0.03151136 0.4768046 0.01695847 0.4976209 0.0140075 0.4925341 0.03151136 0.4768046 0.01695847 0.4976209 0.03396439 0.4785074 0.02471113 0.5026621 0.04627597 0.4920405 0.0322017 0.5078913 0.02471113 0.5026621 0.6843355 0.1148052 0.666383 0.1352679 0.6793985 0.1088574 0.0140075 0.4925341 0.01695847 0.4976209 0.003988444 0.5182405 0.7036311 0.104874 0.7004113 0.1870169 0.6843355 0.1148052 0.7004113 0.1870169 0.6900142 0.1870052 0.6843355 0.1148052 0.6568165 0.1871572 0.6900142 0.1870052 0.6654471 0.2331845 0.6900142 0.1870052 0.6568165 0.1871572 0.6843355 0.1148052 0.6568165 0.1871572 0.666383 0.1352679 0.6843355 0.1148052 0.03151136 0.4768046 0.0140075 0.4925341 0.02562099 0.4412532 0.01734137 0.3947737 0.03909575 0.395753 0.02562099 0.4412532 0.02562099 0.4412532 0.06386685 0.437567 0.03151136 0.4768046 0.06386685 0.437567 0.05047041 0.4648451 0.03151136 0.4768046 0.06386685 0.437567 0.02562099 0.4412532 0.05200874 0.3962816 0.02562099 0.4412532 0.03909575 0.395753 0.05200874 0.3962816 0.07006084 0.4567317 0.05047041 0.4648451 0.06386685 0.437567 0.05200874 0.3962816 0.06381368 0.3966056 0.06386685 0.437567 0.06386685 0.437567 0.1084817 0.4436882 0.07006084 0.4567317 0.1084817 0.4436882 0.06386685 0.437567 0.1092475 0.3976575 0.06386685 0.437567 0.09039771 0.3972945 0.1092475 0.3976575 0.06386685 0.437567 0.06381368 0.3966056 0.09039771 0.3972945 0.1083444 0.4510548 0.07006084 0.4567317 0.1084817 0.4436882 0.7885832 0.1866973 0.8108268 0.1866272 0.7912374 0.2588428 0.8108268 0.1866272 0.8105077 0.2587843 0.7912374 0.2588428 0.8108268 0.1866272 0.7885832 0.1866973 0.831533 0.1189796 0.7885832 0.1866973 0.804189 0.1144154 0.831533 0.1189796 0.7789025 0.1145012 0.804189 0.1144154 0.7885832 0.1866973 0.7912374 0.2588428 0.7751345 0.2588974 0.7885832 0.1866973 0.7664459 0.1867753 0.7885832 0.1866973 0.7751345 0.2588974 0.7885832 0.1866973 0.7664459 0.1867753 0.7789025 0.1145012 0.7537553 0.1145908 0.7789025 0.1145012 0.7664459 0.1867753 0.7751345 0.2588974 0.7587542 0.2589519 0.7664459 0.1867753 0.7443299 0.1868532 0.7664459 0.1867753 0.7587542 0.2589519 0.7664459 0.1867753 0.7443299 0.1868532 0.7537553 0.1145908 0.7587542 0.2589519 0.7423304 0.2590104 0.7443299 0.1868532 0.7286332 0.1146805 0.7537553 0.1145908 0.7443299 0.1868532 0.7443299 0.1868532 0.7222942 0.1869351 0.7286332 0.1146805 0.7222942 0.1869351 0.7443299 0.1868532 0.7261115 0.2590727 0.7443299 0.1868532 0.7423304 0.2590104 0.7261115 0.2590727 0.7036311 0.104874 0.7286332 0.1146805 0.7222942 0.1869351 0.7261115 0.2590727 0.7103646 0.2591351 0.7222942 0.1869351 0.7004113 0.1870169 0.7222942 0.1869351 0.7103646 0.2591351 0.7222942 0.1869351 0.7004113 0.1870169 0.7036311 0.104874 0.7103646 0.2591351 0.6953524 0.2591975 0.7004113 0.1870169 0.9709891 0.7892771 0.9709891 0.7700203 0.981243 0.7820713 0.981243 0.7820713 0.9709891 0.7700203 0.981243 0.7579678 0.981243 0.7579678 0.9709891 0.7700203 0.9709891 0.7507634 0.3324417 0.196115 0.3133338 0.196115 0.3324136 0.1883187 0.3515506 0.196115 0.3324417 0.196115 0.3324136 0.1883187 0.8778419 0.1865531 0.9816607 0.1865589 0.9816573 0.3458193 0.2591707 0.1654926 0.2545818 0.1165426 0.2604663 0.1307646 0.2819074 0.1780095 0.274207 0.1403957 0.2852839 0.1440297 0.2819074 0.1780095 0.2604663 0.1307646 0.274207 0.1403957 0.2591707 0.1654926 0.2604663 0.1307646 0.2819074 0.1780095 0.2819074 0.1780095 0.2852839 0.1440297 0.3066524 0.1857185 0.3066524 0.1857185 0.3324127 0.1602011 0.3324136 0.1883187 0.2852839 0.1440297 0.3324127 0.1602011 0.3066524 0.1857185 0.2819074 0.1780095 0.2766059 0.1856493 0.2591707 0.1654926 0.9789234 0.836749 0.9698858 0.826292 0.9808215 0.80579 0.9709891 0.7892771 0.9808215 0.80579 0.9698858 0.826292 0.3133338 0.196115 0.2819074 0.1780095 0.3066524 0.1857185 0.2766059 0.1856493 0.2819074 0.1780095 0.3133338 0.196115 0.9808215 0.80579 0.9709891 0.7892771 0.981243 0.7820713 0.3324136 0.1883187 0.3133338 0.196115 0.3066524 0.1857185 0.7030026 0.9000029 0.854936 0.9023444 0.7054614 0.9054119 0.9861453 0.1886588 0.9816573 0.3458193 0.9816607 0.1865589 0.9438679 0.7222444 0.9453473 0.7118099 0.9488368 0.7222858 0.9428256 0.711082 0.9433825 0.6972327 0.9453473 0.7118099 0.9453473 0.7118099 0.9438679 0.7222444 0.9428256 0.711082 0.2852839 0.1440297 0.274207 0.1403957 0.2852819 0.1413467 0.9433825 0.842287 0.9421893 0.8291393 0.9463886 0.8279666 0.3795869 0.1440297 0.379585 0.1413467 0.3913542 0.1420795 0.9463886 0.8279666 0.9421893 0.8291393 0.9438679 0.8172797 0.8733579 0.1886715 0.8778419 0.1865531 0.8778385 0.3458193 0.4227224 0.6784402 0.27079 0.6807866 0.2732488 0.6753766 0.9438679 0.7222444 0.9488368 0.7222858 0.9438679 0.8172797 0.379585 0.1413467 0.3795869 0.1440297 0.2852819 0.1413467 0.2852839 0.1440297 0.2852819 0.1413467 0.3795869 0.1440297 0.3324136 0.1883187 0.3582222 0.1857185 0.3515506 0.196115 0.9808215 0.7342506 0.981243 0.7579678 0.9709891 0.7507634 0.3882774 0.1856493 0.3515506 0.196115 0.3829662 0.1780095 0.3515506 0.196115 0.3582222 0.1857185 0.3829662 0.1780095 0.9709891 0.7507634 0.9698858 0.7137529 0.9808215 0.7342506 0.9789234 0.7032969 0.9808215 0.7342506 0.9698858 0.7137529 0.3829662 0.1780095 0.405702 0.1654926 0.3882774 0.1856493 0.2852839 0.1440297 0.3795869 0.1440297 0.3324127 0.1602011 0.3795869 0.1440297 0.3582222 0.1857185 0.3324127 0.1602011 0.3582222 0.1857185 0.3324136 0.1883187 0.3324127 0.1602011 0.3829662 0.1780095 0.3582222 0.1857185 0.3795869 0.1440297 0.405702 0.1654926 0.3829662 0.1780095 0.4044035 0.1307646 0.3829662 0.1780095 0.3913542 0.1420795 0.4044035 0.1307646 0.3829662 0.1780095 0.3795869 0.1440297 0.3913542 0.1420795 0.405702 0.1654926 0.4044035 0.1307646 0.4102871 0.1165426 0.9488368 0.7222858 0.9453473 0.7118099 0.95336 0.712415 0.9120181 0.8171803 0.914972 0.8270224 0.8918166 0.8264918 0.06034344 0.1868542 0.1641163 0.1885828 0.1113553 0.2399528 0.2591707 0.1654926 0.2397755 0.1096452 0.2545818 0.1165426 0.2393617 0.1486904 0.2397755 0.1096452 0.2591707 0.1654926 0.1915696 0.2411314 0.1904026 0.1627467 0.1922107 0.05825322 0.8551424 0.9091614 0.7054614 0.9054119 0.854936 0.9023444 0.7054614 0.9054119 0.8551424 0.9091614 0.7062707 0.9126079 0.8559314 0.9157436 0.7062707 0.9126079 0.8551424 0.9091614 0.7062707 0.9126079 0.8559314 0.9157436 0.7076137 0.918013 0.8569186 0.9212461 0.7076137 0.918013 0.8559314 0.9157436 1 0.195541 0.9996306 0.3452205 0.9946327 0.1926368 0.9940937 0.3457735 0.9946327 0.1926368 0.9996306 0.3452205 0.9946327 0.1926368 0.9940937 0.3457735 0.9905205 0.1906982 0.9877812 0.3458987 0.9905205 0.1906982 0.9940937 0.3457735 0.9905205 0.1906982 0.9877812 0.3458987 0.9861453 0.1886588 0.9861453 0.1886588 0.9877812 0.3458987 0.9816573 0.3458193 0.2545924 0.08586078 0.2545876 0.09987717 0.2459589 0.0989291 0.2545818 0.1165426 0.2397755 0.1096452 0.2545876 0.09987717 0.8918166 0.8264918 0.9151247 0.8485174 0.9046435 0.8486582 0.8918166 0.8264918 0.9046435 0.8486582 0.8960264 0.84878 0.8906176 0.8480492 0.8918166 0.8264918 0.8960264 0.84878 0.8834645 0.8453048 0.8918166 0.8264918 0.8906176 0.8480492 0.6783804 0.8678746 0.692444 0.8809327 0.6887804 0.9044901 0.9283182 0.8481681 0.8918166 0.8264918 0.914972 0.8270224 0.6659209 0.8530236 0.6783804 0.8678746 0.6654877 0.867253 0.2591707 0.1654926 0.2766059 0.1856493 0.2543343 0.1771023 0.9698858 0.826292 0.9789234 0.836749 0.9747493 0.8487455 0.2591707 0.1654926 0.2407754 0.1578357 0.2393617 0.1486904 0.9560132 0.6913034 0.95336 0.712415 0.9453473 0.7118099 0.9453473 0.7118099 0.9433825 0.6972327 0.9560132 0.6913034 0.9463886 0.8279666 0.9560132 0.8482173 0.9433825 0.842287 0.9560132 0.8482173 0.9463886 0.8279666 0.95336 0.8271111 0.405702 0.1654926 0.4240993 0.1578357 0.4194359 0.1677309 0.405702 0.1654926 0.4194359 0.1677309 0.4105626 0.1771023 0.9698858 0.7137529 0.9747493 0.6913034 0.9789234 0.7032969 0.405702 0.1654926 0.4105626 0.1771023 0.3882774 0.1856493 0.2337083 0.7277668 0.2332732 0.7135277 0.2461668 0.7129158 0.9283182 0.6913034 0.914972 0.7123624 0.8916744 0.7134503 0.8916744 0.7134503 0.914972 0.7123624 0.9120181 0.7222225 0.2461668 0.7129158 0.2558475 0.6761103 0.2602314 0.6998577 0.8834645 0.6955411 0.8906176 0.6927582 0.8916744 0.7134503 0.8906176 0.6927582 0.8960264 0.6919109 0.8916744 0.7134503 0.8916744 0.7134503 0.8960264 0.6919109 0.9046435 0.6917935 0.8916744 0.7134503 0.9046435 0.6917935 0.9151247 0.6916527 0.4102919 0.09987717 0.425509 0.1127823 0.4102871 0.1165426 0.8778385 0.3458193 0.8717147 0.3458987 0.8733579 0.1886715 0.8689827 0.1919182 0.8733579 0.1886715 0.8717147 0.3458987 0.8717147 0.3458987 0.8654032 0.3457735 0.8689827 0.1919182 0.8648709 0.1947406 0.8689827 0.1919182 0.8654032 0.3457735 0.8654032 0.3457735 0.8598676 0.3452205 0.8648709 0.1947406 0.8595055 0.195541 0.8648709 0.1947406 0.8598676 0.3452205 0.4247031 0.6595268 0.4237169 0.6650362 0.2753992 0.6627648 0.2740581 0.6681757 0.2753992 0.6627648 0.4237169 0.6650362 0.4237169 0.6650362 0.4229288 0.6716222 0.2740581 0.6681757 0.2732488 0.6753766 0.2740581 0.6681757 0.4229288 0.6716222 0.4229288 0.6716222 0.4227224 0.6784402 0.2732488 0.6753766 0.03083449 0.2384537 0.03657597 0.05566084 0.03476786 0.1601543 0.9120181 0.8171803 0.8918166 0.8264918 0.8916744 0.7134503 0.8916744 0.7134503 0.9120181 0.7222225 0.9120181 0.8171803 0.405702 0.1654926 0.425509 0.1127823 0.42551 0.1486904 0.4102871 0.1165426 0.425509 0.1127823 0.405702 0.1654926 0.8778385 0.3458193 0.8778419 0.1865531 0.9816573 0.3458193 0.914972 0.8270224 0.9120181 0.8171803 0.9180632 0.8170342 0.6876453 0.6487011 0.6685344 0.624068 0.6726467 0.6127102 0.6726467 0.6127102 0.7041909 0.6126284 0.6876453 0.6487011 0.6726467 0.6127102 0.6888703 0.5729581 0.7041909 0.6126284 0.7139973 0.6486465 0.6876453 0.6487011 0.7041909 0.6126284 0.7139973 0.6486465 0.715435 0.6678074 0.7006279 0.6594197 0.6876453 0.6487011 0.7139973 0.6486465 0.7006279 0.6594197 0.7298757 0.6732134 0.715435 0.6678074 0.7139973 0.6486465 0.7409207 0.612488 0.7041909 0.6126284 0.7254628 0.57281 0.7041909 0.6126284 0.7409207 0.612488 0.7139973 0.6486465 0.7440814 0.6485296 0.7443551 0.6763237 0.7298757 0.6732134 0.7139973 0.6486465 0.7440814 0.6485296 0.7298757 0.6732134 0.7440814 0.6485296 0.7139973 0.6486465 0.7409207 0.612488 0.7590337 0.6773254 0.7443551 0.6763237 0.7440814 0.6485296 0.03722578 0.004350721 0.03711938 0.01763588 0.02676868 0.01536256 0.3559621 0.8847095 0.3415562 0.8881483 0.2976863 0.885835 0.4240683 0.8020326 0.4208795 0.8209674 0.324923 0.7849258 0.02676868 0.01536256 0.03711938 0.01763588 0.03688055 0.03662079 0.02676868 0.01536256 0.02626204 0.05528521 0.01740229 0.05485641 0.02626204 0.05528521 0.02676868 0.01536256 0.03688055 0.03662079 0.2022501 0.05821669 0.1925153 0.03921324 0.2027364 0.01829409 0.2027364 0.01829409 0.2107307 0.05807685 0.2022501 0.05821669 0.788179 0.696077 0.7299028 0.6949526 0.7737731 0.6926393 0.192815 0.01370412 0.2027364 0.01829409 0.1925153 0.03921324 0.2027364 0.01829409 0.192815 0.01370412 0.1928837 1.46162e-6 0.5563398 9.74412e-7 0.5413944 0.02883672 0.5416612 0.001002669 0.5413944 0.02883672 0.5382374 0.06490749 0.5113082 0.02870714 0.5113082 0.02870714 0.5271818 0.004110991 0.5413944 0.02883672 0.5413944 0.02883672 0.5271818 0.004110991 0.5416612 0.001002669 0.5015047 0.06474769 0.5113082 0.02870714 0.5382374 0.06490749 0.5382374 0.06490749 0.5227795 0.1045895 0.5015047 0.06474769 0.5271818 0.004110991 0.5113082 0.02870714 0.5127421 0.00951898 0.4849533 0.02862918 0.4979349 0.01790672 0.5113082 0.02870714 0.5113082 0.02870714 0.4979349 0.01790672 0.5127421 0.00951898 0.5113082 0.02870714 0.5015047 0.06474769 0.4849533 0.02862918 0.5015047 0.06474769 0.4861841 0.1044179 0.4699566 0.06463468 0.4699566 0.06463468 0.4849533 0.02862918 0.5015047 0.06474769 0.4849533 0.02862918 0.4699566 0.06463468 0.4697342 0.04646873 0.06034344 0.1868542 0.1113553 0.2399528 0.06489658 0.2391787 0.1702494 0.1879402 0.1762955 0.2410568 0.1641163 0.1885828 0.157756 0.2407255 0.1641163 0.1885828 0.1762955 0.2410568 0.470061 0.1043293 0.4844147 0.4181435 0.4696346 0.2873385 0.4861841 0.1044179 0.4844147 0.4181435 0.470061 0.1043293 0.4861841 0.1044179 0.4926682 0.4181854 0.4844147 0.4181435 0.5038959 0.1045047 0.4926682 0.4181854 0.4861841 0.1044179 0.4926682 0.4181854 0.5038959 0.1045047 0.5076813 0.4182566 0.5227795 0.1045895 0.5076813 0.4182566 0.5038959 0.1045047 0.5076813 0.4182566 0.5227795 0.1045895 0.5234293 0.4183257 0.5227795 0.1045895 0.5396491 0.41839 0.5234293 0.4183257 0.5423913 0.1046674 0.5396491 0.41839 0.5227795 0.1045895 0.4861841 0.1044179 0.5015047 0.06474769 0.5038959 0.1045047 0.5015047 0.06474769 0.5227795 0.1045895 0.5038959 0.1045047 0.1762955 0.2410568 0.1865534 0.1760981 0.1915696 0.2411314 0.1762955 0.2410568 0.1702494 0.1879402 0.1765923 0.1855757 0.8569186 0.7977871 0.757138 0.7958617 0.8562839 0.778752 0.4844147 0.4181435 0.464747 0.4180325 0.4696346 0.2873385 0.157756 0.2407255 0.1106679 0.2955275 0.1113553 0.2399528 0.156763 0.3005774 0.1106679 0.2955275 0.157756 0.2407255 0.2077507 0.2409365 0.201579 0.3716451 0.1996858 0.2410749 0.1996858 0.2410749 0.201579 0.3716451 0.1927638 0.3718034 0.1996858 0.2410749 0.1927638 0.3718034 0.1915696 0.2411314 0.1915696 0.2411314 0.1927638 0.3718034 0.1832697 0.3719155 0.1762955 0.2410568 0.1915696 0.2411314 0.1832697 0.3719155 0.1762955 0.2410568 0.1832697 0.3719155 0.1689596 0.3667326 0.1762955 0.2410568 0.156763 0.3005774 0.157756 0.2407255 0.1762955 0.2410568 0.1689596 0.3667326 0.156763 0.3005774 0.5227795 0.1045895 0.5382374 0.06490749 0.5423913 0.1046674 0.4861841 0.1044179 0.470061 0.1043293 0.4699566 0.06463468 0.2022501 0.05821669 0.1922107 0.05825322 0.1925153 0.03921324 0.02626204 0.05528521 0.03688055 0.03662079 0.03657597 0.05566084 0.6888703 0.5729581 0.6726467 0.6127102 0.6727491 0.5730283 0.7254628 0.57281 0.7450735 0.572736 0.7409207 0.612488 0.04633301 0.2388917 0.06421881 0.2990353 0.04986417 0.3647482 0.04633301 0.2388917 0.06489658 0.2391787 0.06421881 0.2990353 0.04633301 0.2388917 0.04986417 0.3647482 0.03499412 0.3694453 0.04633301 0.2388917 0.03499412 0.3694453 0.03083449 0.2384537 0.03083449 0.2384537 0.03499412 0.3694453 0.02513659 0.3690112 0.02247852 0.2381229 0.03083449 0.2384537 0.02513659 0.3690112 0.02247852 0.2381229 0.02513659 0.3690112 0.01591038 0.3685523 0.01404619 0.2377097 0.02247852 0.2381229 0.01591038 0.3685523 0.06421881 0.2990353 0.06489658 0.2391787 0.1106679 0.2955275 0.06489658 0.2391787 0.1113553 0.2399528 0.1106679 0.2955275 0.6870999 0.2592325 0.6723228 0.3900181 0.6674351 0.2593183 0.9438679 0.8172797 0.9487469 0.8172851 0.9463886 0.8279666 0.4247031 0.7829985 0.4240683 0.8020326 0.324923 0.7849258 0.04795932 0.1834325 0.05423551 0.1860079 0.04633301 0.2388917 0.04633301 0.2388917 0.03083449 0.2384537 0.03822165 0.173627 0.7041909 0.6126284 0.7065801 0.5728841 0.7254628 0.57281 0.6888703 0.5729581 0.7065801 0.5728841 0.7041909 0.6126284 0.7450735 0.572736 0.7254628 0.57281 0.7423304 0.2590104 0.7254628 0.57281 0.7261115 0.2590727 0.7423304 0.2590104 0.7103646 0.2591351 0.7261115 0.2590727 0.7254628 0.57281 0.7254628 0.57281 0.7065801 0.5728841 0.7103646 0.2591351 0.6953524 0.2591975 0.7103646 0.2591351 0.7065801 0.5728841 0.7065801 0.5728841 0.6888703 0.5729581 0.6953524 0.2591975 0.6888703 0.5729581 0.6870999 0.2592325 0.6953524 0.2591975 0.6888703 0.5729581 0.6727491 0.5730283 0.6870999 0.2592325 0.6727491 0.5730283 0.6723228 0.3900181 0.6870999 0.2592325 0.9487469 0.8172851 0.9438679 0.8172797 0.9488368 0.7222858 0.9180632 0.8170342 0.9120181 0.8171803 0.9181318 0.7220621 0.9120181 0.7222225 0.9181318 0.7220621 0.9120181 0.8171803 0.06489658 0.2391787 0.04633301 0.2388917 0.06034344 0.1868542 0.05423551 0.1860079 0.06034344 0.1868542 0.04633301 0.2388917 0.05274647 0.5697411 0.1568887 0.5505579 0.1565184 0.5714702 0.1565184 0.5714702 0.1563743 0.5879524 0.05274647 0.5697411 0.05260241 0.5862238 0.05274647 0.5697411 0.1563743 0.5879524 0.05260241 0.5862238 0.03318601 0.5892561 0.05274647 0.5697411 0.0330342 0.579648 0.0297023 0.5690878 0.05274647 0.5697411 0.0330342 0.579648 0.05274647 0.5697411 0.03318601 0.5892561 0.0330342 0.579648 0.03318601 0.5892561 0.020653 0.5953097 0.4900996 0.8341901 0.4762884 0.8390116 0.4799616 0.8229805 0.4900996 0.8341901 0.4892468 0.8492935 0.4804016 0.849352 0.0330342 0.579648 0.0183866 0.5836459 0.0297023 0.5690878 0.5002444 0.8492273 0.4892468 0.8492935 0.4900996 0.8341901 0.4799616 0.8229805 0.4884985 0.8161168 0.4900996 0.8341901 0.4900996 0.8341901 0.4884985 0.8161168 0.4979731 0.8085047 0.4900996 0.8341901 0.4979731 0.8085047 0.5057466 0.8208446 0.5106236 0.8346579 0.4900996 0.8341901 0.5057466 0.8208446 0.5106236 0.8346579 0.5123186 0.849161 0.5002444 0.8492273 0.4900996 0.8341901 0.5106236 0.8346579 0.5002444 0.8492273 0.0297023 0.5690878 0.05311679 0.5488293 0.05274647 0.5697411 0.03521168 0.5549749 0.05311679 0.5488293 0.0297023 0.5690878 0.02401304 0.5662254 0.03521168 0.5549749 0.0297023 0.5690878 0.4892468 0.8492935 0.4960543 0.8581295 0.4855426 0.8519089 0.4804016 0.849352 0.4892468 0.8492935 0.4855426 0.8519089 0.4892468 0.8492935 0.5002444 0.8492273 0.4960543 0.8581295 0.5123186 0.849161 0.5123988 0.8641163 0.5064911 0.8622805 0.5123186 0.849161 0.5064911 0.8622805 0.4960543 0.8581295 0.5002444 0.8492273 0.5123186 0.849161 0.4960543 0.8581295 0.7036311 0.104874 0.7387654 0.05505424 0.7286332 0.1146805 0.7537553 0.1145908 0.7286332 0.1146805 0.7387654 0.05505424 0.7387654 0.05505424 0.7563534 0.05721354 0.7537553 0.1145908 0.7537553 0.1145908 0.7563534 0.05721354 0.7740661 0.05551809 0.7789025 0.1145012 0.7537553 0.1145908 0.7740661 0.05551809 0.7740661 0.05551809 0.7902395 0.05031079 0.7789025 0.1145012 0.7789025 0.1145012 0.7902395 0.05031079 0.8040875 0.04232454 0.02401304 0.5662254 0.01540082 0.566089 0.01765757 0.5358973 0.01765757 0.5358973 0.0322017 0.5078913 0.02401304 0.5662254 0.03521168 0.5549749 0.02401304 0.5662254 0.0322017 0.5078913 0.04627597 0.4920405 0.05311679 0.5488293 0.03521168 0.5549749 0.0322017 0.5078913 0.04627597 0.4920405 0.03521168 0.5549749 0.04627597 0.4920405 0.06150859 0.4799529 0.05311679 0.5488293 0.6284698 0.8725416 0.6276953 0.8595502 0.6352884 0.8619049 0.6352884 0.8619049 0.6276953 0.8595502 0.6264103 0.8538523 0.6387238 0.8513724 0.6352884 0.8619049 0.6264103 0.8538523 0.6264103 0.8342443 0.6398977 0.8402598 0.6387238 0.8513724 0.6264103 0.8538523 0.6264103 0.8342443 0.6387238 0.8513724 0.3958638 0.6451976 0.3903505 0.6451786 0.3906125 0.5079638 0.4012736 0.5080121 0.4013761 0.6452166 0.3958638 0.6451976 0.3906125 0.5079638 0.4012736 0.5080121 0.3958638 0.6451976 0.4118225 0.6453277 0.4013761 0.6452166 0.4012736 0.5080121 0.4012736 0.5080121 0.4115083 0.5081173 0.4118225 0.6453277 0.4223695 0.6455479 0.4118225 0.6453277 0.4115083 0.5081173 0.4115083 0.5081173 0.4208418 0.5083006 0.4223695 0.6455479 0.9421898 0.8779724 0.9459496 0.8621948 0.9459496 0.999466 0.4208418 0.5083006 0.4288855 0.5084511 0.4257624 0.6298419 0.00819832 0.5346934 0.01540082 0.566089 0.005562543 0.5688042 0.7111642 0.05702257 0.7190329 0.05466055 0.6894466 0.09514158 0.7190329 0.05466055 0.7284727 0.05399411 0.6959481 0.09955757 0.7284727 0.05399411 0.7387654 0.05505424 0.7036311 0.104874 0.01138138 0.5236329 0.01765757 0.5358973 0.00819832 0.5346934 0.00819832 0.5346934 0 0.5314779 0.01138138 0.5236329 0.003988444 0.5182405 0.01138138 0.5236329 0 0.5314779 0.6894466 0.09514158 0.6959481 0.09955757 0.6793985 0.1088574 0.6843355 0.1148052 0.6793985 0.1088574 0.6959481 0.09955757 0.6959481 0.09955757 0.7036311 0.104874 0.6843355 0.1148052 0.0322017 0.5078913 0.01765757 0.5358973 0.01138138 0.5236329 0.01138138 0.5236329 0.02471113 0.5026621 0.0322017 0.5078913 0.01138138 0.5236329 0.003988444 0.5182405 0.01695847 0.4976209 0.02471113 0.5026621 0.01138138 0.5236329 0.01695847 0.4976209 0.5602253 0.864966 0.544313 0.8675501 0.5282034 0.8672578 0.5282034 0.8672578 0.5123988 0.8641163 0.5602253 0.864966 0.5754433 0.8595755 0.5602253 0.864966 0.5123988 0.8641163 0.5123186 0.849161 0.5894828 0.8515776 0.5754433 0.8595755 0.5123988 0.8641163 0.5123186 0.849161 0.5754433 0.8595755 0.4979731 0.8085047 0.4908016 0.7965038 0.5378574 0.7761191 0.4908016 0.7965038 0.487096 0.7829829 0.5378574 0.7761191 0.5894828 0.8515776 0.5123186 0.849161 0.5106236 0.8346579 0.5894828 0.8515776 0.5106236 0.8346579 0.5057466 0.8208446 0.5894828 0.8515776 0.5057466 0.8208446 0.4979731 0.8085047 0.5894828 0.8515776 0.4979731 0.8085047 0.5378574 0.7761191 0.5890743 0.7758385 0.5894828 0.8515776 0.5378574 0.7761191 0.9118779 0.3817015 0.911816 0.3938188 0.8913061 0.3803057 0.9118779 0.3817015 0.8913061 0.3803057 0.8817878 0.374218 0.9120519 0.3707764 0.9118779 0.3817015 0.8817878 0.374218 0.9120519 0.3707764 0.8817878 0.374218 0.8696087 0.368525 0.9223839 0.9165787 0.91781 0.8739462 0.9223838 0.8627599 0.9123265 0.362111 0.9120519 0.3707764 0.8595027 0.3625085 0.6125386 0.8289634 0.6019539 0.8416542 0.6117312 0.7757216 0.6010411 0.7757761 0.6117312 0.7757216 0.6019539 0.8416542 0.6019539 0.8416542 0.5894828 0.8515776 0.6010411 0.7757761 0.5890743 0.7758385 0.6010411 0.7757761 0.5894828 0.8515776 0.2052455 0.7172822 0.1971197 0.7355212 0.1908696 0.7238906 0.1821559 0.7407149 0.1908696 0.7238906 0.1971197 0.7355212 0.1971197 0.7355212 0.1879495 0.7520804 0.1821559 0.7407149 0.1748616 0.7601407 0.1821559 0.7407149 0.1879495 0.7520804 0.1879495 0.7520804 0.1829952 0.770372 0.1748616 0.7601407 0.1722819 0.7807417 0.1748616 0.7601407 0.1829952 0.770372 0.1829952 0.770372 0.1825388 0.7893244 0.1722819 0.7807417 0.914327 0.6085995 0.9157909 0.6292217 0.9052585 0.6196935 0.1825388 0.7893244 0.1866191 0.8078362 0.1745367 0.8013856 0.9128699 0.5880718 0.914327 0.6085995 0.9039154 0.6007724 0.1866191 0.8078362 0.1949925 0.8248144 0.1815254 0.8209226 0.9114989 0.5687714 0.9128699 0.5880718 0.9026139 0.5824549 0.2765257 0.9034631 0.2765257 0.9250453 0.2667986 0.9129499 0.2667986 0.9129499 0.2765257 0.9250453 0.2721514 0.9316557 0.9174337 0.5472249 0.9114989 0.5687714 0.9082694 0.5543098 0.1971197 0.7355212 0.1900535 0.7576677 0.1879495 0.7520804 0.1829952 0.770372 0.1879495 0.7520804 0.1900535 0.7576677 0.1900535 0.7576677 0.1874004 0.7735545 0.1829952 0.770372 0.1825388 0.7893244 0.1829952 0.770372 0.1874004 0.7735545 0.1874004 0.7735545 0.1881352 0.7906749 0.1825388 0.7893244 0.1866191 0.8078362 0.1825388 0.7893244 0.1881352 0.7906749 0.1881352 0.7906749 0.1926642 0.8080233 0.1866191 0.8078362 0.1949925 0.8248144 0.1866191 0.8078362 0.1926642 0.8080233 0.1926642 0.8080233 0.2007359 0.8239043 0.1949925 0.8248144 0.1949925 0.8248144 0.2007359 0.8239043 0.2052455 0.8331807 0.2939502 0.9231801 0.2903959 0.9131999 0.2939502 0.9034638 0.8913737 0.8781557 0.9039376 0.8627599 0.9027503 0.8761211 0.9027503 0.8761211 0.9028896 0.8878433 0.8913737 0.8781557 0.88932 0.8908581 0.8913737 0.8781557 0.9028896 0.8878433 0.8707903 0.9183326 0.8813392 0.9049364 0.8820334 0.924717 0.8813392 0.9049364 0.8707903 0.9183326 0.8755301 0.9030265 0.8813392 0.9049364 0.8755301 0.9030265 0.8764969 0.8878998 0.88932 0.8908581 0.8813392 0.9049364 0.8764969 0.8878998 0.8764969 0.8878998 0.8913737 0.8781557 0.88932 0.8908581 0.8942222 0.8642644 0.9039376 0.8627599 0.8913737 0.8781557 0.9171813 0.6487969 0.9229373 0.6503544 0.9260111 0.6641049 0.91842 0.6662421 0.9171813 0.6487969 0.9260111 0.6641049 0.9218631 0.6352295 0.9229373 0.6503544 0.9171813 0.6487969 0.9171813 0.6487969 0.9157909 0.6292217 0.9218631 0.6352295 0.9207328 0.619309 0.9218631 0.6352295 0.9157909 0.6292217 0.9157909 0.6292217 0.914327 0.6085995 0.9207328 0.619309 0.9195821 0.6031031 0.9207328 0.619309 0.914327 0.6085995 0.9128699 0.5880718 0.918447 0.5871165 0.9195821 0.6031031 0.914327 0.6085995 0.9128699 0.5880718 0.9195821 0.6031031 0.9173622 0.5718458 0.918447 0.5871165 0.9128699 0.5880718 0.9128699 0.5880718 0.9114989 0.5687714 0.9173622 0.5718458 0.9174115 0.5662131 0.9173622 0.5718458 0.9114989 0.5687714 0.9174337 0.5472249 0.9198084 0.5562919 0.9174115 0.5662131 0.9114989 0.5687714 0.9174337 0.5472249 0.9174115 0.5662131 0.88932 0.8908581 0.9028896 0.8878433 0.9017795 0.9012628 0.9017795 0.9012628 0.8813392 0.9049364 0.88932 0.8908581 0.8820334 0.924717 0.8813392 0.9049364 0.8869705 0.9275603 0.8813392 0.9049364 0.9023326 0.9125563 0.9039376 0.9371446 0.8869705 0.9275603 0.8813392 0.9049364 0.9039376 0.9371446 0.8813392 0.9049364 0.9017795 0.9012628 0.9023326 0.9125563 0.9260111 0.5464295 0.9198084 0.5562919 0.9174337 0.5472249 0.05254149 0.607882 0.05260241 0.5862238 0.1563134 0.6096106 0.1563743 0.5879524 0.1563134 0.6096106 0.05260241 0.5862238 0.4684913 0.7903728 0.469726 0.7567556 0.487096 0.7829829 0.03277605 0.6262862 0.05228525 0.6319149 0.05185401 0.656568 0.03203636 0.6665843 0.03277605 0.6262862 0.05185401 0.656568 0.03277605 0.6262862 0.03203636 0.6665843 0.01813811 0.6283305 0.05254149 0.607882 0.05228525 0.6319149 0.03277605 0.6262862 0.487096 0.7829829 0.4908016 0.7965038 0.4684913 0.7903728 0.4684913 0.7903728 0.4908016 0.7965038 0.4979731 0.8085047 0.4684913 0.7903728 0.4979731 0.8085047 0.4884985 0.8161168 0.4799616 0.8229805 0.4684913 0.7903728 0.4884985 0.8161168 0.4684913 0.7903728 0.4799616 0.8229805 0.4541265 0.7932649 0.03277605 0.6262862 0.03318601 0.5892561 0.05254149 0.607882 0.03277605 0.6262862 0.020653 0.5953097 0.03318601 0.5892561 0.05260241 0.5862238 0.05254149 0.607882 0.03318601 0.5892561 0.7789025 0.1145012 0.8040875 0.04232454 0.804189 0.1144154 0.8040875 0.04232454 0.8220893 0.02801626 0.804189 0.1144154 0.804189 0.1144154 0.8220893 0.02801626 0.831533 0.1189796 0.831533 0.1189796 0.8220893 0.02801626 0.8359305 0.01406657 0.8444634 0.1215091 0.831533 0.1189796 0.8359305 0.01406657 0.8444634 0.1215091 0.8359305 0.01406657 0.8456334 0 0.3903505 0.6451786 0.3324475 0.6451786 0.3906125 0.5079638 0.01765757 0.5358973 0.01540082 0.566089 0.00819832 0.5346934 0.00819832 0.5346934 0.005562543 0.5688042 0 0.5314779 0.6894466 0.09514158 0.7190329 0.05466055 0.6959481 0.09955757 0.7036311 0.104874 0.6959481 0.09955757 0.7284727 0.05399411 0.5009468 0.572506 0.5257875 0.6233791 0.4932638 0.5778195 0.4867604 0.5822257 0.4932638 0.5778195 0.5163467 0.6227067 0.2026368 0.5379324 0.2107307 0.5349882 0.202778 0.5720894 0.1932153 0.5388221 0.2026368 0.5379324 0.1950079 0.5692237 0.2745928 0.6451786 0.2743201 0.5079638 0.3324475 0.6451786 0.6417744 0.5558397 0.6429443 0.6773415 0.6332424 0.6632861 0.6417744 0.5558397 0.6332424 0.6632861 0.6288469 0.5583853 0.6288469 0.5583853 0.6332424 0.6632861 0.6194022 0.6493462 0.6015048 0.5629641 0.6288469 0.5583853 0.6194022 0.6493462 0.6014013 0.6350437 0.6015048 0.5629641 0.6194022 0.6493462 0.5762183 0.5628798 0.6015048 0.5629641 0.6014013 0.6350437 0.1563743 0.5879524 0.1754562 0.5916264 0.1563134 0.6096106 0.1754456 0.6286628 0.1754562 0.5916264 0.1873626 0.5980867 0.1754456 0.6286628 0.1563134 0.6096106 0.1754562 0.5916264 0.01436817 0.7944576 4.83452e-7 0.791546 0.02583706 0.761846 0.02583706 0.761846 0.03439998 0.7687136 0.01436817 0.7944576 0.01436817 0.7944576 0.03439998 0.7687136 0.04385095 0.7763296 0.01436817 0.7944576 0.04385095 0.7763296 0.03667944 0.7883304 0.03297382 0.8018514 0.01436817 0.7944576 0.03667944 0.7883304 0.1563134 0.6096106 0.1754456 0.6286628 0.1560582 0.6336435 4.83452e-7 0.791546 0.01436817 0.7944576 0.001485645 0.8319451 0.1747059 0.6689608 0.1556259 0.6582967 0.1754456 0.6286628 0.1754456 0.6286628 0.1556259 0.6582967 0.1560582 0.6336435 0.01436817 0.7944576 0.03297382 0.8018514 0.01560384 0.8280709 0.01560384 0.8280709 0.03297382 0.8018514 0.03301346 0.815879 0.01560384 0.8280709 0.001485645 0.8319451 0.01436817 0.7944576 0.03679597 0.8293766 0.01560384 0.8280709 0.03301346 0.815879 0.1329917 0.8228597 0.1461827 0.8417282 0.1273982 0.8356947 0.9120519 0.5215043 0.9118779 0.5105651 0.9512425 0.5180685 0.9512425 0.5180685 0.9118779 0.5105651 0.911816 0.4984434 0.9512425 0.5180685 0.911816 0.4984434 0.9361665 0.4984468 0.1461827 0.8417282 0.1329917 0.8228597 0.1469185 0.8090503 0.1469185 0.8090503 0.1576071 0.8090893 0.1461827 0.8417282 0.9451123 0.5324494 0.9123265 0.5301912 0.9120519 0.5215043 0.1349517 0.808988 0.1469185 0.8090503 0.1329917 0.8228597 0.1956819 0.9669713 0.1854549 0.965651 0.1894792 0.9571093 0.4647701 0.9141426 0.4855373 0.9062226 0.4850326 0.9176076 0.4652284 0.8942958 0.4868658 0.881531 0.4647701 0.9141426 0.4647701 0.9141426 0.4868658 0.881531 0.4855373 0.9062226 0.4850326 0.9176076 0.4727587 0.928217 0.4647701 0.9141426 0.4727587 0.928217 0.4850326 0.9176076 0.4861774 0.9311169 0.1811696 0.94463 0.1870822 0.9471879 0.1854549 0.965651 0.1854549 0.965651 0.1870822 0.9471879 0.1894792 0.9571093 0.1825397 0.9253289 0.1870329 0.9415557 0.1811696 0.94463 0.1811696 0.94463 0.1870329 0.9415557 0.1870822 0.9471879 0.1870329 0.9415557 0.1825397 0.9253289 0.1881178 0.9262847 0.1839978 0.9048019 0.1892529 0.9102976 0.1825397 0.9253289 0.1825397 0.9253289 0.1892529 0.9102976 0.1881178 0.9262847 0.1892529 0.9102976 0.1839978 0.9048019 0.1904035 0.8940922 0.1854617 0.8841794 0.1904035 0.8940922 0.1839978 0.9048019 0.1904035 0.8940922 0.1854617 0.8841794 0.1915339 0.8781712 0.1868521 0.8646045 0.1915339 0.8781712 0.1854617 0.8841794 0.1915339 0.8781712 0.1868521 0.8646045 0.1926081 0.8630464 0.1880907 0.8471586 0.1956819 0.8492965 0.1868521 0.8646045 0.1868521 0.8646045 0.1956819 0.8492965 0.1926081 0.8630464 0.4868658 0.9566348 0.4771678 0.9552706 0.4859434 0.9430086 0.4771678 0.9552706 0.4746558 0.9410948 0.4859434 0.9430086 0.4597055 0.9315534 0.4727587 0.928217 0.4746558 0.9410948 0.4727587 0.928217 0.4597055 0.9315534 0.4647701 0.9141426 0.4647701 0.9141426 0.4597055 0.9315534 0.4589378 0.9161811 0.4647701 0.9141426 0.4589378 0.9161811 0.4541265 0.9008516 0.4541265 0.9008516 0.4652284 0.8942958 0.4647701 0.9141426 0.4727587 0.928217 0.4861774 0.9311169 0.4746558 0.9410948 0.4859434 0.9430086 0.4746558 0.9410948 0.4861774 0.9311169 0.8777114 0.5728704 0.8887418 0.5543707 0.8870826 0.5635102 0.8777114 0.5728704 0.8870826 0.5635102 0.8835244 0.5731959 0.877081 0.589815 0.8777114 0.5728704 0.8835244 0.5731959 0.8777114 0.5728704 0.877081 0.589815 0.8710784 0.5906111 0.874304 0.6075347 0.8710784 0.5906111 0.877081 0.589815 0.8710784 0.5906111 0.874304 0.6075347 0.8688662 0.609443 0.8752825 0.6246424 0.8688662 0.609443 0.874304 0.6075347 0.8688662 0.609443 0.8752825 0.6246424 0.8712099 0.6282541 0.8795021 0.6401799 0.8712099 0.6282541 0.8752825 0.6246424 0.8712099 0.6282541 0.8795021 0.6401799 0.8779667 0.6459509 0.8887418 0.6614966 0.8779667 0.6459509 0.8795021 0.6401799 0.1854549 0.965651 0.1779401 0.9590913 0.1811696 0.94463 0.8742112 0.5596842 0.8883589 0.5464293 0.8887418 0.5543707 0.8777114 0.5728704 0.8742112 0.5596842 0.8887418 0.5543707 0.1811696 0.94463 0.1722847 0.9309464 0.1825397 0.9253289 0.8710784 0.5906111 0.8646891 0.5781006 0.8777114 0.5728704 0.1825397 0.9253289 0.1735862 0.9126284 0.1839978 0.9048019 0.8688662 0.609443 0.8596883 0.5982475 0.8710784 0.5906111 0.1839978 0.9048019 0.1749292 0.8937072 0.1854617 0.8841794 0.8712099 0.6282541 0.8595027 0.6190152 0.8688662 0.609443 0.8595027 0.6190152 0.8712099 0.6282541 0.8641244 0.6392518 0.8779667 0.6459509 0.8641244 0.6392518 0.8712099 0.6282541 0.8641244 0.6392518 0.8779667 0.6459509 0.8733217 0.6578401 0.8887418 0.6614966 0.8733217 0.6578401 0.8779667 0.6459509 0.4771678 0.9552706 0.460713 0.946458 0.4746558 0.9410948 0.4597055 0.9315534 0.4746558 0.9410948 0.460713 0.946458 0.1349517 0.808988 0.1353582 0.7332489 0.1469185 0.8090503 0.1469185 0.8090503 0.1353582 0.7332489 0.1478294 0.7431684 0.1469185 0.8090503 0.1478294 0.7431684 0.1576071 0.8090893 0.1576071 0.8090893 0.1478294 0.7431684 0.1584131 0.7558513 0.9123265 0.5301912 0.8595027 0.5297966 0.9120519 0.5215043 0.9444572 0.5464268 0.9444572 0.6002339 0.9398834 0.5890593 0.9120519 0.5215043 0.8696087 0.523763 0.8817878 0.5180597 0.9120519 0.5215043 0.8817878 0.5180597 0.9118779 0.5105651 0.9118779 0.5105651 0.8817878 0.5180597 0.8913061 0.5119639 0.9118779 0.5105651 0.8913061 0.5119639 0.911816 0.4984434 0.03301346 0.815879 0.08373576 0.8087151 0.03679597 0.8293766 0.1329917 0.8228597 0.08373576 0.8087151 0.1349517 0.808988 0.03297382 0.8018514 0.08373576 0.8087151 0.03301346 0.815879 0.1349517 0.808988 0.08373576 0.8087151 0.1353582 0.7332489 0.05827474 0.720718 0.1213188 0.7252548 0.05819451 0.7356732 0.05819451 0.7356732 0.1213188 0.7252548 0.1353582 0.7332489 0.1213188 0.7252548 0.05827474 0.720718 0.1061007 0.7198644 0.07407927 0.7175725 0.1061007 0.7198644 0.05827474 0.720718 0.1061007 0.7198644 0.07407927 0.7175725 0.09018838 0.7172802 0.1884021 0.505389 0.1677132 0.4940634 0.1722248 0.4857609 0.1722248 0.4857609 0.1805566 0.4809492 0.1884021 0.505389 0.1961982 0.5006065 0.1884021 0.505389 0.1805566 0.4809492 0.1677132 0.4940634 0.1884021 0.505389 0.1806562 0.5103644 0.1884021 0.505389 0.1961982 0.5006065 0.2002418 0.5267788 0.2002418 0.5267788 0.1961982 0.5006065 0.2077044 0.5216344 0.2002418 0.5267788 0.1806562 0.5103644 0.1884021 0.505389 0.4816504 0.5625655 0.4767124 0.568508 0.463694 0.5420839 0.1992236 0.4956195 0.2077044 0.5216344 0.1961982 0.5006065 0.1806562 0.5103644 0.2002418 0.5267788 0.1932153 0.5388221 0.4932638 0.5778195 0.4816504 0.5625655 0.5009468 0.572506 0.4816504 0.5625655 0.4932638 0.5778195 0.4867604 0.5822257 0.4816504 0.5625655 0.4867604 0.5822257 0.4767124 0.568508 0.2002418 0.5267788 0.2077044 0.5216344 0.2107307 0.5349882 0.2026368 0.5379324 0.2002418 0.5267788 0.2107307 0.5349882 0.2002418 0.5267788 0.2026368 0.5379324 0.1932153 0.5388221 0.5257875 0.6233791 0.5009468 0.572506 0.5360803 0.6223219 0.5163467 0.6227067 0.4932638 0.5778195 0.5257875 0.6233791 0.5084761 0.6203365 0.4867604 0.5822257 0.5163467 0.6227067 0.2026368 0.5379324 0.202778 0.5720894 0.1950079 0.5692237 0.2440667 0.5083006 0.2391422 0.6298419 0.2360047 0.5084511 0.9698858 0.9842262 0.9736446 0.8627249 0.9736446 1 0.2534137 0.5081169 0.2425457 0.6455479 0.2440667 0.5083006 0.2425457 0.6455479 0.2534137 0.5081169 0.2531092 0.6453272 0.2636561 0.5080121 0.2531092 0.6453272 0.2534137 0.5081169 0.2531092 0.6453272 0.2636561 0.5080121 0.2635643 0.6452166 0.2743201 0.5079638 0.2690776 0.6451976 0.2636561 0.5080121 0.2636561 0.5080121 0.2690776 0.6451976 0.2635643 0.6452166 0.2743201 0.5079638 0.2745928 0.6451786 0.2690776 0.6451976 0.4816504 0.5625655 0.497727 0.4903669 0.5009468 0.572506 0.6276953 0.7043123 0.6387238 0.7124905 0.6264103 0.7296187 0.6387238 0.7124905 0.6398977 0.7236032 0.6264103 0.7296187 0.6387238 0.7124905 0.6276953 0.7043123 0.6352884 0.7019581 0.6284698 0.6913214 0.6352884 0.7019581 0.6276953 0.7043123 0.1677132 0.4940634 0.1568887 0.5505579 0.1533479 0.4814828 0.1806562 0.5103644 0.1743404 0.557293 0.1677132 0.4940634 0.1677132 0.4940634 0.1743404 0.557293 0.1568887 0.5505579 0.1743404 0.557293 0.1806562 0.5103644 0.1847355 0.5689031 0.1932153 0.5388221 0.1847355 0.5689031 0.1806562 0.5103644 0.1847355 0.5689031 0.1932153 0.5388221 0.1950079 0.5692237 0.5762183 0.5628798 0.6014013 0.6350437 0.5875533 0.6270619 0.5713809 0.6218566 0.5762183 0.5628798 0.5875533 0.6270619 0.5762183 0.5628798 0.5713809 0.6218566 0.5510721 0.5627925 0.5510721 0.5627925 0.5713809 0.6218566 0.5536682 0.6201611 0.5360803 0.6223219 0.5510721 0.5627925 0.5536682 0.6201611 0.5510721 0.5627925 0.5360803 0.6223219 0.525949 0.5627034 0.5009468 0.572506 0.525949 0.5627034 0.5360803 0.6223219 0.05827474 0.720718 0.05819451 0.7356732 0.05236697 0.7225537 0.04612028 0.735603 0.04192972 0.7267009 0.05819451 0.7356732 0.05819451 0.7356732 0.04192972 0.7267009 0.05236697 0.7225537 0.03512179 0.735529 0.04192972 0.7267009 0.04612028 0.735603 0.02627462 0.7354589 0.03141707 0.7329137 0.03512179 0.735529 0.03512179 0.735529 0.03141707 0.7329137 0.04192972 0.7267009 0.1847355 0.5689031 0.179199 0.5715783 0.1743404 0.557293 0.1743404 0.557293 0.179199 0.5715783 0.1568887 0.5505579 0.1565184 0.5714702 0.1568887 0.5505579 0.179199 0.5715783 0.03597503 0.7506363 0.04612028 0.735603 0.05406004 0.7570869 0.05406004 0.7570869 0.04612028 0.735603 0.05819451 0.7356732 0.05406004 0.7570869 0.0516234 0.7639896 0.03597503 0.7506363 0.03597503 0.7506363 0.0516234 0.7639896 0.04385095 0.7763296 0.03597503 0.7506363 0.04385095 0.7763296 0.03439998 0.7687136 0.02583706 0.761846 0.03597503 0.7506363 0.03439998 0.7687136 0.04612028 0.735603 0.03597503 0.7506363 0.03512179 0.735529 0.02216094 0.7457915 0.02627462 0.7354589 0.03597503 0.7506363 0.03597503 0.7506363 0.02627462 0.7354589 0.03512179 0.735529 0.03597503 0.7506363 0.02583706 0.761846 0.02216094 0.7457915 0.1757028 0.5820245 0.1873626 0.5980867 0.1754562 0.5916264 0.1757028 0.5820245 0.1754562 0.5916264 0.1565184 0.5714702 0.1757028 0.5820245 0.1565184 0.5714702 0.179199 0.5715783 0.1563743 0.5879524 0.1565184 0.5714702 0.1754562 0.5916264 0.757138 0.7958617 0.8569186 0.7977871 0.854936 0.9023444 0.757138 0.7958617 0.854936 0.9023444 0.7030026 0.9000029 0.757138 0.7958617 0.7030026 0.9000029 0.6982048 0.8913989 0.757138 0.7958617 0.6982048 0.8913989 0.692444 0.8809327 0.757138 0.7958617 0.692444 0.8809327 0.6783804 0.8678746 0.757138 0.7958617 0.6783804 0.8678746 0.6659209 0.8530236 0.6659209 0.8530236 0.6615234 0.8364118 0.757138 0.7958617 0.4227224 0.6784402 0.4247031 0.7829985 0.324923 0.7849258 0.4227224 0.6784402 0.324923 0.7849258 0.27079 0.6807866 0.324923 0.7849258 0.2659922 0.6893906 0.27079 0.6807866 0.324923 0.7849258 0.2602314 0.6998577 0.2659922 0.6893906 0.324923 0.7849258 0.2461668 0.7129158 0.2602314 0.6998577 0.324923 0.7849258 0.2337083 0.7277668 0.2461668 0.7129158 0.2337083 0.7277668 0.324923 0.7849258 0.2293098 0.7443786 0.2246029 0.7583361 0.2293098 0.7443786 0.324923 0.7849258 0.6615234 0.8364118 0.6568165 0.8224543 0.757138 0.7958617 0.5815194 0.7491318 0.5871134 0.7619668 0.5378574 0.7761191 0.5726998 0.7382807 0.5815194 0.7491318 0.5378574 0.7761191 0.561313 0.7302087 0.5726998 0.7382807 0.5378574 0.7761191 0.5481941 0.725551 0.561313 0.7302087 0.5378574 0.7761191 0.5343127 0.7246039 0.5481941 0.725551 0.5378574 0.7761191 0.5343127 0.7246039 0.5378574 0.7761191 0.520693 0.7274648 0.520693 0.7274648 0.5378574 0.7761191 0.5083388 0.7339232 0.5083388 0.7339232 0.5378574 0.7761191 0.4981636 0.7434841 0.08373576 0.8087151 0.04404288 0.8413501 0.03679597 0.8293766 0.08373576 0.8087151 0.05421859 0.8509111 0.04404288 0.8413501 0.08373576 0.8087151 0.06657224 0.8573695 0.05421859 0.8509111 0.08373576 0.8087151 0.0801925 0.8602265 0.06657224 0.8573695 0.08373576 0.8087151 0.09407389 0.8592793 0.0801925 0.8602265 0.08373576 0.8087151 0.1071923 0.8546177 0.09407389 0.8592793 0.08373576 0.8087151 0.1185786 0.8465496 0.1071923 0.8546177 0.08373576 0.8087151 0.1273982 0.8356947 0.1185786 0.8465496 0.08373576 0.8087151 0.1329917 0.8228597 0.1273982 0.8356947 0.08373576 0.8087151 0.03297382 0.8018514 0.03667944 0.7883304 0.08373576 0.8087151 0.03667944 0.7883304 0.04385095 0.7763296 0.08373576 0.8087151 0.04385095 0.7763296 0.0516234 0.7639896 0.08373576 0.8087151 0.0516234 0.7639896 0.05406004 0.7570869 0.08373576 0.8087151 0.05406004 0.7570869 0.05819451 0.7356732 0.08373576 0.8087151 0.05819451 0.7356732 0.1353582 0.7332489 0.8834645 0.6955411 0.8916744 0.7134503 0.8780807 0.6996867 0.8741406 0.7050801 0.8780807 0.6996867 0.8916744 0.7134503 0.8741406 0.7050801 0.8916744 0.7134503 0.8721594 0.7091551 0.8711055 0.7134834 0.8721594 0.7091551 0.8916744 0.7134503 0.8711055 0.7134834 0.8916744 0.7134503 0.8707913 0.7179487 0.8780807 0.8412278 0.8918166 0.8264918 0.8834645 0.8453048 0.8740594 0.8357561 0.8918166 0.8264918 0.8780807 0.8412278 0.8740594 0.8357561 0.8722039 0.831568 0.8918166 0.8264918 0.8722039 0.831568 0.8711055 0.8271111 0.8918166 0.8264918 0.8707903 0.8225411 0.8918166 0.8264918 0.8711055 0.8271111 0.8707903 0.8225411 0.8916744 0.7134503 0.8918166 0.8264918 0.8707903 0.8225411 0.8707913 0.7179487 0.8916744 0.7134503 0.05311679 0.5488293 0.1079722 0.4658644 0.1568887 0.5505579 0.05311679 0.5488293 0.09280335 0.4671399 0.1079722 0.4658644 0.05311679 0.5488293 0.07724589 0.4717075 0.09280335 0.4671399 0.05311679 0.5488293 0.06150859 0.4799529 0.07724589 0.4717075 0.1568887 0.5505579 0.1079722 0.4658644 0.122991 0.4676427 0.1568887 0.5505579 0.122991 0.4676427 0.1382082 0.4727233 0.1568887 0.5505579 0.1382082 0.4727233 0.1533479 0.4814828 0.8048484 0.6483269 0.830218 0.6481944 0.8173118 0.6590104 0.5981768 0.9071298 0.577019 0.9071298 0.5856533 0.8940498 0.6398977 0.9121156 0.6187437 0.9121156 0.6312593 0.899038 0.614618 0.01831305 0.6275252 0.0291261 0.6021584 0.02902382 0.7450735 0.572736 0.7750756 0.5726307 0.7409207 0.612488 0.5423913 0.1046674 0.5764726 0.065041 0.5723932 0.1047726 0.2543343 0.1771023 0.2407754 0.1578357 0.2591707 0.1654926 0.2468253 0.3710551 0.2407754 0.1578357 0.2543343 0.1771023 0.9463886 0.8279666 0.9487469 0.8172851 0.95336 0.8271111 0.9181318 0.7220621 0.9120181 0.7222225 0.914972 0.7123624</float_array>
          <technique_common>
            <accessor source="#proximal_001-mesh-map-0-array" count="3276" stride="2">
              <param name="S" type="float"/>
              <param name="T" type="float"/>
            </accessor>
          </technique_common>
        </source>
        <vertices id="proximal_001-mesh-vertices">
          <input semantic="POSITION" source="#proximal_001-mesh-positions"/>
        </vertices>
        <triangles material="black_spec_003-material" count="1092">
          <input semantic="VERTEX" source="#proximal_001-mesh-vertices" offset="0"/>
          <input semantic="NORMAL" source="#proximal_001-mesh-normals" offset="1"/>
          <input semantic="TEXCOORD" source="#proximal_001-mesh-map-0" offset="2" set="0"/>
          <p>4 0 0 5 0 1 6 0 2 3 1 3 0 1 4 8 1 5 13 2 6 21 2 7 14 2 8 12 3 9 13 3 10 14 3 11 20 4 12 21 4 13 13 4 14 12 5 15 15 5 16 13 5 17 19 6 18 18 6 19 16 6 20 20 7 21 18 7 22 21 7 23 19 8 24 17 8 25 18 8 26 18 9 27 17 9 28 21 9 29 30 10 30 31 10 31 32 10 32 33 11 33 30 11 34 32 11 35 44 12 36 45 12 37 1 12 38 2 13 39 1 13 40 45 13 41 45 14 42 46 14 43 2 14 44 2 15 45 46 15 46 47 15 47 48 16 48 2 16 49 47 16 50 47 17 51 49 17 52 48 17 53 50 18 54 48 18 55 49 18 56 50 19 57 49 19 58 51 19 59 52 20 60 50 20 61 51 20 62 52 21 63 51 21 64 53 21 65 3 22 66 52 22 67 53 22 68 60 23 69 63 23 70 62 23 71 64 24 72 63 24 73 60 24 74 59 25 75 64 25 76 60 25 77 65 26 78 62 26 79 63 26 80 66 27 81 67 27 82 65 27 83 63 28 84 66 28 85 65 28 86 66 29 87 63 29 88 64 29 89 64 30 90 48 30 91 50 30 92 68 31 93 64 31 94 50 31 95 64 32 96 68 32 97 66 32 98 69 33 99 67 33 100 66 33 101 50 34 102 52 34 103 68 34 104 70 35 105 66 35 106 68 35 107 68 36 108 52 36 109 3 36 110 68 37 111 3 37 112 72 37 113 68 38 114 72 38 115 70 38 116 73 39 117 70 39 118 72 39 119 74 40 120 75 40 121 43 40 122 42 41 123 74 41 124 43 41 125 4 42 126 75 42 127 74 42 128 74 43 129 76 43 130 4 43 131 4 44 132 6 44 133 77 44 134 77 45 135 78 45 136 35 45 137 78 46 138 79 46 139 35 46 140 81 47 141 30 47 142 33 47 143 33 48 144 41 48 145 81 48 146 82 49 147 81 49 148 41 49 149 41 50 150 40 50 151 82 50 152 83 51 153 8 51 154 84 51 155 38 52 156 0 52 157 3 52 158 83 53 159 3 53 160 8 53 161 82 54 162 40 54 163 39 54 164 82 55 165 39 55 166 38 55 167 9 56 168 3 56 169 83 56 170 72 57 171 3 57 172 9 57 173 9 58 174 85 58 175 72 58 176 85 59 177 86 59 178 72 59 179 73 60 180 72 60 181 86 60 182 61 61 183 62 61 184 65 61 185 65 61 186 67 61 187 61 61 188 67 61 189 69 61 190 58 61 191 56 61 192 58 61 193 69 61 194 69 61 195 71 61 196 56 61 197 57 61 198 56 61 199 71 61 200 71 61 201 70 61 202 57 61 203 54 61 204 57 61 205 70 61 206 70 61 207 73 61 208 54 61 209 55 62 210 54 62 211 73 62 212 73 63 213 86 63 214 55 63 215 80 64 216 55 64 217 86 64 218 86 65 219 85 65 220 80 65 221 85 66 222 9 66 223 80 66 224 80 67 225 9 67 226 10 67 227 9 68 228 83 68 229 10 68 230 83 69 231 84 69 232 10 69 233 87 70 234 84 70 235 8 70 236 8 71 237 0 71 238 87 71 239 37 72 240 38 72 241 39 72 242 82 73 243 38 73 244 53 73 245 38 74 246 3 74 247 53 74 248 59 75 249 2 75 250 64 75 251 48 76 252 64 76 253 2 76 254 131 77 255 28 77 256 115 77 257 120 78 258 115 78 259 22 78 260 141 79 261 126 79 262 29 79 263 95 80 264 126 80 265 141 80 266 92 81 267 89 81 268 26 81 269 94 82 270 24 82 271 93 82 272 25 82 273 24 82 274 94 82 275 91 83 276 24 83 277 25 83 278 27 84 279 24 84 280 91 84 281 90 85 282 27 85 283 91 85 284 27 86 285 90 86 286 97 86 287 90 82 288 124 82 289 97 82 290 124 82 291 90 82 292 125 82 293 109 82 294 125 82 295 90 82 296 125 82 297 109 82 298 122 82 299 108 82 300 122 82 301 109 82 302 122 82 303 108 82 304 123 82 305 110 82 306 123 82 307 108 82 308 123 82 309 110 82 310 121 82 311 112 82 312 121 82 313 110 82 314 114 82 315 118 82 316 112 82 317 118 82 318 114 82 319 117 82 320 91 87 321 107 87 322 90 87 323 107 88 324 91 88 325 25 88 326 107 89 327 25 89 328 29 89 329 25 90 330 94 90 331 29 90 332 95 91 333 141 91 334 140 91 335 94 92 336 92 92 337 29 92 338 29 93 339 92 93 340 26 93 341 29 94 342 26 94 343 141 94 344 94 95 345 93 95 346 92 95 347 95 96 348 139 96 349 96 96 350 138 97 351 96 97 352 139 97 353 138 98 354 149 98 355 96 98 356 99 99 357 145 99 358 98 99 359 100 100 360 145 100 361 99 100 362 104 101 363 100 101 364 101 101 365 104 102 366 101 102 367 102 102 368 106 103 369 104 103 370 103 103 371 104 104 372 106 104 373 105 104 374 137 105 375 136 105 376 106 105 377 106 106 378 136 106 379 105 106 380 90 107 381 107 107 382 109 107 383 111 108 384 109 108 385 107 108 386 111 109 387 107 109 388 29 109 389 111 110 390 29 110 391 127 110 392 109 111 393 111 111 394 113 111 395 129 112 396 111 112 397 127 112 398 110 113 399 113 113 400 112 113 401 115 114 402 113 114 403 111 114 404 111 115 405 129 115 406 115 115 407 115 116 408 129 116 409 131 116 410 113 117 411 115 117 412 116 117 413 116 118 414 114 118 415 113 118 416 113 119 417 114 119 418 112 119 419 114 120 420 116 120 421 117 120 422 120 121 423 119 121 424 115 121 425 115 122 426 119 122 427 116 122 428 119 123 429 117 123 430 116 123 431 29 124 432 126 124 433 127 124 434 127 125 435 126 125 436 128 125 437 127 126 438 128 126 439 129 126 440 129 127 441 128 127 442 130 127 443 129 128 444 130 128 445 131 128 446 132 129 447 131 129 448 130 129 449 131 130 450 132 130 451 28 130 452 28 131 453 132 131 454 133 131 455 134 132 456 22 132 457 133 132 458 133 133 459 22 133 460 28 133 461 135 134 462 22 134 463 134 134 464 147 135 465 149 135 466 138 135 467 149 10 468 147 10 469 148 10 470 142 136 471 144 136 472 143 136 473 31 10 474 146 10 475 148 10 476 30 137 477 146 137 478 31 137 479 146 10 480 149 10 481 148 10 482 150 138 483 151 138 484 152 138 485 146 10 486 153 10 487 162 10 488 146 10 489 162 10 490 157 10 491 164 139 492 163 139 493 162 139 494 190 140 495 188 140 496 189 140 497 176 141 498 190 141 499 175 141 500 188 142 501 169 142 502 167 142 503 191 143 504 169 143 505 188 143 506 188 144 507 190 144 508 191 144 509 192 145 510 176 145 511 177 145 512 190 146 513 176 146 514 192 146 515 192 147 516 191 147 517 190 147 518 169 148 519 191 148 520 171 148 521 178 149 522 192 149 523 177 149 524 191 150 525 173 150 526 171 150 527 193 151 528 173 151 529 191 151 530 191 152 531 192 152 532 193 152 533 194 153 534 193 153 535 192 153 536 194 154 537 178 154 538 179 154 539 192 155 540 178 155 541 194 155 542 173 156 543 193 156 544 174 156 545 180 157 546 194 157 547 179 157 548 193 158 549 194 158 550 195 158 551 193 159 552 172 159 553 174 159 554 195 160 555 172 160 556 193 160 557 194 161 558 180 161 559 196 161 560 196 162 561 195 162 562 194 162 563 181 163 564 196 163 565 180 163 566 172 164 567 195 164 568 170 164 569 195 165 570 196 165 571 197 165 572 197 166 573 170 166 574 195 166 575 198 167 576 197 167 577 196 167 578 198 168 579 181 168 580 182 168 581 196 169 582 181 169 583 198 169 584 183 170 585 198 170 586 182 170 587 170 171 588 197 171 589 168 171 590 197 172 591 198 172 592 199 172 593 197 173 594 166 173 595 168 173 596 199 174 597 166 174 598 197 174 599 200 175 600 199 175 601 198 175 602 200 176 603 183 176 604 184 176 605 198 177 606 183 177 607 200 177 608 185 178 609 200 178 610 184 178 611 203 179 612 242 179 613 244 179 614 203 180 615 201 180 616 202 180 617 240 181 618 242 181 619 203 181 620 218 182 621 219 182 622 202 182 623 204 183 624 202 183 625 220 183 626 202 184 627 219 184 628 220 184 629 202 185 630 204 185 631 203 185 632 203 186 633 205 186 634 240 186 635 205 187 636 238 187 637 240 187 638 205 188 639 203 188 640 204 188 641 235 189 642 238 189 643 205 189 644 220 190 645 221 190 646 204 190 647 206 191 648 204 191 649 222 191 650 204 192 651 221 192 652 222 192 653 204 193 654 206 193 655 205 193 656 205 194 657 207 194 658 235 194 659 207 195 660 205 195 661 206 195 662 233 196 663 235 196 664 207 196 665 222 197 666 223 197 667 206 197 668 206 198 669 208 198 670 207 198 671 208 199 672 206 199 673 223 199 674 207 200 675 209 200 676 233 200 677 209 201 678 231 201 679 233 201 680 209 202 681 207 202 682 208 202 683 223 203 684 224 203 685 208 203 686 232 204 687 231 204 688 209 204 689 210 205 690 208 205 691 225 205 692 208 206 693 224 206 694 225 206 695 208 207 696 210 207 697 209 207 698 211 208 699 209 208 700 210 208 701 209 209 702 211 209 703 232 209 704 211 210 705 234 210 706 232 210 707 225 211 708 226 211 709 210 211 710 236 212 711 234 212 712 211 212 713 210 213 714 212 213 715 211 213 716 212 214 717 210 214 718 227 214 719 210 215 720 226 215 721 227 215 722 214 216 723 211 216 724 212 216 725 211 217 726 214 217 727 236 217 728 214 218 729 239 218 730 236 218 731 227 219 732 228 219 733 212 219 734 241 220 735 239 220 736 214 220 737 212 221 738 213 221 739 214 221 740 213 222 741 212 222 742 230 222 743 212 223 744 245 223 745 230 223 746 212 224 747 228 224 748 245 224 749 214 225 750 215 225 751 241 225 752 214 226 753 213 226 754 215 226 755 243 227 756 241 227 757 229 227 758 241 228 759 215 228 760 229 228 761 187 229 762 186 229 763 216 229 764 217 230 765 216 230 766 186 230 767 186 231 768 185 231 769 217 231 770 218 232 771 217 232 772 185 232 773 185 233 774 184 233 775 218 233 776 219 234 777 218 234 778 184 234 779 184 235 780 183 235 781 219 235 782 220 236 783 219 236 784 183 236 785 183 237 786 182 237 787 220 237 788 221 238 789 220 238 790 182 238 791 182 239 792 181 239 793 221 239 794 222 240 795 221 240 796 181 240 797 181 241 798 180 241 799 222 241 800 223 242 801 222 242 802 180 242 803 180 243 804 179 243 805 223 243 806 224 243 807 223 243 808 179 243 809 179 244 810 178 244 811 224 244 812 225 245 813 224 245 814 178 245 815 178 246 816 177 246 817 225 246 818 226 247 819 225 247 820 177 247 821 177 248 822 176 248 823 226 248 824 227 248 825 226 248 826 176 248 827 176 249 828 175 249 829 227 249 830 228 250 831 227 250 832 175 250 833 175 251 834 164 251 835 228 251 836 245 252 837 228 252 838 164 252 839 240 82 840 238 82 841 237 82 842 242 82 843 240 82 844 237 82 845 241 82 846 243 82 847 237 82 848 244 253 849 242 253 850 237 253 851 245 139 852 164 139 853 162 139 854 162 139 855 246 139 856 245 139 857 296 254 858 266 254 859 287 254 860 296 255 861 287 255 862 158 255 863 249 256 864 253 256 865 248 256 866 253 257 867 255 257 868 254 257 869 253 258 870 249 258 871 255 258 872 250 259 873 255 259 874 249 259 875 254 260 876 255 260 877 256 260 878 257 261 879 250 261 880 135 261 881 255 262 882 250 262 883 257 262 884 257 263 885 256 263 886 255 263 887 256 264 888 257 264 889 258 264 890 134 265 891 257 265 892 135 265 893 259 266 894 258 266 895 257 266 896 257 267 897 134 267 898 259 267 899 133 268 900 259 268 901 134 268 902 258 269 903 259 269 904 260 269 905 261 270 906 260 270 907 259 270 908 259 271 909 133 271 910 261 271 911 132 272 912 261 272 913 133 272 914 260 273 915 261 273 916 262 273 917 261 274 918 263 274 919 262 274 920 264 275 921 263 275 922 261 275 923 264 276 924 132 276 925 130 276 926 261 277 927 132 277 928 264 277 929 266 278 930 265 278 931 267 278 932 268 279 933 270 279 934 269 279 935 268 280 936 320 280 937 270 280 938 265 281 939 320 281 940 268 281 941 268 282 942 267 282 943 265 282 944 271 283 945 268 283 946 269 283 947 267 284 948 268 284 949 272 284 950 273 285 951 271 285 952 288 285 953 268 286 954 271 286 955 273 286 956 268 287 957 274 287 958 272 287 959 273 288 960 274 288 961 268 288 962 275 289 963 273 289 964 288 289 965 274 290 966 273 290 967 276 290 968 273 291 969 277 291 970 276 291 971 273 292 972 278 292 973 277 292 974 273 293 975 275 293 976 278 293 977 253 294 978 277 294 979 278 294 980 283 295 981 274 295 982 276 295 983 284 296 984 274 296 985 283 296 986 161 297 987 285 297 988 279 297 989 274 298 990 284 298 991 272 298 992 284 299 993 285 299 994 272 299 995 286 300 996 272 300 997 285 300 998 285 301 999 161 301 1000 286 301 1001 160 302 1002 286 302 1003 161 302 1004 272 303 1005 286 303 1006 267 303 1007 287 304 1008 160 304 1009 159 304 1010 286 305 1011 160 305 1012 287 305 1013 287 306 1014 267 306 1015 286 306 1016 158 307 1017 287 307 1018 159 307 1019 267 308 1020 287 308 1021 266 308 1022 270 309 1023 21 309 1024 17 309 1025 320 310 1026 21 310 1027 270 310 1028 269 311 1029 17 311 1030 19 311 1031 269 312 1032 270 312 1033 17 312 1034 275 313 1035 289 313 1036 290 313 1037 288 314 1038 289 314 1039 275 314 1040 291 315 1041 275 315 1042 290 315 1043 288 316 1044 16 316 1045 289 316 1046 271 317 1047 16 317 1048 288 317 1049 271 318 1050 19 318 1051 16 318 1052 269 319 1053 19 319 1054 271 319 1055 128 320 1056 126 320 1057 252 320 1058 130 321 1059 128 321 1060 252 321 1061 130 322 1062 252 322 1063 264 322 1064 252 323 1065 263 323 1066 264 323 1067 251 324 1068 263 324 1069 252 324 1070 247 325 1071 275 325 1072 291 325 1073 247 326 1074 278 326 1075 275 326 1076 247 327 1077 248 327 1078 278 327 1079 248 328 1080 253 328 1081 278 328 1082 149 10 1083 146 10 1084 157 10 1085 149 329 1086 157 329 1087 280 329 1088 149 330 1089 280 330 1090 96 330 1091 96 331 1092 280 331 1093 281 331 1094 96 332 1095 281 332 1096 95 332 1097 95 333 1098 281 333 1099 282 333 1100 126 334 1101 95 334 1102 282 334 1103 126 335 1104 282 335 1105 251 335 1106 126 336 1107 251 336 1108 252 336 1109 53 337 1110 333 337 1111 334 337 1112 53 338 1113 334 338 1114 303 338 1115 53 339 1116 303 339 1117 82 339 1118 82 340 1119 303 340 1120 304 340 1121 81 341 1122 82 341 1123 304 341 1124 81 342 1125 304 342 1126 305 342 1127 30 343 1128 81 343 1129 305 343 1130 30 344 1131 305 344 1132 153 344 1133 30 10 1134 153 10 1135 146 10 1136 337 345 1137 309 345 1138 332 345 1139 338 346 1140 309 346 1141 337 346 1142 338 347 1143 311 347 1144 309 347 1145 338 348 1146 292 348 1147 311 348 1148 334 349 1149 333 349 1150 322 349 1151 333 350 1152 321 350 1153 322 350 1154 49 351 1155 321 351 1156 333 351 1157 49 352 1158 333 352 1159 51 352 1160 51 353 1161 333 353 1162 53 353 1163 317 354 1164 315 354 1165 12 354 1166 315 355 1167 15 355 1168 12 355 1169 315 356 1170 295 356 1171 15 356 1172 295 357 1173 294 357 1174 15 357 1175 292 358 1176 293 358 1177 311 358 1178 295 359 1179 311 359 1180 294 359 1181 311 360 1182 293 360 1183 294 360 1184 317 361 1185 14 361 1186 316 361 1187 317 362 1188 12 362 1189 14 362 1190 320 363 1191 316 363 1192 21 363 1193 316 364 1194 14 364 1195 21 364 1196 319 365 1197 266 365 1198 296 365 1199 158 366 1200 156 366 1201 296 366 1202 296 367 1203 297 367 1204 319 367 1205 297 368 1206 296 368 1207 155 368 1208 296 369 1209 156 369 1210 155 369 1211 314 370 1212 319 370 1213 297 370 1214 155 371 1215 154 371 1216 297 371 1217 298 372 1218 297 372 1219 154 372 1220 297 373 1221 298 373 1222 314 373 1223 299 374 1224 314 374 1225 298 374 1226 312 375 1227 314 375 1228 299 375 1229 154 376 1230 307 376 1231 298 376 1232 300 377 1233 298 377 1234 307 377 1235 298 378 1236 300 378 1237 299 378 1238 299 379 1239 301 379 1240 312 379 1241 301 380 1242 310 380 1243 312 380 1244 301 381 1245 299 381 1246 300 381 1247 307 382 1248 308 382 1249 300 382 1250 306 383 1251 310 383 1252 302 383 1253 310 384 1254 301 384 1255 302 384 1256 331 385 1257 332 385 1258 306 385 1259 332 386 1260 309 386 1261 306 386 1262 313 387 1263 309 387 1264 311 387 1265 309 388 1266 313 388 1267 306 388 1268 313 389 1269 310 389 1270 306 389 1271 312 390 1272 310 390 1273 313 390 1274 311 391 1275 295 391 1276 313 391 1277 313 392 1278 318 392 1279 312 392 1280 318 393 1281 314 393 1282 312 393 1283 318 394 1284 313 394 1285 315 394 1286 313 395 1287 295 395 1288 315 395 1289 319 396 1290 314 396 1291 318 396 1292 315 397 1293 317 397 1294 318 397 1295 318 398 1296 265 398 1297 319 398 1298 265 399 1299 318 399 1300 320 399 1301 318 400 1302 316 400 1303 320 400 1304 318 401 1305 317 401 1306 316 401 1307 266 402 1308 319 402 1309 265 402 1310 324 403 1311 321 403 1312 47 403 1313 321 404 1314 49 404 1315 47 404 1316 321 405 1317 324 405 1318 322 405 1319 324 406 1320 323 406 1321 322 406 1322 325 407 1323 323 407 1324 324 407 1325 47 408 1326 46 408 1327 324 408 1328 326 409 1329 324 409 1330 46 409 1331 324 410 1332 326 410 1333 325 410 1334 327 411 1335 325 411 1336 326 411 1337 46 412 1338 45 412 1339 326 412 1340 328 413 1341 326 413 1342 45 413 1343 326 414 1344 328 414 1345 327 414 1346 45 415 1347 44 415 1348 328 415 1349 329 416 1350 327 416 1351 328 416 1352 328 417 1353 330 417 1354 329 417 1355 330 418 1356 328 418 1357 335 418 1358 328 419 1359 44 419 1360 335 419 1361 331 420 1362 329 420 1363 330 420 1364 335 421 1365 336 421 1366 330 421 1367 332 422 1368 330 422 1369 336 422 1370 330 423 1371 332 423 1372 331 423 1373 336 424 1374 337 424 1375 332 424 1376 349 425 1377 339 425 1378 148 425 1379 148 426 1380 339 426 1381 31 426 1382 31 427 1383 339 427 1384 370 427 1385 339 428 1386 349 428 1387 346 428 1388 370 429 1389 339 429 1390 346 429 1391 374 430 1392 340 430 1393 144 430 1394 341 10 1395 88 10 1396 342 10 1397 343 431 1398 357 431 1399 344 431 1400 343 432 1401 342 432 1402 357 432 1403 341 10 1404 342 10 1405 343 10 1406 343 433 1407 344 433 1408 345 433 1409 345 10 1410 347 10 1411 346 10 1412 344 434 1413 347 434 1414 345 434 1415 343 435 1416 348 435 1417 341 435 1418 138 436 1419 348 436 1420 147 436 1421 349 437 1422 147 437 1423 348 437 1424 349 438 1425 343 438 1426 345 438 1427 348 439 1428 343 439 1429 349 439 1430 147 440 1431 349 440 1432 148 440 1433 346 441 1434 349 441 1435 345 441 1436 359 442 1437 102 442 1438 358 442 1439 354 443 1440 144 443 1441 340 443 1442 351 444 1443 356 444 1444 355 444 1445 357 445 1446 342 445 1447 356 445 1448 356 446 1449 351 446 1450 357 446 1451 344 447 1452 357 447 1453 351 447 1454 362 448 1455 363 448 1456 365 448 1457 364 449 1458 367 449 1459 363 449 1460 365 450 1461 363 450 1462 367 450 1463 366 451 1464 374 451 1465 34 451 1466 5 452 1467 360 452 1468 361 452 1469 351 453 1470 355 453 1471 367 453 1472 367 454 1473 364 454 1474 351 454 1475 344 455 1476 351 455 1477 364 455 1478 346 456 1479 372 456 1480 370 456 1481 32 457 1482 31 457 1483 370 457 1484 371 458 1485 370 458 1486 373 458 1487 370 459 1488 372 459 1489 373 459 1490 370 460 1491 371 460 1492 32 460 1493 33 461 1494 32 461 1495 371 461 1496 373 462 1497 37 462 1498 371 462 1499 344 463 1500 364 463 1501 347 463 1502 364 464 1503 372 464 1504 347 464 1505 372 10 1506 346 10 1507 347 10 1508 373 465 1509 372 465 1510 364 465 1511 37 10 1512 373 10 1513 362 10 1514 373 10 1515 363 10 1516 362 10 1517 373 466 1518 364 466 1519 363 466 1520 37 10 1521 362 10 1522 36 10 1523 355 467 1524 356 467 1525 352 467 1526 368 468 1527 352 468 1528 350 468 1529 34 469 1530 144 469 1531 142 469 1532 341 470 1533 26 470 1534 88 470 1535 141 471 1536 26 471 1537 341 471 1538 104 472 1539 102 472 1540 103 472 1541 101 473 1542 358 473 1543 102 473 1544 358 474 1545 101 474 1546 380 474 1547 100 475 1548 380 475 1549 101 475 1550 380 476 1551 100 476 1552 379 476 1553 99 477 1554 379 477 1555 100 477 1556 379 478 1557 99 478 1558 23 478 1559 98 479 1560 23 479 1561 99 479 1562 23 480 1563 98 480 1564 353 480 1565 375 481 1566 353 481 1567 98 481 1568 353 482 1569 375 482 1570 354 482 1571 354 483 1572 375 483 1573 144 483 1574 93 484 1575 89 484 1576 92 484 1577 88 485 1578 26 485 1579 89 485 1580 350 486 1581 377 486 1582 378 486 1583 350 487 1584 378 487 1585 359 487 1586 358 488 1587 350 488 1588 359 488 1589 380 489 1590 350 489 1591 358 489 1592 376 490 1593 377 490 1594 350 490 1595 376 491 1596 350 491 1597 352 491 1598 88 492 1599 376 492 1600 342 492 1601 341 493 1602 348 493 1603 139 493 1604 348 494 1605 138 494 1606 139 494 1607 341 495 1608 140 495 1609 141 495 1610 376 496 1611 352 496 1612 356 496 1613 356 497 1614 342 497 1615 376 497 1616 365 498 1617 389 498 1618 362 498 1619 389 499 1620 365 499 1621 385 499 1622 37 500 1623 39 500 1624 40 500 1625 37 501 1626 40 501 1627 41 501 1628 371 502 1629 41 502 1630 33 502 1631 37 503 1632 41 503 1633 371 503 1634 36 504 1635 362 504 1636 389 504 1637 389 505 1638 385 505 1639 369 505 1640 369 506 1641 385 506 1642 386 506 1643 389 507 1644 369 507 1645 388 507 1646 381 508 1647 361 508 1648 369 508 1649 361 509 1650 360 509 1651 369 509 1652 369 510 1653 360 510 1654 387 510 1655 369 511 1656 387 511 1657 388 511 1658 87 512 1659 0 512 1660 36 512 1661 34 513 1662 390 513 1663 366 513 1664 383 514 1665 366 514 1666 390 514 1667 390 515 1668 79 515 1669 383 515 1670 11 516 1671 383 516 1672 79 516 1673 79 517 1674 78 517 1675 11 517 1676 384 518 1677 11 518 1678 78 518 1679 78 519 1680 77 519 1681 384 519 1682 381 520 1683 384 520 1684 77 520 1685 77 521 1686 6 521 1687 381 521 1688 361 522 1689 381 522 1690 6 522 1691 6 523 1692 5 523 1693 361 523 1694 4 524 1695 76 524 1696 5 524 1697 368 525 1698 350 525 1699 369 525 1700 369 526 1701 386 526 1702 368 526 1703 37 527 1704 0 527 1705 38 527 1706 36 10 1707 0 10 1708 37 10 1709 34 528 1710 374 528 1711 144 528 1712 352 529 1713 368 529 1714 355 529 1715 54 530 1716 55 530 1717 393 530 1718 393 531 1719 394 531 1720 54 531 1721 393 532 1722 391 532 1723 394 532 1724 395 533 1725 54 533 1726 394 533 1727 395 534 1728 56 534 1729 57 534 1730 54 535 1731 395 535 1732 57 535 1733 58 536 1734 56 536 1735 395 536 1736 59 537 1737 394 537 1738 392 537 1739 394 538 1740 59 538 1741 395 538 1742 60 539 1743 61 539 1744 58 539 1745 395 540 1746 60 540 1747 58 540 1748 60 541 1749 395 541 1750 59 541 1751 62 542 1752 61 542 1753 60 542 1754 55 543 1755 80 543 1756 393 543 1757 58 61 1758 61 61 1759 67 61 1760 7 61 1761 80 61 1762 10 61 1763 393 544 1764 80 544 1765 7 544 1766 393 545 1767 74 545 1768 42 545 1769 74 546 1770 393 546 1771 7 546 1772 106 547 1773 27 547 1774 398 547 1775 398 548 1776 137 548 1777 106 548 1778 121 82 1779 112 82 1780 118 82 1781 97 549 1782 398 549 1783 27 549 1784 398 550 1785 97 550 1786 124 550 1787 117 551 1788 119 551 1789 118 551 1790 119 552 1791 120 552 1792 396 552 1793 396 553 1794 121 553 1795 119 553 1796 119 554 1797 121 554 1798 118 554 1799 397 555 1800 396 555 1801 120 555 1802 120 556 1803 399 556 1804 397 556 1805 121 557 1806 396 557 1807 123 557 1808 125 558 1809 122 558 1810 396 558 1811 396 559 1812 122 559 1813 123 559 1814 396 560 1815 397 560 1816 125 560 1817 397 561 1818 400 561 1819 398 561 1820 398 562 1821 125 562 1822 397 562 1823 125 563 1824 398 563 1825 124 563 1826 34 564 1827 142 564 1828 403 564 1829 375 565 1830 145 565 1831 144 565 1832 143 566 1833 144 566 1834 145 566 1835 137 567 1836 247 567 1837 136 567 1838 400 568 1839 247 568 1840 137 568 1841 400 569 1842 248 569 1843 247 569 1844 401 570 1845 248 570 1846 400 570 1847 248 571 1848 401 571 1849 249 571 1850 399 572 1851 249 572 1852 401 572 1853 249 573 1854 399 573 1855 250 573 1856 399 574 1857 135 574 1858 250 574 1859 22 575 1860 135 575 1861 399 575 1862 400 576 1863 397 576 1864 401 576 1865 397 577 1866 399 577 1867 401 577 1868 145 578 1869 100 578 1870 104 578 1871 145 579 1872 375 579 1873 98 579 1874 103 82 1875 24 82 1876 27 82 1877 247 580 1878 291 580 1879 136 580 1880 143 581 1881 20 581 1882 142 581 1883 18 582 1884 20 582 1885 143 582 1886 136 583 1887 291 583 1888 105 583 1889 105 584 1890 291 584 1891 290 584 1892 105 585 1893 290 585 1894 104 585 1895 104 586 1896 290 586 1897 289 586 1898 145 587 1899 104 587 1900 289 587 1901 145 588 1902 289 588 1903 16 588 1904 145 589 1905 18 589 1906 143 589 1907 145 590 1908 16 590 1909 18 590 1910 399 591 1911 120 591 1912 22 591 1913 400 592 1914 137 592 1915 398 592 1916 106 593 1917 103 593 1918 27 593 1919 74 594 1920 7 594 1921 76 594 1922 391 595 1923 393 595 1924 42 595 1925 392 596 1926 1 596 1927 59 596 1928 35 597 1929 13 597 1930 15 597 1931 35 598 1932 403 598 1933 13 598 1934 35 599 1935 15 599 1936 294 599 1937 35 600 1938 294 600 1939 4 600 1940 4 601 1941 294 601 1942 293 601 1943 75 602 1944 4 602 1945 293 602 1946 75 603 1947 293 603 1948 292 603 1949 43 604 1950 75 604 1951 292 604 1952 13 605 1953 403 605 1954 20 605 1955 403 606 1956 142 606 1957 20 606 1958 338 607 1959 43 607 1960 292 607 1961 367 608 1962 382 608 1963 365 608 1964 76 61 1965 7 61 1966 10 61 1967 79 609 1968 390 609 1969 35 609 1970 35 610 1971 4 610 1972 77 610 1973 394 611 1974 402 611 1975 392 611 1976 391 612 1977 402 612 1978 394 612 1979 1 613 1980 392 613 1981 44 613 1982 392 614 1983 335 614 1984 44 614 1985 336 615 1986 335 615 1987 392 615 1988 392 616 1989 402 616 1990 336 616 1991 337 617 1992 336 617 1993 402 617 1994 402 618 1995 391 618 1996 337 618 1997 391 619 1998 338 619 1999 337 619 2000 391 620 2001 42 620 2002 338 620 2003 42 621 2004 43 621 2005 338 621 2006 382 622 2007 367 622 2008 355 622 2009 355 623 2010 368 623 2011 382 623 2012 386 624 2013 382 624 2014 368 624 2015 403 625 2016 35 625 2017 34 625 2018 390 626 2019 34 626 2020 35 626 2021 152 627 2022 151 627 2023 547 627 2024 547 628 2025 548 628 2026 152 628 2027 404 629 2028 152 629 2029 548 629 2030 404 630 2031 405 630 2032 152 630 2033 406 631 2034 407 631 2035 152 631 2036 406 632 2037 152 632 2038 405 632 2039 406 633 2040 405 633 2041 408 633 2042 409 634 2043 406 634 2044 408 634 2045 409 635 2046 410 635 2047 407 635 2048 406 636 2049 409 636 2050 407 636 2051 411 637 2052 410 637 2053 409 637 2054 408 638 2055 412 638 2056 409 638 2057 409 639 2058 412 639 2059 413 639 2060 409 640 2061 413 640 2062 414 640 2063 415 641 2064 409 641 2065 414 641 2066 415 642 2067 416 642 2068 411 642 2069 409 643 2070 415 643 2071 411 643 2072 407 644 2073 150 644 2074 152 644 2075 417 645 2076 150 645 2077 407 645 2078 418 646 2079 417 646 2080 407 646 2081 410 647 2082 419 647 2083 418 647 2084 407 648 2085 410 648 2086 418 648 2087 410 649 2088 411 649 2089 419 649 2090 416 650 2091 420 650 2092 421 650 2093 416 651 2094 421 651 2095 419 651 2096 411 652 2097 416 652 2098 419 652 2099 331 653 2100 422 653 2101 329 653 2102 327 654 2103 329 654 2104 422 654 2105 422 655 2106 423 655 2107 327 655 2108 327 656 2109 423 656 2110 424 656 2111 325 657 2112 327 657 2113 424 657 2114 424 658 2115 425 658 2116 325 658 2117 325 659 2118 425 659 2119 426 659 2120 418 660 2121 428 660 2122 427 660 2123 427 661 2124 308 661 2125 418 661 2126 417 662 2127 418 662 2128 308 662 2129 307 663 2130 150 663 2131 417 663 2132 308 664 2133 307 664 2134 417 664 2135 307 665 2136 154 665 2137 150 665 2138 429 666 2139 431 666 2140 430 666 2141 430 667 2142 431 667 2143 432 667 2144 433 668 2145 430 668 2146 432 668 2147 245 669 2148 246 669 2149 433 669 2150 432 670 2151 245 670 2152 433 670 2153 434 671 2154 246 671 2155 153 671 2156 305 672 2157 433 672 2158 434 672 2159 153 673 2160 305 673 2161 434 673 2162 430 674 2163 433 674 2164 305 674 2165 305 675 2166 304 675 2167 430 675 2168 429 676 2169 430 676 2170 304 676 2171 304 677 2172 303 677 2173 429 677 2174 435 678 2175 429 678 2176 303 678 2177 303 679 2178 334 679 2179 435 679 2180 438 680 2181 428 680 2182 439 680 2183 439 681 2184 441 681 2185 440 681 2186 441 682 2187 443 682 2188 442 682 2189 443 683 2190 422 683 2191 331 683 2192 444 684 2193 427 684 2194 438 684 2195 438 685 2196 440 685 2197 444 685 2198 302 686 2199 444 686 2200 440 686 2201 440 687 2202 442 687 2203 302 687 2204 306 688 2205 302 688 2206 442 688 2207 442 689 2208 331 689 2209 306 689 2210 308 690 2211 427 690 2212 444 690 2213 444 691 2214 300 691 2215 308 691 2216 444 692 2217 302 692 2218 301 692 2219 300 693 2220 444 693 2221 301 693 2222 445 694 2223 446 694 2224 447 694 2225 447 82 2226 420 82 2227 445 82 2228 448 695 2229 445 695 2230 420 695 2231 416 696 2232 449 696 2233 448 696 2234 420 697 2235 416 697 2236 448 697 2237 413 82 2238 450 82 2239 237 82 2240 450 698 2241 244 698 2242 237 698 2243 449 699 2244 416 699 2245 415 699 2246 449 700 2247 415 700 2248 414 700 2249 449 701 2250 414 701 2251 413 701 2252 449 82 2253 413 82 2254 237 82 2255 243 82 2256 449 82 2257 237 82 2258 230 702 2259 245 702 2260 451 702 2261 230 703 2262 451 703 2263 452 703 2264 213 704 2265 230 704 2266 452 704 2267 213 705 2268 452 705 2269 453 705 2270 213 706 2271 453 706 2272 454 706 2273 215 707 2274 213 707 2275 454 707 2276 454 708 2277 455 708 2278 215 708 2279 229 709 2280 215 709 2281 455 709 2282 455 710 2283 449 710 2284 229 710 2285 243 711 2286 229 711 2287 449 711 2288 437 712 2289 436 712 2290 456 712 2291 457 713 2292 456 713 2293 436 713 2294 436 714 2295 458 714 2296 457 714 2297 459 715 2298 457 715 2299 458 715 2300 458 716 2301 460 716 2302 459 716 2303 461 717 2304 459 717 2305 460 717 2306 460 718 2307 462 718 2308 461 718 2309 463 719 2310 461 719 2311 462 719 2312 462 720 2313 464 720 2314 463 720 2315 465 721 2316 463 721 2317 464 721 2318 464 722 2319 466 722 2320 465 722 2321 467 723 2322 465 723 2323 466 723 2324 466 724 2325 441 724 2326 467 724 2327 467 725 2328 441 725 2329 439 725 2330 428 726 2331 467 726 2332 439 726 2333 436 727 2334 426 727 2335 458 727 2336 460 728 2337 458 728 2338 426 728 2339 426 729 2340 425 729 2341 460 729 2342 462 730 2343 460 730 2344 425 730 2345 425 731 2346 424 731 2347 462 731 2348 464 732 2349 462 732 2350 424 732 2351 424 733 2352 423 733 2353 464 733 2354 466 734 2355 464 734 2356 423 734 2357 423 735 2358 422 735 2359 466 735 2360 466 736 2361 422 736 2362 443 736 2363 466 737 2364 443 737 2365 441 737 2366 456 738 2367 455 738 2368 454 738 2369 454 739 2370 453 739 2371 456 739 2372 468 740 2373 456 740 2374 453 740 2375 429 741 2376 469 741 2377 431 741 2378 469 742 2379 429 742 2380 435 742 2381 469 743 2382 435 743 2383 437 743 2384 468 744 2385 469 744 2386 437 744 2387 437 745 2388 456 745 2389 468 745 2390 457 746 2391 455 746 2392 456 746 2393 459 747 2394 449 747 2395 455 747 2396 457 748 2397 459 748 2398 455 748 2399 448 749 2400 449 749 2401 459 749 2402 459 750 2403 461 750 2404 448 750 2405 445 751 2406 448 751 2407 461 751 2408 461 752 2409 463 752 2410 445 752 2411 446 753 2412 445 753 2413 463 753 2414 465 754 2415 447 754 2416 446 754 2417 463 755 2418 465 755 2419 446 755 2420 420 756 2421 447 756 2422 465 756 2423 465 757 2424 467 757 2425 420 757 2426 421 758 2427 420 758 2428 467 758 2429 428 759 2430 419 759 2431 421 759 2432 467 760 2433 428 760 2434 421 760 2435 468 761 2436 453 761 2437 452 761 2438 452 762 2439 469 762 2440 468 762 2441 431 763 2442 469 763 2443 432 763 2444 469 764 2445 451 764 2446 245 764 2447 432 765 2448 469 765 2449 245 765 2450 469 766 2451 452 766 2452 451 766 2453 418 767 2454 419 767 2455 428 767 2456 216 768 2457 404 768 2458 187 768 2459 548 769 2460 187 769 2461 404 769 2462 201 770 2463 203 770 2464 244 770 2465 470 771 2466 217 771 2467 218 771 2468 202 772 2469 470 772 2470 218 772 2471 470 773 2472 202 773 2473 201 773 2474 216 774 2475 217 774 2476 470 774 2477 244 775 2478 450 775 2479 201 775 2480 201 776 2481 450 776 2482 413 776 2483 201 777 2484 413 777 2485 412 777 2486 408 778 2487 201 778 2488 412 778 2489 201 779 2490 408 779 2491 470 779 2492 470 780 2493 405 780 2494 216 780 2495 470 781 2496 408 781 2497 405 781 2498 404 782 2499 216 782 2500 405 782 2501 325 783 2502 426 783 2503 323 783 2504 426 784 2505 436 784 2506 323 784 2507 323 785 2508 436 785 2509 322 785 2510 322 786 2511 436 786 2512 437 786 2513 334 787 2514 322 787 2515 437 787 2516 334 788 2517 437 788 2518 435 788 2519 246 10 2520 162 10 2521 153 10 2522 427 789 2523 428 789 2524 438 789 2525 438 790 2526 439 790 2527 440 790 2528 440 791 2529 441 791 2530 442 791 2531 331 792 2532 442 792 2533 443 792 2534 254 793 2535 512 793 2536 513 793 2537 509 794 2538 513 794 2539 514 794 2540 517 795 2541 509 795 2542 515 795 2543 527 796 2544 517 796 2545 516 796 2546 163 10 2547 157 10 2548 162 10 2549 251 797 2550 520 797 2551 518 797 2552 251 798 2553 518 798 2554 263 798 2555 263 799 2556 518 799 2557 519 799 2558 262 800 2559 263 800 2560 519 800 2561 528 801 2562 262 801 2563 519 801 2564 260 802 2565 262 802 2566 528 802 2567 548 803 2568 471 803 2569 187 803 2570 473 804 2571 471 804 2572 472 804 2573 473 805 2574 187 805 2575 471 805 2576 474 806 2577 473 806 2578 472 806 2579 472 807 2580 541 807 2581 474 807 2582 474 808 2583 541 808 2584 540 808 2585 474 809 2586 540 809 2587 502 809 2588 501 810 2589 474 810 2590 502 810 2591 187 811 2592 473 811 2593 186 811 2594 473 812 2595 474 812 2596 200 812 2597 200 813 2598 185 813 2599 473 813 2600 473 814 2601 185 814 2602 186 814 2603 474 815 2604 501 815 2605 199 815 2606 199 816 2607 501 816 2608 499 816 2609 199 817 2610 200 817 2611 474 817 2612 166 818 2613 199 818 2614 499 818 2615 498 819 2616 188 819 2617 167 819 2618 189 820 2619 497 820 2620 190 820 2621 190 821 2622 497 821 2623 164 821 2624 190 822 2625 164 822 2626 175 822 2627 188 823 2628 498 823 2629 475 823 2630 475 824 2631 493 824 2632 188 824 2633 188 825 2634 493 825 2635 189 825 2636 500 826 2637 475 826 2638 498 826 2639 535 827 2640 516 827 2641 477 827 2642 476 828 2643 496 828 2644 495 828 2645 523 829 2646 164 829 2647 476 829 2648 476 830 2649 164 830 2650 496 830 2651 495 831 2652 478 831 2653 476 831 2654 478 832 2655 495 832 2656 494 832 2657 480 833 2658 534 833 2659 516 833 2660 516 834 2661 534 834 2662 477 834 2663 482 835 2664 533 835 2665 480 835 2666 480 836 2667 533 836 2668 534 836 2669 533 837 2670 482 837 2671 505 837 2672 484 838 2673 506 838 2674 482 838 2675 482 839 2676 506 839 2677 505 839 2678 506 840 2679 484 840 2680 507 840 2681 486 841 2682 507 841 2683 484 841 2684 507 842 2685 486 842 2686 504 842 2687 488 843 2688 504 843 2689 486 843 2690 504 844 2691 488 844 2692 503 844 2693 490 845 2694 491 845 2695 488 845 2696 488 846 2697 491 846 2698 503 846 2699 491 847 2700 490 847 2701 492 847 2702 490 848 2703 479 848 2704 492 848 2705 518 849 2706 478 849 2707 479 849 2708 478 850 2709 518 850 2710 476 850 2711 476 851 2712 518 851 2713 520 851 2714 476 852 2715 520 852 2716 525 852 2717 525 853 2718 523 853 2719 476 853 2720 478 854 2721 494 854 2722 479 854 2723 492 855 2724 479 855 2725 494 855 2726 481 856 2727 514 856 2728 512 856 2729 481 857 2730 512 857 2731 532 857 2732 531 858 2733 481 858 2734 532 858 2735 481 859 2736 531 859 2737 483 859 2738 530 860 2739 483 860 2740 531 860 2741 483 861 2742 530 861 2743 485 861 2744 529 862 2745 485 862 2746 530 862 2747 485 863 2748 529 863 2749 487 863 2750 528 864 2751 487 864 2752 529 864 2753 487 865 2754 528 865 2755 489 865 2756 519 866 2757 489 866 2758 528 866 2759 516 867 2760 515 867 2761 480 867 2762 480 868 2763 515 868 2764 514 868 2765 481 869 2766 480 869 2767 514 869 2768 480 870 2769 481 870 2770 482 870 2771 483 871 2772 482 871 2773 481 871 2774 482 872 2775 483 872 2776 484 872 2777 485 873 2778 484 873 2779 483 873 2780 484 874 2781 485 874 2782 486 874 2783 487 875 2784 486 875 2785 485 875 2786 486 876 2787 487 876 2788 488 876 2789 489 877 2790 488 877 2791 487 877 2792 488 878 2793 489 878 2794 490 878 2795 519 879 2796 490 879 2797 489 879 2798 490 880 2799 519 880 2800 479 880 2801 518 881 2802 479 881 2803 519 881 2804 500 882 2805 503 882 2806 475 882 2807 475 883 2808 503 883 2809 491 883 2810 475 884 2811 491 884 2812 493 884 2813 493 885 2814 491 885 2815 492 885 2816 493 886 2817 492 886 2818 189 886 2819 189 887 2820 492 887 2821 494 887 2822 189 888 2823 494 888 2824 495 888 2825 189 889 2826 495 889 2827 497 889 2828 497 890 2829 495 890 2830 496 890 2831 497 891 2832 496 891 2833 164 891 2834 499 61 2835 165 61 2836 166 61 2837 498 892 2838 165 892 2839 500 892 2840 501 61 2841 165 61 2842 499 61 2843 500 61 2844 165 61 2845 503 61 2846 533 893 2847 504 893 2848 538 893 2849 538 894 2850 504 894 2851 503 894 2852 504 895 2853 533 895 2854 507 895 2855 505 896 2856 507 896 2857 533 896 2858 507 897 2859 505 897 2860 506 897 2861 508 898 2862 279 898 2863 285 898 2864 285 899 2865 284 899 2866 508 899 2867 283 900 2868 508 900 2869 284 900 2870 279 901 2871 508 901 2872 526 901 2873 508 902 2874 283 902 2875 511 902 2876 511 903 2877 283 903 2878 510 903 2879 511 904 2880 526 904 2881 508 904 2882 277 905 2883 510 905 2884 276 905 2885 276 906 2886 510 906 2887 283 906 2888 526 907 2889 511 907 2890 527 907 2891 513 908 2892 277 908 2893 254 908 2894 277 909 2895 513 909 2896 509 909 2897 277 910 2898 509 910 2899 510 910 2900 511 911 2901 510 911 2902 509 911 2903 517 912 2904 511 912 2905 509 912 2906 511 913 2907 517 913 2908 527 913 2909 512 914 2910 254 914 2911 532 914 2912 514 915 2913 513 915 2914 512 915 2915 515 916 2916 509 916 2917 514 916 2918 517 917 2919 515 917 2920 516 917 2921 282 918 2922 520 918 2923 251 918 2924 520 919 2925 282 919 2926 525 919 2927 281 920 2928 525 920 2929 282 920 2930 525 921 2931 281 921 2932 524 921 2933 280 922 2934 524 922 2935 281 922 2936 524 923 2937 280 923 2938 522 923 2939 157 924 2940 521 924 2941 280 924 2942 280 925 2943 521 925 2944 522 925 2945 157 926 2946 163 926 2947 521 926 2948 277 927 2949 253 927 2950 254 927 2951 523 928 2952 522 928 2953 164 928 2954 522 929 2955 163 929 2956 164 929 2957 522 930 2958 523 930 2959 524 930 2960 525 931 2961 524 931 2962 523 931 2963 279 932 2964 151 932 2965 161 932 2966 526 933 2967 536 933 2968 279 933 2969 279 934 2970 536 934 2971 151 934 2972 536 935 2973 526 935 2974 535 935 2975 527 936 2976 535 936 2977 526 936 2978 535 937 2979 527 937 2980 516 937 2981 260 938 2982 528 938 2983 529 938 2984 530 939 2985 260 939 2986 529 939 2987 260 940 2988 530 940 2989 258 940 2990 258 941 2991 530 941 2992 531 941 2993 532 942 2994 258 942 2995 531 942 2996 258 943 2997 532 943 2998 256 943 2999 254 944 3000 256 944 3001 532 944 3002 533 945 3003 538 945 3004 534 945 3005 542 946 3006 477 946 3007 538 946 3008 538 947 3009 477 947 3010 534 947 3011 543 948 3012 477 948 3013 542 948 3014 545 949 3015 535 949 3016 543 949 3017 543 950 3018 535 950 3019 477 950 3020 535 951 3021 545 951 3022 536 951 3023 536 952 3024 545 952 3025 151 952 3026 547 953 3027 151 953 3028 545 953 3029 544 954 3030 542 954 3031 537 954 3032 537 955 3033 542 955 3034 538 955 3035 537 956 3036 539 956 3037 544 956 3038 544 957 3039 539 957 3040 540 957 3041 544 958 3042 540 958 3043 541 958 3044 472 959 3045 544 959 3046 541 959 3047 542 960 3048 544 960 3049 543 960 3050 546 961 3051 545 961 3052 544 961 3053 544 962 3054 545 962 3055 543 962 3056 544 963 3057 472 963 3058 546 963 3059 546 964 3060 472 964 3061 471 964 3062 546 965 3063 471 965 3064 547 965 3065 546 966 3066 547 966 3067 545 966 3068 548 967 3069 547 967 3070 471 967 3071 24 82 3072 103 82 3073 102 82 3074 24 968 3075 102 968 3076 359 968 3077 24 969 3078 359 969 3079 378 969 3080 24 970 3081 378 970 3082 377 970 3083 24 971 3084 377 971 3085 376 971 3086 24 972 3087 376 972 3088 88 972 3089 88 82 3090 89 82 3091 24 82 3092 5 61 3093 76 61 3094 10 61 3095 5 973 3096 10 973 3097 360 973 3098 10 974 3099 387 974 3100 360 974 3101 10 975 3102 388 975 3103 387 975 3104 10 976 3105 389 976 3106 388 976 3107 10 977 3108 36 977 3109 389 977 3110 36 978 3111 10 978 3112 87 978 3113 84 979 3114 87 979 3115 10 979 3116 89 82 3117 93 82 3118 24 82 3119 239 980 3120 241 980 3121 237 980 3122 236 82 3123 239 82 3124 237 82 3125 234 82 3126 236 82 3127 237 82 3128 232 82 3129 234 82 3130 237 82 3131 231 981 3132 232 981 3133 237 981 3134 231 82 3135 237 82 3136 233 82 3137 233 82 3138 237 82 3139 235 82 3140 235 82 3141 237 82 3142 238 82 3143 165 982 3144 168 982 3145 166 982 3146 165 61 3147 170 61 3148 168 61 3149 165 983 3150 172 983 3151 170 983 3152 165 984 3153 174 984 3154 172 984 3155 165 985 3156 173 985 3157 174 985 3158 165 986 3159 171 986 3160 173 986 3161 165 987 3162 169 987 3163 171 987 3164 165 988 3165 167 988 3166 169 988 3167 165 989 3168 498 989 3169 167 989 3170 165 990 3171 501 990 3172 502 990 3173 165 991 3174 502 991 3175 540 991 3176 165 61 3177 540 61 3178 539 61 3179 165 61 3180 539 61 3181 537 61 3182 165 992 3183 537 992 3184 538 992 3185 165 993 3186 538 993 3187 503 993 3188 381 994 3189 369 994 3190 384 994 3191 11 995 3192 384 995 3193 369 995 3194 11 996 3195 369 996 3196 383 996 3197 366 997 3198 383 997 3199 369 997 3200 366 998 3201 369 998 3202 374 998 3203 379 999 3204 350 999 3205 380 999 3206 23 1000 3207 350 1000 3208 379 1000 3209 23 1001 3210 353 1001 3211 350 1001 3212 353 1002 3213 354 1002 3214 350 1002 3215 340 1003 3216 350 1003 3217 354 1003 3218 340 1004 3219 369 1004 3220 350 1004 3221 340 1005 3222 374 1005 3223 369 1005 3224 150 1006 3225 158 1006 3226 151 1006 3227 150 1007 3228 156 1007 3229 158 1007 3230 150 1008 3231 155 1008 3232 156 1008 3233 150 1009 3234 154 1009 3235 155 1009 3236 151 1010 3237 158 1010 3238 159 1010 3239 151 1011 3240 159 1011 3241 160 1011 3242 151 1012 3243 160 1012 3244 161 1012 3245 66 1013 3246 70 1013 3247 71 1013 3248 66 1014 3249 71 1014 3250 69 1014 3251 108 1015 3252 113 1015 3253 110 1015 3254 108 1016 3255 109 1016 3256 113 1016 3257 1 1017 3258 2 1017 3259 59 1017 3260 22 1018 3261 115 1018 3262 28 1018 3263 139 1019 3264 140 1019 3265 341 1019 3266 95 1020 3267 140 1020 3268 139 1020 3269 365 1021 3270 382 1021 3271 385 1021 3272 382 1022 3273 386 1022 3274 385 1022 3275</p>
        </triangles>
      </mesh>
    </geometry>
  </library_geometries>
  <library_visual_scenes>
    <visual_scene id="Scene" name="Scene">
      <node id="Light_001" name="Light.001" type="NODE">
        <matrix sid="transform">-0.2908646 -0.7711008 0.5663932 4.076245 0.9551712 -0.1998834 0.2183912 1.005454 -0.055189 0.6045247 0.7946723 5.903862 0 0 0 1</matrix>
        <instance_light url="#Light_001-light"/>
      </node>
      <node id="Camera_001" name="Camera.001" type="NODE">
        <matrix sid="transform">0.6859207 -0.3240135 0.6515582 7.358891 0.7276763 0.3054209 -0.6141704 -6.925791 -4.01133e-9 0.8953956 0.4452714 4.958309 0 0 0 1</matrix>
        <instance_camera url="#Camera_001-camera"/>
      </node>
      <node id="proximal" name="proximal" type="NODE">
        <matrix sid="transform">0.001 0 0 0 0 0.001 0 0 0 0 0.001 0 0 0 0 1</matrix>
        <instance_geometry url="#proximal_001-mesh" name="proximal">
          <bind_material>
            <technique_common>
              <instance_material symbol="black_spec_003-material" target="#black_spec_003-material">
                <bind_vertex_input semantic="UVMap" input_semantic="TEXCOORD" input_set="0"/>
              </instance_material>
            </technique_common>
          </bind_material>
        </instance_geometry>
      </node>
      <node id="Camera" name="Camera" type="NODE">
        <matrix sid="transform">0.6859207 -0.3240135 0.6515582 7.358891 0.7276763 0.3054208 -0.6141704 -6.925791 0 0.8953956 0.4452714 4.958309 0 0 0 1</matrix>
        <instance_camera url="#Camera-camera"/>
      </node>
      <node id="Light" name="Light" type="NODE">
        <matrix sid="transform">-0.2908646 -0.7711008 0.5663932 4.076245 0.9551712 -0.1998834 0.2183912 1.005454 -0.05518906 0.6045247 0.7946723 5.903862 0 0 0 1</matrix>
        <instance_light url="#Light-light"/>
      </node>
    </visual_scene>
  </library_visual_scenes>
  <scene>
    <instance_visual_scene url="#Scene"/>
  </scene>
</COLLADA>