<?xml version="1.0" encoding="utf-8"?>
<COLLADA xmlns="http://www.collada.org/2005/11/COLLADASchema" version="1.4.1" xmlns:xsi="http://www.w3.org/2001/XMLSchema-instance">
  <asset>
    <contributor>
      <author>Blender User</author>
      <authoring_tool>Blender 3.3.21 commit date:2024-07-15, commit time:08:57, hash:e016c21db151</authoring_tool>
    </contributor>
    <created>2025-10-31T15:11:46</created>
    <modified>2025-10-31T15:11:46</modified>
    <unit name="meter" meter="1"/>
    <up_axis>Z_UP</up_axis>
  </asset>
  <library_cameras>
    <camera id="Camera_002-camera" name="Camera.002">
      <optics>
        <technique_common>
          <perspective>
            <xfov sid="xfov">39.59775</xfov>
            <aspect_ratio>1.777778</aspect_ratio>
            <znear sid="znear">0.1</znear>
            <zfar sid="zfar">100</zfar>
          </perspective>
        </technique_common>
      </optics>
      <extra>
        <technique profile="blender">
          <shiftx sid="shiftx" type="float">0</shiftx>
          <shifty sid="shifty" type="float">0</shifty>
          <dof_distance sid="dof_distance" type="float">10</dof_distance>
        </technique>
      </extra>
    </camera>
    <camera id="Camera_001-camera" name="Camera.001">
      <optics>
        <technique_common>
          <perspective>
            <xfov sid="xfov">39.59775</xfov>
            <aspect_ratio>1.777778</aspect_ratio>
            <znear sid="znear">0.1</znear>
            <zfar sid="zfar">100</zfar>
          </perspective>
        </technique_common>
      </optics>
      <extra>
        <technique profile="blender">
          <shiftx sid="shiftx" type="float">0</shiftx>
          <shifty sid="shifty" type="float">0</shifty>
          <dof_distance sid="dof_distance" type="float">10</dof_distance>
        </technique>
      </extra>
    </camera>
    <camera id="Camera-camera" name="Camera">
      <optics>
        <technique_common>
          <perspective>
            <xfov sid="xfov">39.59775</xfov>
            <aspect_ratio>1.777778</aspect_ratio>
            <znear sid="znear">0.1</znear>
            <zfar sid="zfar">100</zfar>
          </perspective>
        </technique_common>
      </optics>
      <extra>
        <technique profile="blender">
          <shiftx sid="shiftx" type="float">0</shiftx>
          <shifty sid="shifty" type="float">0</shifty>
          <dof_distance sid="dof_distance" type="float">10</dof_distance>
        </technique>
      </extra>
    </camera>
  </library_cameras>
  <library_lights>
    <light id="Light_002-light" name="Light.002">
      <technique_common>
        <point>
          <color sid="color">1000 1000 1000</color>
          <constant_attenuation>1</constant_attenuation>
          <linear_attenuation>0</linear_attenuation>
          <quadratic_attenuation>0.001599967</quadratic_attenuation>
        </point>
      </technique_common>
      <extra>
        <technique profile="blender">
          <type sid="type" type="int">0</type>
          <flag sid="flag" type="int">0</flag>
          <mode sid="mode" type="int">2097153</mode>
          <gamma sid="blender_gamma" type="float">1</gamma>
          <red sid="red" type="float">1</red>
          <green sid="green" type="float">1</green>
          <blue sid="blue" type="float">1</blue>
          <shadow_r sid="blender_shadow_r" type="float">0</shadow_r>
          <shadow_g sid="blender_shadow_g" type="float">0</shadow_g>
          <shadow_b sid="blender_shadow_b" type="float">0</shadow_b>
          <energy sid="blender_energy" type="float">1000</energy>
          <dist sid="blender_dist" type="float">25</dist>
          <spotsize sid="spotsize" type="float">75</spotsize>
          <spotblend sid="spotblend" type="float">0.15</spotblend>
          <att1 sid="att1" type="float">0</att1>
          <att2 sid="att2" type="float">1</att2>
          <falloff_type sid="falloff_type" type="int">2</falloff_type>
          <clipsta sid="clipsta" type="float">0.04999995</clipsta>
          <clipend sid="clipend" type="float">40</clipend>
          <bias sid="bias" type="float">1</bias>
          <soft sid="soft" type="float">3</soft>
          <bufsize sid="bufsize" type="int">512</bufsize>
          <samp sid="samp" type="int">3</samp>
          <buffers sid="buffers" type="int">1</buffers>
          <area_shape sid="area_shape" type="int">1</area_shape>
          <area_size sid="area_size" type="float">0.1</area_size>
          <area_sizey sid="area_sizey" type="float">0.1</area_sizey>
          <area_sizez sid="area_sizez" type="float">1</area_sizez>
        </technique>
      </extra>
    </light>
    <light id="Light_001-light" name="Light.001">
      <technique_common>
        <point>
          <color sid="color">1000 1000 1000</color>
          <constant_attenuation>1</constant_attenuation>
          <linear_attenuation>0</linear_attenuation>
          <quadratic_attenuation>0.001599967</quadratic_attenuation>
        </point>
      </technique_common>
      <extra>
        <technique profile="blender">
          <type sid="type" type="int">0</type>
          <flag sid="flag" type="int">0</flag>
          <mode sid="mode" type="int">2097153</mode>
          <gamma sid="blender_gamma" type="float">1</gamma>
          <red sid="red" type="float">1</red>
          <green sid="green" type="float">1</green>
          <blue sid="blue" type="float">1</blue>
          <shadow_r sid="blender_shadow_r" type="float">0</shadow_r>
          <shadow_g sid="blender_shadow_g" type="float">0</shadow_g>
          <shadow_b sid="blender_shadow_b" type="float">0</shadow_b>
          <energy sid="blender_energy" type="float">1000</energy>
          <dist sid="blender_dist" type="float">25</dist>
          <spotsize sid="spotsize" type="float">75</spotsize>
          <spotblend sid="spotblend" type="float">0.15</spotblend>
          <att1 sid="att1" type="float">0</att1>
          <att2 sid="att2" type="float">1</att2>
          <falloff_type sid="falloff_type" type="int">2</falloff_type>
          <clipsta sid="clipsta" type="float">0.04999995</clipsta>
          <clipend sid="clipend" type="float">40</clipend>
          <bias sid="bias" type="float">1</bias>
          <soft sid="soft" type="float">3</soft>
          <bufsize sid="bufsize" type="int">512</bufsize>
          <samp sid="samp" type="int">3</samp>
          <buffers sid="buffers" type="int">1</buffers>
          <area_shape sid="area_shape" type="int">1</area_shape>
          <area_size sid="area_size" type="float">0.1</area_size>
          <area_sizey sid="area_sizey" type="float">0.1</area_sizey>
          <area_sizez sid="area_sizez" type="float">1</area_sizez>
        </technique>
      </extra>
    </light>
    <light id="Light-light" name="Light">
      <technique_common>
        <point>
          <color sid="color">1000 1000 1000</color>
          <constant_attenuation>1</constant_attenuation>
          <linear_attenuation>0</linear_attenuation>
          <quadratic_attenuation>0.00111109</quadratic_attenuation>
        </point>
      </technique_common>
      <extra>
        <technique profile="blender">
          <type sid="type" type="int">0</type>
          <flag sid="flag" type="int">0</flag>
          <mode sid="mode" type="int">1</mode>
          <gamma sid="blender_gamma" type="float">1</gamma>
          <red sid="red" type="float">1</red>
          <green sid="green" type="float">1</green>
          <blue sid="blue" type="float">1</blue>
          <shadow_r sid="blender_shadow_r" type="float">0</shadow_r>
          <shadow_g sid="blender_shadow_g" type="float">0</shadow_g>
          <shadow_b sid="blender_shadow_b" type="float">0</shadow_b>
          <energy sid="blender_energy" type="float">1000</energy>
          <dist sid="blender_dist" type="float">29.99998</dist>
          <spotsize sid="spotsize" type="float">75</spotsize>
          <spotblend sid="spotblend" type="float">0.15</spotblend>
          <att1 sid="att1" type="float">0</att1>
          <att2 sid="att2" type="float">1</att2>
          <falloff_type sid="falloff_type" type="int">2</falloff_type>
          <clipsta sid="clipsta" type="float">0.04999995</clipsta>
          <clipend sid="clipend" type="float">30.002</clipend>
          <bias sid="bias" type="float">1</bias>
          <soft sid="soft" type="float">3</soft>
          <bufsize sid="bufsize" type="int">2880</bufsize>
          <samp sid="samp" type="int">3</samp>
          <buffers sid="buffers" type="int">1</buffers>
          <area_shape sid="area_shape" type="int">1</area_shape>
          <area_size sid="area_size" type="float">0.1</area_size>
          <area_sizey sid="area_sizey" type="float">0.1</area_sizey>
          <area_sizez sid="area_sizez" type="float">1</area_sizez>
        </technique>
      </extra>
    </light>
  </library_lights>
  <library_effects>
    <effect id="black_spec_006-effect">
      <profile_COMMON>
        <technique sid="common">
          <lambert>
            <emission>
              <color sid="emission">0 0 0 1</color>
            </emission>
            <diffuse>
              <color sid="diffuse">0.16355 0.16355 0.16355 1</color>
            </diffuse>
            <transparent opaque="A_ONE">
              <color sid="alpha">0 0 0 0</color>
            </transparent>
            <index_of_refraction>
              <float sid="ior">1.5</float>
            </index_of_refraction>
          </lambert>
        </technique>
      </profile_COMMON>
    </effect>
  </library_effects>
  <library_images/>
  <library_materials>
    <material id="black_spec_006-material" name="black_spec.006">
      <instance_effect url="#black_spec_006-effect"/>
    </material>
  </library_materials>
  <library_geometries>
    <geometry id="metacarpal_001-mesh" name="metacarpal_001">
      <mesh>
        <source id="metacarpal_001-mesh-positions">
          <float_array id="metacarpal_001-mesh-positions-array" count="2238">-4.16853 10.99697 56.9178 -2.13558 10.99697 56.22232 3e-4 10.99697 55.98668 2.13616 10.99697 56.22231 -7.41158 1.43357 57.78464 -7.54952 -0.003029882 57.78464 -7.00374 2.81535 57.78464 -6.34754 4.08412 57.78464 -5.49969 5.16901 57.78464 -1.03468 8.496972 57.78464 2.42357 7.14735 57.78464 1.05031 7.94142 58.24917 1.05031 7.47344 57.78464 2.60851 7.94142 58.63739 3.1e-4 8.55728 68.91865 2.28125 8.496972 59.99264 1.05031 8.496972 59.64888 1.0353 8.496972 57.78464 -4.99969 8.496972 57.78464 -2.90817 11.39697 59.72056 -1.50644 11.39697 59.2301 -1.9e-4 11.39697 59.05914 1.5062 11.39697 59.2299 2.90832 11.39697 59.72033 3.1e-4 11.49528 59.76977 3.2e-4 11.49697 65.90822 1.69915 11.49697 60.07462 2.73893 11.49697 60.49405 3.64845 11.49697 61.07492 -1.69865 11.49697 60.07465 -2.73841 11.49697 60.49409 -3.64783 11.49697 61.07491 -7.54952 -4.00303 57.78464 7.55014 -4.00303 57.78465 1.13878 11.48797 71.16059 -3.33824 9.49194 70.55422 2.78628 11.49697 70.25549 2.27099 11.48797 70.79404 3.2e-4 11.48797 71.28465 -1.16122 11.48797 71.16059 -2.27036 11.48797 70.79404 5.28198 10.27446 71.13149 -1.06765 10.38028 73.0756 1.06828 10.38028 73.0756 3.10938 10.3817 72.45206 -5.28136 10.27446 71.13149 -3.10875 10.3817 72.45206 -2.54465 9.65113 71.4052 -3.28925 9.10508 69.4043 -5.96849 9.74083 70.08224 -4.84852 9.88731 71.04855 -3.17535 8.6999 68.29736 2.54802 9.65113 71.40519 3.44225 9.96396 71.93696 3.33827 9.492382 70.55584 3.28988 9.10508 69.4043 4.96737 9.87593 70.95893 5.56944 9.8037 70.45921 -2.78565 11.49697 70.25549 -3.73788 11.49697 69.49624 3.7385 11.49697 69.49624 4.49082 11.49697 68.53881 -3.86623 9.951332 71.70066 -2.59559 9.968562 72.33196 -1.30422 9.65113 71.8162 2.8e-4 9.65113 71.95565 -1.06018 9.968562 72.74751 0.81113 9.968562 72.78098 1.30478 9.65113 71.81622 2.01662 9.968562 72.53303 -5.53304 10.70933 70.64544 -4.96728 10.77157 71.09794 -4.80699 11.04699 70.66184 -3.94573 10.83814 71.77613 -3.60196 11.04698 71.60882 -2.63388 10.85606 72.42852 -1.65129 10.85606 72.73823 -2.23214 11.04697 72.25872 -0.46035 10.85606 72.91682 -0.75524 11.04697 72.59101 0.82309 10.85606 72.88416 0.76285 11.04697 72.59023 2.04635 10.85606 72.63255 2.57708 10.85606 72.45101 2.23939 11.04697 72.25643 3.99747 10.83605 71.74595 3.60862 11.04698 71.60508 5.09086 10.75973 71.00474 4.81271 11.04698 70.65682 5.71692 10.68463 70.48512 7.49423 7.94157 64.50987 8.92281 8.79775 63.71438 8.99367 8.08742 64.55763 8.69039 8.16196 65.11563 8.376441 7.53031 64.74487 8.95635 8.269392 64.86778 8.74722 9.009302 65.88835 8.77245 8.656372 65.41832 8.59545 8.83116 65.91737 7.72686 7.83903 65.04834 3.52352 -10.85658 55.20966 8.68893 -9.29155 57.92509 6.99644 -10.79866 56.75002 7.84651 -10.23448 57.50816 5.86119 -10.9194 56.20141 8.38834 -9.29184 58.2159 7.6915 -10.1712 57.61452 6.76178 -10.62444 56.96974 8.13379 -9.19327 58.25332 7.47072 -9.98157 57.66316 5.77439 -10.75303 56.34334 8.94369 -8.00302 58.26979 8.78663 -8.00302 58.44858 8.56473 -8.00302 58.53452 8.32824 -8.00302 58.50813 8.130742 -8.00303 58.37546 7.90869 -9.0365 58.13997 7.35169 -9.84937 57.60191 6.68573 -10.5013 57.00586 5.9168 -4.00303 56.51129 4.8892 -6.00303 55.93077 5.73944 -10.50303 56.40048 4.8892 -9.00303 55.93077 4.61923 -10.50303 55.80138 6.73955 -10.91053 56.37839 7.08858 -10.77342 56.59704 8.02298 -10.21861 57.23 8.72172 -9.24322 57.79251 6.00031 -11.00303 55.97394 8.680891 5.63812 61.18336 8.564762 -0.003029882 58.53451 8.32827 -0.003029882 58.50815 8.680891 3.11933 59.20854 8.94369 -0.003029882 58.26979 8.786642 -0.003029882 58.44856 8.130742 7.10166 63.68239 8.67571 7.07942 64.04446 8.80273 7.58718 64.67844 8.80114 9.23126 65.82974 8.21285 9.19201 67.21714 7.07571 9.96326 69.35165 8.37914 9.46742 67.22308 8.751852 9.44767 65.75461 8.94514 8.88449 64.98747 8.80831 9.3299 65.52029 8.33006 8.34255 65.38938 7.94636 8.50667 65.71574 8.55656 8.56278 65.49903 8.37959 8.73646 65.91035 3.67569 8.71842 68.3597 6.20627 9.69696 69.83866 6.80137 9.560872 69.14859 7.29869 9.41038 68.46049 6.91519 8.54095 65.99626 7.57014 8.64119 66.07724 7.70401 9.2523 67.79227 8.2266 8.93963 66.59763 5.00357 11.49697 67.43311 5.24853 11.49697 66.2388 4.1109 11.49697 61.54639 4.49544 11.49697 62.19938 4.79629 11.49697 63.01113 5.02916 11.49697 63.95683 5.21279 11.49697 65.02298 6.34688 11.17864 63.68803 5.87602 11.27726 62.68842 5.34956 11.34554 61.80425 4.11882 11.39697 60.46767 4.73815 11.1753 59.66812 9.00031 7.4246 63.58684 9.00031 5.53833 60.3723 9.00031 4.97167 59.84727 9.00031 4.28707 59.33522 9.00031 3.4627 58.85725 9.00031 2.48084 58.44772 9.00031 1.33136 58.15448 9.00031 -0.003029882 58.03868 9.00031 -8.00303 58.03868 6.58902 8.496972 65.82475 6.372 8.49544 65.34729 6.13723 8.496972 64.74155 6.02274 8.496972 64.20972 5.84711 8.496972 63.64807 5.5936 8.496972 63.0524 5.24033 8.496972 62.42426 4.76095 8.496972 61.77386 4.12606 8.496972 61.12329 3.30603 8.496972 60.50996 7.35819 7.94142 63.84882 8.130742 5.63518 60.98634 7.13793 7.94142 63.15024 6.81856 7.94142 62.40866 6.3718 7.94142 61.62654 8.130742 3.312 59.15843 8.130742 2.37288 58.76674 8.130742 1.27351 58.48625 8.130742 -0.003029882 58.37546 7.84601 -0.003029882 58.07458 7.55014 -0.003029882 57.78465 5.76359 7.94142 60.8177 5.95262 4.64133 57.78465 6.7613 5.63631 59.19019 6.93098 2.916 57.78465 4.95613 7.94142 60.01181 4.87115 5.76542 57.78465 3.91203 7.94142 59.25899 3.6932 6.582 57.78465 6.37924 10.57362 69.83974 5.76106 11.04699 69.48746 6.99832 10.43204 69.12189 7.51555 10.27552 68.4062 6.39743 11.04699 68.22884 7.93707 10.11112 67.71126 6.74219 11.04698 66.98638 8.27304 9.94482 67.05045 6.77652 11.04697 64.79448 6.84833 11.04698 65.82776 8.27304 10.02494 65.82712 8.27304 9.955222 64.60337 7.68907 10.4765 65.22638 7.5144 10.58686 64.38346 7.28972 10.70574 63.34866 7.03156 10.81415 62.2139 6.56192 10.93564 60.26743 6.00031 10.99697 58.03868 4.16911 10.99697 56.91779 8.9732 -7.9993 35.69485 8.57261 9.49998 35.85024 7.47453 10.59806 35.85024 6.75099 10.89776 35.85024 8.97405 7.99896 35.64078 5.97453 10.99998 35.85024 -7.73288 7.83902 65.04834 -8.635022 -9.30826 58.01877 -7.93006 -10.24095 57.42631 -6.99314 -10.79692 56.7571 -5.9852 -10.99559 55.99763 -8.465332 -9.30571 58.17711 -7.75845 -10.2036 57.57774 -6.83918 -10.7081 56.91447 -8.281661 -9.25626 58.24971 -7.57564 -10.08604 57.65858 -6.7115 -10.54603 56.99843 -5.78438 -10.77336 56.326 -8.0845 -9.16383 58.2442 -3.52289 -10.85658 55.20966 -5.86925 -10.93604 56.18721 -8.94307 -8.00303 58.26979 -8.78603 -8.00303 58.44856 -8.56413 -8.00303 58.53451 -8.327651 -8.00303 58.50815 -2.07017 -4.00303 54.98126 -4.06603 -4.00303 55.56384 -4.07348 -5.46536 55.5668 -4.41319 -5.67444 55.70889 -4.88858 -6.00303 55.93077 -4.88858 -9.00303 55.93077 -4.61835 -10.50303 55.80126 -5.73882 -10.50303 56.40048 -5.91618 -4.00303 56.51129 -6.61429 -10.3084 57.0025 -7.36932 -9.82743 57.61906 -7.90885 -9.0346 58.14079 -8.13012 -8.00303 58.37546 -4.42719 -11.00303 55.1711 -5.49969 7.94142 60.52766 -5.49969 8.496972 62.86916 -7.07509 9.96326 69.35165 -8.40868 9.572001 67.21003 -8.38164 9.77928 67.1439 -8.77847 8.656372 65.41832 -8.75324 9.009302 65.88834 -8.80716 9.23126 65.82973 -8.85598 8.20532 65.01575 -8.808752 7.58718 64.67843 -8.327651 -0.003029882 58.50815 -8.56413 -0.003029882 58.53451 -8.78603 -0.003029882 58.44856 -8.94307 -0.003029882 58.26979 -8.67508 -0.003029882 58.49153 -8.680272 3.11935 59.20855 -8.56413 7.03771 64.05474 -8.680272 5.63813 61.18338 -8.78601 7.12115 64.03425 -8.82568 9.29202 65.44601 -8.751232 9.44767 65.7546 -8.62564 9.636342 66.23487 -8.38246 7.53031 64.74487 -8.47667 8.6577 65.68396 -7.56946 8.64121 66.07729 -8.558012 8.55985 65.49423 -7.94615 8.50652 65.71537 -8.696412 8.16196 65.11563 -8.329852 8.34236 65.38905 -6.92121 8.54095 65.99626 -7.21787 9.4337 68.56859 -8.38561 8.73646 65.91035 -8.0265 9.09237 67.15675 -7.22853 8.73646 66.44991 -4.49019 11.49697 68.5388 -5.00295 11.49697 67.4331 -5.2479 11.49697 66.23879 -5.21216 11.49697 65.02297 -5.02849 11.49697 63.9566 -4.79562 11.49697 63.01096 -4.49486 11.49697 62.19946 -4.11076 11.49697 61.54702 -5.87529 11.27728 62.68823 -6.34615 11.17867 63.6878 -5.349 11.34554 61.80436 -6.50196 11.01932 62.49067 -4.1182 11.39697 60.46766 -4.73752 11.26217 59.66812 -8.95116 8.88449 64.98747 -8.999691 8.08742 64.55762 -8.999691 7.42452 63.58657 -8.999691 8.3286 64.17715 -8.999691 7.14456 62.79934 -8.999691 6.69775 61.89881 -8.999691 6.00432 60.89467 -8.999691 4.97055 59.84633 -8.999691 4.28585 59.33441 -8.999691 3.4615 58.85666 -8.999691 2.47985 58.44739 -8.999691 1.33074 58.15437 -8.999691 -0.003029882 58.03868 -8.999691 -8.00303 58.03868 -6.36582 8.496972 65.28314 -4.99969 8.496972 59.78465 -8.13012 6.30681 61.90997 -8.13014 7.19214 64.01679 -6.93326 7.94142 62.65234 -6.58044 7.94142 61.96633 -6.11115 7.94142 61.25299 -4.99969 7.74294 59.78465 -4.99969 6.96932 58.90087 -8.13012 5.2965 60.6067 -8.13012 5.74314 61.10729 -6.84235 6.16047 59.76889 -8.13012 4.75429 60.10451 -8.13012 2.37195 58.76642 -8.13012 3.31086 59.15787 -8.13012 4.09936 59.61484 -7.6639 4.10292 59.04662 -8.13012 1.85875 58.63554 -7.84539 -0.003029882 58.07458 -8.13012 -0.003029882 58.37546 -8.13012 1.27291 58.48615 -6.7759 11.08882 64.79447 -8.27241 10.00166 66.46892 -8.27242 10.0246 65.8769 -6.8477 11.04698 65.82941 -8.27241 9.94482 67.05044 -6.74099 11.04698 66.98962 -7.64224 10.22999 68.20881 -7.22061 10.36962 68.82871 -6.39505 11.04699 68.23342 -6.71649 10.50161 69.46391 -5.75694 11.04699 69.4929 -8.999691 7.99697 62.95621 -8.927842 8.649621 63.24892 -8.74119 9.21523 63.62119 -8.49871 9.656762 64.0787 -8.27242 9.955222 64.60336 -7.68264 10.48045 65.1977 -8.04445 10.19218 65.20199 -7.2836 10.70835 63.32394 -6.95376 10.83841 61.88823 -6.49814 10.94335 60.01643 -5.99969 10.99697 58.03868 -7.09799 -10.76947 56.60332 -8.02191 -10.21902 57.22966 -8.7221 -9.240942 57.79337 -8.878642 8.92703 50.79252 -8.45252 9.76334 50.79252 -7.78882 10.42703 50.79252 -6.95252 10.85315 50.79252 -9.02547 7.99998 24.47807 -5.98549 10.99998 23.80068 -1.04969 -10.85241 54.68365 4.4284 -11.00303 55.17134 2.76805 -11.00303 54.62267 3.2e-4 -11.00303 54.33267 -2.7671 -11.00303 54.62259 -6.66595 -10.93085 11.30388 -7.24205 -10.74227 10.48113 -7.83129 -10.39779 9.62842 -8.54841 -9.69898 9.75196 -8.9399 -8.71143 9.75318 -6.02547 -11.00002 12.21858 8.87231 -8.77648 35.85024 -6.06415 -10.98435 42.34554 7.47453 -10.5981 35.85024 5.97453 -11.00002 35.85024 -8.923252 8.77644 9.75318 -8.62354 9.49998 9.75318 -8.14679 10.1213 9.75318 -7.52547 10.59806 9.75318 -7.40258 10.61573 24.42709 -6.80193 10.89776 9.75318 -6.85997 10.85877 24.18378 -9.02547 -8.00002 50.79252 -9.02547 7.99998 9.75318 -9.02547 -8.00002 9.75318 -6.02547 10.99998 9.75318 -8.824562 -8.97048 8.23386 -8.35722 -9.83346 8.876932 3.09373 -11.00002 25.24129 3.84738 -11.00002 25.66956 6.02902 7.6054 24.02987 7.59724 9.3944 22.9318 3.09373 4.51538 25.24086 4.80132 6.77597 24.02629 5.53123 7.92272 23.5152 6.36547 8.9493 22.93106 7.25502 9.811902 22.3082 8.13969 10.48946 21.68875 -7.81194 10.19832 8.06339 -8.70497 9.17054 8.32644 -7.84819 9.52832 6.46801 -8.068511 7.48123 4.76029 -8.472002 8.99747 6.76388 -8.910572 8.171812 7.25133 -8.487152 6.71069 5.17098 -8.78339 5.53871 5.93756 -8.827072 6.93589 6.13376 -8.914442 4.52108 6.55495 -9.00809 3.44139 7.10285 -2.52488 10.7966 5.44341 -6.37604 10.87409 8.506072 -3.42532 10.53381 5.09353 -6.6197 10.62987 7.63714 -5.58596 9.524641 4.65381 -4.28238 10.18335 4.86431 -6.39769 9.05089 4.57325 -7.05581 9.89042 6.2647 -7.2777 8.324272 4.56418 14.71637 -1.00002 18.30448 9.11121 9.6154 22.22925 8.300022 8.9941 22.79724 7.48444 8.20316 23.36832 6.71983 7.26218 23.90371 6.05099 6.21134 24.37204 4.46876 -10.99931 25.47945 3.97006 4.3218 25.65569 13.48764 -11.00002 19.16484 -9.00962 -7.94523 7.95428 -9.022912 7.83078 8.60572 -9.13174 7.34492 7.32504 -9.01689 1.01905 7.80848 6.11848 10.99998 28.10642 13.48764 10.99998 19.16484 9.61673 10.99998 21.56325 10.27987 10.99998 21.33061 -1.38547 10.99361 6.36442 8.953722 10.99149 21.12506 7.6708 -10.77166 33.60986 8.5341 -10.12134 34.05927 9.11094 -9.14807 34.35955 8.38867 -9.86395 35.85762 8.97843 -10.8978 31.57137 15.04788 -10.47307 28.44679 9.39344 -10.5981 32.16406 14.55192 -10.22275 29.17261 9.749812 -10.12134 32.67301 13.96278 -9.723381 30.12993 10.02327 -9.50002 33.06355 10.19517 -8.77648 33.30905 6.4481 -10.99915 33.5315 6.9515 -11.00002 32.56861 7.68086 -11.00002 31.65925 8.53307 -11.00002 30.93533 6.07891 -11.00002 34.73596 7.24306 -10.99855 29.51986 15.24554 10.78862 17.93394 16.93588 10.16265 16.75036 18.4937 9.14615 15.65955 19.85915 7.77816 14.70346 20.97974 6.11126 13.91881 21.81242 4.2095 13.33576 22.32518 2.14598 12.97673 22.49832 -2e-5 12.85549 22.32518 -2.14601 12.97673 21.81242 -4.20954 13.33576 20.97974 -6.11129 13.91881 19.85915 -7.77819 14.70346 18.4937 -9.146182 15.65955 16.93588 -10.16269 16.75036 15.24554 -10.78866 17.93394 17.24874 10.99998 22.51061 18.17611 10.6563 21.81541 19.22166 10.40002 21.06122 20.96988 9.32311 19.90791 22.40247 8.07652 18.90565 23.59134 6.43999 18.07167 24.49215 4.54886 17.44142 25.06778 2.47712 17.03791 25.29603 0.30725 16.87835 25.16816 -1.87593 16.96807 24.68785 -3.98494 17.30406 23.87474 -5.93575 17.87369 22.76056 -7.65164 18.65359 21.39038 -9.063241 19.61331 19.8175 -10.11579 20.71426 16.31776 -10.99078 23.16249 18.10548 -10.76687 21.91349 17.38796 -11.00002 24.73507 16.96749 -10.97764 25.55215 16.34939 -10.84743 26.69325 15.72066 -10.57274 27.87064 15.38818 -10.15375 29.25569 9.11094 9.14803 34.35955 8.5341 10.1213 34.05927 7.6708 10.77162 33.60986 16.43848 10.92617 26.28057 8.97843 10.89776 31.57137 15.95405 10.80158 27.06688 15.4353 10.63526 27.8569 9.39344 10.59806 32.16406 14.92284 10.3992 28.68267 14.42861 10.14589 29.35819 9.749812 10.1213 32.67301 13.8656 9.76151 30.19668 10.02327 9.49998 33.06355 13.36479 9.1849 30.8831 10.19517 8.77644 33.30905 9.29688 -7.99607 34.43215 9.27742 7.99604 34.46957 18.4821 10.97335 27.63127 20.32549 10.89922 26.34051 16.66504 10.58775 28.90359 22.11796 10.36841 25.08541 14.91703 9.740322 30.12738 23.78436 9.403141 23.91859 12.34762 8.527812 31.90911 25.25485 8.04386 22.88894 10.02733 7.99865 33.54759 11.78197 7.99998 32.32275 26.46777 6.34756 22.03964 19.1087 -1.00002 27.19253 27.37233 4.38535 21.40626 27.93064 2.23951 21.01533 28.11937 -10e-6 20.88318 27.93064 -2.23954 21.01533 27.37233 -4.38538 21.40626 10.17767 -7.99948 33.44432 26.46778 -6.34759 22.03964 11.78197 -8.00002 32.32275 12.79827 -8.6266 31.61546 25.25485 -8.04389 22.88894 13.84475 -9.17023 30.85625 23.78437 -9.403182 23.91858 14.95047 -9.75869 30.10414 22.11796 -10.36845 25.08541 20.3255 -10.89926 26.34051 18.48211 -10.97339 27.63127 16.66505 -10.58779 28.90358 17.38796 10.99998 24.73507 7.68086 10.99998 31.65925 6.88393 10.9987 32.6926 6.40583 10.99998 33.61652 6.07891 10.99998 34.73596 8.53307 10.99998 30.93533 14.42391 10.99998 24.49159 16.29335 10.99998 23.17457 -4.52128 -9.4878 55.75693 -3.74877 -5.29607 55.4433 -4.04355 -10.02226 55.55492 -3.4412 -10.49866 55.33802 -3.27828 -5.11393 55.28461 -2.56465 -5.00303 55.08788 -0.86205 -5.00303 54.8185 3.1e-4 -4.00303 54.78465 0.86268 -5.00303 54.8185 2.0708 -4.00303 54.98126 2.56528 -5.00303 55.08788 3.24817 -5.10488 55.27505 3.85739 -5.34857 55.48305 4.06665 -4.00303 55.56384 4.39886 -5.66467 55.70235 -2.03629 -5.00303 55.45412 2.03692 -5.00303 55.45412 -1.59865 -5.00303 55.92377 1.59927 -5.00303 55.92377 -1.27058 -5.00303 56.4766 1.27121 -5.00303 56.4766 -1.06794 -5.00303 57.08608 1.06857 -5.00303 57.08608 -0.99969 -5.00303 57.72238 1.00031 -5.00303 57.72238 -0.99969 -5.00303 64.0526 1.00031 -5.00303 64.0526 1.2327 -5.00303 64.87756 -0.2222099 -5.00303 64.80972 0.22284 -5.00303 64.80972 -0.62317 -5.00303 65.00281 0.62381 -5.00303 65.00281 -1.36571 -5.07242 64.78465 -0.90065 -5.00303 65.35076 0.90128 -5.00303 65.35076 -1.16938 -5.00303 65.70529 1.17001 -5.00303 65.70531 -0.99969 -5.00303 65.78465 1.00031 -5.00303 65.78465 1.08593 -5.00303 66.22726 -1.07869 -5.00303 66.24315 0.86804 -5.00303 66.28169 -0.86541 -5.00303 66.28516 0.50304 -5.00303 66.64909 0.766 -5.00303 66.67245 -0.75402 -5.00303 66.68211 -0.4985 -5.00303 66.65135 0.002539992 -5.00303 66.78464 0.28178 -5.00303 66.92274 -0.26495 -5.00303 66.92662 2.00031 -6.00303 57.72238 2.00069 -6.00303 64.78463 2.00031 -9.00303 57.72238 2.00032 -9.00303 64.78465 3.2e-4 -10.00303 55.78465 -1.6658 -10.00303 55.83743 3.2e-4 -10.00303 56.18634 -1.38036 -10.00303 56.2598 3.2e-4 -10.00303 56.5271 -1.1707 -10.00303 56.72397 3.2e-4 -10.00303 56.7947 1.04338 -10.00303 57.21588 -1.04276 -10.00303 57.21584 1.00031 -10.00303 57.72238 -0.99969 -10.00303 57.72238 1.00032 -10.00303 64.78465 -0.99968 -10.00303 64.78465 -1.99969 -9.00303 64.78465 -1.99969 -6.00303 64.74483 -1.99969 -6.00303 57.72238 -1.99969 -9.00303 57.72238 4.41109 -6.00303 55.76503 4.41097 -9.00303 55.765 3.90525 -6.00303 55.72464 3.90519 -9.00303 55.72466 3.40663 -6.00303 55.81253 3.40656 -9.00303 55.81256 2.94624 -6.00303 56.02271 2.94618 -9.00303 56.02274 2.55335 -6.00303 56.34171 2.55329 -9.00303 56.34176 2.25301 -6.00303 56.7493 2.25292 -9.00303 56.74944 2.06435 -6.00303 57.22037 2.06428 -9.00303 57.2206 -4.41046 -9.00303 55.76503 -4.41046 -6.00303 55.76503 -3.90463 -9.00303 55.72464 -3.90463 -6.00303 55.72464 -3.406 -9.00303 55.81253 -3.406 -6.00303 55.81253 -2.94561 -9.00303 56.02271 -2.94561 -6.00303 56.02271 -2.55272 -9.00303 56.34171 -2.55272 -6.00303 56.34171 -2.25238 -9.00303 56.7493 -2.25238 -6.00303 56.7493 -2.06372 -9.00303 57.22037 -2.06372 -6.00303 57.22037 -2.71138 -5.29592 55.82565 -1.97344 -5.29592 56.64922 -1.92357 -5.62035 57.72238 -1.38239 -5.07915 57.72238 -1.69827 -5.2875 64.78465 -1.70681 -5.29593 57.72238 -1.92125 -5.61481 64.78465 -1.99475 -6.00303 64.92503 1.43195 -5.1104 65.0197 1.383 -5.07915 57.72238 1.69889 -5.28749 64.78465 1.70742 -5.29592 57.72238 1.92189 -5.61481 64.78465 1.92419 -5.62034 57.72238 3.74839 -5.30497 55.44583 2.71693 -5.29592 55.82231 1.97546 -5.29592 56.64659 1.86633 -9.50305 64.78465 1.92419 -9.38571 57.72238 1.70742 -9.710142 57.72238 1.50029 -9.869071 64.78465 1.383 -9.92691 57.72238 -1.49969 -9.86905 64.78465 -1.38237 -9.92691 57.72238 -1.70679 -9.710142 57.72238 -1.86571 -9.50303 64.78465 -1.92357 -9.38571 57.72238 -4.20886 -9.24626 55.70316 -3.45966 -9.511981 55.65247 -2.92259 -9.70494 55.70795 -2.03552 -9.710142 56.53943 -1.97107 -9.982001 55.79823 -2.25367 -9.92569 55.77649 -2.52205 -9.845001 55.75502 3.2e-4 -10.6697 54.80614 -2.4748 -10.61703 55.07125 3.2e-4 -10.97928 54.4856 1.05032 -10.85241 54.68365 3.1e-4 -5.00303 65.78465 -1.73699 -5.33823 64.96863 -1.92773 -5.64578 64.9364 1.73761 -5.33822 64.96864 1.92836 -5.64578 64.9364 1.2738 -5.02203 65.28942 -1.81236 -5.27567 66.19547 -2.10209 -5.9457 66.32501 -1.15964 -5.27567 67.2369 -1.32993 -5.9457 67.50003 3.1e-4 -5.9457 67.95538 3.1e-4 -5.27567 67.6433 1.33056 -5.9457 67.50003 1.16027 -5.27567 67.23691 2.10272 -5.9457 66.32501 1.81299 -5.27567 66.19547 3.2e-4 -10.04902 55.45229 3.2e-4 -10.18686 55.17287 3.2e-4 -10.40319 54.94949 -1.78668 -10.32127 55.11591 -1.73172 -10.1721 55.44402 -0.99968 -10.00303 66.28465 1.00032 -10.00303 66.28465 2.10272 -8.9457 66.32501 -2.10209 -8.9457 66.32501 -1.32993 -8.9457 67.50003 3.2e-4 -8.9457 67.95538 1.33056 -8.9457 67.50003 1.73346 -10.1721 55.44402 1.78841 -10.32127 55.11591 2.47653 -10.61703 55.07125 2.52378 -9.845001 55.75502 2.25541 -9.92569 55.77649 1.97281 -9.982001 55.79823 2.03725 -9.710142 56.53943 2.92432 -9.70494 55.70795 3.4614 -9.511981 55.65247 4.2106 -9.24626 55.70316 1.17244 -10.00303 56.72397 1.3821 -10.00303 56.2598 1.66754 -10.00303 55.83743 3.44294 -10.49866 55.33802 4.04529 -10.02226 55.55492 4.52302 -9.4878 55.75693</float_array>
          <technique_common>
            <accessor source="#metacarpal_001-mesh-positions-array" count="746" stride="3">
              <param name="X" type="float"/>
              <param name="Y" type="float"/>
              <param name="Z" type="float"/>
            </accessor>
          </technique_common>
        </source>
        <source id="metacarpal_001-mesh-normals">
          <float_array id="metacarpal_001-mesh-normals-array" count="4257">-0.1649913 -0.6948316 0.6999907 -0.1721701 -0.7020109 0.6910413 -0.001761078 -0.9999787 0.006306111 -0.05354815 -0.9985653 4.31604e-4 0 -0.9999853 0.005416333 -0.04209679 0.9915068 -0.1230532 -0.01462018 0.9915619 -0.1288076 -0.01424121 0.9915308 -0.1290889 0.01421946 0.9915563 -0.1288953 0.01463288 0.9915258 -0.1290829 -9.45874e-4 0.9999995 -2.75816e-4 0 1 0 9.45802e-4 0.9999995 -2.75797e-4 0 1 -5.62796e-7 -0.04752063 0.9918997 -0.1178006 -0.04460251 0.9908388 -0.1274722 -0.0209524 0.9922773 -0.1222574 -0.01555109 0.9904482 -0.1370059 0.01553356 0.9904451 -0.1370306 0.02095091 0.992278 -0.1222517 0.04459136 0.9908379 -0.1274833 -0.09152615 -0.9255645 0.3673602 -0.09961688 -0.928885 0.3567202 -0.9997834 -0.01466178 0.0147705 -0.9997619 -0.02028119 0.008049607 0 0 1 0 9.15527e-7 1 -3.1779e-6 0 1 5.21748e-6 4.42364e-7 1 -3.99101e-6 3.27362e-7 1 6.66583e-7 2.03894e-7 1 6.85975e-7 0 1 -1.01054e-6 0 1 0 1 3.03796e-7 -0.1070449 -0.9371769 0.3320255 0.09366083 0.9526445 0.2893031 0.07027649 0.9478526 0.3108645 0.03296262 0.9525761 0.3025102 0.1710513 0.9616234 0.2145274 0.170564 0.9612507 0.2165763 0.1373319 0.9475182 0.2887031 0.1941366 0.9599949 0.2017938 1.64067e-4 0.947441 0.3199306 -0.03234237 0.9524948 0.3028332 -0.0702055 0.947474 0.3120327 -0.09559798 0.9524619 0.2892705 -0.1370388 0.9475119 0.2888625 -0.1943265 0.9599201 0.2019675 -0.1703899 0.9612233 0.216834 -0.1709738 0.9616587 0.2144308 0.2945978 -0.6401463 0.7095244 0.4621928 0.520227 0.7181515 0.4447255 0.03811693 0.8948556 0.5324525 0.4039812 0.7438371 0.3903992 -0.607651 0.6916277 0.4301537 -0.5448167 0.7198211 0.6097354 0.4163067 0.6744713 0.4501203 -0.6295406 0.6333012 -0.3400419 -0.6262993 0.7015132 -0.2321832 -0.6087548 0.7586229 -0.2235071 -0.5177029 0.82585 -0.2764285 0.3216638 0.9056047 -0.2873381 0.2939417 0.9116113 -0.1316081 0.4608884 0.8776453 0 -0.5819421 0.8132303 -0.01397871 -0.6233065 0.7818527 0 0.3165683 0.9485698 0.02349615 0.3835867 0.9232059 0.1803507 0.4457492 0.8768018 0.2523574 -0.505814 0.8249049 0.1552654 -0.637186 0.7549085 0.280397 0.2788872 0.9184768 0.30397 0.3430842 0.8887608 -0.4526972 -0.6392863 0.6215934 -0.5942116 0.4216408 0.6849319 -0.4963668 0.3667149 0.7868546 -0.5515088 0.1911107 0.811982 -0.4038592 0.4439662 0.79987 -0.4172452 -0.5408004 0.7303708 -0.4120194 -0.6063387 0.6801422 -0.1441041 -0.9396946 0.3101745 -0.1445456 -0.9396919 0.3099769 -0.1445367 -0.939693 0.3099778 -0.1214696 -0.9360834 0.330141 0.1333813 -0.9358304 0.3262376 0.1445406 -0.9396939 0.3099733 0.1443978 -0.9397105 0.3099895 0.1445426 -0.9396932 0.3099746 -0.1431047 -0.938692 0.3136532 -0.105059 -0.9425655 0.3170695 -0.09280949 -0.9347637 0.3429332 -0.03535515 -0.9430715 0.3307057 0.04524904 -0.9048495 0.4233204 -0.005545914 -0.9507271 0.3099797 0.07081472 -0.9361984 0.3442645 0.1039929 -0.943526 0.3145541 -0.3968706 0.8348858 0.3813916 -0.3206754 0.8547815 0.4080635 -0.3302763 0.8481298 0.4142384 -0.2594506 0.8268504 0.4990028 -0.2167999 0.8626601 0.4569631 -0.1682317 0.8287419 0.5337461 -0.1321747 0.7983877 0.5874581 -0.06546187 0.8972992 0.4365421 2.79591e-4 0.8386591 0.5446568 0.01265048 0.8676701 0.4969797 0.1118673 0.8617613 0.4948264 0.1081499 0.8436916 0.5258216 0.176509 0.8381801 0.5160413 0.2502694 0.8127468 0.5261253 0.2328509 0.8649675 0.4445356 0.3353143 0.8404036 0.4257771 0.3252812 0.8609095 0.391187 0.181529 0.9748023 -0.1296447 0.1700085 0.9772837 -0.1265456 0.304315 0.9524689 -0.01397544 0 1 0 -0.6998944 0 0.7142464 -0.7174819 0.002581715 0.6965724 0.853614 0.2229917 0.4707632 0.7894543 0.3702695 0.4895535 0.9614109 0.2548946 0.1035273 -0.7132801 -0.6853023 0.1469432 0.1710772 -0.9322444 0.3188307 0.1746981 -0.9329795 0.31469 0.9970929 0.07281225 -0.02245032 0.9409615 0.3362115 -0.03941202 0.918113 -0.2835806 0.2768586 0.7113927 -0.3320901 0.6193842 -0.4350432 -0.6582522 0.6143627 0.1755038 -0.9263921 0.3331609 0.2001907 -0.5680601 0.7982679 -0.3647494 -0.927789 0.07851976 0.9924114 -0.00581032 0.1228243 -0.3666052 -0.9272953 0.07565891 0.698612 -0.4543461 0.5527305 0.4867628 -0.5134554 0.7067005 0.9360083 -0.05072063 0.3483045 0.9406658 -0.09920978 0.324508 0.9985204 -0.05405843 0.005904078 0.9643698 -0.1841004 0.1899944 0.4964773 -0.6811473 0.5380973 0.748468 -0.5876225 0.3074012 0.3378761 -0.8061444 0.4857684 0.2491627 -0.6246939 0.740051 -0.3804866 -0.9247122 -0.01172071 -0.4030918 -0.9021184 0.1539464 -0.3957087 -0.9000087 0.182754 -0.1494628 -0.8515222 0.5025644 0.04363191 -0.784659 0.6183902 0.3300208 -0.719429 0.6111533 0.2395932 -0.7246546 0.6461198 0.1832863 -0.6922984 0.6979464 0.1259024 -0.5479865 0.8269579 -0.2286155 -0.8833224 0.4092389 -0.6981327 -0.6957056 0.1691285 0.09771686 -0.921039 0.3770129 1.76652e-6 1.38119e-6 1 4.75416e-6 1.15212e-6 1 -1.21978e-5 -3.9205e-6 1 -3.27472e-6 0 1 -4.04053e-6 0 1 -0.4555901 -0.2583937 0.851863 -0.2931705 -0.7044121 0.6464167 -0.1384958 -0.9539642 0.2660291 0.9582874 -0.2446018 0.1478354 0.8154289 -0.5787826 -0.009301602 0.9409943 -0.2477343 0.2305592 0.4446534 -0.8874356 0.1214151 0.3385215 -0.9396896 0.04885286 0.4061926 -0.8900536 0.2069111 0.6160272 -0.7054057 0.3505901 0.7145048 -0.3091562 0.6276188 -0.06004381 -0.9436119 0.3255631 -0.1934021 -0.8588019 0.4743997 -0.0176416 -0.7925394 0.6095654 0.008517444 -0.9368408 0.3496527 0.6575267 -0.325846 0.6793255 0.5071847 -0.6845967 0.5235371 0.3477866 -0.2695927 0.897978 0.2198952 -0.6634022 0.7152228 0.03121852 -0.8383212 0.5442821 -0.3118229 -0.7055625 0.6363554 -0.07666134 -0.5207408 0.850266 0.04716885 -0.2458003 0.9681722 -0.1088833 -0.1910598 0.9755207 -0.210868 -0.4659456 0.8593192 -0.2874101 -0.5378904 0.7925083 -0.4224039 -0.48541 0.7654752 -0.3679085 -0.4636559 0.806019 -0.5349411 -0.1696726 0.8276771 -0.5029341 -0.1015844 0.8583344 -0.5728848 -0.1418024 0.8072764 -0.5762851 -0.1463951 0.80403 -0.5563023 -0.06917017 0.8280962 -0.5202074 -0.258749 0.8138999 0.9712756 0 0.2379572 0.9712758 0 0.237957 0.7512787 0 0.6599851 0.7512967 5.00918e-7 0.6599646 0.3611996 1.75349e-6 0.9324885 0.3611713 0 0.9324996 -0.1108068 1.87864e-6 0.993842 -0.1108706 -1.95691e-6 0.9938349 -0.5576199 1.25242e-7 0.8300965 -0.5576345 0 0.8300867 -0.7263301 0 0.6873461 -0.727379 -7.95668e-5 0.686236 -0.6950691 3.81596e-4 0.7189429 -0.6148318 -0.003780603 0.7886493 -0.6557519 -0.02015453 0.7547074 -0.5389025 3.441e-4 0.8423681 -0.4896452 -0.001503527 0.8719205 -0.4715842 0.00881505 0.8817771 -0.4835572 0 0.8753128 -0.3559123 -0.9278681 0.1112982 -0.3559927 -0.9277235 0.1122428 -0.3430498 -0.9279015 0.1459988 -0.3430598 -0.9276217 0.1477428 -0.3248403 -0.9279559 0.1826929 -0.3246483 -0.9274773 0.1854435 -0.2998524 -0.9280331 0.2210052 -0.2992209 -0.9272761 0.2250024 -0.2663769 -0.9281523 0.2599555 -0.2649514 -0.9269985 0.2654707 -0.2226701 -0.9283236 0.2977137 -0.2198991 -0.9266225 0.3049837 -0.167271 -0.9285643 0.3313439 -0.1623458 -0.9261423 0.3404473 0.06865757 -0.9834015 0.1679518 0.05806672 -0.9880304 0.1429132 0.2754485 0.9612818 -0.008096873 0.2663117 0.9637091 -0.01851654 0.2767171 0.960617 0.02535045 0.2631749 0.963237 0.05397695 0.2677152 0.9606307 0.07427871 0.2457131 0.9626223 0.1139457 0.2470974 0.9609031 0.1249334 0.2147547 0.9619797 0.1687472 0.2145751 0.9610776 0.1740327 0.09300851 0.9914769 -0.09123063 0.1393717 0.9861059 -0.09039109 0.1375482 0.9871772 -0.08100384 0.1494109 0.9872235 -0.05537384 0.1887493 0.981343 -0.03660351 0.2000921 0.9797741 0.002411723 0.2238271 0.9730693 -0.05511367 0.2774343 0.960722 0.006598651 0.2270973 0.9730862 -0.03911453 0.06819635 0.9915381 -0.1104605 0.0717718 0.99107 -0.1123787 0.04751652 0.9919003 -0.1177967 0.8590837 -0.4199503 0.2926041 0.8458898 -0.4757149 0.241176 0.7125634 -0.60512 0.3550822 -0.1544003 -0.8824843 0.4442771 -0.3331208 -0.8282817 0.4505332 -0.2679652 -0.5957422 0.7571564 -0.2765297 -0.592945 0.7562722 0.8747748 -0.2989574 0.3813051 0.9271599 -0.2546402 0.2748323 0.8820419 -0.282207 0.3773079 0.8304435 -0.2794368 0.481953 0.8192818 -0.2207275 0.5292041 -0.2138313 -0.3760371 0.9015943 -0.1083639 -0.2059136 0.9725518 -0.5534327 -0.1223029 0.8238655 -0.7133502 -0.06059503 0.6981832 -0.4047763 -0.2260612 0.8860319 0.8678302 -0.1354726 0.4780355 0.8483987 -0.1308519 0.5129303 0.9710696 -0.02064651 0.2379028 0.7510259 0.0251457 0.6597939 0.3573264 0.1460827 0.9224846 0.9375442 -0.3378773 0.08276367 0.368851 -0.8658302 0.3380637 0.4026481 -0.8445541 0.3529915 0.3081966 -0.8786112 0.3647702 0.7923576 -0.4863625 0.3682674 0.7305503 -0.5583577 0.3931067 0.9395717 -0.1465377 0.3094056 0.9284114 0.2902234 0.2319975 0.9282006 0.2916212 0.2310863 0.5276768 -0.5684689 0.6311897 0.5146474 -0.5832424 0.6284636 0.6990635 0.2892489 0.6539459 0.6960343 0.2585837 0.669829 0.7332642 0.3930043 0.5548616 0.5154278 -0.6393498 0.5705841 0.7147815 -0.4432377 0.5409508 0.5037174 -0.6912536 0.5181095 0.6268813 -0.58202 0.5179505 0.5468404 -0.6432521 0.5359033 0.8545976 0.2361449 0.4624918 0.873515 0.3251417 0.3622907 0.7715889 0.6347616 0.0415728 0.7841985 0.6195056 -0.03529328 0.7531353 0.6424806 -0.141442 0.8286025 0.5490723 -0.10926 0.3052155 -0.6570729 0.6892741 0.2745088 -0.7721978 0.5730232 0.1955801 -0.8704637 0.4517095 0.25684 -0.8716261 0.4174938 0.1448611 -0.9397497 0.3096547 0.1440238 -0.939967 0.3093852 0.143891 -0.9399989 0.3093502 0.1437339 -0.9400289 0.3093322 0.1435323 -0.9400588 0.3093348 0.1433849 -0.9400723 0.3093621 0.1033923 -0.9394617 0.3266829 0 1 -9.6449e-7 0 1 1.09329e-6 0 1 0 0 1 -1.00672e-6 0 1 5.00193e-7 0.04527223 0.996233 -0.07396173 0.21031 0.9718139 -0.1065244 0.06837558 0.9914932 -0.1107527 0.04277241 0.9915733 -0.1222826 0.04209566 0.9915073 -0.1230503 0.5424768 0.839224 -0.03770893 0.5673756 0.8141562 -0.123429 0.4393406 0.8979291 0.02652215 0.4497515 0.8931401 0.004952311 0.414958 0.9036079 -0.1063147 0.3733166 0.9276967 0.003698647 0.3258244 0.9375778 -0.1215997 0.1322396 0.9911994 -0.006046712 0.9976606 0.05944401 -0.03376162 0.9976135 0.05955141 -0.03494405 0.9997448 0.02255862 0.001182854 0.9999992 9.01195e-4 -9.72198e-4 0.9999993 7.40967e-4 -9.9205e-4 0.9999982 9.52554e-4 -0.001641333 -0.00630182 -0.9999617 0.006071031 -0.009137213 -0.9999578 0.001014411 -0.008570909 -0.9999617 0.001843988 -0.008046209 -0.9999645 0.002515971 -0.007454514 -0.9999673 0.003173053 -0.006781578 -0.9999698 0.00381428 -0.006014645 -0.9999722 0.004433035 -0.005139827 -0.9999743 0.005016028 -0.004145264 -0.9999762 0.005541861 -0.003020942 -0.9999776 0.005984425 -0.6485067 -0.6686879 0.3637244 -0.7839894 -0.5694363 0.2471904 -0.7289426 -0.6083524 0.3139266 -0.6780672 -0.6246666 0.3873195 -0.6296131 -0.6111656 0.4796499 -0.6313033 -0.6132701 0.4747168 -0.7179126 -0.4304583 0.5470898 -0.6374449 -0.3846933 0.6675891 -0.6809158 -0.2819162 0.6759267 -0.6710427 -0.1832923 0.718405 -0.5739969 -0.07080215 0.8157908 -0.7172802 -0.1574237 0.6787687 -0.6923001 -0.1468494 0.7065097 -0.5501441 -0.627298 0.5512157 -0.499164 -0.6101937 0.6152226 -0.534205 -0.5139493 0.671179 -0.6629009 -0.3759032 0.6475023 -0.4550549 -0.6281846 0.6311175 -0.4357333 -0.6285614 0.6442415 -0.3184043 -0.6728957 0.6677051 -0.2965565 -0.6659915 0.6844776 0.405238 0.837207 0.367242 0.4044098 0.8537454 0.3279813 0.453079 0.8312928 0.3219808 0.4888501 0.8366203 0.2471681 0.4901221 0.8324396 0.2585049 0.5333657 0.8204053 0.2060497 0.5503077 0.8208811 0.1526951 0.5477446 0.8253557 0.1369814 0.5793628 0.8100057 0.09071832 0.5819913 0.8114454 0.05331557 0.5820857 0.8113893 0.05314046 0.5823394 0.8117495 0.04408514 0.6389082 0.7680376 -0.04375475 0.8724384 0.4887222 0.001351833 0.6629797 0.7486211 -0.004945397 0.535577 0.8444864 -4.16936e-4 0.468789 0.8833102 -3.08288e-4 0.3918539 0.9200267 -0.001252353 0.2487961 0.9685559 4.23942e-4 0.1085256 0.9940937 8.74665e-6 -0.5629857 0.8262389 -0.01940155 -0.4187536 0.9037044 -0.08923989 -0.9004349 -0.2593654 0.3492085 -0.9384166 -0.1179881 0.3247357 -0.3430846 0.9296272 -0.1344846 -0.1209132 0.9899572 -0.07324463 -0.9531967 0.2031885 0.2238987 -0.9473441 0.2911247 0.1333625 0.1918201 -0.8630257 0.4673241 -0.1259091 -0.5479879 0.826956 -0.1824741 -0.690322 0.7001134 -0.240737 -0.7234763 0.6470146 -0.331602 -0.7177672 0.6122503 -0.04400926 -0.784482 0.6185882 0.3612701 -0.8701947 0.3350301 -0.1031784 -0.9369419 0.3339074 -0.3065996 -0.6554335 0.69022 -0.2490037 -0.6207441 0.7434204 -0.5460596 -0.6984261 0.4626228 -0.4658017 -0.689118 0.5551083 -0.4866305 -0.6858475 0.5411136 -0.96437 -0.1840913 0.1900023 -0.9393253 -0.2293954 0.2550407 -0.974457 0.2097489 0.0802434 -0.9417758 -0.1188848 0.3145233 -0.4720174 -0.5159727 0.7148228 -0.5530737 -0.499853 0.6665258 -0.08362573 -0.975494 0.2035146 -0.9562035 0.2784443 0.09024322 0 1 8.87784e-5 0 -1 0 -0.7755063 -0.6209362 0.1141417 -0.9238896 -0.2623676 0.2785525 -0.9365091 -0.2651526 0.2294448 -0.4514099 -0.8852446 0.1121219 -0.6910722 -0.6792604 0.2470315 -0.7187887 -0.2910561 0.6313709 -0.4322356 -0.8915157 0.1355438 -0.2139084 -0.9764392 -0.02845603 -0.481918 -0.6994716 0.5277259 -0.6472734 -0.3049274 0.6986104 -0.2013591 -0.8733079 0.4436078 -0.3795987 -0.7014819 0.6031816 0.1195468 -0.9101178 0.3967297 -0.0695433 -0.8380956 0.5410726 3.32468e-4 -0.9541008 0.2994855 -0.3474878 -0.2725138 0.8972116 -0.1370832 -0.6223422 0.770648 -0.2889717 -0.2736129 0.9174047 0.1317057 -0.6925151 0.7092789 0.0084275 -0.5754378 0.8178023 0.2606684 -0.5980051 0.7579194 0.3609135 -0.63714 0.6810244 0.2952515 -0.704573 0.6452933 0.1086134 -0.1969481 0.9743791 0.1192365 -0.196326 0.973262 0.2261416 -0.4302067 0.8739464 0.4866968 -0.2608748 0.833709 0.4919068 -0.2657517 0.8290982 0.5243039 -0.2285252 0.8202937 0.5331658 -0.2320441 0.8135661 0.4918658 -0.3073228 0.8146293 0.5759968 -0.1382085 0.8056837 0.5464016 -0.07521843 0.8341387 0.5562819 -0.06906235 0.8281189 0.2931633 -0.7044277 0.6464031 0.4123466 -0.3059063 0.8581327 0.1180198 -0.9657306 0.2311617 -0.9712747 0 0.237961 -0.9712747 0 0.237961 -0.7512963 0 0.6599652 -0.7512962 0 0.6599652 -0.3611708 0 0.9324998 -0.3611987 0 0.9324889 0.1107808 0 0.9938449 0.1107808 0 0.9938449 0.5576138 0 0.8301005 0.5576138 0 0.8301006 0.4167314 -0.06069314 0.9070013 0.4415508 -0.03338313 0.896615 0.49187 0 0.8706688 0.485781 -0.001645684 0.8740791 0.4715737 0.00882256 0.8817825 0.5668327 0.001422226 0.8238318 0.6148238 -0.006633281 0.7886368 0.6315412 -0.002502679 0.7753384 0.6999132 0 0.714228 0.7153657 0.002269864 0.6987467 0.6954473 3.81612e-4 0.718577 0.7263305 -6.44912e-5 0.6873456 0.7275732 0 0.6860302 1 0 0 0.9690707 -0.1455953 -0.1992591 0.829643 0 0.5582944 0.8183941 -0.559135 0.1326622 0.2641188 -0.9384378 0.2226564 0.3083173 -0.929408 0.2028332 0.3333413 -0.9270878 0.1714403 0.3423998 -0.931488 0.1228516 0.4173759 -0.9031381 0.1006933 -0.01779633 -0.9987018 0.04772984 -0.2465085 0.9682102 -0.04245668 -0.2326043 0.9725051 -0.01136702 -0.2238143 0.9730722 -0.05511677 -0.2000851 0.9797757 0.002404332 -0.1797854 0.9814465 -0.0666331 -0.1646926 0.9861017 -0.02190762 -0.1375563 0.9871782 -0.08097916 -0.1393829 0.9861037 -0.0903995 -0.09302467 0.9914766 -0.0912171 -0.2144753 0.9610524 0.1742947 -0.2146789 0.9620077 0.1686838 -0.2470529 0.9608838 0.1251693 -0.2456656 0.9626367 0.1139255 -0.2677079 0.9606196 0.07444846 -0.2631635 0.9632403 0.05397385 -0.2767119 0.9606159 0.02544915 -0.2688867 0.9631395 -0.007902383 -0.2554129 0.9665963 0.02135527 -0.06967389 0.9911667 -0.1128461 -0.06977134 0.9915632 -0.1092451 -0.6454418 -0.5706996 0.5076485 -0.6437108 -0.5743157 0.5057647 -0.8400865 0.261258 0.4753935 -0.6797798 0.6453154 0.348522 -0.8839559 0.08801579 0.4592117 -0.8141444 0.3264353 0.4802176 -0.757463 0.3963721 0.5187862 -0.5314285 -0.5619884 0.6338399 -0.4964218 -0.6743922 0.5465901 -0.6934289 0.328139 0.6414679 -0.6976376 0.3152927 0.6433447 -0.7042449 -0.602815 0.3750376 -0.5508976 -0.7064312 0.4443724 -0.940039 -0.1471222 0.3077041 -0.9538547 0.1967941 0.2267892 -0.796006 0.5931959 0.1203878 0.3300366 -0.8072449 0.4893175 -0.2001888 -0.5680651 0.7982648 -0.1971258 -0.7726778 0.6034157 -0.3389657 -0.7678854 0.5435572 -0.5601406 -0.429384 0.7084292 -0.9315475 -0.3094332 0.1909721 -0.9203813 -0.3229451 0.2204651 0.5561883 -0.07182693 0.8279467 0.1108212 -1.49207e-5 0.9938403 -0.3568763 0.1562637 0.9209892 -0.3530703 -0.2099568 0.9117345 -0.7445253 -0.1339698 0.6540139 -0.9712247 0.01020288 0.2379466 -0.9418939 -0.02902776 0.3346541 -0.875788 -0.1192685 0.4677292 0.4329971 -0.201061 0.8786855 0.5069545 -0.2129976 0.8352421 -0.8193168 -0.2206313 0.5291897 0.2139229 -0.3759052 0.9016277 -0.8367201 -0.337892 0.4309625 -0.9448632 -0.1642012 0.2833223 -0.9029379 -0.2573437 0.3442057 -0.8233852 -0.4040699 0.3984526 0.4040828 -0.5643907 0.7198475 0.6361946 -0.5242626 0.5660435 0.4292007 -0.5408452 0.7233763 0.2464173 -0.4859613 0.8385226 0.228307 -0.7264661 0.6481689 -0.3530626 -0.8353108 0.4214295 0.338024 -0.8513029 0.401277 0.5200546 -0.7874316 0.3309001 0.2294224 -0.7965431 0.5593608 -0.8175801 -0.5226884 0.2415775 -0.9708204 -0.1973274 0.1362701 -0.9363335 -0.3145252 0.1560561 -0.8978933 -0.4147657 0.1475027 -0.9916682 0.1243146 -0.03376692 -0.9546853 0.2962439 0.02855777 -0.9338579 0.3528957 -0.0580886 -0.9701173 0.2232461 -0.09504616 -0.8466308 0.5286219 -0.06144422 -0.7798321 0.6256825 -0.01958036 -0.7515909 0.6591441 0.02530664 -0.7561105 0.6475699 -0.09460526 -0.7660727 0.6289647 -0.1324244 -0.7627762 0.6444297 -0.053694 -0.7271167 0.6859986 0.02659702 -0.7380262 0.6715718 0.06564056 -0.1805445 -0.9041571 0.3871741 -0.1912987 -0.8946574 0.4037241 -0.2423323 -0.816042 0.5247388 -0.2744246 -0.772237 0.5730107 -0.1497854 -0.9392872 0.3087134 -0.1492035 -0.9378125 0.3134424 -0.1485668 -0.9376189 0.3143225 -0.1403786 -0.9402695 0.3101405 -0.1445444 -0.9396938 0.3099722 -0.1445459 -0.9396917 0.3099774 0 1 3.02082e-7 0 1 -3.75522e-7 0 1 1.19789e-6 0 1 -4.1674e-7 0 1 4.57624e-7 0 1 -2.00213e-7 0 1 2.18865e-7 0 1 4.81676e-7 -0.3586186 0.9302901 -0.07715642 -0.3415974 0.9305967 -0.1315337 -0.4274174 0.9017574 -0.06440621 -0.3705775 0.9288011 -9.95153e-4 -0.2694818 0.9591634 -0.08593654 -0.1757986 0.9843481 0.01239681 -0.181824 0.9831443 -0.01916992 -0.04278308 0.9915738 -0.1222747 -0.06792074 0.9915012 -0.11096 -0.06979429 0.9911363 -0.1130382 -0.07000792 0.9917711 -0.107187 -0.99856 0.04531204 0.028723 -1 0 0 -1 1.05032e-6 0 -0.9999998 -1.22816e-4 6.69949e-4 -0.9999991 -0.00129795 6.4374e-4 -0.9999994 -9.48416e-4 6.5584e-4 0.00673747 -0.9999659 0.004790067 0 -1 -1.19684e-6 0.6689662 -0.7179136 0.1925731 0.713659 -0.6457888 0.2713813 0.6746267 -0.6515336 0.3469625 0.64887 -0.6298758 0.4268773 0.6481493 -0.626659 0.4326674 0.5822661 -0.6480954 0.490855 0.5389491 -0.6397618 0.5479405 0.5623564 -0.6221929 0.5446388 0.5410237 -0.5465663 0.639186 0.6057397 -0.4677963 0.6436195 0.6642187 -0.4694294 0.5817643 0.6822637 -0.4967961 0.536386 0.6824778 -0.5453812 0.4866039 0.6531258 -0.6197125 0.4351818 0.6059808 -0.4735791 0.6391481 0.7001823 -0.4275252 0.5718103 0.3176993 -0.234312 0.9187845 0.6580807 -0.2897439 0.6949664 0.7268456 -0.344377 0.5942221 0.6651231 -0.265991 0.6977536 0.7415592 -0.3835223 0.550455 0.6948758 -0.2050951 0.6892632 0.7075576 -0.1746121 0.6847429 0.6983307 -0.06705379 0.7126276 0.723989 -0.08034831 0.6851161 0.7042465 -0.06135988 0.7072989 -0.5587503 0.8293195 -0.005236923 -0.6231718 0.7819142 -0.01634794 -0.581666 0.8124344 0.04018706 -0.5818991 0.8114981 0.05352056 -0.5660099 0.8204883 0.08019936 -0.5820464 0.8125454 0.03149521 -0.5772551 0.8084235 0.1150137 -0.5437529 0.8255077 0.1512278 -0.5412178 0.8206696 0.1832619 -0.4846032 0.83957 0.2455241 -0.5106843 0.8274944 0.2333555 -0.473802 0.8160134 0.3311101 -0.404367 0.8535234 0.3286108 -0.9940276 0.1091282 6.74491e-4 -0.9502452 0.3114868 0.003183603 -0.8758808 0.4825254 -0.001455545 -0.7870864 0.616738 -0.01136642 -0.7203348 0.6936266 -2.43221e-4 -0.5410431 0.8408954 -0.01294517 -0.6231708 0.7820657 -0.005627155 -0.386107 0.9224398 -0.005141913 -0.2194848 0.9756151 0.001271545 -0.9296176 -0.3685257 1.52643e-4 -0.8124014 -0.5830928 0.002622187 -0.6979137 -0.7161819 -1.05137e-4 -0.5112339 -0.8594409 0.001180469 -0.2523711 -0.9676234 -0.003716409 -0.5182508 -0.8551351 0.01266098 0.07104653 -0.9424952 0.3265812 0.1304501 -0.9094547 0.3948101 0.2588169 -0.9659263 -4.76069e-4 0.1297771 -0.9914882 -0.01044368 0.3662033 -0.9305344 -0.001050949 0.8147502 -0.5797731 -0.006740868 0.9917746 -0.1279317 0.004085242 0.9757367 -0.218944 -0.001220405 -0.1989517 -0.9800093 3.43677e-4 -0.9756191 -0.2194445 0.003379702 7.64159e-5 -1 -1.49634e-4 -0.001448273 -0.999999 -2.71638e-4 6.59623e-4 -0.9999979 -0.001996397 1.72426e-4 -0.9999987 -0.001645386 -1.5504e-4 -0.999999 -0.001479923 -4.61768e-4 -0.9999989 -0.001397788 -0.005196452 -0.9999862 -7.93189e-4 0.9999995 -5.68447e-5 -0.001117169 0.9999988 6.15486e-4 -0.001474797 0.9999991 3.43773e-4 -0.001350104 0.9999993 1.09861e-4 -0.001252174 0.9999994 0 -0.001213312 -0.9999995 -6.79836e-4 6.70617e-4 -0.9999997 -5.12969e-4 6.85e-4 -0.9999998 -4.04061e-4 6.96555e-4 -0.9999998 -2.96801e-4 7.10732e-4 -0.9999997 -1.85189e-4 7.28688e-4 -0.9999998 -6.56892e-5 7.52558e-4 -0.9999997 0 7.68126e-4 -0.9999766 0.005854487 0.003559887 0.9658368 0.2590905 -0.005609154 0.7071046 0.7071055 -0.002238035 0.3826829 0.9238793 -0.001045882 0.1305231 0.9914451 -5.27442e-4 -0.9865424 0.1635055 -2.55401e-4 -0.8909938 0.4539845 0.005311429 -0.7070443 0.7070566 0.01263242 -0.4539932 0.8910045 0.001132726 -0.1494356 0.9887716 2.4953e-5 -0.1215342 0.9925803 -0.003719329 5.38233e-5 1 8.79221e-5 -8.30889e-5 1 1.35774e-4 1.01092e-5 1 9.15667e-5 3.05188e-5 1 8.92091e-5 -0.1079072 -0.994161 3.7858e-4 -0.3169037 -0.948447 0.004509031 -0.9738233 -0.2272988 0.001909673 -0.9928438 -0.119421 0 -0.9876886 0.1564338 0 -0.9914454 0.1305215 5.98777e-4 -0.9238755 0.3826931 -4e-4 -0.8910058 0.4539915 7.99672e-4 -0.7933559 0.6087579 -6.00428e-4 -0.707102 0.7071111 9.00005e-4 -0.6087593 0.7933442 0.00414282 -0.5299776 0.84801 -0.0016945 -0.4539936 0.8910049 -2.73693e-4 -0.3826833 0.9238791 9.57103e-4 -0.4079104 0.9130191 0.002316653 -0.4092361 0.9124277 -0.001230716 -0.1305229 0.991443 0.002153635 -0.1595622 0.9871879 -3.46511e-4 -0.1592211 0.9872429 4.53165e-4 0.370337 -0.8919044 -0.2595325 9.77697e-4 0.9999995 -5.41143e-4 -0.9811346 -0.1886375 -0.04231911 -0.9927677 -0.1194115 -0.01238405 -0.6824195 0.5101552 -0.5234936 -0.445069 0.6014032 -0.6634967 0.8191503 -4.44622e-5 -0.5735791 -0.8925992 0.2543619 -0.3722458 -0.8834134 0.2795026 -0.3761104 0.4940613 -2.40483e-5 -0.8694272 0.4270853 -0.004238128 -0.9042015 -0.2925593 0.001476824 -0.9562463 0.8191344 -1.58517e-5 -0.5736018 0.8220404 -0.008593678 -0.5693643 0.8215677 -0.007160663 -0.570066 0.8151793 0.009906828 -0.579124 0.8193041 4.21556e-5 -0.5733592 0.821676 -0.005285561 -0.5699303 0.8191466 -3.65216e-5 -0.5735841 -0.9295933 -0.3685058 -0.007737755 -0.8409205 -0.5314474 -0.1020609 -0.7010951 -0.7117212 -0.04380267 -7.41454e-4 -0.9999997 5.19183e-4 0.2344753 -0.5915774 -0.7713998 -0.3525118 -0.2283077 -0.9075301 0.4053244 -0.5969624 -0.6923497 0.3868564 -0.5694809 -0.7252817 -0.2854041 -0.2326986 -0.929729 -0.3081062 -0.2866998 -0.907124 -0.2580854 -0.3107728 -0.9147744 0.2352523 -0.6498371 -0.7227504 0.3082614 -0.6472194 -0.6971958 -0.3391634 -0.2951938 -0.8932127 0.2636034 -0.7284491 -0.6323569 -0.3482711 -0.3146103 -0.8830218 -0.4024055 -0.2733406 -0.8737018 0.3257277 -0.8163002 -0.4770277 0.007206141 -0.751901 -0.6592366 0.1662908 -0.7747781 -0.6099724 -0.3140775 -0.315967 -0.8952766 0.8254032 -0.1606515 -0.5412031 0.7946441 -0.3281174 -0.510764 0.7709918 -0.3999581 -0.495586 0.6005789 -0.6798084 -0.4209104 0.7283823 -0.4943956 -0.4743756 0.6460553 -0.6135708 -0.4540304 0.6546217 -0.6004487 -0.4592732 0.5810586 -0.7042791 -0.4078749 0.5834533 -0.7015139 -0.4092195 0.6085307 -0.6698091 -0.4254955 0.5109848 -0.7830234 -0.3546391 0.467592 -0.8194097 -0.3315503 0.4977935 -0.7933265 -0.3504779 0.4349515 -0.8470908 -0.3053758 0.4288836 -0.8514567 -0.3017956 0.3600082 -0.8979021 -0.2533102 0.3605179 -0.8976039 -0.2536419 -0.1302616 0.9894593 -0.06326347 -0.3840332 0.9113084 -0.1484441 -0.4255636 0.8377502 -0.3421553 -0.4593738 0.8346937 -0.3037471 -0.3830718 0.9117181 -0.1484122 -0.3782426 0.9131595 -0.1518955 -0.6066052 0.7905346 -0.08417385 -0.6947234 0.668669 -0.2650305 -0.7648291 0.6178538 -0.1824644 -0.7644858 0.6328662 -0.1226459 -0.7897777 0.6060146 -0.09485536 -0.9232894 0.3824504 -0.03561431 -0.9086756 0.3779664 -0.1773419 -0.9731803 0.2299985 -0.004557728 -0.9659085 0.2538001 -0.0510509 -0.9730681 0.2121016 -0.09028571 -0.9912177 0.1304894 -0.02145206 -0.706945 0.5638128 -0.4270176 -0.8822174 0.2816061 -0.3773467 -0.9244577 0.2194721 -0.3117853 -0.9414885 0.01782989 -0.3365734 -0.9694213 -0.007707476 -0.2452815 -0.9778158 -0.001156985 -0.2094634 -0.9785082 -0.01930975 -0.2053017 -0.9945684 -0.02576398 -0.1008474 -0.0597096 0.9947067 -0.08362662 -0.07485312 0.9900477 -0.1191751 -0.1523129 0.9617681 -0.2276026 -0.1801959 0.9511585 -0.2506531 -0.2859388 0.8785919 -0.3825119 -0.2660186 0.8910718 -0.3677299 -0.3889437 0.7559594 -0.5265437 -0.330592 0.8093642 -0.4854261 -0.5353021 0.6549629 -0.5333623 -0.5735474 -4.71213e-6 -0.8191725 -0.5735527 3.18824e-6 -0.8191688 -0.5595464 -0.008490681 -0.8287556 -0.6217409 0.01655763 -0.7830481 -0.5735751 2.02103e-5 -0.819153 -0.5735998 2.40665e-5 -0.8191357 -0.5736002 2.60183e-5 -0.8191356 -0.5736058 2.70482e-5 -0.8191315 -0.520311 -0.007112979 -0.8539472 -0.9999976 0 -0.002229869 -0.9999605 -9.54712e-4 -0.008839666 -0.9999848 -2.38309e-4 -0.005517005 -0.9959751 -0.01128739 0.08891725 5.68051e-4 0.9999999 -1.5988e-6 -0.002282917 0.9998708 -0.01591658 -0.07764327 0.8727428 0.4819664 0.05892801 0.7427743 0.6669438 0.04720222 0.8956388 0.4422703 0.1008482 0.9050546 0.4131655 0 1 -9.69386e-7 0.2575954 -0.9613674 0.09704273 0.1312013 -0.9397212 0.3157696 0.04225617 -0.9352617 0.3514256 0.03103083 -0.8998861 0.4350196 -0.02004897 -0.8914517 0.4526721 -0.01268786 -0.7964854 0.6045247 0.08486491 -0.9913715 0.09990334 0.08283251 -0.9943466 0.06643563 0.06828784 -0.996994 0.03660112 0.1792856 -0.9823005 0.05424475 0.1518359 -0.9883034 0.01422393 0.1698051 -0.9708784 0.1690016 0.3039133 -0.9188196 0.2518081 0.5597814 -0.8209493 0.1126378 0.4261043 -0.823891 0.3736828 0.4403165 -0.7881709 0.4300094 0.6172985 -0.7702536 0.1601622 0.6028181 -0.5976092 0.5286526 0.8311477 -0.537061 0.1440807 0.6117074 -0.5407065 0.5774518 0.7085366 -0.371837 0.599761 0.8875923 -0.3931177 0.2400805 0.9659365 -0.1682951 0.1965796 0.7364623 -0.1602863 0.657215 0.7103452 -0.1051629 0.695953 0.9659311 -0.07592827 0.2474108 0.6261373 -0.7796966 0.005059063 0.513269 -0.8582105 -0.005459129 0.9136981 -0.4062963 0.008891582 0.02994132 -0.9986367 0.04275947 0.07668846 -0.9914423 0.1056455 0.1128827 -0.9784675 0.1727978 0.2174077 -0.9238769 0.3149372 0.227968 -0.9142159 0.3350223 0.4059697 -0.6943662 0.5941752 0.3475649 -0.7933469 0.4997995 0.3537265 -0.7829507 0.5117284 0.431783 -0.6629902 0.6115615 0.451345 -0.6087604 0.6524558 0.4036271 -0.6950742 0.5949429 0.4867072 -0.3821648 0.7855356 0.5465233 -0.1077722 0.8304803 0.5681761 -0.1287083 0.8127793 0.5467531 -0.05619096 0.8354063 0.001029312 -0.9999983 0.001582384 6.67082e-4 -0.9999997 -2.70317e-4 9.92466e-4 -0.9999994 -4.92211e-4 -0.002207577 -0.9999881 -0.004372894 -4.44076e-4 -0.9999997 -6.3401e-4 -3.99185e-4 -0.9999998 7.03372e-4 -0.002157986 -0.9999967 -0.001387715 -8.64077e-4 -0.9999996 4.5485e-4 -0.00302869 -0.9999926 -0.00242418 -0.001444637 -0.9999989 -3.92136e-4 -4.97433e-4 -0.9999998 -5.85536e-4 -3.77831e-4 -0.9999997 7.1514e-4 -0.001370966 -0.9999991 -1.26992e-4 -0.573601 0 -0.8191349 -0.5735639 0 -0.8191608 -0.5735695 0 -0.8191569 -0.5735751 0 -0.8191531 -0.5735766 0 -0.819152 -0.5735797 0 -0.8191497 -0.5735779 0 -0.8191511 -0.5735745 0 -0.8191535 -0.5735722 0 -0.819155 -0.5735813 0 -0.8191488 -0.5735806 0 -0.8191491 -0.5735735 1.06461e-6 -0.8191542 -0.5735764 0 -0.8191521 -0.5735734 -9.25506e-7 -0.8191543 -0.5735781 9.02119e-7 -0.8191509 -0.573579 -7.87386e-7 -0.8191503 0.06693577 0.994916 -0.07524549 0.2424564 0.9584358 -0.1503855 0.2315085 0.9568821 -0.175444 0.1712161 0.9805607 -0.0958423 0.3903989 0.8818983 -0.2642804 0.3819234 0.8893216 -0.2514792 0.486346 0.8140874 -0.3173788 0.5169379 0.7730019 -0.3677544 0.6181187 0.6636969 -0.4212312 0.6307556 0.6343873 -0.4468783 0.7133687 0.5025672 -0.4883967 0.7201935 0.4713937 -0.5090278 0.7806341 0.3213067 -0.5360714 0.7818971 0.2902824 -0.5517003 0.8171386 0.1272961 -0.5622103 0.8135035 0.09802013 -0.5732402 0.8214355 -0.07136452 -0.5658187 0.8137028 -0.09801924 -0.5729573 0.7932282 -0.267776 -0.5468867 0.7826279 -0.2902833 -0.5506625 0.7336894 -0.4535452 -0.5059611 0.7214767 -0.4713993 -0.5072024 0.645263 -0.6211422 -0.4447674 0.6325663 -0.6343939 -0.4443021 0.5312111 -0.7642524 -0.3656954 0.5193695 -0.77301 -0.3642953 0.3963856 -0.8768622 -0.2720131 0.3861929 -0.8819213 -0.2703145 0.2458239 -0.9547487 -0.1674088 0.2381871 -0.9569391 -0.1659361 0.08548009 -0.9947659 -0.05598342 0.08107566 -0.9951841 -0.0550965 -0.1493528 0.8998677 0.4097951 -0.1301479 0.9717236 0.1970152 -0.0972591 0.9824987 0.158862 -0.0987311 0.9848567 0.1425114 -0.08998769 0.9907528 0.1015437 -0.03882867 0.9989612 0.02385437 0.03686761 0.999309 -0.004739701 0.055498 0.9976996 -0.03892999 0.01173061 0.9997888 0.0168792 0.2335456 0.9586886 -0.1623966 0.1885421 0.9717851 -0.141724 0.1619065 0.9807873 -0.1088244 0.3512733 0.9034531 -0.2457226 0.3663244 0.8889812 -0.2748068 0.4675387 0.8141487 -0.3443394 0.4938824 0.7972354 -0.3471252 0.6106984 0.6637285 -0.4318705 0.6171486 0.6576103 -0.4320607 0.705483 0.5025808 -0.4997063 0.7145703 0.490437 -0.4988597 0.7724085 0.3213178 -0.5478503 0.7820212 0.3027197 -0.544797 0.8086068 0.1272966 -0.5744133 0.8167033 0.1023371 -0.5679111 0.8126432 -0.07136619 -0.5783754 0.8173024 -0.1023353 -0.5670487 0.7844115 -0.2677729 -0.5594608 0.7836894 -0.3027158 -0.5423967 0.7248197 -0.4535374 -0.5185947 0.7172904 -0.4904265 -0.4949508 0.6363337 -0.6211212 -0.4574802 0.6209529 -0.6575973 -0.4265951 0.5223 -0.7642236 -0.3783717 0.4986871 -0.7972097 -0.340247 0.3874796 -0.8768175 -0.2846941 0.3556769 -0.9034261 -0.2394064 0.2370333 -0.9546941 -0.179929 0.1979289 -0.9717813 -0.1283172 0.081676 -0.9947641 -0.06142896 0.06945049 -0.9954918 -0.06459712 0.03686761 -0.999309 -0.004739165 -0.02038204 -0.9996496 0.01689058 -0.1375164 -0.9852135 0.102194 0.004871129 -0.9932399 0.1159772 -0.1670706 -0.9761651 0.1385254 -0.2274716 -0.9224012 0.3121423 -0.2582432 -0.9401305 0.2224075 0.7754843 0.02612709 0.6308262 0.7150592 0.1681404 0.678542 0.9554156 0.1616672 0.2470726 0.934406 0.2097238 0.2879264 0.7085373 0.3718373 0.5997599 0.8238803 0.5407095 0.1698662 0.6306576 0.5444158 0.5530664 0.5662583 0.602654 0.5622808 0.466059 0.7846885 0.4087211 0.4133448 0.8209499 0.3939384 0.4814304 0.8312235 0.2780147 0.7023378 0.7023389 0.1159384 0.3039129 0.9188195 0.2518089 0.3805869 0.9188193 0.1045225 0.2327789 0.971671 0.04086172 0.1485034 0.9821153 0.1157433 0.09871667 0.9883065 0.1162124 0.07303458 0.9914431 0.1081975 0.1305137 0.9913712 0.01222568 0.1018981 0.9943497 0.02975851 0.06994646 0.9969431 0.03481394 0.07486492 0.9914452 0.10692 0.053029 0.9953742 0.0801143 0.1826775 0.9474362 0.2626668 0.2165121 0.923874 0.3155622 0.2445843 0.903907 0.3508999 0.3015574 0.8507992 0.4303532 0.3445412 0.7933347 0.5019078 0.3936817 0.7281528 0.5610778 0.4181514 0.6861231 0.5953021 0.447412 0.6087421 0.6551761 0.5222609 0.4259079 0.7388139 0.5299182 0.3826805 0.7567974 0.5376675 0.3589675 0.7629261 0.5511312 0.1336752 0.8236416 0.5721329 0.02919214 0.8196414 0.9686799 7.87851e-4 0.2483117 0.9680526 5.91287e-4 0.2507469 0.7463847 -6.4912e-4 0.6655145 0.7757762 0.003217101 0.6310001 0.5735772 -7.39153e-6 0.8191516 0.5735753 4.99709e-6 0.8191528 0.5735726 -1.62349e-4 0.8191547 0.5735654 -2.65696e-5 0.8191598 0.5732547 -0.01083791 0.8193055 0.5727954 -0.001258671 0.8196975 0.5733024 0.02735114 0.8188874 0.5735765 -2.18259e-6 0.8191521 0.5723915 8.60799e-5 0.8199806 0.5735095 -8.07936e-5 0.819199 0.5735767 1.24925e-6 0.819152 0.5735776 2.96382e-7 0.8191513 0.5735239 -1.0892e-4 0.8191888 0.5735765 1.20538e-6 0.819152 0.5735774 0 0.8191514 0.5735771 0 0.8191516 0.5735772 -1.19435e-6 0.8191516 0.5735778 2.59358e-6 0.8191511 0.5735762 0 0.8191523 0.5729499 0.008018791 0.8195513 0.5735796 0.005685865 0.8191302 0.5723799 0.001925528 0.8199863 0.5745268 -0.03600335 0.8176936 0.5725673 0.0286405 0.8193573 0.5735757 -4.72582e-6 0.8191526 0.5735771 5.10478e-6 0.8191516 0.5735764 4.99712e-6 0.8191522 0.5735786 2.95662e-5 0.8191505 0 1 -3.71551e-7 0 1 8.75153e-7 0 1 -6.89799e-7 -4.93388e-4 0.9999996 8.58662e-4 7.78278e-4 0.9999992 -9.82297e-4 0 1 -1.64712e-6 0 1 -1.63473e-7 0 1 5.82003e-6 0.4264293 -0.001274764 0.90452 0.4558038 -5.20503e-4 0.8900801 0.3554629 8.11729e-5 0.9346904 0.3920079 0.002689003 0.9199579 0.3657835 0.03912615 0.9298772 0.3227221 -0.009045839 0.9464505 0.2724286 -0.04836392 0.9609598 0.2800181 -0.03618061 0.9593127 0.1562109 0.02802634 0.987326 0.0944252 -0.04776698 0.9943853 0 0.03383225 0.9994276 -0.09442478 -0.04776757 0.9943854 -0.1562107 0.02802634 0.9873261 -0.2683724 -0.03004956 0.9628465 -0.3747038 -0.1567031 0.9138059 -0.2801765 -0.01405972 0.9598456 -0.3741198 0.002502262 0.9273771 -0.4280449 -0.0102514 0.9036994 -0.4556709 -0.02415579 0.8898205 0 1 -5.52097e-6 0 1 4.06084e-6 0 1 -2.55717e-6 0 1 1.35737e-6 0 1 -2.8418e-6 -0.1050816 0.9935916 0.04163837 0.009289145 0.9989368 0.04515421 -0.07535994 0.9953441 -0.06009328 0.04500758 0.9983417 -0.03589177 -0.0772348 0.9952927 -0.05854439 0.0452708 0.9983854 -0.03431278 0 1 -1.46292e-6 0 1 -7.08969e-7 0 1 5.89513e-7 0 1 4.81983e-6 0 1 -3.48663e-6 0 1 6.22603e-6 1 0 -5.38128e-5 1 -1.23335e-4 -1.4179e-6 0 -1 6.31439e-6 0 -1 4.5474e-6 0 -1 -3.71764e-6 0 -1 3.61024e-6 0 -1 -3.76546e-6 -0.3275186 0 0.9448447 -0.3275169 4.71047e-6 0.9448454 -0.07958406 -5.6772e-6 0.9968281 -0.07951384 7.89033e-6 0.9968339 0.1735916 2.82538e-6 0.9848178 0.1735882 5.96458e-6 0.9848183 0.4153035 -4.71091e-7 0.909683 0.4153108 9.42198e-7 0.9096797 0.6303274 -4.78954e-6 0.7763295 0.6303516 2.35545e-7 0.7763098 0.8050408 -6.35735e-6 0.5932194 0.8050831 3.60964e-6 0.5931621 0.9283187 -1.03365e-5 0.3717855 0.9283547 7.20329e-6 0.3716956 0.9919615 -1.3191e-5 0.1265405 0.9919714 0 0.1264628 0.3275125 0 0.9448469 0.3275305 0 0.9448407 0.07960557 0 0.9968265 0.07958567 0 0.996828 -0.1735882 0 0.9848183 -0.1735688 0 0.9848217 -0.415303 0 0.9096832 -0.4153031 0 0.9096832 -0.6303274 0 0.7763295 -0.8050408 0 0.5932195 -0.805048 0 0.5932099 -0.9283189 0 0.3717851 -0.9919639 0 0.1265213 -0.9919636 0 0.1265238 0.3231931 0.1619828 0.9323669 0.1810336 0.328935 0.926838 0.1843532 0.3297075 0.9259087 0.07845449 0.1685275 0.9825699 -0.159456 0.3951727 0.9046614 -0.04529678 0.9315403 0.3608061 -0.1745858 0.8633983 0.4733533 -0.4005437 0.2640371 0.8774105 -0.323741 0.3519882 0.8782347 -0.2226155 0.9204896 0.3211563 -0.5800837 0.3912526 0.7144399 -0.78059 0.2446327 0.575182 -0.6942688 0.3619252 0.6220941 -0.2604647 0.9344771 0.2427153 -0.2706943 0.9316085 0.2425493 -0.3349773 0.9210178 0.1987877 -0.8562542 0.3863072 0.3429221 -0.3237493 0.9400001 0.1076401 -0.3640664 0.9269695 0.09046095 -0.9669678 0.2230753 0.1233327 -0.9754679 0.1940327 0.1039895 -0.8142856 0.5440649 0.2023178 -0.5472632 0.8189977 -0.1724703 -0.1950388 0.9805724 0.02092069 -0.5430639 0.8396914 4.82381e-4 -0.5555866 0.8314586 -3.20725e-4 -0.8264462 0.5630156 3.27229e-4 -0.8314818 0.5555521 -1.62604e-4 -0.9807853 0.1950905 1.69154e-4 -0.9801923 0.1980485 0 -0.9803683 0.1953347 0.02687668 0.4829684 0.8754973 -0.01568627 0.1950852 0.9807822 0.00289148 0.5527347 0.8333573 -1.38918e-4 0.5555692 0.8314704 -3.21349e-4 0.8264307 0.5630386 3.26118e-4 0.8314703 0.5555692 -1.64222e-4 0.9800155 0.1989213 1.63434e-4 0.9807863 0.1950854 -5.27998e-5 -0.3232587 0.1610673 0.9325027 -0.07832032 0.1788595 0.9807525 -0.1834015 0.3285996 0.9264914 -0.1848933 0.3284058 0.9262636 0.1593244 0.3968499 0.9039502 0.386586 0.3653581 0.8467968 0.3285776 0.3081333 0.8927993 0.03931283 0.9309097 0.3631278 0.1814504 0.8602754 0.4764474 0.2226 0.9205013 0.3211334 0.5802202 0.3906986 0.7146322 0.2665869 0.9312441 0.2484267 0.2664101 0.9335933 0.239644 0.7469063 0.3731176 0.5503765 0.708252 0.3041278 0.6370914 0.3350324 0.9209909 0.1988192 0.8563885 0.3859612 0.3429765 0.3567517 0.9266388 0.1186125 0.3222819 0.9460123 0.03457248 0.1942952 0.9768219 -0.08982527 0.5503206 0.823618 0.1371165 0.9246638 0.3031827 0.2303852 0.8166416 0.5456773 -0.1879703 0.9731976 0.19358 0.1241503 0.9807738 -0.1950889 0.004793822 0.965921 -0.2588372 -1.36952e-6 0.831477 -0.555554 -0.002418279 0.7070806 -0.7071166 0.004825234 0.5555646 -0.83147 -0.002417445 0.2588036 -0.9659233 0.003612637 0.1950869 -0.980786 -3.46085e-7 -0.1950895 -0.9807738 0.004794359 -0.2588236 -0.9659246 5.21736e-7 -0.5555645 -0.83147 -0.002417206 -0.7070991 -0.707098 0.004824995 -0.8314645 -0.5555727 -0.002417087 -0.9659171 -0.2588267 0.003613889 -0.9807851 -0.1950911 0 0.3273605 0.03111159 0.9443872 0.07823663 -0.1843753 0.9797372 0.02498686 -0.1189087 0.9925908 -0.1666673 -0.2797721 0.9454891 -0.1961511 -0.2752946 0.9411364 -0.3826696 -0.388454 0.8382526 -0.612369 -0.2370111 0.7542082 -0.6466735 -0.3296653 0.6878477 -0.1073995 -0.9363935 0.3341147 -0.2087717 -0.9238818 0.3207132 -0.2956996 -0.8938337 0.3370802 -0.3452923 -0.8654667 0.362961 -0.3200376 -0.9223862 0.2162862 -0.7414485 -0.3895503 0.546356 -0.346623 -0.9248455 0.1565678 -0.336233 -0.9377092 0.08745706 -0.2987692 -0.9539871 0.02540653 -0.1945807 -0.9782535 -0.07182323 -0.5490615 -0.8217371 0.1525774 -0.909471 -0.2004873 0.3642356 -0.9021581 -0.3510844 0.2507 -0.8166468 -0.5456687 -0.1879727 -0.9731997 -0.1935831 0.1241295 0.471539 -0.0143482 0.8817285 0.1430537 -0.9533354 0.2658711 0.3391696 -0.3852026 0.8582442 0.05431777 -0.7523102 0.6565662 0.2044992 -0.3714663 0.905645 0.03996634 -0.731595 0.6805671 0.01607435 -0.988027 0.1534415 -0.03998446 -0.7315404 0.6806247 -0.01607704 -0.9880283 0.1534335 -0.07104992 -0.942491 0.3265923 -0.1304692 -0.9094501 0.3948144 -0.4424508 -0.1168928 0.8891419 -0.1419774 -0.9500115 0.278066 0 1 1.43903e-6 0 1 9.52154e-7 0 1 -6.24925e-7 0 1 -9.52407e-7 0 1 -6.86874e-7 0 1 5.49488e-7 0 1 -2.198e-6 -0.5393391 0.8339989 0.1164441 -0.8262989 0.5629221 -0.01868343 -0.8510226 0.5204593 0.0698772 -0.9828194 0.1845195 -0.004311501 0.604853 0.7911382 0.09084659 0.8262812 0.5629481 -0.01867735 0.8510008 0.520487 0.06993675 0.9800164 0.1989131 -0.001187741 -0.3826122 0.9238317 0.01196295 -0.6055043 0.792051 -0.07758784 -0.982419 0.1831501 0.03618317 -0.8434541 0.5313736 -0.07891356 -0.920412 0.3813316 -0.08618533 -0.3511033 0.9344633 0.05920141 -0.7671257 0.4246745 0.4808014 -0.3085485 0.9234268 0.2282125 -0.3523148 0.9094587 0.2208147 -0.7682769 0.3935257 0.5048646 -0.1669139 0.9277244 0.3338673 -0.2949006 0.4132846 0.8615274 -0.3026924 0.4024117 0.8639689 -0.138964 0.9073995 0.3966298 0.002514719 0.9349591 0.3547468 0.2963518 0.4032521 0.8657733 0.3009946 0.4138812 0.8591302 0.1392924 0.9069368 0.3975716 0.1703324 0.9286429 0.3295591 0.7682726 0.3935255 0.5048713 0.3494687 0.9026625 0.2511415 0.3348116 0.9186226 0.2098426 0.7671315 0.4246712 0.480795 0.3527314 0.933998 0.05681943 0.9204784 0.3834818 -0.07524251 0.6135768 0.780852 0.1174461 0.4356967 0.897168 -0.07251232 0.9823454 0.1835697 0.03605079 0.84345 0.5313799 -0.07891613 0.6050899 0.7903663 0.09585148 0.0839501 -0.4720355 0.8775733 0.07372206 -0.3144437 0.9464091 0.03183829 -0.71798 0.6953352 0.05570387 -0.9124059 0.4054784 0.06149995 -0.8951175 0.441568 0.06956648 -0.9881622 0.1367331 0.01245242 -0.9194357 0.3930431 0 -1 -2.47842e-7 0 -1 3.40606e-7 0 -1 -2.52386e-7 -0.7642915 -0.6448709 0 0.04408097 -0.7185977 0.6940277 -0.04407942 -0.7185984 0.6940269 0.4783545 0.8781372 -0.007226705 0.1970303 -0.3282916 0.9237985 -0.114836 -0.9055504 0.4084008 0.3531275 -0.8725625 0.3375438 0.1973735 -0.8019872 0.563791 -0.1888568 -0.6710079 0.7169948 -0.252776 -0.650114 0.7165585 0.1260274 -0.6534017 0.7464472 -0.2126798 -0.2951637 0.9314751 -0.2042618 -0.3007122 0.9315843 0.1039645 -0.3002355 0.9481825 -9.7603e-5 -0.1876575 0.9822345 0.2626359 -0.1267769 0.9565303 0.2700648 -0.1371474 0.9530245 -0.1950807 0.9807873 0 -0.9996244 3.638e-4 0.02740442 -0.9644876 -0.258445 -0.05449807 -0.6995568 -0.6995532 0.1457593 -0.6235559 -0.665785 0.4097664 -0.2084872 -0.7652275 0.6090649 0 -0.8450017 0.5347636 0.2084891 -0.7652276 0.6090641 0.6235581 -0.6657817 0.4097684 0.9644857 -0.2584522 -0.05449759 0.6995357 -0.6995713 0.1457732 -0.2703323 -0.1375218 0.9528947 -0.2626359 -0.1267769 0.9565303 9.7603e-5 -0.1876575 0.9822345 -0.1039646 -0.3002352 0.9481826 0.2042583 -0.3007126 0.931585 0.2126789 -0.295162 0.9314758 -0.1260262 -0.6534016 0.7464474 0.2527849 -0.6501125 0.7165568 0.1888571 -0.6710087 0.7169941 -0.1973751 -0.8019866 0.5637913 -0.3531258 -0.8725596 0.3375529 0.114836 -0.9055506 0.4084004 -0.1970885 -0.3274795 0.9240743 -0.01244419 -0.9194349 0.3930454 -0.06952261 -0.9881656 0.1367319 -0.06146103 -0.895119 0.4415706 -0.0556696 -0.9124048 0.4054855 -0.03181892 -0.7179799 0.6953363 -0.07368361 -0.3143586 0.9464404 -0.08391344 -0.4720372 0.8775759 -0.2046165 -0.3709282 0.9058391 -0.05430173 -0.7522569 0.6566285 -0.3395893 -0.3843267 0.8584708 0.9732069 -0.1935836 0.1240712 0.8166244 -0.5456441 -0.1881413 0.9023537 -0.3499414 0.2515928 0.9094891 -0.2005954 0.3641307 0.5490185 -0.8216727 0.153078 0.1945784 -0.9782673 -0.07164204 0.2984415 -0.9540905 0.02537602 0.3363735 -0.9375845 0.08825141 0.3466266 -0.9248439 0.1565694 0.7418065 -0.3885838 0.5465581 0.3200407 -0.9223846 0.2162882 0.345292 -0.8654658 0.3629635 0.295709 -0.8938282 0.3370867 0.2087716 -0.9238814 0.3207141 0.1073997 -0.9363931 0.3341156 0.6468904 -0.3287394 0.6880868 0.6125313 -0.2361328 0.7543519 0.3827819 -0.3879434 0.8384378 0.1960166 -0.2749487 0.9412655 0.1666957 -0.2794638 0.9455752 -0.02494239 -0.1190448 0.9925756 -0.07814848 -0.1847188 0.9796794 -0.3273518 0.02953982 0.9444408 -0.3660895 0.03957867 0.9297376 -0.3923804 0.003088414 0.9197978 -0.4278317 -9.66497e-4 0.903858 0 -1 2.52096e-6 0 1 1.39908e-6 -0.1872155 0.9823188 -4.94087e-4 -0.2588236 -0.9659247 0 -0.6798568 -0.7150565 0.1627545 0.258804 -0.9659299 0 0.6798611 -0.715054 0.1627474 -0.9970736 0 -0.07644844 -0.9977747 0.004755139 -0.06650704 0.8357039 0 0.5491804 0.8357081 0 0.5491739 0.3238449 1.07394e-6 0.9461103 0.3238599 0 0.9461051 -0.3238601 0 0.9461051 -0.3238449 -1.08807e-6 0.9461103 -0.8357083 0 0.5491738 -0.8357039 0 0.5491804 0.9978136 0 -0.06609272 0.997798 -1.23449e-4 -0.06632697 -1.15935e-4 1 1.15117e-4 -1.59672e-5 1 1.44974e-4 -4.74823e-5 1 1.38709e-4 0.0361945 -0.9402186 0.3386429 0.1026628 -0.9450044 0.310527 0.1227678 -0.94865 0.2915327 0.1109439 -0.9433755 0.3126248 -0.03620165 -0.9402186 0.3386422 -0.102856 -0.945012 0.3104403 -0.1226163 -0.9485889 0.2917951 -0.1109423 -0.9433689 0.3126454 0 1 6.0988e-7 0.01046007 0.9999229 0.00670284 -5.27779e-4 0.9999986 0.00159657 -1.78806e-4 0.9999986 0.001674294 1.82431e-4 0.9999986 0.001673936 5.18432e-4 0.9999986 0.001601278 -0.01046007 0.9999228 0.00670284 0 1 -3.04942e-7</float_array>
          <technique_common>
            <accessor source="#metacarpal_001-mesh-normals-array" count="1419" stride="3">
              <param name="X" type="float"/>
              <param name="Y" type="float"/>
              <param name="Z" type="float"/>
            </accessor>
          </technique_common>
        </source>
        <source id="metacarpal_001-mesh-map-0">
          <float_array id="metacarpal_001-mesh-map-0-array" count="8928">0.3458378 0.9055902 0.3406813 0.8928482 0.3459293 0.8930782 0.3362233 0.9068552 0.3406813 0.8928482 0.3458378 0.9055902 0.3262678 0.892222 0.3223921 0.9032718 0.237267 0.8788102 0.237267 0.8788102 0.3442493 0.8928617 0.3262678 0.892222 0.3451974 0.8740391 0.3442493 0.8928617 0.237267 0.8788102 0.2346544 0.1384274 0.2187636 0.125609 0.2513784 0.115226 0.2513784 0.115226 0.264419 0.1218208 0.2346544 0.1384274 0.2531707 0.1477203 0.2346544 0.1384274 0.264419 0.1218208 0.2787171 0.1255317 0.2734202 0.1530317 0.2531707 0.1477203 0.264419 0.1218208 0.2787171 0.1255317 0.2531707 0.1477203 0.2670254 0.1158291 0.2896016 0.06404536 0.2835628 0.1190685 0.2945414 0.1190839 0.2835628 0.1190685 0.2896016 0.06404536 0.3049319 0.1172903 0.2945414 0.1190839 0.2896016 0.06404536 0.2896016 0.06404536 0.2670254 0.1158291 0.2527284 0.1074484 0.2527284 0.1074484 0.2448354 0.1003512 0.2896016 0.06404536 0.2448354 0.1003512 0.2387188 0.0923416 0.2896016 0.06404536 0.2448354 0.1003512 0.2527284 0.1074484 0.2404617 0.1062965 0.2513784 0.115226 0.2404617 0.1062965 0.2527284 0.1074484 0.2527284 0.1074484 0.2670254 0.1158291 0.2513784 0.115226 0.264419 0.1218208 0.2513784 0.115226 0.2670254 0.1158291 0.2787171 0.1255317 0.264419 0.1218208 0.2670254 0.1158291 0.2670254 0.1158291 0.2835628 0.1190685 0.2787171 0.1255317 0.2932449 0.1261889 0.2787171 0.1255317 0.2835628 0.1190685 0.3362233 0.9068552 0.3262678 0.892222 0.3406813 0.8928482 0.3223921 0.9032718 0.3262678 0.892222 0.3362233 0.9068552 0.7798085 0.8426253 0.7843865 0.8384079 0.7898186 0.8426485 0.7898186 0.8256977 0.7898186 0.8426485 0.7843865 0.8384079 0.4797258 0.9867429 0.4795783 0.9960551 0.4593075 0.9960551 0.5433826 0.8823289 0.4593075 0.9960551 0.4204803 0.9960551 0.5433826 0.8823289 0.4204803 0.9960551 0.4155858 0.9657768 0.5433826 0.8823289 0.4155858 0.9657768 0.4072843 0.9559059 0.5433826 0.8823289 0.4072843 0.9559059 0.4008594 0.9443632 0.5433826 0.8823289 0.4008594 0.9443632 0.3968662 0.9317913 0.5433826 0.8823289 0.3968662 0.9317913 0.3955156 0.9187207 0.3955188 0.8823289 0.5433826 0.8823289 0.3955156 0.9187207 0.2896016 0.06404536 0.3367208 0.04655736 0.3400268 0.05721098 0.2444695 0.8501815 0.237267 0.8788102 0.2331833 0.8486537 0.3333212 0.0181297 0.3281776 0.03059238 0.3192508 0.02362656 0.3333212 0.0181297 0.3192508 0.02362656 0.3211497 0.01025927 0.3211497 0.01025927 0.3192508 0.02362656 0.3093759 0.01868635 0.3367208 0.04655736 0.3308718 0.03690105 0.3507907 0.04041874 0.3433516 0.02830398 0.3507907 0.04041874 0.3308718 0.03690105 0.3333212 0.0181297 0.3433516 0.02830398 0.3281776 0.03059238 0.3433516 0.02830398 0.3308718 0.03690105 0.3281776 0.03059238 0.3073762 0.005063891 0.3211497 0.01025927 0.3093759 0.01868635 0.3093759 0.01868635 0.2983787 0.01576393 0.3073762 0.005063891 0.2927511 0.002814114 0.3073762 0.005063891 0.2983787 0.01576393 0.2983787 0.01576393 0.286965 0.01506036 0.2927511 0.002814114 0.2779301 0.00361818 0.2927511 0.002814114 0.286965 0.01506036 0.286965 0.01506036 0.2803072 0.0178436 0.2779301 0.00361818 0.2635114 0.00748378 0.2779301 0.00361818 0.2803072 0.0178436 0.2803072 0.0178436 0.2688733 0.02099794 0.2635114 0.00748378 0.2042815 0.9087407 0.1987756 0.9054675 0.1991748 0.895529 0.9393276 0.8488069 0.9330243 0.8242501 0.9377048 0.8290632 0.9393276 0.8488069 0.9335441 0.8371641 0.9330243 0.8242501 0.9393276 0.8488069 0.9346035 0.8470973 0.9335441 0.8371641 0.210694 0.9257803 0.1987756 0.9054675 0.2131558 0.9230231 0.3495442 0.784429 0.3464003 0.7804044 0.3495442 0.7668062 0.9355475 0.8527807 0.9346035 0.8470973 0.9393276 0.8488069 0.2131558 0.9230231 0.2178217 0.9287114 0.210694 0.9257803 0.2032086 0.8536751 0.2016117 0.8489262 0.2099038 0.8423846 0.9372182 0.7910537 0.9372515 0.772463 0.9413518 0.791088 0.9372515 0.772463 0.9413694 0.7771037 0.9413518 0.791088 0.9372182 0.7910537 0.93265 0.7768167 0.9372515 0.772463 0.9372182 0.7910537 0.9326251 0.785767 0.93265 0.7768167 0.9372182 0.7910537 0.9326563 0.796611 0.9326251 0.785767 0.9373741 0.8104963 0.9372182 0.7910537 0.9414775 0.8081223 0.9372182 0.7910537 0.9413518 0.791088 0.9414775 0.8081223 0.9372182 0.7910537 0.9373741 0.8104963 0.9326563 0.796611 0.9373741 0.8104963 0.9327602 0.8082929 0.9326563 0.796611 0.9329287 0.8194224 0.9327602 0.8082929 0.9373741 0.8104963 0.9373741 0.8104963 0.9416439 0.8190904 0.9377048 0.8290632 0.9373741 0.8104963 0.9414775 0.8081223 0.9416439 0.8190904 0.9373741 0.8104963 0.9377048 0.8290632 0.9329287 0.8194224 0.9377048 0.8290632 0.9330243 0.8242501 0.9329287 0.8194224 0.2268207 0.8239592 0.2167488 0.8337295 0.2155095 0.8297286 0.933724 0.7555457 0.9344341 0.7503827 0.9385562 0.7526537 0.9385562 0.7526537 0.9372515 0.772463 0.933724 0.7555457 0.9372515 0.772463 0.9329349 0.7648618 0.933724 0.7555457 0.9372515 0.772463 0.93265 0.7768167 0.9329349 0.7648618 0.9385562 0.7526537 0.9416439 0.7655243 0.9372515 0.772463 0.2155095 0.8297286 0.2167488 0.8337295 0.2099038 0.8423846 0.2214812 0.8476989 0.2126485 0.8545487 0.2099038 0.8423846 0.2099038 0.8423846 0.2167488 0.8337295 0.2214812 0.8476989 0.2167488 0.8337295 0.2331833 0.8486537 0.2214812 0.8476989 0.2167488 0.8337295 0.2444695 0.8501815 0.2331833 0.8486537 0.2042815 0.9087407 0.1991748 0.895529 0.210328 0.9008558 0.2131558 0.9230231 0.2042815 0.9087407 0.2184205 0.9084073 0.2042815 0.9087407 0.210328 0.9008558 0.2184205 0.9084073 0.2184205 0.9084073 0.2301808 0.9084768 0.2131558 0.9230231 0.2032086 0.8536751 0.2099038 0.8423846 0.2126485 0.8545487 0.2126485 0.8545487 0.208124 0.8656566 0.2032086 0.8536751 0.1985095 0.8674628 0.2032086 0.8536751 0.208124 0.8656566 0.208124 0.8656566 0.2061778 0.8774602 0.1985095 0.8674628 0.2061778 0.8774602 0.2069346 0.8893798 0.1985095 0.8674628 0.2069346 0.8893798 0.1973285 0.8844647 0.1985095 0.8674628 0.1991748 0.895529 0.1973285 0.8844647 0.2069346 0.8893798 0.2069346 0.8893798 0.210328 0.9008558 0.1991748 0.895529 0.2569025 0.005125761 0.2636934 0.003247082 0.2635114 0.00748378 0.2779301 0.00361818 0.2635114 0.00748378 0.2754501 0.001020491 0.2635114 0.00748378 0.2636934 0.003247082 0.2754501 0.001020491 0.2754501 0.001020491 0.2897523 0 0.2779301 0.00361818 0.2927511 0.002814114 0.2779301 0.00361818 0.2897523 0 0.2897523 0 0.2998082 7.49928e-4 0.2927511 0.002814114 0.3073762 0.005063891 0.2927511 0.002814114 0.3112727 0.00331664 0.2927511 0.002814114 0.2998082 7.49928e-4 0.3112727 0.00331664 0.3211497 0.01025927 0.3073762 0.005063891 0.3227996 0.007978558 0.3073762 0.005063891 0.3112727 0.00331664 0.3227996 0.007978558 0.3333212 0.0181297 0.3211497 0.01025927 0.3329755 0.01428723 0.3211497 0.01025927 0.3227996 0.007978558 0.3329755 0.01428723 0.3329755 0.01428723 0.3371242 0.01763486 0.3333212 0.0181297 0.3433516 0.02830398 0.3333212 0.0181297 0.3474233 0.0284354 0.3333212 0.0181297 0.3371242 0.01763486 0.3474233 0.0284354 0.3507907 0.04041874 0.3433516 0.02830398 0.3546285 0.03842413 0.3433516 0.02830398 0.3474233 0.0284354 0.3546285 0.03842413 0.3096846 0.1328687 0.306979 0.1240164 0.3230694 0.1169501 0.3284677 0.1340438 0.3096846 0.1328687 0.3230694 0.1169501 0.3284677 0.1340438 0.3230694 0.1169501 0.3399031 0.1192231 0.2896016 0.06404536 0.3406137 0.06828981 0.338444 0.07920628 0.2896016 0.06404536 0.3400268 0.05721098 0.3406137 0.06828981 0.7056338 0.7644945 0.7051432 0.8008757 0.7026439 0.7643617 0.7026439 0.7643617 0.7051432 0.8008757 0.70632 0.854138 0.5824561 0.7813863 0.5792613 0.7898636 0.574716 0.7706785 0.5824561 0.7813863 0.5838846 0.7878226 0.5792613 0.7898636 0.5736172 0.7552471 0.5747368 0.7573809 0.5726066 0.7580457 0.2773801 0.9488357 0.2838093 0.9478741 0.2864457 0.9550333 0.2610787 0.9488183 0.2552651 0.9545481 0.2434715 0.9492745 0.26216 0.9562413 0.2552651 0.9545481 0.2610787 0.9488183 0.5686706 0.7387602 0.5693339 0.7503609 0.5615918 0.7463523 0.5686706 0.7387602 0.5736172 0.7552471 0.5693339 0.7503609 0.5566763 0.7473458 0.5615918 0.7463523 0.563329 0.7491935 0.5622405 0.7513815 0.5566763 0.7473458 0.563329 0.7491935 0.2757417 0.9606906 0.2864457 0.9550333 0.2827447 0.9598392 0.2753841 0.9567912 0.2864457 0.9550333 0.2757417 0.9606906 0.7856741 0.8651666 0.7798085 0.8651666 0.7854235 0.8612623 0.2838093 0.9478741 0.2748435 0.9363566 0.280025 0.935537 0.5693339 0.7503609 0.563329 0.7491935 0.5615918 0.7463523 0.2838093 0.9478741 0.2773801 0.9488357 0.2748435 0.9363566 0.5622405 0.7513815 0.563329 0.7491935 0.5670374 0.7542188 0.729023 0.8642427 0.730604 0.859833 0.7320592 0.8614798 0.5693339 0.7503609 0.5670374 0.7542188 0.563329 0.7491935 0.5693339 0.7503609 0.5736172 0.7552471 0.5670374 0.7542188 0.5736172 0.7552471 0.5726066 0.7580457 0.5670374 0.7542188 0.5726066 0.7580457 0.5704244 0.7585405 0.5670374 0.7542188 0.845009 0.8645819 0.8428175 0.8643654 0.845009 0.8600592 0.56611 0.7548992 0.5704244 0.7585405 0.5686758 0.7587493 0.2663351 0.9580349 0.2618356 0.9581934 0.26216 0.9562413 0.7330045 0.8642427 0.729023 0.8642427 0.7320592 0.8614798 0.2773801 0.9488357 0.2722485 0.9507347 0.2748435 0.9363566 0.2748435 0.9363566 0.2722485 0.9507347 0.2689051 0.9382391 0.2689051 0.9382391 0.2722485 0.9507347 0.2641976 0.9400135 0.2641976 0.9400135 0.2722485 0.9507347 0.262318 0.9429049 0.262318 0.9429049 0.2722485 0.9507347 0.2610787 0.9488183 0.2646135 0.9524008 0.2610787 0.9488183 0.2722485 0.9507347 0.2678571 0.9560383 0.2646135 0.9524008 0.2722485 0.9507347 0.2678571 0.9560383 0.2722485 0.9507347 0.2706267 0.959443 0.7798085 0.8651666 0.7811777 0.8559973 0.7854235 0.8612623 0.2864457 0.9550333 0.2753841 0.9567912 0.2722485 0.9507347 0.2722485 0.9507347 0.2773801 0.9488357 0.2864457 0.9550333 0.2301808 0.9084768 0.237267 0.8788102 0.2407186 0.9124507 0.5433826 0.8823289 0.4797258 0.9867429 0.4593075 0.9960551 0.5433826 0.8823289 0.4931735 0.983776 0.4797258 0.9867429 0.5433826 0.8823289 0.5056065 0.9786319 0.4931735 0.983776 0.5433826 0.8823289 0.5171422 0.9712031 0.5056065 0.9786319 0.5433826 0.8823289 0.527733 0.9609757 0.5171422 0.9712031 0.5433826 0.8823289 0.5373153 0.9452784 0.527733 0.9609757 0.5433826 0.8823289 0.5433794 0.9187207 0.5373153 0.9452784 0.5256288 0.8227869 0.5146482 0.822613 0.5259708 0.8204956 0.5735797 0.01900333 0.5956428 0.02930128 0.5727314 0.02053409 0.5956428 0.02930128 0.5713737 0.02270269 0.5727314 0.02053409 0.3923947 0.6835826 0.3928875 0.6823881 0.404995 0.6848505 0.3834195 0.6770033 0.3928875 0.6823881 0.3923947 0.6835826 0.404995 0.6848505 0.4049607 0.6869418 0.3923947 0.6835826 0.5616053 0.01544308 0.560707 0.01677674 0.5515478 0.01026314 0.560707 0.01677674 0.5616053 0.01544308 0.5641274 0.01894533 0.5515478 0.01026314 0.5532715 0.007789194 0.5616053 0.01544308 0.5532715 0.007789194 0.5515478 0.01026314 0.545019 0.002617001 0.4049607 0.6869418 0.4049347 0.6885383 0.3923947 0.6835826 0.5713737 0.02270269 0.5641274 0.01894533 0.5616053 0.01544308 0.5616053 0.01544308 0.5639008 0.01320099 0.5713737 0.02270269 0.5639008 0.01320099 0.5616053 0.01544308 0.5532715 0.007789194 0.5727314 0.02053409 0.5713737 0.02270269 0.5639008 0.01320099 0.5516019 0.8343364 0.5545399 0.8342543 0.5555057 0.8461294 0.545019 0.002617001 0.547957 3.86561e-6 0.5532715 0.007789194 0.5555057 0.8461294 0.5533339 0.8461546 0.5516019 0.8343364 0.5547873 0.006733834 0.5532715 0.007789194 0.547957 3.86561e-6 0.5532715 0.007789194 0.5547873 0.006733834 0.5639008 0.01320099 0.5735797 0.01900333 0.5727314 0.02053409 0.5639008 0.01320099 0.5516019 0.8343364 0.5491099 0.8352439 0.5447674 0.8261607 0.5491099 0.8352439 0.5516019 0.8343364 0.5533339 0.8461546 0.5533339 0.8461546 0.5510177 0.8461468 0.5491099 0.8352439 0.5426059 0.8278992 0.5447674 0.8261607 0.5491099 0.8352439 0.5447674 0.8261607 0.5426059 0.8278992 0.5356509 0.8218486 0.5356509 0.8218486 0.5349075 0.8229793 0.5259708 0.8204956 0.5349075 0.8229793 0.5356509 0.8218486 0.5426059 0.8278992 0.5491099 0.8352439 0.5469028 0.8366374 0.5426059 0.8278992 0.5469028 0.8366374 0.5491099 0.8352439 0.5510177 0.8461468 0.5414395 0.829085 0.5426059 0.8278992 0.5469028 0.8366374 0.5426059 0.8278992 0.5414395 0.829085 0.5349075 0.8229793 0.5510177 0.8461468 0.5490808 0.8461081 0.5469028 0.8366374 0.5256288 0.8227869 0.5259708 0.8204956 0.5349075 0.8229793 0.4833261 0.6859367 0.4832928 0.688028 0.404995 0.6848505 0.4049607 0.6869418 0.404995 0.6848505 0.4832928 0.688028 0.4832928 0.688028 0.4832668 0.6896245 0.4049607 0.6869418 0.4049347 0.6885383 0.4049607 0.6869418 0.4832668 0.6896245 0.5555005 0.918915 0.5533298 0.9189391 0.5555057 0.8461294 0.5533339 0.8461546 0.5555057 0.8461294 0.5533298 0.9189391 0.5533298 0.9189391 0.5510135 0.9189314 0.5533339 0.8461546 0.5510177 0.8461468 0.5533339 0.8461546 0.5510135 0.9189314 0.5510135 0.9189314 0.5490766 0.9188928 0.5510177 0.8461468 0.5490808 0.8461081 0.5510177 0.8461468 0.5490766 0.9188928 0.6995499 0.7642312 0.7026439 0.7643617 0.6985726 0.8369935 0.7026439 0.7643617 0.700864 0.8464947 0.6985726 0.8369935 0.70632 0.854138 0.700864 0.8464947 0.7026439 0.7643617 0.5433826 0.8823289 0.5273639 0.8819568 0.5414395 0.829085 0.5273639 0.8819568 0.5349075 0.8229793 0.5414395 0.829085 0.5256288 0.8227869 0.5349075 0.8229793 0.5273639 0.8819568 0.517292 0.8635913 0.5256288 0.8227869 0.5273639 0.8819568 0.5146482 0.822613 0.5256288 0.8227869 0.5172941 0.8362972 0.5256288 0.8227869 0.517292 0.8635913 0.5172941 0.8362972 0.280025 0.935537 0.2855225 0.9341735 0.2838093 0.9478741 0.2906458 0.9461617 0.2838093 0.9478741 0.2855225 0.9341735 0.2855225 0.9341735 0.2913777 0.932117 0.2906458 0.9461617 0.2979483 0.9435669 0.2906458 0.9461617 0.2913777 0.932117 0.2913777 0.932117 0.2975989 0.9291656 0.2979483 0.9435669 0.3056914 0.9398298 0.2979483 0.9435669 0.2975989 0.9291656 0.2975989 0.9291656 0.3040862 0.9250777 0.3056914 0.9398298 0.3137673 0.9346364 0.3056914 0.9398298 0.3040862 0.9250777 0.3040862 0.9250777 0.3106484 0.919576 0.3137673 0.9346364 0.3219014 0.92763 0.3137673 0.9346364 0.3106484 0.919576 0.3106484 0.919576 0.3169361 0.9123743 0.3219014 0.92763 0.3296362 0.9184492 0.3219014 0.92763 0.3169361 0.9123743 0.3169361 0.9123743 0.3223921 0.9032718 0.3296362 0.9184492 0.3362233 0.9068552 0.3296362 0.9184492 0.3223921 0.9032718 0.237267 0.8788102 0.262318 0.9429049 0.2407186 0.9124507 0.2641976 0.9400135 0.262318 0.9429049 0.237267 0.8788102 0.338444 0.07920628 0.3470516 0.09659379 0.3336482 0.08933418 0.338444 0.07920628 0.3515039 0.0881204 0.3470516 0.09659379 0.3548015 0.07798475 0.3515039 0.0881204 0.338444 0.07920628 0.338444 0.07920628 0.3406137 0.06828981 0.3548015 0.07798475 0.3562425 0.06631833 0.3548015 0.07798475 0.3406137 0.06828981 0.3406137 0.06828981 0.3400268 0.05721098 0.3562425 0.06631833 0.3550963 0.05353093 0.3562425 0.06631833 0.3400268 0.05721098 0.3400268 0.05721098 0.3367208 0.04655736 0.3550963 0.05353093 0.3507907 0.04041874 0.3550963 0.05353093 0.3367208 0.04655736 0.3108626 0.1149013 0.306979 0.1240164 0.3049319 0.1172903 0.3230694 0.1169501 0.306979 0.1240164 0.3108626 0.1149013 0.3108626 0.1149013 0.3167536 0.1107032 0.3230694 0.1169501 0.3167536 0.1107032 0.3224695 0.1048817 0.3230694 0.1169501 0.3224695 0.1048817 0.3311068 0.1112908 0.3230694 0.1169501 0.3390678 0.1044642 0.3311068 0.1112908 0.3224695 0.1048817 0.3224695 0.1048817 0.3280606 0.09770709 0.3390678 0.1044642 0.3390678 0.1044642 0.3336482 0.08933418 0.3470516 0.09659379 0.3390678 0.1044642 0.3280606 0.09770709 0.3336482 0.08933418 0.2932449 0.1261889 0.3049319 0.1172903 0.306979 0.1240164 0.2932449 0.1261889 0.2945414 0.1190839 0.3049319 0.1172903 0.2835628 0.1190685 0.2945414 0.1190839 0.2932449 0.1261889 0.5552437 0.7374305 0.5615918 0.7463523 0.5517973 0.7414855 0.5381023 0.7152535 0.5552437 0.7374305 0.5517973 0.7414855 0.5381023 0.7152535 0.5372436 0.7079204 0.5552437 0.7374305 0.3127027 0.9611902 0.2827447 0.9598392 0.3148568 0.9562703 0.2827447 0.9598392 0.2864457 0.9550333 0.3148568 0.9562703 0.2372685 0.7600737 0.2412602 0.7387242 0.2425628 0.7610216 0.2468909 0.7378765 0.2425628 0.7610216 0.2412602 0.7387242 0.5381023 0.7152535 0.5137281 0.6969421 0.5372436 0.7079204 0.5137281 0.6969421 0.531772 0.703069 0.5372436 0.7079204 0.5137281 0.6969421 0.5251433 0.6983144 0.531772 0.703069 0.5137281 0.6969421 0.5171412 0.6938534 0.5251433 0.6983144 0.507587 0.6899956 0.5171412 0.6938534 0.5137281 0.6969421 0.2412602 0.7387242 0.2428612 0.7301948 0.2468909 0.7378765 0.5544775 0.9475436 0.5510135 0.9189314 0.5533298 0.9189391 0.5544775 0.9475436 0.5490766 0.9188928 0.5510135 0.9189314 0.8661489 0.8553315 0.8638908 0.8371583 0.8661489 0.8256968 0.2468909 0.7378765 0.2428612 0.7301948 0.2447294 0.7202613 0.5137281 0.6969421 0.4832544 0.6903628 0.507587 0.6899956 0.4832544 0.6903628 0.4963746 0.6871698 0.507587 0.6899956 0.4833261 0.6859367 0.4963746 0.6871698 0.4832928 0.688028 0.4963746 0.6871698 0.4832668 0.6896245 0.4832928 0.688028 0.5575871 0.9309689 0.5533298 0.9189391 0.5555005 0.918915 0.5566763 0.7473458 0.5517973 0.7414855 0.5615918 0.7463523 0.2618356 0.9581934 0.2552651 0.9545481 0.26216 0.9562413 0.2618356 0.9581934 0.2488859 0.9541451 0.2552651 0.9545481 0.2488859 0.9541451 0.2434715 0.9492745 0.2552651 0.9545481 0.574716 0.7706785 0.5720203 0.7705549 0.5686758 0.7587493 0.5686758 0.7587493 0.5704244 0.7585405 0.574716 0.7706785 0.5704244 0.7585405 0.5726066 0.7580457 0.574716 0.7706785 0.5794152 0.7691516 0.574716 0.7706785 0.5726066 0.7580457 0.5726066 0.7580457 0.5747368 0.7573809 0.5794152 0.7691516 0.2275526 0.9428566 0.210694 0.9257803 0.2236935 0.9347688 0.210694 0.9257803 0.2178217 0.9287114 0.2236935 0.9347688 0.5820496 0.805759 0.5792613 0.7898636 0.5861603 0.8000147 0.5792613 0.7898636 0.5851665 0.7942549 0.5861603 0.8000147 0.5838846 0.7878226 0.5851665 0.7942549 0.5792613 0.7898636 0.2236935 0.9347688 0.2302973 0.9404773 0.2275526 0.9428566 0.5792613 0.7898636 0.5720203 0.7705549 0.574716 0.7706785 0.2275526 0.9428566 0.2434715 0.9492745 0.2488859 0.9541451 0.2275526 0.9428566 0.2369509 0.9452977 0.2434715 0.9492745 0.2275526 0.9428566 0.2302973 0.9404773 0.2369509 0.9452977 0.574716 0.7706785 0.5809476 0.7751201 0.5824561 0.7813863 0.5809476 0.7751201 0.574716 0.7706785 0.5794152 0.7691516 0.5794152 0.7691516 0.5747368 0.7573809 0.580379 0.7580303 0.5798747 0.7468857 0.580379 0.7580303 0.5736172 0.7552471 0.580379 0.7580303 0.5747368 0.7573809 0.5736172 0.7552471 0.5736172 0.7552471 0.5686706 0.7387602 0.5798747 0.7468857 0.2646135 0.9524008 0.2678571 0.9560383 0.2663351 0.9580349 0.2610787 0.9488183 0.2646135 0.9524008 0.2663351 0.9580349 0.2663351 0.9580349 0.26216 0.9562413 0.2610787 0.9488183 0.2407186 0.9124507 0.262318 0.9429049 0.2301808 0.9084768 0.262318 0.9429049 0.2131558 0.9230231 0.2301808 0.9084768 0.262318 0.9429049 0.2178217 0.9287114 0.2131558 0.9230231 0.262318 0.9429049 0.2236935 0.9347688 0.2178217 0.9287114 0.262318 0.9429049 0.2302973 0.9404773 0.2236935 0.9347688 0.262318 0.9429049 0.2369509 0.9452977 0.2302973 0.9404773 0.262318 0.9429049 0.2434715 0.9492745 0.2369509 0.9452977 0.2434715 0.9492745 0.262318 0.9429049 0.2610787 0.9488183 0.338444 0.07920628 0.3336482 0.08933418 0.2896016 0.06404536 0.2896016 0.06404536 0.3108626 0.1149013 0.3049319 0.1172903 0.2896016 0.06404536 0.3167536 0.1107032 0.3108626 0.1149013 0.2896016 0.06404536 0.3224695 0.1048817 0.3167536 0.1107032 0.2896016 0.06404536 0.3280606 0.09770709 0.3224695 0.1048817 0.2896016 0.06404536 0.3336482 0.08933418 0.3280606 0.09770709 0.3151671 0.1509287 0.294427 0.1541218 0.3096846 0.1328687 0.294427 0.1541218 0.306979 0.1240164 0.3096846 0.1328687 0.294427 0.1541218 0.2932449 0.1261889 0.306979 0.1240164 0.2787171 0.1255317 0.2932449 0.1261889 0.294427 0.1541218 0.294427 0.1541218 0.2734202 0.1530317 0.2787171 0.1255317 0.356989 0.09603714 0.3470516 0.09659379 0.3515039 0.0881204 0.3390678 0.1044642 0.3470516 0.09659379 0.356989 0.09603714 0.356989 0.09603714 0.3522909 0.1025623 0.3390678 0.1044642 0.3522909 0.1025623 0.346432 0.1105254 0.3390678 0.1044642 0.3311068 0.1112908 0.3390678 0.1044642 0.346432 0.1105254 0.346432 0.1105254 0.3399031 0.1192231 0.3311068 0.1112908 0.3311068 0.1112908 0.3399031 0.1192231 0.3230694 0.1169501 0.3284677 0.1340438 0.3151671 0.1509287 0.3096846 0.1328687 0.5615918 0.7463523 0.5552437 0.7374305 0.5686706 0.7387602 0.5686706 0.7387602 0.5552437 0.7374305 0.5372436 0.7079204 0.5686706 0.7387602 0.5372436 0.7079204 0.5649467 0.483201 0.5372436 0.7079204 0.531772 0.703069 0.5649467 0.483201 0.531772 0.703069 0.5251433 0.6983144 0.5649467 0.483201 0.5251433 0.6983144 0.5171412 0.6938534 0.4082927 0.4815233 0.237267 0.8788102 0.2689051 0.9382391 0.2641976 0.9400135 0.237267 0.8788102 0.2748435 0.9363566 0.2689051 0.9382391 0.237267 0.8788102 0.280025 0.935537 0.2748435 0.9363566 0.237267 0.8788102 0.2855225 0.9341735 0.280025 0.935537 0.237267 0.8788102 0.2913777 0.932117 0.2855225 0.9341735 0.237267 0.8788102 0.2975989 0.9291656 0.2913777 0.932117 0.237267 0.8788102 0.3040862 0.9250777 0.2975989 0.9291656 0.237267 0.8788102 0.3106484 0.919576 0.3040862 0.9250777 0.237267 0.8788102 0.3169361 0.9123743 0.3106484 0.919576 0.237267 0.8788102 0.3223921 0.9032718 0.3169361 0.9123743 0.3148568 0.9562703 0.2864457 0.9550333 0.2838093 0.9478741 0.3674643 0.7310715 0.363156 0.7259998 0.3674643 0.698152 0.363156 0.7259998 0.3585858 0.7205648 0.3674643 0.698152 0.2979483 0.9435669 0.3056914 0.9398298 0.3148568 0.9562703 0.3327967 0.9445661 0.3148568 0.9562703 0.3137673 0.9346364 0.3148568 0.9562703 0.3056914 0.9398298 0.3137673 0.9346364 0.3024769 0.7824223 0.2883961 0.7715599 0.3024769 0.7555717 0.5719465 0.8212149 0.5842765 0.8191078 0.5842765 0.8436636 0.6005208 0.8592319 0.6099066 0.8486981 0.6104701 0.8592319 0.2304064 0.732892 0.2447294 0.7202613 0.2428612 0.7301948 0.2304064 0.732892 0.2468909 0.7087894 0.2447294 0.7202613 0.70632 0.7381659 0.7026439 0.7643617 0.6995499 0.7642312 0.70632 0.7381659 0.7056338 0.7644945 0.7026439 0.7643617 0.3137673 0.9346364 0.3219014 0.92763 0.3327967 0.9445661 0.3470023 0.9279537 0.3327967 0.9445661 0.3219014 0.92763 0.5356779 0.9704377 0.5171422 0.9712031 0.527733 0.9609757 0.7574284 0.8391249 0.765446 0.8256977 0.765446 0.8534296 0.3219014 0.92763 0.3296362 0.9184492 0.3470023 0.9279537 0.3461955 0.9171793 0.3470023 0.9279537 0.3296362 0.9184492 0.3296362 0.9184492 0.3362233 0.9068552 0.3461955 0.9171793 0.3458378 0.9055902 0.3461955 0.9171793 0.3362233 0.9068552 0.3546285 0.03842413 0.358408 0.04494154 0.3507907 0.04041874 0.3550963 0.05353093 0.3507907 0.04041874 0.358408 0.04494154 0.358408 0.04494154 0.3620582 0.05264955 0.3550963 0.05353093 0.3562425 0.06631833 0.3550963 0.05353093 0.3650529 0.06081372 0.3550963 0.05353093 0.3620582 0.05264955 0.3650529 0.06081372 0.3650529 0.06081372 0.3671327 0.06861454 0.3562425 0.06631833 0.3548015 0.07798475 0.3562425 0.06631833 0.3684218 0.07590508 0.3562425 0.06631833 0.3671327 0.06861454 0.3684218 0.07590508 0.3684218 0.07590508 0.3690601 0.08262348 0.3548015 0.07798475 0.3515039 0.0881204 0.3548015 0.07798475 0.3690601 0.08262348 0.3690601 0.08262348 0.3645513 0.09294468 0.3515039 0.0881204 0.3515039 0.0881204 0.3645513 0.09294468 0.356989 0.09603714 0.3645513 0.09294468 0.360059 0.1032658 0.356989 0.09603714 0.5796138 0.4852343 0.5798747 0.7468857 0.5686706 0.7387602 0.356989 0.09603714 0.360059 0.1032658 0.2570829 0.3468301 0.246988 0.3431268 0.3522909 0.1025623 0.356989 0.09603714 0.346432 0.1105254 0.3522909 0.1025623 0.246988 0.3431268 0.2403864 0.3406683 0.3399031 0.1192231 0.346432 0.1105254 0.3284677 0.1340438 0.3399031 0.1192231 0.2403864 0.3406683 0.3284677 0.1340438 0.2333278 0.3380165 0.3151671 0.1509287 0.2140894 0.06089878 0.2173861 0.04372 0.22406 0.05025285 0.2140894 0.06089878 0.22406 0.05025285 0.2238791 0.06106114 0.9070979 0.06174921 0.9022626 0.06058949 0.9082623 0.05750477 0.9070979 0.06174921 0.9082623 0.05750477 0.9148755 0.05776762 0.2236836 0.1004748 0.2180811 0.0706169 0.2259812 0.08036595 0.2322283 0.0958516 0.2236836 0.1004748 0.2259812 0.08036595 0.922236 0.0462172 0.9182428 0.05001318 0.9236406 0.03782111 0.922236 0.0462172 0.9203886 0.05065488 0.9182428 0.05001318 0.2904878 0.8070278 0.2792931 0.8101609 0.2830191 0.804404 0.2327848 0.7768597 0.2393475 0.7743692 0.2354454 0.7828842 0.2785528 0.8013464 0.2792931 0.8101609 0.2754506 0.804551 0.2754506 0.804551 0.2792931 0.8101609 0.2718576 0.8078918 0.2718576 0.8078918 0.2792931 0.8101609 0.2679736 0.8111553 0.2679736 0.8111553 0.2792931 0.8101609 0.2686223 0.817091 0.2686223 0.817091 0.2792931 0.8101609 0.2753175 0.8224419 0.2640728 0.8140932 0.2679736 0.8111553 0.2686223 0.817091 0.2754506 0.804551 0.2718576 0.8078918 0.2741781 0.8024162 0.2392192 0.7815351 0.2393475 0.7844208 0.2354454 0.7828842 0.269795 0.8037962 0.2697284 0.8004418 0.272157 0.8030685 0.2741781 0.8024162 0.272157 0.8030685 0.2697284 0.8004418 0.2741781 0.8024162 0.2697284 0.8004418 0.2748517 0.800435 0.9182428 0.05001318 0.9126673 0.05377829 0.9160856 0.04947203 0.9148755 0.05776762 0.9126673 0.05377829 0.9182428 0.05001318 0.9188666 0.05350774 0.9148755 0.05776762 0.9182428 0.05001318 0.9148755 0.05776762 0.9082623 0.05750477 0.9126673 0.05377829 0.2354454 0.7828842 0.2393475 0.7844208 0.2385975 0.7864899 0.2354454 0.7828842 0.2385975 0.7864899 0.2346978 0.784213 0.2686223 0.817091 0.237267 0.8788102 0.2444695 0.8501815 0.9182428 0.05001318 0.9203886 0.05065488 0.9188666 0.05350774 0.7132398 0.6883672 0.7132398 0.6872839 0.7132398 0.6894496 0.7132366 0.7027977 0.7132366 0.7027977 0.7132366 0.7027977 0.6842132 0.8756153 0.6627761 0.8439077 0.6571537 0.8257412 0.6842132 0.8756153 0.6719207 0.8607482 0.6627761 0.8439077 0.7376316 0.1221841 0.7382794 0.1242715 0.7290225 0.129119 0.7382794 0.1242715 0.7376316 0.1221841 0.7502653 0.1220991 0.7502642 0.119973 0.7502653 0.1220991 0.7376316 0.1221841 0.7077651 0.008287847 0.7086675 0.01001965 0.6996289 0.01649838 0.7086675 0.01001965 0.7077651 0.008287847 0.714662 0.00153464 0.7503069 0.1182644 0.7502642 0.119973 0.7376316 0.1221841 0.6996289 0.01649838 0.6985997 0.01516091 0.7077651 0.008287847 0.6996289 0.01649838 0.6887419 0.02229678 0.6985997 0.01516091 0.7129986 1.12103e-4 0.714662 0.00153464 0.7077651 0.008287847 0.3848958 0.8341296 0.3865603 0.8341982 0.3834247 0.8461294 0.7060829 0.006876885 0.7077651 0.008287847 0.6985997 0.01516091 0.7077651 0.008287847 0.7060829 0.006876885 0.7129986 1.12103e-4 0.6970902 0.01361465 0.6985997 0.01516091 0.6887419 0.02229678 0.6985997 0.01516091 0.6970902 0.01361465 0.7060829 0.006876885 0.6887419 0.02229678 0.6876025 0.02050316 0.6970902 0.01361465 0.3855986 0.8461546 0.3834247 0.8461294 0.3865603 0.8341982 0.3883609 0.8346698 0.3865603 0.8341982 0.3934717 0.8258543 0.3865603 0.8341982 0.3883609 0.8346698 0.3855986 0.8461546 0.7042906 0.005972325 0.7060829 0.006876885 0.6970902 0.01361465 0.3934717 0.8258543 0.395264 0.8269483 0.3883609 0.8346698 0.4024625 0.8210716 0.4037142 0.8225705 0.395264 0.8269483 0.6958384 0.01261347 0.6970902 0.01361465 0.6876025 0.02050316 0.6876025 0.02050316 0.6867707 0.01901102 0.6958384 0.01261347 0.3879138 0.8461468 0.3855986 0.8461546 0.3883609 0.8346698 0.3883609 0.8346698 0.3902915 0.8355087 0.3879138 0.8461468 0.3902915 0.8355087 0.3883609 0.8346698 0.395264 0.8269483 0.395264 0.8269483 0.397283 0.8292889 0.3902915 0.8355087 0.397283 0.8292889 0.395264 0.8269483 0.4037142 0.8225705 0.4037142 0.8225705 0.4046655 0.8247333 0.397283 0.8292889 0.4046655 0.8247333 0.4037142 0.8225705 0.4127808 0.8203062 0.4127808 0.8203062 0.4132279 0.8227869 0.4046655 0.8247333 0.392009 0.8366548 0.3902915 0.8355087 0.397283 0.8292889 0.3902915 0.8355087 0.392009 0.8366548 0.3879138 0.8461468 0.3898465 0.8461081 0.3879138 0.8461468 0.392009 0.8366548 0.6876025 0.02050316 0.6646432 0.02918916 0.6867707 0.01901102 0.4349052 0.8192238 0.4132279 0.8227869 0.4127808 0.8203062 0.6887419 0.02229678 0.6734988 0.02974581 0.6876025 0.02050316 0.7502653 0.1220991 0.7502642 0.119973 0.8285454 0.1215502 0.8285444 0.1194241 0.8285454 0.1215502 0.7502642 0.119973 0.7502642 0.119973 0.7503069 0.1182644 0.8285444 0.1194241 0.828586 0.1177232 0.8285444 0.1194241 0.7503069 0.1182644 0.3834247 0.8461294 0.3855986 0.8461546 0.3834195 0.918915 0.3855944 0.9189391 0.3834195 0.918915 0.3855986 0.8461546 0.3855986 0.8461546 0.3879138 0.8461468 0.3855944 0.9189391 0.3879097 0.9189323 0.3855944 0.9189391 0.3879138 0.8461468 0.3879138 0.8461468 0.3898465 0.8461081 0.3879097 0.9189323 0.3898413 0.9188928 0.3879097 0.9189323 0.3898465 0.8461081 0.4114896 0.8819568 0.4261931 0.8665167 0.4295179 0.868377 0.4114896 0.8819568 0.4215428 0.8635913 0.4261931 0.8665167 0.4114896 0.8819568 0.4215439 0.8362972 0.4215428 0.8635913 0.4114896 0.8819568 0.4132279 0.8227869 0.4215439 0.8362972 0.4132279 0.8227869 0.4241887 0.8226121 0.4215439 0.8362972 0.4046655 0.8247333 0.4132279 0.8227869 0.4114896 0.8819568 0.4114896 0.8819568 0.3955188 0.8823289 0.4046655 0.8247333 0.3955188 0.8823289 0.397283 0.8292889 0.4046655 0.8247333 0.3955156 0.9187207 0.3926244 0.9188057 0.3955188 0.8823289 0.7142378 0.5653222 0.7142378 0.6548424 0.7132398 0.6018124 0.392009 0.8366548 0.397283 0.8292889 0.3926244 0.9188057 0.7119507 0.5388194 0.7090688 0.5387295 0.7142378 0.4566317 0.7090688 0.5387295 0.7116512 0.4659469 0.7142378 0.4566317 0.32774 0.7215544 0.3339174 0.7253156 0.3170151 0.7367849 0.3170151 0.7367849 0.3355164 0.7358997 0.3442264 0.7534573 0.3170151 0.7367849 0.3339174 0.7253156 0.3355164 0.7358997 0.3362213 0.718748 0.3339174 0.7253156 0.32774 0.7215544 0.3442264 0.698152 0.3362213 0.718748 0.32774 0.7215544 0.3149816 0.8264786 0.3216934 0.8323408 0.298206 0.8313222 0.3083113 0.8219143 0.3149816 0.8264786 0.298206 0.8313222 0.3018572 0.8184208 0.3083113 0.8219143 0.298206 0.8313222 0.298206 0.8313222 0.2753175 0.8224419 0.3018572 0.8184208 0.2792931 0.8101609 0.3018572 0.8184208 0.2753175 0.8224419 0.237267 0.8788102 0.2686223 0.817091 0.2753175 0.8224419 0.2367877 0.06331092 0.22406 0.05025285 0.2390426 0.05369329 0.2238791 0.06106114 0.22406 0.05025285 0.2367877 0.06331092 0.2367877 0.06331092 0.2354232 0.07208585 0.2238791 0.06106114 0.2244644 0.07110399 0.2238791 0.06106114 0.2354232 0.07208585 0.2354232 0.07208585 0.2351679 0.07996392 0.2244644 0.07110399 0.2351679 0.07996392 0.2259812 0.08036595 0.2244644 0.07110399 0.2351679 0.07996392 0.2362538 0.08677512 0.2259812 0.08036595 0.2322283 0.0958516 0.2259812 0.08036595 0.2362538 0.08677512 0.2387188 0.0923416 0.2322283 0.0958516 0.2362538 0.08677512 0.2505919 0.01409399 0.2635114 0.00748378 0.2688733 0.02099794 0.2688733 0.02099794 0.2585248 0.0265026 0.2505919 0.01409399 0.2401686 0.02253645 0.2505919 0.01409399 0.2585248 0.0265026 0.2585248 0.0265026 0.2498055 0.03407144 0.2401686 0.02253645 0.232455 0.0318526 0.2401686 0.02253645 0.2498055 0.03407144 0.2498055 0.03407144 0.2431898 0.04331022 0.232455 0.0318526 0.2272194 0.04126918 0.232455 0.0318526 0.2431898 0.04331022 0.2431898 0.04331022 0.2390426 0.05369329 0.2272194 0.04126918 0.2272194 0.04126918 0.2390426 0.05369329 0.22406 0.05025285 0.2404617 0.1062965 0.2322283 0.0958516 0.2448354 0.1003512 0.2448354 0.1003512 0.2322283 0.0958516 0.2387188 0.0923416 0.8084852 0.8376772 0.8087165 0.8513306 0.804178 0.8390689 0.2339984 0.814184 0.2559055 0.8029806 0.2424901 0.8132534 0.9257209 0.01709371 0.9236406 0.03782111 0.9215967 0.03724896 0.9257209 0.01709371 0.9253103 0.03860193 0.9236406 0.03782111 0.9257209 0.01709371 0.9282264 0.02774733 0.9253103 0.03860193 0.9257209 0.01709371 0.9296923 0.02188706 0.9282264 0.02774733 0.9311124 0.01585668 0.9296923 0.02188706 0.9257209 0.01709371 0.2155095 0.8297286 0.2339984 0.814184 0.2268207 0.8239592 0.2339984 0.814184 0.2424901 0.8132534 0.2268207 0.8239592 0.9257209 0.01709371 0.9292691 0 0.9311124 0.01585668 0.9292691 0 0.9334755 0.004514992 0.9311124 0.01585668 0.804178 0.8390689 0.8087165 0.8256939 0.8084852 0.8376772 0.2697284 0.8004418 0.269795 0.8037962 0.2559055 0.8029806 0.9182428 0.05001318 0.9160856 0.04947203 0.9215967 0.03724896 0.9215967 0.03724896 0.9236406 0.03782111 0.9182428 0.05001318 0.9253103 0.03860193 0.922236 0.0462172 0.9236406 0.03782111 0.290571 0.8030781 0.2904878 0.8070278 0.2830191 0.804404 0.2304063 0.7800884 0.2327848 0.7768597 0.2354454 0.7828842 0.2830191 0.804404 0.2837593 0.800551 0.290571 0.8030781 0.2837593 0.800551 0.2907291 0.8010622 0.290571 0.8030781 0.2354454 0.7828842 0.2346978 0.784213 0.2304063 0.7800884 0.9022626 0.06058949 0.9070979 0.06174921 0.8977724 0.06646525 0.8977724 0.06646525 0.9070979 0.06174921 0.9007032 0.07062464 0.3898413 0.9188928 0.3898424 0.930534 0.3879097 0.9189323 0.3898424 0.930534 0.3855944 0.9189391 0.3879097 0.9189323 0.3898424 0.930534 0.384507 0.9189265 0.3855944 0.9189391 0.384507 0.9189265 0.3844675 0.9475436 0.3834195 0.918915 0.8591064 0.1105486 0.8285444 0.1194241 0.828586 0.1177232 0.8591064 0.1105486 0.8285454 0.1215502 0.8285444 0.1194241 0.8591064 0.1105486 0.8415855 0.1204137 0.8285454 0.1215502 0.8591064 0.1105486 0.8528021 0.1176691 0.8415855 0.1204137 0.3844675 0.9475436 0.384507 0.9189265 0.3898476 0.9406145 0.384507 0.9189265 0.3898424 0.930534 0.3898476 0.9406145 0.8623688 0.1138808 0.8528021 0.1176691 0.8591064 0.1105486 0.3898476 0.9406145 0.3898538 0.9492716 0.3844675 0.9475436 0.8591064 0.1105486 0.8835679 0.09242665 0.8623688 0.1138808 0.8835679 0.09242665 0.8703896 0.1094817 0.8623688 0.1138808 0.8835679 0.09242665 0.8770422 0.1047812 0.8703896 0.1094817 0.8835679 0.09242665 0.887059 0.09518671 0.8770422 0.1047812 0.8284575 0.8256968 0.8284575 0.8491891 0.8230759 0.8289662 0.2740367 0.7851127 0.2717994 0.7682161 0.2726477 0.7615364 0.3844675 0.9475436 0.3898621 0.9565786 0.3898705 0.9626795 0.3844675 0.9475436 0.3898538 0.9492716 0.3898621 0.9565786 0.326484 0.8085963 0.3209283 0.8083528 0.3206122 0.8033265 0.2907291 0.8010622 0.3206122 0.8033265 0.290571 0.8030781 0.3206122 0.8033265 0.2904878 0.8070278 0.290571 0.8030781 0.3206122 0.8033265 0.3122536 0.8079749 0.2904878 0.8070278 0.3206122 0.8033265 0.3209283 0.8083528 0.3122536 0.8079749 0.8835679 0.09242665 0.8977724 0.06646525 0.887059 0.09518671 0.8977724 0.06646525 0.8937501 0.08600974 0.887059 0.09518671 0.8977724 0.06646525 0.8980376 0.0777992 0.8937501 0.08600974 0.8977724 0.06646525 0.9007032 0.07062464 0.8980376 0.0777992 0.906363 0.0763148 0.9094933 0.06518959 0.9127483 0.07357025 0.9183177 0.07006025 0.9127483 0.07357025 0.9094933 0.06518959 0.9183177 0.07006025 0.9148755 0.05776762 0.9188666 0.05350774 0.9183177 0.07006025 0.9094933 0.06518959 0.9148755 0.05776762 0.9188666 0.05350774 0.9226862 0.06574624 0.9183177 0.07006025 0.9188666 0.05350774 0.9256419 0.06084465 0.9226862 0.06574624 0.9188666 0.05350774 0.9279894 0.05527818 0.9256419 0.06084465 0.9262012 0.04926329 0.9279894 0.05527818 0.9203886 0.05065488 0.9279894 0.05527818 0.9188666 0.05350774 0.9203886 0.05065488 0.9203886 0.05065488 0.922236 0.0462172 0.9262012 0.04926329 0.9259205 0.04389011 0.9262012 0.04926329 0.922236 0.0462172 0.922236 0.0462172 0.9253103 0.03860193 0.9259205 0.04389011 0.269795 0.8037962 0.272157 0.8030685 0.2640728 0.8140932 0.2679736 0.8111553 0.2640728 0.8140932 0.272157 0.8030685 0.272157 0.8030685 0.2741781 0.8024162 0.2679736 0.8111553 0.2718576 0.8078918 0.2679736 0.8111553 0.2741781 0.8024162 0.2686223 0.817091 0.2444695 0.8501815 0.2424901 0.8132534 0.2444695 0.8501815 0.2268207 0.8239592 0.2424901 0.8132534 0.2444695 0.8501815 0.2167488 0.8337295 0.2268207 0.8239592 0.2686223 0.817091 0.2424901 0.8132534 0.2640728 0.8140932 0.2424901 0.8132534 0.2570283 0.8065147 0.2640728 0.8140932 0.269795 0.8037962 0.2640728 0.8140932 0.2570283 0.8065147 0.2688733 0.02099794 0.2896016 0.06404536 0.2585248 0.0265026 0.2896016 0.06404536 0.2498055 0.03407144 0.2585248 0.0265026 0.2896016 0.06404536 0.2431898 0.04331022 0.2498055 0.03407144 0.2390426 0.05369329 0.2431898 0.04331022 0.2896016 0.06404536 0.2896016 0.06404536 0.2367877 0.06331092 0.2390426 0.05369329 0.2896016 0.06404536 0.2354232 0.07208585 0.2367877 0.06331092 0.2896016 0.06404536 0.2351679 0.07996392 0.2354232 0.07208585 0.2896016 0.06404536 0.2362538 0.08677512 0.2351679 0.07996392 0.2896016 0.06404536 0.2387188 0.0923416 0.2362538 0.08677512 0.2180811 0.0706169 0.2238791 0.06106114 0.2244644 0.07110399 0.2244644 0.07110399 0.2259812 0.08036595 0.2180811 0.0706169 0.2238791 0.06106114 0.2180811 0.0706169 0.2140894 0.06089878 0.2117866 0.07415008 0.2140894 0.06089878 0.2180811 0.0706169 0.2117866 0.07415008 0.2180811 0.0706169 0.2236836 0.1004748 0.2090248 0.09149891 0.2117866 0.07415008 0.2236836 0.1004748 0.2062683 0.1098915 0.2090248 0.09149891 0.2236836 0.1004748 0.2513784 0.115226 0.2187636 0.125609 0.2404617 0.1062965 0.2187636 0.125609 0.2062683 0.1098915 0.2404617 0.1062965 0.2322283 0.0958516 0.2404617 0.1062965 0.2236836 0.1004748 0.2404617 0.1062965 0.2062683 0.1098915 0.2236836 0.1004748 0.9094933 0.06518959 0.9070979 0.06174921 0.9148755 0.05776762 0.9094933 0.06518959 0.9007032 0.07062464 0.9070979 0.06174921 0.9094933 0.06518959 0.906363 0.0763148 0.9007032 0.07062464 0.906363 0.0763148 0.8980376 0.0777992 0.9007032 0.07062464 0.906363 0.0763148 0.9099954 0.4260519 0.8980376 0.0777992 0.9099954 0.4260519 0.8937501 0.08600974 0.8980376 0.0777992 0.9099954 0.4260519 0.887059 0.09518671 0.8937501 0.08600974 0.237267 0.8788102 0.2753175 0.8224419 0.3451974 0.8740391 0.2753175 0.8224419 0.298206 0.8313222 0.3451974 0.8740391 0.298206 0.8313222 0.327715 0.8371535 0.3451974 0.8740391 0.3470023 0.8379865 0.3451974 0.8740391 0.327715 0.8371535 0.2904878 0.8070278 0.3018572 0.8184208 0.2792931 0.8101609 0.3320398 0.7832031 0.3170151 0.7832031 0.3307757 0.7668091 0.3018572 0.8184208 0.3122536 0.8079749 0.3083113 0.8219143 0.3122536 0.8079749 0.3149816 0.8264786 0.3083113 0.8219143 0.3325555 0.8205874 0.3149816 0.8264786 0.3122536 0.8079749 0.3149816 0.8264786 0.3325555 0.8205874 0.3216934 0.8323408 0.3325555 0.8205874 0.3387517 0.8376405 0.3216934 0.8323408 0.3387517 0.8376405 0.3289626 0.8372125 0.3216934 0.8323408 0.4205022 0.982482 0.4024739 0.975376 0.4155858 0.9657768 0.4024739 0.975376 0.3944168 0.9564452 0.4155858 0.9657768 0.2672541 0.7786263 0.2612534 0.7595186 0.2717994 0.7682161 0.2612534 0.7595186 0.2726477 0.7615364 0.2717994 0.7682161 0.2612534 0.7595186 0.2740367 0.7555717 0.2726477 0.7615364 0.3325555 0.8205874 0.3122536 0.8079749 0.3209283 0.8083528 0.4072843 0.9559059 0.4155858 0.9657768 0.3944168 0.9564452 0.2717994 0.7682161 0.2716954 0.7756613 0.2672541 0.7786263 0.3898455 0.9359081 0.3944168 0.9564452 0.3898476 0.9406145 0.3944168 0.9564452 0.3898538 0.9492716 0.3898476 0.9406145 0.2672541 0.7786263 0.2716954 0.7756613 0.2726228 0.7839105 0.3944168 0.9564452 0.3898455 0.9359081 0.4072843 0.9559059 0.9092604 0.8472679 0.9048731 0.8365031 0.9092604 0.8256968 0.3968662 0.9317913 0.4008594 0.9443632 0.3898455 0.9359081 0.576395 0.8655444 0.5719454 0.8619146 0.576395 0.8570131 0.3955156 0.9187207 0.3968662 0.9317913 0.3926244 0.9188057 0.7142378 0.5519741 0.7090688 0.5387295 0.7119507 0.5388194 0.3968662 0.9317913 0.3898424 0.930534 0.3898413 0.9188928 0.22406 0.05025285 0.2173861 0.04372 0.2272194 0.04126918 0.2141528 0.04242891 0.2145858 0.03595012 0.2173861 0.04372 0.2145858 0.03595012 0.2272194 0.04126918 0.2173861 0.04372 0.232455 0.0318526 0.2272194 0.04126918 0.2189117 0.02604645 0.2272194 0.04126918 0.2167664 0.03095579 0.2189117 0.02604645 0.2272194 0.04126918 0.2145858 0.03595012 0.2167664 0.03095579 0.2189117 0.02604645 0.2288569 0.01844668 0.232455 0.0318526 0.2401686 0.02253645 0.232455 0.0318526 0.2288569 0.01844668 0.2288569 0.01844668 0.2349465 0.01465833 0.2401686 0.02253645 0.2505919 0.01409399 0.2401686 0.02253645 0.2418419 0.0110324 0.2401686 0.02253645 0.2349465 0.01465833 0.2418419 0.0110324 0.2418419 0.0110324 0.2569025 0.005125761 0.2505919 0.01409399 0.2635114 0.00748378 0.2505919 0.01409399 0.2569025 0.005125761 0.906363 0.0763148 0.9127483 0.07357025 0.9099954 0.4260519 0.9127483 0.07357025 0.9183177 0.07006025 0.9166511 0.1867398 0.9183177 0.07006025 0.9226862 0.06574624 0.9166511 0.1867398 0.9166511 0.1867398 0.9226862 0.06574624 0.9256419 0.06084465 0.9256419 0.06084465 0.9279894 0.05527818 0.9249932 0.1864769 0.1575053 0.162572 0.2173861 0.04372 0.2140894 0.06089878 0.1575053 0.162572 0.2141528 0.04242891 0.2173861 0.04372 0.1634494 0.1648759 0.2140894 0.06089878 0.2117866 0.07415008 0.2117866 0.07415008 0.2090248 0.09149891 0.1709883 0.1677519 0.7382794 0.1242715 0.7478886 0.5609771 0.7383719 0.5608611 0.7382794 0.1242715 0.7383719 0.5608611 0.7290225 0.129119 0.7086675 0.01001965 0.714662 0.4352211 0.7076383 0.4374129 0.7086675 0.01001965 0.7076383 0.4374129 0.6996289 0.01649838 0.6996289 0.01649838 0.7076383 0.4374129 0.6897545 0.1447747 0.6897545 0.1447747 0.7076383 0.4374129 0.7018517 0.4303001 0.6404343 0.03394389 0.6646432 0.02918916 0.6572535 0.03469383 0.6734988 0.02974581 0.6572535 0.03469383 0.6646432 0.02918916 0.5719808 0.2032653 0.5572929 0.2026738 0.5713737 0.02270269 0.5641274 0.01894533 0.5713737 0.02270269 0.5572929 0.2026738 0.5641274 0.01894533 0.5572929 0.2026738 0.560707 0.01677674 0.4006608 0.4828106 0.3928875 0.6823881 0.3834195 0.6770033 0.4006608 0.4828106 0.4082927 0.4815233 0.3928875 0.6823881 0.404995 0.6848505 0.3928875 0.6823881 0.4082927 0.4815233 0.6887419 0.02229678 0.6996289 0.01649838 0.6897545 0.1447747 0.7509649 0.187969 0.7382794 0.1242715 0.7502653 0.1220991 0.5713737 0.02270269 0.586781 0.02988111 0.5719808 0.2032653 0.5719808 0.2032653 0.586781 0.02988111 0.6897545 0.1447747 0.586781 0.02988111 0.6030492 0.03477883 0.6897545 0.1447747 0.6030492 0.03477883 0.6301586 0.03733789 0.6897545 0.1447747 0.6301586 0.03733789 0.6572535 0.03469383 0.6897545 0.1447747 0.6572535 0.03469383 0.6734988 0.02974581 0.6897545 0.1447747 0.6734988 0.02974581 0.6887419 0.02229678 0.6897545 0.1447747 0.5251433 0.6983144 0.4082927 0.4815233 0.5649467 0.483201 0.5171412 0.6938534 0.507587 0.6899956 0.4082927 0.4815233 0.507587 0.6899956 0.4963746 0.6871698 0.4082927 0.4815233 0.4963746 0.6871698 0.4833261 0.6859367 0.4082927 0.4815233 0.404995 0.6848505 0.4082927 0.4815233 0.4833261 0.6859367 0.9099954 0.4260519 0.8770422 0.1047812 0.887059 0.09518671 0.9099954 0.4260519 0.8703896 0.1094817 0.8770422 0.1047812 0.9099954 0.4260519 0.8623688 0.1138808 0.8703896 0.1094817 0.9099954 0.4260519 0.8528021 0.1176691 0.8623688 0.1138808 0.9099954 0.4260519 0.8415855 0.1204137 0.8528021 0.1176691 0.9099954 0.4260519 0.8285454 0.1215502 0.8415855 0.1204137 0.9099954 0.4260519 0.7502653 0.1220991 0.8285454 0.1215502 0.7502653 0.1220991 0.9099954 0.4260519 0.7509649 0.187969 0.9099954 0.4260519 0.9113782 0.5598792 0.7509649 0.187969 0.7548178 0.5609771 0.7509649 0.187969 0.9113782 0.5598792 0.5649467 0.483201 0.5796138 0.4852343 0.5686706 0.7387602 0.2570829 0.3468301 0.246988 0.3431268 0.356989 0.09603714 0.246988 0.3431268 0.2403864 0.3406683 0.346432 0.1105254 0.2403864 0.3406683 0.2333278 0.3380165 0.3284677 0.1340438 0.9166511 0.1867398 0.9099954 0.4260519 0.9127483 0.07357025 0.9249932 0.1864769 0.9166511 0.1867398 0.9256419 0.06084465 0.9317352 0.186098 0.9249932 0.1864769 0.9335005 0.07193124 0.1709883 0.1677519 0.1634494 0.1648759 0.2117866 0.07415008 0.08047586 0.3987684 0.1709883 0.1677519 0.2062683 0.1098915 0.1709883 0.1677519 0.2090248 0.09149891 0.2062683 0.1098915 0.2187636 0.125609 0.08047586 0.3987684 0.2062683 0.1098915 0.294427 0.1541218 0.3151671 0.1509287 0.2333278 0.3380165 0.08047586 0.3987684 0.2346544 0.1384274 0.2531707 0.1477203 0.08047586 0.3987684 0.2187636 0.125609 0.2346544 0.1384274 0.6961961 0.4232145 0.6899063 0.4151238 0.6897545 0.1447747 0.7018517 0.4303001 0.6961961 0.4232145 0.6897545 0.1447747 0.7382794 0.1242715 0.7509649 0.187969 0.7478886 0.5609771 0.7548178 0.5609771 0.7478886 0.5609771 0.7509649 0.187969 0.9099954 0.4260519 0.9166511 0.1867398 0.9113782 0.5598792 0.9166511 0.1867398 0.9190132 0.5597787 0.9113782 0.5598792 0.9262053 0.5595777 0.9190132 0.5597787 0.9166511 0.1867398 0.9166511 0.1867398 0.9249932 0.1864769 0.9262053 0.5595777 0.9324629 0.5592994 0.9262053 0.5595777 0.9249932 0.1864769 0.9249932 0.1864769 0.9317352 0.186098 0.9324629 0.5592994 0.01488441 0.511992 0.009302616 0.5098428 0.06996518 0.388625 0.009302616 0.5098428 0.1634494 0.1648759 0.06996518 0.388625 0.1709883 0.1677519 0.06996518 0.388625 0.1634494 0.1648759 0.02141481 0.5144815 0.01488441 0.511992 0.07396566 0.3925448 0.01488441 0.511992 0.06996518 0.388625 0.07396566 0.3925448 0.1709883 0.1677519 0.07396566 0.3925448 0.06996518 0.388625 0.07396566 0.3925448 0.02844899 0.5171411 0.02141481 0.5144815 0.08047586 0.3987684 0.07396566 0.3925448 0.1709883 0.1677519 0.02844899 0.5171411 0.07396566 0.3925448 0.08047586 0.3987684 0.6381742 0.8285964 0.6290212 0.8276689 0.6408949 0.66613 0.2062085 0.4724237 0.05809408 0.5615878 0.02844899 0.5171411 0.7555289 0.5773131 0.7455402 0.5747463 0.7478886 0.5609771 0.7548178 0.5609771 0.7555289 0.5773131 0.7478886 0.5609771 0.7290225 0.8341596 0.7355358 0.8291295 0.7430679 0.8464851 0.7430679 0.8256968 0.7430679 0.8464851 0.7355358 0.8291295 0.7663297 0.6221928 0.9182657 0.7424731 0.9175878 0.7509214 0.2138357 0.4709934 0.08047586 0.3987684 0.2061539 0.4038401 0.9133368 0.5825549 0.9216258 0.5867065 0.9071281 0.6048208 0.8993933 0.6013495 0.9133368 0.5825549 0.9071281 0.6048208 0.9182646 0.6181687 0.9182657 0.6222102 0.7663297 0.6221928 0.2133356 0.7870871 0.06119066 0.7870871 0.06375646 0.7822589 0.2136018 0.7813525 0.2133356 0.7870871 0.06375646 0.7822589 0.9182657 0.6222102 0.9182657 0.7424731 0.7663297 0.6221928 0.8005679 0.7831645 0.7663297 0.6221928 0.8883513 0.7818482 0.7663297 0.6221928 0.898391 0.7792699 0.8883513 0.7818482 0.9068422 0.7733303 0.898391 0.7792699 0.7663297 0.6221928 0.7663297 0.6221928 0.9123678 0.7663916 0.9068422 0.7733303 0.7663297 0.6221928 0.9157415 0.7585173 0.9123678 0.7663916 0.7663297 0.6221928 0.9175878 0.7509214 0.9157415 0.7585173 0.7478886 0.5609771 0.7455402 0.5747463 0.7383719 0.5608611 0.7383719 0.5608611 0.7455402 0.5747463 0.7372096 0.5687314 0.714662 0.4352211 0.7128052 0.4432848 0.7076383 0.4374129 0.6899063 0.4151238 0.6003773 0.2984133 0.6897545 0.1447747 0.03956526 0.7675117 0.06375646 0.7822589 0.06119066 0.7870871 0.03216516 0.7577587 0.04593819 0.7595427 0.06375646 0.7822589 0.8495293 0.8256968 0.8495293 0.8467131 0.8428175 0.835053 0.8839402 0.8530178 0.8839402 0.8662365 0.8805104 0.8645193 0.03585582 0.7518685 0.04593819 0.7595427 0.03216516 0.7577587 0.03216516 0.7577587 0.01511621 0.7399334 0.03585582 0.7518685 0.01511621 0.7399334 0.02687239 0.7431612 0.03585582 0.7518685 0.01511621 0.7399334 0.03216516 0.7577587 0.01876223 0.7496361 0.6018203 0.8296773 0.6005197 0.8236634 0.6094335 0.8251976 0.01936835 0.7339253 0.02687239 0.7431612 0.01511621 0.7399334 0.6094335 0.8251976 0.6191655 0.8265479 0.6187143 0.8323882 0.01511621 0.7399334 0 0.717367 0.01936835 0.7339253 0 0.717367 0.01351934 0.7247812 0.01936835 0.7339253 0.6187143 0.8323882 0.6381742 0.8285964 0.6408949 0.8353486 0.6290212 0.8276689 0.6381742 0.8285964 0.6187143 0.8323882 0.6187143 0.8323882 0.6191655 0.8265479 0.6290212 0.8276689 2.78621e-4 0.7111076 0.01351934 0.7247812 0 0.717367 0.8005679 0.7831645 0.7768455 0.7895814 0.7663297 0.6221928 0.7662725 0.7945487 0.7663297 0.6221928 0.7768455 0.7895814 0.7563055 0.8001403 0.7663297 0.6221928 0.7662725 0.7945487 0.7441875 0.632918 0.7663297 0.6221928 0.7448269 0.8070597 0.7663297 0.6221928 0.7563055 0.8001403 0.7448269 0.8070597 0.7329554 0.6374272 0.7441875 0.632918 0.7372803 0.8107166 0.7441875 0.632918 0.7448269 0.8070597 0.7372803 0.8107166 0.6094335 0.8251976 0.6005197 0.8236634 0.6134756 0.6237758 0.6005197 0.8236634 0.607295 0.6180738 0.6134756 0.6237758 0.7329554 0.6374272 0.7372803 0.8107166 0.7290225 0.8123479 0.6191655 0.8265479 0.6094335 0.8251976 0.6273963 0.6386733 0.6094335 0.8251976 0.6189576 0.6293156 0.6273963 0.6386733 0.6094335 0.8251976 0.6134756 0.6237758 0.6189576 0.6293156 0.6290212 0.8276689 0.6191655 0.8265479 0.6325072 0.6453807 0.6191655 0.8265479 0.6273963 0.6386733 0.6325072 0.6453807 0.6290212 0.8276689 0.637357 0.6530867 0.6408949 0.66613 0.6290212 0.8276689 0.6325072 0.6453807 0.637357 0.6530867 0.02141481 0.5144815 0.02844899 0.5171411 0.02069592 0.5264571 0.02069592 0.5264571 0.01531791 0.5329359 0.02141481 0.5144815 0.006117165 0.5252434 0.01531791 0.5329359 0 0.5385488 0.01531791 0.5329359 0.006400465 0.5429865 0 0.5385488 0.01531791 0.5329359 0.006117165 0.5252434 0.02141481 0.5144815 0.006117165 0.5252434 0.01488441 0.511992 0.02141481 0.5144815 0.009302616 0.5098428 0.01488441 0.511992 0.006117165 0.5252434 0.9270808 0.5890491 0.9216258 0.5867065 0.9335005 0.5744835 0.9230854 0.5726125 0.9335005 0.5744835 0.9216258 0.5867065 0.9335005 0.5744835 0.9230854 0.5726125 0.9324629 0.5592994 0.9230854 0.5726125 0.9262053 0.5595777 0.9324629 0.5592994 0.9190132 0.5597787 0.9262053 0.5595777 0.9230854 0.5726125 0.9216258 0.5867065 0.9133368 0.5825549 0.9230854 0.5726125 0.9230854 0.5726125 0.9051559 0.5820524 0.9098312 0.5703241 0.9230854 0.5726125 0.9133368 0.5825549 0.9051559 0.5820524 0.9230854 0.5726125 0.9098312 0.5703241 0.9190132 0.5597787 0.9098312 0.5703241 0.9113782 0.5598792 0.9190132 0.5597787 0.3616053 0.808793 0.3674635 0.802837 0.3674635 0.8292111 0.8993933 0.6013495 0.90138 0.5927523 0.9133368 0.5825549 0.90138 0.5927523 0.9051559 0.5820524 0.9133368 0.5825549 0.90138 0.5927523 0.8993933 0.6013495 0.8877431 0.5946078 0.9051559 0.5820524 0.90138 0.5927523 0.8776785 0.5891342 0.90138 0.5927523 0.8877431 0.5946078 0.8776785 0.5891342 0.8776785 0.5891342 0.8670274 0.5842712 0.9051559 0.5820524 0.9051559 0.5820524 0.8670274 0.5842712 0.8432552 0.5780321 0.02069592 0.5264571 0.02844899 0.5171411 0.05809408 0.5615878 0.05809408 0.5615878 0.0443902 0.5654534 0.02069592 0.5264571 0.01531791 0.5329359 0.02069592 0.5264571 0.0349633 0.5653142 0.02069592 0.5264571 0.0443902 0.5654534 0.0349633 0.5653142 0.006400465 0.5429865 0.01531791 0.5329359 0.02638375 0.5643015 0.01531791 0.5329359 0.0349633 0.5653142 0.02638375 0.5643015 0.006400465 0.5429865 0.01385778 0.5615878 0.006251275 0.5594695 0.006400465 0.5429865 0.02638375 0.5643015 0.01385778 0.5615878 0.8805103 0.83967 0.8852726 0.8256968 0.8905128 0.83967 0.216047 0.6814004 0.2136018 0.7813525 0.1187114 0.6652972 0.2136018 0.7813525 0.001179933 0.6759335 0.1187114 0.6652972 0.2136018 0.7813525 2.78621e-4 0.7111076 0.001179933 0.6759335 0.2136018 0.7813525 0.01351934 0.7247812 2.78621e-4 0.7111076 0.2136018 0.7813525 0.01936835 0.7339253 0.01351934 0.7247812 0.2136018 0.7813525 0.02687239 0.7431612 0.01936835 0.7339253 0.2136018 0.7813525 0.03585582 0.7518685 0.02687239 0.7431612 0.2136018 0.7813525 0.04593819 0.7595427 0.03585582 0.7518685 0.2136018 0.7813525 0.06375646 0.7822589 0.04593819 0.7595427 0.9113782 0.5598792 0.9098312 0.5703241 0.7548178 0.5609771 0.7555289 0.5773131 0.7548178 0.5609771 0.8432552 0.5780321 0.7548178 0.5609771 0.9098312 0.5703241 0.8432552 0.5780321 0.9098312 0.5703241 0.9051559 0.5820524 0.8432552 0.5780321 0.08047586 0.3987684 0.2062085 0.4724237 0.02844899 0.5171411 0.2138357 0.4709934 0.2062085 0.4724237 0.08047586 0.3987684 0.2769612 0.392939 0.2935818 0.416813 0.2823402 0.4051002 0.2935818 0.416813 0.2842926 0.4126382 0.2823402 0.4051002 0.2935818 0.416813 0.2862727 0.4216528 0.2842926 0.4126382 0.2935818 0.416813 0.2882432 0.4290516 0.2862727 0.4216528 0.2138357 0.4709934 0.2061539 0.4038401 0.2682303 0.4627287 0.2138357 0.4709934 0.2682303 0.4627287 0.2803514 0.4802322 0.2682303 0.4627287 0.2061539 0.4038401 0.2384703 0.3882308 0.5719808 0.2032653 0.5554111 0.2230455 0.5572929 0.2026738 0.4766839 0.2743615 0.4799172 0.2612842 0.4832627 0.269027 0.4881074 0.262123 0.4832627 0.269027 0.4799172 0.2612842 0.4799172 0.2612842 0.4841901 0.253062 0.4881074 0.262123 0.4938607 0.2527605 0.4881074 0.262123 0.4841901 0.253062 0.4841901 0.253062 0.4950064 0.2453926 0.4938607 0.2527605 0.547013 0.2474066 0.5426403 0.2415502 0.5553446 0.2408969 0.5426403 0.2415502 0.5624702 0.232725 0.5553446 0.2408969 0.5426403 0.2415502 0.5673835 0.2240777 0.5624702 0.232725 0.5554111 0.2230455 0.5709786 0.2132655 0.5673835 0.2240777 0.5554111 0.2230455 0.5719808 0.2032653 0.5709786 0.2132655 0.5554111 0.2230455 0.5673835 0.2240777 0.5426403 0.2415502 0.5426403 0.2415502 0.538567 0.2357789 0.5554111 0.2230455 0.5554111 0.2230455 0.5469506 0.218028 0.5572929 0.2026738 0.5469506 0.218028 0.5554111 0.2230455 0.5350717 0.2304869 0.5554111 0.2230455 0.538567 0.2357789 0.5350717 0.2304869 0.5483458 0.2014948 0.5572929 0.2026738 0.5469506 0.218028 0.5350717 0.2304869 0.5323895 0.2260337 0.5469506 0.218028 0.3877537 0.4662657 0.3972393 0.4692423 0.3900119 0.4826366 0.5413013 0.2138531 0.5469506 0.218028 0.5323895 0.2260337 0.6310111 0.8607511 0.6248274 0.8568159 0.6310111 0.8486981 0.4006608 0.4828106 0.3900119 0.4826366 0.3972393 0.4692423 0.3972393 0.4692423 0.408508 0.4700927 0.4006608 0.4828106 0.3972393 0.4692423 0.4086182 0.4612714 0.408508 0.4700927 0.182969 0.9842544 0.1724854 0.9808565 0.1729075 0.9737563 0.4006608 0.4828106 0.408508 0.4700927 0.4082927 0.4815233 0.5572929 0.2026738 0.5483458 0.2014948 0.560707 0.01677674 0.5515478 0.01026314 0.560707 0.01677674 0.5483458 0.2014948 0.3900119 0.4826366 0.4006608 0.4828106 0.3834195 0.6770033 0.4604095 0.3031758 0.4645119 0.295804 0.547013 0.2474066 0.5426403 0.2415502 0.547013 0.2474066 0.4705459 0.2853553 0.547013 0.2474066 0.4645119 0.295804 0.4705459 0.2853553 0.538567 0.2357789 0.5426403 0.2415502 0.4766839 0.2743615 0.5426403 0.2415502 0.4705459 0.2853553 0.4766839 0.2743615 0.4766839 0.2743615 0.4832627 0.269027 0.538567 0.2357789 0.5350717 0.2304869 0.538567 0.2357789 0.4881074 0.262123 0.538567 0.2357789 0.4832627 0.269027 0.4881074 0.262123 0.4881074 0.262123 0.4938607 0.2527605 0.5350717 0.2304869 0.5323895 0.2260337 0.5350717 0.2304869 0.4938607 0.2527605 0.4938607 0.2527605 0.4950064 0.2453926 0.5323895 0.2260337 0.1724854 0.9808565 0.1739367 0.9875585 0.1366596 0.9840553 0.1366596 0.9840553 0.1470705 0.9792049 0.1724854 0.9808565 0.1729075 0.9737563 0.1724854 0.9808565 0.1572152 0.9736065 0.1724854 0.9808565 0.1470705 0.9792049 0.1572152 0.9736065 0.5869078 0.296295 0.4987012 0.3530963 0.4709181 0.3172582 0.4709181 0.3172582 0.5596694 0.2600858 0.5869078 0.296295 0.5596694 0.2600858 0.5929897 0.2945825 0.5869078 0.296295 0.5596694 0.2600858 0.4709181 0.3172582 0.4604095 0.3031758 0.4604095 0.3031758 0.547013 0.2474066 0.5596694 0.2600858 0.6003773 0.2984133 0.5929897 0.2945825 0.6897545 0.1447747 0.6897545 0.1447747 0.5673835 0.2240777 0.5709786 0.2132655 0.6897545 0.1447747 0.5624702 0.232725 0.5673835 0.2240777 0.6897545 0.1447747 0.5553446 0.2408969 0.5624702 0.232725 0.6897545 0.1447747 0.5596694 0.2600858 0.5553446 0.2408969 0.5596694 0.2600858 0.547013 0.2474066 0.5553446 0.2408969 0.6897545 0.1447747 0.5929897 0.2945825 0.5596694 0.2600858 0.5709786 0.2132655 0.5719808 0.2032653 0.6897545 0.1447747 0.09004253 0.5801891 0.1110483 0.5788033 0.1319615 0.5812551 0.1319615 0.5812551 0.1519765 0.5874507 0.09004253 0.5801891 0.06974995 0.5853593 0.09004253 0.5801891 0.1519765 0.5874507 0.1519765 0.5874507 0.1703251 0.5971524 0.06974995 0.5853593 0.0509513 0.594115 0.06974995 0.5853593 0.1703251 0.5971524 0.1703251 0.5971524 0.1863021 0.6099852 0.0509513 0.594115 0.03436815 0.6061206 0.0509513 0.594115 0.1863021 0.6099852 0.1863021 0.6099852 0.1992944 0.6254583 0.03436815 0.6061206 0.02063876 0.6209133 0.03436815 0.6061206 0.1992944 0.6254583 0.1992944 0.6254583 0.2088008 0.6429762 0.02063876 0.6209133 0.01028919 0.6379259 0.02063876 0.6209133 0.2088008 0.6429762 0.2088008 0.6429762 0.2144574 0.6618655 0.1187114 0.6652972 0.1187114 0.6652972 0.01028919 0.6379259 0.2088008 0.6429762 0.003718733 0.656504 0.01028919 0.6379259 0.1187114 0.6652972 0.1187114 0.6652972 0.2144574 0.6618655 0.216047 0.6814004 0.001179933 0.6759335 0.003718733 0.656504 0.1187114 0.6652972 0.2803514 0.4802322 0.2865799 0.4890999 0.2401431 0.5044696 0.2515936 0.520852 0.2401431 0.5044696 0.2865799 0.4890999 0.2865799 0.4890999 0.2924792 0.4981222 0.2515936 0.520852 0.2626548 0.536585 0.2515936 0.520852 0.2992244 0.5080491 0.2515936 0.520852 0.2924792 0.4981222 0.2992244 0.5080491 0.2729004 0.5510656 0.2626548 0.536585 0.3109748 0.5237048 0.2626548 0.536585 0.2992244 0.5080491 0.3109748 0.5237048 0.3109748 0.5237048 0.320437 0.5369948 0.2729004 0.5510656 0.2819368 0.5637371 0.2729004 0.5510656 0.320437 0.5369948 0.320437 0.5369948 0.3283523 0.5480195 0.2819368 0.5637371 0.6140713 0.4713824 0.6224424 0.4566317 0.6553843 0.4705778 0.6553843 0.4705778 0.6483511 0.4874445 0.6140713 0.4713824 0.607479 0.4883698 0.6140713 0.4713824 0.6483511 0.4874445 0.6483511 0.4874445 0.6433661 0.5060675 0.607479 0.4883698 0.6029213 0.5069407 0.607479 0.4883698 0.6433661 0.5060675 0.6433661 0.5060675 0.6406402 0.5257063 0.6029213 0.5069407 0.6005707 0.5263818 0.6029213 0.5069407 0.6406402 0.5257063 0.6406402 0.5257063 0.6402691 0.5455924 0.6005707 0.5263818 0.6005197 0.5459457 0.6005707 0.5263818 0.6402691 0.5455924 0.6402691 0.5455924 0.6422745 0.5649291 0.6005197 0.5459457 0.6027695 0.5648813 0.6005197 0.5459457 0.6422745 0.5649291 0.6422745 0.5649291 0.6465837 0.5829467 0.6027695 0.5648813 0.6072326 0.5824597 0.6027695 0.5648813 0.6465837 0.5829467 0.6465837 0.5829467 0.653017 0.5989363 0.6072326 0.5824597 0.6137387 0.5980067 0.6072326 0.5824597 0.653017 0.5989363 0.4079205 0.3526942 0.4213151 0.3462271 0.4364023 0.3882887 0.4497491 0.3817868 0.4364023 0.3882887 0.4213151 0.3462271 0.4213151 0.3462271 0.4366934 0.3379353 0.4497491 0.3817868 0.4649818 0.3735299 0.4497491 0.3817868 0.4366934 0.3379353 0.4366934 0.3379353 0.4534336 0.3281476 0.4649818 0.3735299 0.4815099 0.3638465 0.4649818 0.3735299 0.4534336 0.3281476 0.4534336 0.3281476 0.4709181 0.3172582 0.4815099 0.3638465 0.4987012 0.3530963 0.4815099 0.3638465 0.4709181 0.3172582 0.2935818 0.416813 0.3048436 0.4331569 0.2882432 0.4290516 0.3048436 0.4331569 0.2898287 0.4377801 0.2882432 0.4290516 0.3048436 0.4331569 0.3166081 0.4501191 0.2898287 0.4377801 0.3166081 0.4501191 0.2916111 0.4462303 0.2898287 0.4377801 0.3166081 0.4501191 0.2931004 0.4545259 0.2916111 0.4462303 0.2960244 0.4708156 0.2931004 0.4545259 0.3166081 0.4501191 0.3166081 0.4501191 0.3285987 0.4673134 0.2960244 0.4708156 0.3285987 0.4673134 0.2803514 0.4802322 0.2960244 0.4708156 0.3285987 0.4673134 0.2865799 0.4890999 0.2803514 0.4802322 0.2924792 0.4981222 0.2865799 0.4890999 0.3285987 0.4673134 0.3285987 0.4673134 0.3403117 0.484005 0.2924792 0.4981222 0.3403117 0.484005 0.2992244 0.5080491 0.2924792 0.4981222 0.3403117 0.484005 0.3512569 0.4994984 0.2992244 0.5080491 0.3512569 0.4994984 0.3109748 0.5237048 0.2992244 0.5080491 0.320437 0.5369948 0.3109748 0.5237048 0.3512569 0.4994984 0.3512569 0.4994984 0.3609759 0.513144 0.320437 0.5369948 0.3283523 0.5480195 0.320437 0.5369948 0.3609759 0.513144 0.3609759 0.513144 0.3690601 0.5243775 0.3283523 0.5480195 0.6483511 0.4874445 0.6553843 0.4705778 0.6947084 0.4735065 0.6947084 0.4735065 0.6876066 0.4910178 0.6483511 0.4874445 0.6433661 0.5060675 0.6483511 0.4874445 0.6876066 0.4910178 0.6876066 0.4910178 0.6826996 0.5103207 0.6433661 0.5060675 0.6406402 0.5257063 0.6433661 0.5060675 0.6826996 0.5103207 0.6826996 0.5103207 0.680194 0.5306064 0.6406402 0.5257063 0.6402691 0.5455924 0.6406402 0.5257063 0.680194 0.5306064 0.680194 0.5306064 0.680193 0.551026 0.6402691 0.5455924 0.6422745 0.5649291 0.6402691 0.5455924 0.680193 0.551026 0.680193 0.551026 0.6826996 0.5707256 0.6422745 0.5649291 0.6465837 0.5829467 0.6422745 0.5649291 0.6826996 0.5707256 0.6826996 0.5707256 0.6876056 0.588879 0.6465837 0.5829467 0.653017 0.5989363 0.6465837 0.5829467 0.6876056 0.588879 0.6876056 0.588879 0.6947084 0.6047256 0.653017 0.5989363 0.4213151 0.3462271 0.4079205 0.3526942 0.3834185 0.3153331 0.3834185 0.3153331 0.3977946 0.3081547 0.4213151 0.3462271 0.4366934 0.3379353 0.4213151 0.3462271 0.3977946 0.3081547 0.3977946 0.3081547 0.4140877 0.2991362 0.4366934 0.3379353 0.4534336 0.3281476 0.4366934 0.3379353 0.4140877 0.2991362 0.4140877 0.2991362 0.4316158 0.2886604 0.4534336 0.3281476 0.4709181 0.3172582 0.4534336 0.3281476 0.4604095 0.3031758 0.4534336 0.3281476 0.4316158 0.2886604 0.4604095 0.3031758 0.4316158 0.2886604 0.4496452 0.2771641 0.4604095 0.3031758 0.4496452 0.2771641 0.4645119 0.295804 0.4604095 0.3031758 0.4496452 0.2771641 0.4674167 0.2651305 0.4645119 0.295804 0.4674167 0.2651305 0.4705459 0.2853553 0.4645119 0.295804 0.4674167 0.2651305 0.4766839 0.2743615 0.4705459 0.2853553 0.4674167 0.2651305 0.4841901 0.253062 0.4799172 0.2612842 0.4799172 0.2612842 0.4766839 0.2743615 0.4674167 0.2651305 0.5728988 0.4623228 0.5650891 0.4726015 0.5652481 0.4643561 0.5763847 0.471724 0.5650891 0.4726015 0.5728988 0.4623228 0.5763847 0.471724 0.5649467 0.483201 0.5650891 0.4726015 0.5763847 0.471724 0.5796138 0.4852343 0.5649467 0.483201 0.5728988 0.4623228 0.5800192 0.4601542 0.5763847 0.471724 0.5763847 0.471724 0.5859587 0.4690142 0.5796138 0.4852343 0.5859587 0.4690142 0.5763847 0.471724 0.5861603 0.4566327 0.3655202 0.8590251 0.3616049 0.8450567 0.3655202 0.8425595 0.2560068 0.3776854 0.2508445 0.3807856 0.2500731 0.3618364 0.2405085 0.36271 0.2500731 0.3618364 0.2508445 0.3807856 0.2500731 0.3618364 0.2405085 0.36271 0.2570829 0.3468301 0.2405085 0.36271 0.246988 0.3431268 0.2570829 0.3468301 0.2508445 0.3807856 0.244863 0.3843806 0.2405085 0.36271 0.2403864 0.3406683 0.246988 0.3431268 0.2405085 0.36271 0.2405085 0.36271 0.2299677 0.3677662 0.2403864 0.3406683 0.2405085 0.36271 0.233399 0.3792084 0.2299677 0.3677662 0.2405085 0.36271 0.2384703 0.3882308 0.233399 0.3792084 0.2405085 0.36271 0.244863 0.3843806 0.2384703 0.3882308 0.2333278 0.3380165 0.2403864 0.3406683 0.2301772 0.3477733 0.2403864 0.3406683 0.2290268 0.3583341 0.2301772 0.3477733 0.2403864 0.3406683 0.2299677 0.3677662 0.2290268 0.3583341 0.244863 0.3843806 0.2960244 0.4708156 0.2384703 0.3882308 0.244863 0.3843806 0.2931004 0.4545259 0.2960244 0.4708156 0.2916111 0.4462303 0.2931004 0.4545259 0.244863 0.3843806 0.244863 0.3843806 0.2508445 0.3807856 0.2916111 0.4462303 0.2508445 0.3807856 0.2898287 0.4377801 0.2916111 0.4462303 0.2882432 0.4290516 0.2898287 0.4377801 0.2508445 0.3807856 0.2508445 0.3807856 0.2560068 0.3776854 0.2882432 0.4290516 0.2560068 0.3776854 0.2862727 0.4216528 0.2882432 0.4290516 0.2842926 0.4126382 0.2862727 0.4216528 0.2560068 0.3776854 0.182969 0.8093356 0.1800872 0.814789 0.1425897 0.8120927 0.1472992 0.8172862 0.1425897 0.8120927 0.1800872 0.814789 0.1800872 0.814789 0.178168 0.8212456 0.1472992 0.8172862 0.1570323 0.8232672 0.1472992 0.8172862 0.178168 0.8212456 0.178168 0.8212456 0.179557 0.8282983 0.1570323 0.8232672 0.1623947 0.8281167 0.1570323 0.8232672 0.179557 0.8282983 0.4082927 0.4815233 0.408508 0.4700927 0.5649467 0.483201 0.5650891 0.4726015 0.5649467 0.483201 0.408508 0.4700927 0.408508 0.4700927 0.4086182 0.4612714 0.5650891 0.4726015 0.5652481 0.4643561 0.5650891 0.4726015 0.4086182 0.4612714 0.09782105 0.800435 0.1154699 0.8041161 0.07976472 0.8009318 0.06205981 0.805586 0.07976472 0.8009318 0.1154699 0.8041161 0.1154699 0.8041161 0.1322932 0.8119903 0.06205981 0.805586 0.04544854 0.8142034 0.06205981 0.805586 0.1322932 0.8119903 0.1322932 0.8119903 0.1570323 0.8232672 0.04544854 0.8142034 0.03062337 0.8264226 0.04544854 0.8142034 0.1570323 0.8232672 0.1570323 0.8232672 0.1623947 0.8281167 0.03062337 0.8264226 0.01821017 0.8417304 0.03062337 0.8264226 0.1623947 0.8281167 0.179557 0.8282983 0.1729075 0.9737563 0.1623947 0.8281167 0.1729075 0.9737563 0.08781355 0.90925 0.1623947 0.8281167 0.08781355 0.90925 0.01821017 0.8417304 0.1623947 0.8281167 0.08781355 0.90925 0.008726656 0.8594861 0.01821017 0.8417304 0.1729075 0.9737563 0.01409947 0.957169 0.08781355 0.90925 0.002572 0.8789446 0.008726656 0.8594861 0.08781355 0.90925 0.08781355 0.90925 0 0.8992912 0.002572 0.8789446 0.08781355 0.90925 0.001120686 0.9196736 0 0.8992912 0.08781355 0.90925 0.005886375 0.9392393 0.001120686 0.9196736 0.01409947 0.957169 0.005886375 0.9392393 0.08781355 0.90925 0.02541482 0.9727097 0.01409947 0.957169 0.1572152 0.9736065 0.01409947 0.957169 0.1729075 0.9737563 0.1572152 0.9736065 0.1572152 0.9736065 0.1470705 0.9792049 0.02541482 0.9727097 0.03935837 0.9852121 0.02541482 0.9727097 0.1366596 0.9840553 0.02541482 0.9727097 0.1470705 0.9792049 0.1366596 0.9840553 0.1366596 0.9840553 0.125652 0.9892942 0.03935837 0.9852121 0.05534583 0.9941493 0.03935837 0.9852121 0.125652 0.9892942 0.125652 0.9892942 0.1086124 0.9966678 0.05534583 0.9941493 0.07270771 0.9991486 0.05534583 0.9941493 0.1086124 0.9966678 0.1086124 0.9966678 0.09071415 1 0.07270771 0.9991486 0.2384703 0.3882308 0.2960244 0.4708156 0.2682303 0.4627287 0.2960244 0.4708156 0.2803514 0.4802322 0.2682303 0.4627287 0.08047586 0.3987684 0.2384703 0.3882308 0.2061539 0.4038401 0.08047586 0.3987684 0.233399 0.3792084 0.2384703 0.3882308 0.08047586 0.3987684 0.2299677 0.3677662 0.233399 0.3792084 0.08047586 0.3987684 0.2290268 0.3583341 0.2299677 0.3677662 0.08047586 0.3987684 0.2301772 0.3477733 0.2290268 0.3583341 0.08047586 0.3987684 0.2333278 0.3380165 0.2301772 0.3477733 0.2803514 0.4802322 0.2401431 0.5044696 0.218998 0.4752301 0.218998 0.4752301 0.2138357 0.4709934 0.2803514 0.4802322 0.4251379 0.8318364 0.4215439 0.8362972 0.4241887 0.8226121 0.4295896 0.8816815 0.4114896 0.8819568 0.4295179 0.868377 0.4295179 0.868377 0.432695 0.8698816 0.4295896 0.8816815 0.4298131 0.8269144 0.4251379 0.8318364 0.4241887 0.8226121 0.4241887 0.8226121 0.4357078 0.8225173 0.4298131 0.8269144 0.4295896 0.8816815 0.432695 0.8698816 0.4372995 0.8714926 0.4295896 0.8816815 0.4372995 0.8714926 0.4442838 0.8724446 0.4491233 0.8815113 0.4295896 0.8816815 0.4442838 0.8724446 0.4442838 0.8724446 0.4609512 0.8723653 0.4491233 0.8815113 0.4693951 0.8814533 0.4491233 0.8815113 0.4609512 0.8723653 0.4609512 0.8723653 0.477841 0.8723653 0.4693951 0.8814533 0.4896741 0.8815113 0.4693951 0.8814533 0.477841 0.8723653 0.477841 0.8723653 0.4945188 0.8724446 0.4896741 0.8815113 0.4896741 0.8815113 0.4945188 0.8724446 0.5012099 0.8715719 0.4896741 0.8815113 0.5012099 0.8715719 0.5071794 0.8694158 0.5092296 0.8816815 0.4896741 0.8815113 0.5071794 0.8694158 0.5071794 0.8694158 0.5124858 0.8666036 0.5092296 0.8816815 0.5092296 0.8816815 0.5124858 0.8666036 0.517292 0.8635913 0.5273639 0.8819568 0.5092296 0.8816815 0.517292 0.8635913 0.2737716 0.5791338 0.2906474 0.5788052 0.2571499 0.5819171 0.2412092 0.5870738 0.2571499 0.5819171 0.2906474 0.5788052 0.2906474 0.5788052 0.2861915 0.5829375 0.2412092 0.5870738 0.2469366 0.5895053 0.2412092 0.5870738 0.2861915 0.5829375 0.2861915 0.5829375 0.2827888 0.5878508 0.2469366 0.5895053 0.2519695 0.5930075 0.2469366 0.5895053 0.2827888 0.5878508 0.2827888 0.5878508 0.2805864 0.5933322 0.2519695 0.5930075 0.2560905 0.5974298 0.2519695 0.5930075 0.2805864 0.5933322 0.2805864 0.5933322 0.2796912 0.599119 0.2560905 0.5974298 0.2591013 0.6025633 0.2560905 0.5974298 0.2796912 0.599119 0.2796912 0.599119 0.2801378 0.604929 0.2591013 0.6025633 0.2608635 0.6081529 0.2591013 0.6025633 0.2801378 0.604929 0.2718493 0.6648614 0.2608635 0.6081529 0.2911241 0.6616336 0.2710415 0.6726235 0.2718493 0.6648614 0.2911241 0.6616336 0.2891441 0.6707565 0.284945 0.6696702 0.2911241 0.6616336 0.280656 0.6703892 0.277127 0.6727666 0.2710415 0.6726235 0.2911241 0.6616336 0.2959168 0.6676098 0.2891441 0.6707565 0.2713586 0.6763809 0.2710415 0.6726235 0.277127 0.6727666 0.2924221 0.6734237 0.2891441 0.6707565 0.2959168 0.6676098 0.277127 0.6727666 0.2750566 0.6763306 0.2713586 0.6763809 0.2959168 0.6676098 0.2956272 0.6761683 0.2924221 0.6734237 0.2730823 0.6799411 0.2713586 0.6763809 0.2750566 0.6763306 0.2941297 0.6771501 0.2924221 0.6734237 0.2956272 0.6761683 0.2750566 0.6763306 0.2748554 0.680378 0.2730823 0.6799411 0.2747982 0.6844794 0.2730823 0.6799411 0.2748554 0.680378 0.2956272 0.6761683 0.295687 0.6811317 0.2941297 0.6771501 0.2748554 0.680378 0.2769924 0.6846147 0.2747982 0.6844794 0.2937045 0.6818507 0.2941297 0.6771501 0.295687 0.6811317 0.2747982 0.6844794 0.2769924 0.6846147 0.2811478 0.6873167 0.2786542 0.6879507 0.2747982 0.6844794 0.2811478 0.6873167 0.2933198 0.6855888 0.2908039 0.6857241 0.2937045 0.6818507 0.295687 0.6811317 0.2933198 0.6855888 0.2937045 0.6818507 0.2862066 0.6877264 0.2908039 0.6857241 0.2933198 0.6855888 0.2811478 0.6873167 0.2862066 0.6877264 0.2786542 0.6879507 0.2837552 0.6894119 0.2786542 0.6879507 0.2862066 0.6877264 0.2890308 0.6885653 0.2837552 0.6894119 0.2862066 0.6877264 0.2933198 0.6855888 0.2890308 0.6885653 0.2862066 0.6877264 0.3550074 0.5959454 0.3548733 0.6602188 0.3256295 0.5958912 0.3254954 0.6601647 0.3256295 0.5958912 0.3548733 0.6602188 0.9661475 0.72893 0.9660155 0.7253273 0.9824365 0.7279404 0.9795042 0.7242448 0.9824365 0.7279404 0.9660155 0.7253273 0.9660155 0.7253273 0.9659037 0.7222734 0.9795042 0.7242448 0.9772996 0.7201473 0.9795042 0.7242448 0.9659037 0.7222734 0.9659037 0.7222734 0.9658159 0.719869 0.9772996 0.7201473 0.9772996 0.7201473 0.9658159 0.719869 0.955469 0.7164131 0.9758858 0.7157714 0.9772996 0.7201473 0.955469 0.7164131 0.955469 0.7164131 0.9557242 0.7118595 0.9758858 0.7157714 0.9752978 0.711241 0.9758858 0.7157714 0.9557242 0.7118595 0.9557242 0.7118595 0.9534037 0.6485331 0.9752978 0.711241 0.6923812 0.6995707 0.6630219 0.6994392 0.6622947 0.6356142 0.6916497 0.6353822 0.6923812 0.6995707 0.6622947 0.6356142 0.517292 0.8635913 0.5126074 0.863543 0.5172941 0.8362972 0.5126074 0.8362489 0.5172941 0.8362972 0.5126074 0.863543 0.5126074 0.863543 0.5076525 0.8635314 0.5126074 0.8362489 0.5076535 0.8362373 0.5126074 0.8362489 0.5076525 0.8635314 0.5076525 0.8635314 0.5027714 0.8635575 0.5076535 0.8362373 0.5027725 0.8362634 0.5076535 0.8362373 0.5027714 0.8635575 0.5027714 0.8635575 0.4982667 0.8636184 0.5027725 0.8362634 0.4982687 0.8363243 0.5027725 0.8362634 0.4982667 0.8636184 0.4982667 0.8636184 0.4944252 0.8637112 0.4982687 0.8363243 0.4944263 0.8364171 0.4982687 0.8363243 0.4944252 0.8637112 0.3550344 0.5834865 0.3550261 0.5871395 0.3256565 0.5834324 0.3256482 0.5870854 0.3256565 0.5834324 0.3550261 0.5871395 0.3550261 0.5871395 0.3550168 0.5913878 0.3256482 0.5870854 0.3256388 0.5913375 0.3256482 0.5870854 0.3550168 0.5913878 0.3550168 0.5913878 0.3550074 0.5959454 0.3256388 0.5913375 0.3256295 0.5958912 0.3256388 0.5913375 0.3550074 0.5959454 0.4215439 0.8362972 0.4262233 0.8362489 0.4215428 0.8635913 0.4262212 0.863543 0.4215428 0.8635913 0.4262233 0.8362489 0.4262233 0.8362489 0.4311761 0.8362373 0.4262212 0.863543 0.431174 0.8635314 0.4262212 0.863543 0.4311761 0.8362373 0.4311761 0.8362373 0.4360603 0.8362634 0.431174 0.8635314 0.4360582 0.8635575 0.431174 0.8635314 0.4360603 0.8362634 0.4360603 0.8362634 0.4405723 0.8363243 0.4360582 0.8635575 0.4405713 0.8636184 0.4360582 0.8635575 0.4405723 0.8363243 0.4405723 0.8363243 0.4444262 0.8364171 0.4405713 0.8636184 0.4444241 0.8637112 0.4405713 0.8636184 0.4444262 0.8364171 0.6917126 0.6225562 0.691643 0.6264102 0.6623581 0.6227881 0.6622884 0.6266421 0.6623581 0.6227881 0.691643 0.6264102 0.691643 0.6264102 0.6916217 0.6307861 0.6622884 0.6266421 0.6622666 0.631018 0.6622884 0.6266421 0.6916217 0.6307861 0.6916217 0.6307861 0.6916497 0.6353822 0.6622666 0.631018 0.6622947 0.6356142 0.6622666 0.631018 0.6916497 0.6353822 0.4262212 0.863543 0.4261931 0.8665167 0.4215428 0.8635913 0.431174 0.8635314 0.432695 0.8698816 0.4295179 0.868377 0.431174 0.8635314 0.4295179 0.868377 0.4261931 0.8665167 0.4262212 0.863543 0.431174 0.8635314 0.4261931 0.8665167 0.431174 0.8635314 0.4360582 0.8635575 0.432695 0.8698816 0.2933208 0.5852067 0.2906474 0.5788052 0.2978583 0.5794276 0.2933208 0.5852067 0.2978583 0.5794276 0.3026552 0.5801079 0.432695 0.8698816 0.4360582 0.8635575 0.4405713 0.8636184 0.4428605 0.8699947 0.432695 0.8698816 0.4405713 0.8636184 0.2861915 0.5829375 0.2906474 0.5788052 0.2933208 0.5852067 0.4405713 0.8636184 0.4444241 0.8637112 0.4428605 0.8699947 0.6554446 0.6180759 0.6623581 0.6227881 0.6622884 0.6266421 0.6552548 0.625927 0.6554446 0.6180759 0.6622884 0.6266421 0.2876387 0.5937729 0.2827888 0.5878508 0.2861915 0.5829375 0.2933208 0.5852067 0.2876387 0.5937729 0.2861915 0.5829375 0.2805864 0.5933322 0.2827888 0.5878508 0.2876387 0.5937729 0.6622884 0.6266421 0.6622666 0.631018 0.6552548 0.625927 0.2869312 0.6038157 0.2796912 0.599119 0.2805864 0.5933322 0.2876387 0.5937729 0.2869312 0.6038157 0.2805864 0.5933322 0.6552548 0.625927 0.6622666 0.631018 0.6622947 0.6356142 0.6552548 0.625927 0.6622947 0.6356142 0.6585218 0.6356799 0.6552668 0.6358152 0.6552548 0.625927 0.6585218 0.6356799 0.2796912 0.599119 0.2869312 0.6038157 0.2838207 0.6043183 0.2801378 0.604929 0.2796912 0.599119 0.2838207 0.6043183 0.2991064 0.6670957 0.2959168 0.6676098 0.2838207 0.6043183 0.2838207 0.6043183 0.2869312 0.6038157 0.2991064 0.6670957 0.6591981 0.6998683 0.6559124 0.7000075 0.6552668 0.6358152 0.6552668 0.6358152 0.6585218 0.6356799 0.6591981 0.6998683 0.6591981 0.6998683 0.6585218 0.6356799 0.6622947 0.6356142 0.6591981 0.6998683 0.6622947 0.6356142 0.6630219 0.6994392 0.663039 0.7010783 0.6591981 0.6998683 0.6630219 0.6994392 0.2718493 0.6648614 0.2710415 0.6726235 0.2608635 0.6081529 0.2608635 0.6081529 0.2710415 0.6726235 0.2693599 0.6742317 0.2571697 0.6087753 0.2608635 0.6081529 0.2693599 0.6742317 0.2693599 0.6742317 0.2663668 0.6725733 0.2571697 0.6087753 0.2540274 0.6093204 0.2571697 0.6087753 0.2663668 0.6725733 0.3618794 0.6601724 0.3586753 0.6602111 0.3619314 0.5959028 0.3587542 0.5959376 0.3619314 0.5959028 0.3586753 0.6602111 0.3586753 0.6602111 0.3548733 0.6602188 0.3587542 0.5959376 0.3550074 0.5959454 0.3587542 0.5959376 0.3548733 0.6602188 0.517292 0.8635913 0.5124858 0.8666036 0.5126074 0.863543 0.5076525 0.8635314 0.5126074 0.863543 0.5124858 0.8666036 0.5124858 0.8666036 0.5071794 0.8694158 0.5076525 0.8635314 0.5076525 0.8635314 0.5071794 0.8694158 0.5061107 0.8698015 0.5027714 0.8635575 0.5076525 0.8635314 0.5061107 0.8698015 0.4960179 0.8699938 0.4982667 0.8636184 0.5027714 0.8635575 0.5061107 0.8698015 0.4960179 0.8699938 0.5027714 0.8635575 0.2349454 0.5898647 0.2412092 0.5870738 0.2410008 0.5939275 0.2410008 0.5939275 0.2304064 0.5922189 0.2349454 0.5898647 0.2412092 0.5870738 0.2469366 0.5895053 0.2410008 0.5939275 0.4944252 0.8637112 0.4982667 0.8636184 0.4960179 0.8699938 0.2410008 0.5939275 0.2469366 0.5895053 0.2519695 0.5930075 0.2495772 0.6001163 0.2410008 0.5939275 0.2519695 0.5930075 0.3619521 0.5861615 0.3550261 0.5871395 0.3550344 0.5834865 0.3619688 0.5788052 0.3619521 0.5861615 0.3550344 0.5834865 0.2519695 0.5930075 0.2560905 0.5974298 0.2495772 0.6001163 0.3550168 0.5913878 0.3550261 0.5871395 0.3619521 0.5861615 0.2495772 0.6001163 0.2560905 0.5974298 0.2591013 0.6025633 0.2495772 0.6001163 0.2591013 0.6025633 0.2608635 0.6081529 0.2495772 0.6001163 0.2608635 0.6081529 0.2571697 0.6087753 0.2540274 0.6093204 0.2495772 0.6001163 0.2571697 0.6087753 0.3619521 0.5861615 0.3619314 0.5959028 0.3550168 0.5913878 0.3550168 0.5913878 0.3619314 0.5959028 0.3587542 0.5959376 0.3550074 0.5959454 0.3550168 0.5913878 0.3587542 0.5959376 0.3205987 0.6601299 0.3218827 0.5958719 0.3256295 0.5958912 0.3254954 0.6601647 0.3205987 0.6601299 0.3256295 0.5958912 0.3187045 0.5958255 0.3218827 0.5958719 0.3205987 0.6601299 0.3205987 0.6601299 0.317014 0.6600526 0.3187045 0.5958255 0.9519752 0.7118595 0.9487893 0.7116276 0.9485039 0.6484789 0.9485039 0.6484789 0.9534037 0.6485331 0.9519752 0.7118595 0.9557242 0.7118595 0.9519752 0.7118595 0.9534037 0.6485331 0.9778647 0.6475512 0.9790395 0.711009 0.9752978 0.711241 0.9729774 0.6479146 0.9778647 0.6475512 0.9752978 0.711241 0.9822041 0.7105761 0.9790395 0.711009 0.9778647 0.6475512 0.9778647 0.6475512 0.9814291 0.6468786 0.9822041 0.7105761 0.6953659 0.63539 0.6984593 0.6354712 0.6972237 0.6995977 0.6972237 0.6995977 0.6923812 0.6995707 0.6953659 0.63539 0.6916497 0.6353822 0.6953659 0.63539 0.6923812 0.6995707 0.4215439 0.8362972 0.4281965 0.8340185 0.4262233 0.8362489 0.4311761 0.8362373 0.4262233 0.8362489 0.4281965 0.8340185 0.4281965 0.8340185 0.4355322 0.831586 0.4311761 0.8362373 0.4360603 0.8362634 0.4311761 0.8362373 0.4355322 0.831586 0.4355322 0.831586 0.4407927 0.8298465 0.4360603 0.8362634 0.4405723 0.8363243 0.4360603 0.8362634 0.4407927 0.8298465 0.4494944 0.8300417 0.4444262 0.8364171 0.4405723 0.8363243 0.4407927 0.8298465 0.4494944 0.8300417 0.4405723 0.8363243 0.9854358 0.7281646 0.9824365 0.7279404 0.9858101 0.7210828 0.9882059 0.7281878 0.9854358 0.7281646 0.9858101 0.7210828 0.9908357 0.7281723 0.9882059 0.7281878 0.9858101 0.7210828 0.9858101 0.7210828 0.9947645 0.7282574 0.9908357 0.7281723 0.9824365 0.7279404 0.9795042 0.7242448 0.9858101 0.7210828 0.691643 0.6264102 0.6917126 0.6225562 0.6984593 0.6245586 0.9858101 0.7210828 0.9795042 0.7242448 0.9772996 0.7201473 0.9858101 0.7210828 0.9772996 0.7201473 0.9758858 0.7157714 0.9858101 0.7210828 0.9758858 0.7157714 0.9752978 0.711241 0.9858101 0.7210828 0.9752978 0.711241 0.9790395 0.711009 0.9822041 0.7105761 0.9858101 0.7210828 0.9790395 0.711009 0.6984593 0.6354712 0.6916217 0.6307861 0.691643 0.6264102 0.6984593 0.6245586 0.6984593 0.6354712 0.691643 0.6264102 0.6916217 0.6307861 0.6984593 0.6354712 0.6953659 0.63539 0.6916497 0.6353822 0.6916217 0.6307861 0.6953659 0.63539 0.4349052 0.8192238 0.4241887 0.8226121 0.4132279 0.8227869 0.6876025 0.02050316 0.6734988 0.02974581 0.6646432 0.02918916 0.4357078 0.8225173 0.4241887 0.8226121 0.4349052 0.8192238 0.6404343 0.03394389 0.6301503 0.0325793 0.6543841 0.03008216 0.4451664 0.8213625 0.4357078 0.8225173 0.4349052 0.8192238 0.6301544 0.03593081 0.6404343 0.03394389 0.6572535 0.03469383 0.6572535 0.03469383 0.6301586 0.03733789 0.6301544 0.03593081 0.6030492 0.03477883 0.6198704 0.03397482 0.6301544 0.03593081 0.6301586 0.03733789 0.6030492 0.03477883 0.6301544 0.03593081 0.5956428 0.02930128 0.6198704 0.03397482 0.6030492 0.03477883 0.6030492 0.03477883 0.586781 0.02988111 0.5956428 0.02930128 0.5039077 0.8192238 0.5259708 0.8204956 0.5146482 0.822613 0.5956428 0.02930128 0.586781 0.02988111 0.5713737 0.02270269 0.2844923 0.6787621 0.2769924 0.6846147 0.2748554 0.680378 0.2811478 0.6873167 0.2769924 0.6846147 0.2844923 0.6787621 0.2862066 0.6877264 0.2811478 0.6873167 0.2844923 0.6787621 0.2908039 0.6857241 0.2862066 0.6877264 0.2844923 0.6787621 0.2937045 0.6818507 0.2908039 0.6857241 0.2844923 0.6787621 0.2941297 0.6771501 0.2937045 0.6818507 0.2844923 0.6787621 0.2844923 0.6787621 0.2924221 0.6734237 0.2941297 0.6771501 0.2891441 0.6707565 0.2924221 0.6734237 0.2844923 0.6787621 0.284945 0.6696702 0.2891441 0.6707565 0.2844923 0.6787621 0.280656 0.6703892 0.284945 0.6696702 0.2844923 0.6787621 0.277127 0.6727666 0.280656 0.6703892 0.2844923 0.6787621 0.2750566 0.6763306 0.277127 0.6727666 0.2844923 0.6787621 0.2748554 0.680378 0.2750566 0.6763306 0.2844923 0.6787621 0.2997952 0.6686845 0.2959168 0.6676098 0.2991064 0.6670957 0.6559124 0.7000075 0.6591981 0.6998683 0.6564426 0.7016543 0.6595194 0.7012445 0.6564426 0.7016543 0.6591981 0.6998683 0.6591981 0.6998683 0.663039 0.7010783 0.6595194 0.7012445 0.2693599 0.6742317 0.2663091 0.6742896 0.2663668 0.6725733 0.3586753 0.6602111 0.3618794 0.6601724 0.3613793 0.661854 0.3613793 0.661854 0.3583685 0.6615911 0.3586753 0.6602111 0.3586753 0.6602111 0.3583685 0.6615911 0.3548733 0.6602188 0.3026552 0.6795468 0.2956272 0.6761683 0.2959168 0.6676098 0.2997952 0.6686845 0.3026552 0.6795468 0.2959168 0.6676098 0.6595194 0.7012445 0.663039 0.7010783 0.6559852 0.7127717 0.6564426 0.7016543 0.6595194 0.7012445 0.6559852 0.7127717 0.663039 0.7010783 0.6626627 0.7137536 0.6559852 0.7127717 0.295687 0.6811317 0.2956272 0.6761683 0.3026552 0.6795468 0.65585 0.7225633 0.6559852 0.7127717 0.6626627 0.7137536 0.2981718 0.6899299 0.2933198 0.6855888 0.295687 0.6811317 0.3026552 0.6795468 0.2981718 0.6899299 0.295687 0.6811317 0.6626627 0.7137536 0.6624969 0.724817 0.65585 0.7225633 0.2890308 0.6885653 0.2933198 0.6855888 0.2981718 0.6899299 0.2856403 0.7089074 0.2873032 0.7149266 0.2742683 0.7147946 0.274274 0.7087894 0.2856403 0.7089074 0.2742683 0.7147946 0.2981718 0.6899299 0.2876985 0.6954422 0.2890308 0.6885653 0.2837552 0.6894119 0.2890308 0.6885653 0.2876985 0.6954422 0.2742683 0.7147946 0.26125 0.714928 0.274274 0.7087894 0.2629225 0.7089088 0.274274 0.7087894 0.26125 0.714928 0.2876985 0.6954422 0.2758145 0.6936718 0.2837552 0.6894119 0.2786542 0.6879507 0.2837552 0.6894119 0.2758145 0.6936718 0.3553817 0.6848041 0.3554056 0.6742587 0.361948 0.6823881 0.2677162 0.6853955 0.2747982 0.6844794 0.2786542 0.6879507 0.2758145 0.6936718 0.2677162 0.6853955 0.2786542 0.6879507 0.3619688 0.6730333 0.361948 0.6823881 0.3554056 0.6742587 0.2730823 0.6799411 0.2747982 0.6844794 0.2677162 0.6853955 0.3554056 0.6742587 0.3548733 0.6602188 0.3619688 0.6730333 0.2663091 0.6742896 0.2713586 0.6763809 0.2730823 0.6799411 0.2677162 0.6853955 0.2663091 0.6742896 0.2730823 0.6799411 0.3619688 0.6730333 0.3548733 0.6602188 0.3583685 0.6615911 0.3619688 0.6730333 0.3583685 0.6615911 0.3613793 0.661854 0.2693599 0.6742317 0.2713586 0.6763809 0.2663091 0.6742896 0.3666097 0.7669608 0.3645554 0.7894889 0.3639566 0.766963 0.3674643 0.7832247 0.3645554 0.7894889 0.3666097 0.7669608 0.9664412 0.7370323 0.9663575 0.7346975 0.9838717 0.7348598 0.9832188 0.7317055 0.9838717 0.7348598 0.9663575 0.7346975 0.9663575 0.7346975 0.9662588 0.7319838 0.9832188 0.7317055 0.9832188 0.7317055 0.9662588 0.7319838 0.9661475 0.72893 0.9832188 0.7317055 0.9661475 0.72893 0.9824365 0.7279404 0.6842132 0.8756153 0.6571537 0.8257412 0.6552574 0.8068935 0.6842132 0.8756153 0.6552574 0.8068935 0.6571537 0.7880467 0.6842132 0.8756153 0.6571537 0.7880467 0.6627761 0.7698784 0.6842132 0.8756153 0.6627761 0.7698784 0.6719207 0.753035 0.6842132 0.7381659 0.6842132 0.8756153 0.6719207 0.753035 0.7132398 0.6681897 0.7132398 0.673934 0.7132398 0.669218 0.6301503 0.0325793 0.6404343 0.03394389 0.6301544 0.03593081 0.6301544 0.03593081 0.6198704 0.03397482 0.6301503 0.0325793 0.2713586 0.6763809 0.2693599 0.6742317 0.2710415 0.6726235 0.4349052 0.8192238 0.4591152 0.8191078 0.4451664 0.8213625 0.9824365 0.7279404 0.9854358 0.7281646 0.9832188 0.7317055 0.9906355 0.7355015 0.9838717 0.7348598 0.9832188 0.7317055 0.9854358 0.7281646 0.9906355 0.7355015 0.9832188 0.7317055 0.9854358 0.7281646 0.9882059 0.7281878 0.9906355 0.7355015 0.9882059 0.7281878 0.9908357 0.7281723 0.9906355 0.7355015 1 0.7326332 0.9906355 0.7355015 0.9908357 0.7281723 0.4357078 0.8225173 0.4447162 0.8285863 0.4407927 0.8298465 0.4357078 0.8225173 0.4407927 0.8298465 0.4355322 0.831586 0.4298131 0.8269144 0.4357078 0.8225173 0.4355322 0.831586 0.4298131 0.8269144 0.4355322 0.831586 0.4281965 0.8340185 0.4251379 0.8318364 0.4298131 0.8269144 0.4281965 0.8340185 0.4215439 0.8362972 0.4251379 0.8318364 0.4281965 0.8340185 0.2801378 0.604929 0.2911241 0.6616336 0.2608635 0.6081529 0.2801378 0.604929 0.2838207 0.6043183 0.2911241 0.6616336 0.9752978 0.711241 0.9534037 0.6485331 0.9729774 0.6479146 0.9729774 0.6479146 0.9529109 0.6350808 0.9724846 0.6344622 0.9534037 0.6485331 0.9529109 0.6350808 0.9729774 0.6479146 0.663039 0.7010783 0.6630219 0.6994392 0.6923812 0.6995707 0.6972237 0.6995977 0.6920178 0.7135217 0.6923812 0.6995707 0.9778647 0.6475512 0.9832094 0.6321352 0.9814291 0.6468786 0.9724846 0.6344622 0.9752661 0.6218372 0.9832094 0.6321352 0.9724846 0.6344622 0.9620977 0.6181648 0.9752661 0.6218372 0.9724846 0.6344622 0.9529109 0.6350808 0.9620977 0.6181648 0.9529109 0.6350808 0.949228 0.6226644 0.9620977 0.6181648 0.9529109 0.6350808 0.9420571 0.633434 0.949228 0.6226644 0.3205987 0.6601299 0.3254954 0.6601647 0.3260287 0.6742046 0.9449037 0.6480305 0.9420571 0.633434 0.9485039 0.6484789 0.5172941 0.8362972 0.5106446 0.8340185 0.5137053 0.8318364 0.5137053 0.8318364 0.5106446 0.8340185 0.5090238 0.8269144 0.5090238 0.8269144 0.5106446 0.8340185 0.5033068 0.831586 0.5090238 0.8269144 0.5033068 0.831586 0.5031207 0.8225173 0.5031207 0.8225173 0.5033068 0.831586 0.4980484 0.8298465 0.5031207 0.8225173 0.4980484 0.8298465 0.4941279 0.8285853 0.9326256 0.7347593 0.9414526 0.729734 0.9421772 0.7370323 0.9440761 0.7295794 0.9421772 0.7370323 0.9414526 0.729734 0.9468374 0.7293861 0.9421772 0.7370323 0.9440761 0.7295794 0.9468374 0.7293861 0.9493055 0.7327801 0.9421772 0.7370323 0.9421772 0.7370323 0.9493055 0.7327801 0.9488829 0.7359654 0.9498133 0.7289686 0.9493055 0.7327801 0.9468374 0.7293861 0.5039077 0.8192238 0.4936528 0.8213625 0.4796791 0.8191078 0.9493055 0.7327801 0.9498133 0.7289686 0.9661475 0.72893 0.9493055 0.7327801 0.9661475 0.72893 0.9662588 0.7319838 0.9663575 0.7346975 0.9493055 0.7327801 0.9662588 0.7319838 0.9493055 0.7327801 0.9663575 0.7346975 0.9488829 0.7359654 0.9664412 0.7370323 0.9488829 0.7359654 0.9663575 0.7346975 0.3674643 0.7506813 0.3666097 0.7669608 0.3645554 0.744418 0.3666097 0.7669608 0.3639566 0.766963 0.3645554 0.744418 0.4936528 0.8213625 0.5039077 0.8192238 0.5031207 0.8225173 0.6198704 0.03397482 0.6058977 0.03015947 0.6301503 0.0325793 0.5031207 0.8225173 0.5039077 0.8192238 0.5146482 0.822613 0.3256295 0.5958912 0.3218827 0.5958719 0.3256388 0.5913375 0.3256388 0.5913375 0.3218827 0.5958719 0.3187045 0.5958255 0.3187274 0.5851216 0.3256482 0.5870854 0.3187045 0.5958255 0.3187045 0.5958255 0.3256482 0.5870854 0.3256388 0.5913375 0.9487893 0.7116276 0.9519752 0.7118595 0.94595 0.722343 0.94595 0.722343 0.9519752 0.7118595 0.9557242 0.7118595 0.94595 0.722343 0.9557242 0.7118595 0.955469 0.7164131 0.94595 0.722343 0.955469 0.7164131 0.9543675 0.7208663 0.94595 0.722343 0.9543675 0.7208663 0.952468 0.7250953 0.3256482 0.5870854 0.3187274 0.5851216 0.3256565 0.5834324 0.9498133 0.7289686 0.94595 0.722343 0.952468 0.7250953 0.94595 0.722343 0.9414526 0.729734 0.9375415 0.7300665 0.9414526 0.729734 0.94595 0.722343 0.9440761 0.7295794 0.9440761 0.7295794 0.94595 0.722343 0.9468374 0.7293861 0.9468374 0.7293861 0.94595 0.722343 0.9498133 0.7289686 0.4980484 0.8298465 0.4982687 0.8363243 0.4893778 0.8300417 0.4893778 0.8300417 0.4982687 0.8363243 0.4944263 0.8364171 0.4982687 0.8363243 0.4980484 0.8298465 0.5027725 0.8362634 0.5033068 0.831586 0.5027725 0.8362634 0.4980484 0.8298465 0.5027725 0.8362634 0.5033068 0.831586 0.5076535 0.8362373 0.5106446 0.8340185 0.5076535 0.8362373 0.5033068 0.831586 0.5076535 0.8362373 0.5106446 0.8340185 0.5126074 0.8362489 0.5172941 0.8362972 0.5126074 0.8362489 0.5106446 0.8340185 0.9659037 0.7222734 0.9543675 0.7208663 0.9658159 0.719869 0.9543675 0.7208663 0.9659037 0.7222734 0.952468 0.7250953 0.9660155 0.7253273 0.952468 0.7250953 0.9659037 0.7222734 0.952468 0.7250953 0.9660155 0.7253273 0.9498133 0.7289686 0.9661475 0.72893 0.9498133 0.7289686 0.9660155 0.7253273 0.5146482 0.822613 0.5090238 0.8269144 0.5031207 0.8225173 0.5090238 0.8269144 0.5146482 0.822613 0.5137053 0.8318364 0.5137053 0.8318364 0.5146482 0.822613 0.5172941 0.8362972 0.9658159 0.719869 0.9543675 0.7208663 0.955469 0.7164131 0.2911241 0.6616336 0.280656 0.6703892 0.2710415 0.6726235 0.2911241 0.6616336 0.284945 0.6696702 0.280656 0.6703892 0.2911241 0.6616336 0.2838207 0.6043183 0.2959168 0.6676098 0.9729774 0.6479146 0.9724846 0.6344622 0.9778647 0.6475512 0.9778647 0.6475512 0.9724846 0.6344622 0.9832094 0.6321352 0.9534037 0.6485331 0.9485039 0.6484789 0.9529109 0.6350808 0.9485039 0.6484789 0.9420571 0.633434 0.9529109 0.6350808 0.6626627 0.7137536 0.663039 0.7010783 0.6920178 0.7135217 0.663039 0.7010783 0.6923812 0.6995707 0.6920178 0.7135217 0.3554056 0.6742587 0.3553817 0.6848041 0.3260048 0.68475 0.3554056 0.6742587 0.3260048 0.68475 0.3260287 0.6742046 0.26125 0.714928 0.2742683 0.7147946 0.274268 0.742089 0.26125 0.714928 0.274268 0.742089 0.26125 0.7422224 0.2742683 0.7147946 0.2873032 0.7149266 0.2873032 0.7422209 0.2742683 0.7147946 0.2873032 0.7422209 0.274268 0.742089 0.6624969 0.724817 0.6626627 0.7137536 0.6920178 0.7135217 0.6624969 0.724817 0.6920178 0.7135217 0.6918514 0.7245851 0.3548733 0.6602188 0.3554056 0.6742587 0.3260287 0.6742046 0.3548733 0.6602188 0.3260287 0.6742046 0.3254954 0.6601647 0.2531707 0.1477203 0.2333278 0.3380165 0.08047586 0.3987684 0.2531707 0.1477203 0.2734202 0.1530317 0.2333278 0.3380165 0.2734202 0.1530317 0.294427 0.1541218 0.2333278 0.3380165 0.237267 0.8788102 0.2069346 0.8893798 0.2061778 0.8774602 0.237267 0.8788102 0.210328 0.9008558 0.2069346 0.8893798 0.237267 0.8788102 0.2184205 0.9084073 0.210328 0.9008558 0.237267 0.8788102 0.2301808 0.9084768 0.2184205 0.9084073 0.237267 0.8788102 0.2061778 0.8774602 0.208124 0.8656566 0.237267 0.8788102 0.208124 0.8656566 0.2126485 0.8545487 0.237267 0.8788102 0.2126485 0.8545487 0.2214812 0.8476989 0.237267 0.8788102 0.2214812 0.8476989 0.2331833 0.8486537 0.2896016 0.06404536 0.2688733 0.02099794 0.2803072 0.0178436 0.2896016 0.06404536 0.2803072 0.0178436 0.286965 0.01506036 0.2896016 0.06404536 0.286965 0.01506036 0.2983787 0.01576393 0.2896016 0.06404536 0.2983787 0.01576393 0.3093759 0.01868635 0.2896016 0.06404536 0.3093759 0.01868635 0.3192508 0.02362656 0.2896016 0.06404536 0.3192508 0.02362656 0.3281776 0.03059238 0.2896016 0.06404536 0.3281776 0.03059238 0.3308718 0.03690105 0.2896016 0.06404536 0.3308718 0.03690105 0.3367208 0.04655736</float_array>
          <technique_common>
            <accessor source="#metacarpal_001-mesh-map-0-array" count="4464" stride="2">
              <param name="S" type="float"/>
              <param name="T" type="float"/>
            </accessor>
          </technique_common>
        </source>
        <vertices id="metacarpal_001-mesh-vertices">
          <input semantic="POSITION" source="#metacarpal_001-mesh-positions"/>
        </vertices>
        <triangles material="black_spec_006-material" count="1488">
          <input semantic="VERTEX" source="#metacarpal_001-mesh-vertices" offset="0"/>
          <input semantic="NORMAL" source="#metacarpal_001-mesh-normals" offset="1"/>
          <input semantic="TEXCOORD" source="#metacarpal_001-mesh-map-0" offset="2" set="0"/>
          <p>10 0 0 11 0 1 12 0 2 13 1 3 11 1 4 10 1 5 16 2 6 15 2 7 14 2 8 14 3 9 17 3 10 16 3 11 9 4 12 17 4 13 14 4 14 1 5 15 0 5 16 20 5 17 20 6 18 21 6 19 1 6 20 2 7 21 1 7 22 21 7 23 22 8 24 3 8 25 2 8 26 21 9 27 22 9 28 2 9 29 24 10 30 25 10 31 26 10 32 27 11 33 26 11 34 25 11 35 28 11 36 27 11 37 25 11 38 25 12 39 24 12 40 29 12 41 29 13 42 30 13 43 25 13 44 30 11 45 31 11 46 25 11 47 30 14 48 29 14 49 19 14 50 20 15 51 19 15 52 29 15 53 29 16 54 24 16 55 20 16 56 21 17 57 20 17 58 24 17 59 22 18 60 21 18 61 24 18 62 24 19 63 26 19 64 22 19 65 23 20 66 22 20 67 26 20 68 13 21 69 16 21 70 11 21 71 15 22 72 16 22 73 13 22 74 12 23 75 11 23 76 17 23 77 16 24 78 17 24 79 11 24 80 12 25 81 17 25 82 9 25 83 33 26 84 9 26 85 18 26 86 33 27 87 18 27 88 8 27 89 33 28 90 8 28 91 7 28 92 33 29 93 7 29 94 6 29 95 33 30 96 6 30 97 4 30 98 33 31 99 4 31 100 5 31 101 32 32 102 33 32 103 5 32 104 25 33 105 60 33 106 61 33 107 51 34 108 14 34 109 48 34 110 84 35 111 37 35 112 34 35 113 84 36 114 34 36 115 81 36 116 81 37 117 34 37 118 38 37 119 60 38 120 36 38 121 88 38 122 86 39 123 88 39 124 36 39 125 84 40 126 86 40 127 37 40 128 86 41 129 36 41 130 37 41 131 79 42 132 81 42 133 38 42 134 38 43 135 39 43 136 79 43 137 77 44 138 79 44 139 39 44 140 39 45 141 40 45 142 77 45 143 74 46 144 77 46 145 40 46 146 40 47 147 58 47 148 74 47 149 72 48 150 74 48 151 58 48 152 58 49 153 59 49 154 72 49 155 53 50 156 44 50 157 69 50 158 41 51 159 83 51 160 44 51 161 41 52 162 85 52 163 83 52 164 41 53 165 87 53 166 85 53 167 41 54 168 44 54 169 56 54 170 44 55 171 53 55 172 56 55 173 89 56 174 87 56 175 41 56 176 56 57 177 57 57 178 41 57 179 63 58 180 46 58 181 62 58 182 42 59 183 46 59 184 66 59 185 46 60 186 63 60 187 66 60 188 42 61 189 75 61 190 46 61 191 42 62 192 76 62 193 75 62 194 42 63 195 78 63 196 76 63 197 43 64 198 42 64 199 67 64 200 42 65 201 66 65 202 67 65 203 42 66 204 43 66 205 78 66 206 43 67 207 80 67 208 78 67 209 82 68 210 80 68 211 43 68 212 43 69 213 69 69 214 44 69 215 43 70 216 67 70 217 69 70 218 43 71 219 44 71 220 82 71 221 44 72 222 83 72 223 82 72 224 49 73 225 50 73 226 45 73 227 71 74 228 70 74 229 45 74 230 45 75 231 46 75 232 71 75 233 46 76 234 73 76 235 71 76 236 46 77 237 75 77 238 73 77 239 45 78 240 62 78 241 46 78 242 45 79 243 50 79 244 62 79 245 35 80 246 47 80 247 62 80 248 62 81 249 50 81 250 35 81 251 50 82 252 48 82 253 35 82 254 50 83 255 51 83 256 48 83 257 53 84 258 69 84 259 52 84 260 56 85 261 53 85 262 54 85 263 53 86 264 52 86 265 54 86 266 54 87 267 55 87 268 56 87 269 63 88 270 62 88 271 47 88 272 47 89 273 64 89 274 63 89 275 66 90 276 63 90 277 64 90 278 64 91 279 65 91 280 66 91 281 65 92 282 68 92 283 66 92 284 68 93 285 67 93 286 66 93 287 69 94 288 67 94 289 68 94 290 68 95 291 52 95 292 69 95 293 70 96 294 71 96 295 72 96 296 74 97 297 72 97 298 73 97 299 72 98 300 71 98 301 73 98 302 73 99 303 75 99 304 74 99 305 77 100 306 74 100 307 75 100 308 75 101 309 76 101 310 77 101 311 79 102 312 77 102 313 78 102 314 77 103 315 76 103 316 78 103 317 81 104 318 79 104 319 80 104 320 79 105 321 78 105 322 80 105 323 84 106 324 81 106 325 82 106 326 81 107 327 80 107 328 82 107 329 82 108 330 83 108 331 84 108 332 86 109 333 84 109 334 85 109 335 84 110 336 83 110 337 85 110 338 88 111 339 86 111 340 87 111 341 86 112 342 85 112 343 87 112 344 168 113 345 167 113 346 166 113 347 223 114 348 168 114 349 166 114 350 223 115 351 166 115 352 222 115 353 25 116 354 157 116 355 158 116 356 25 11 357 61 11 358 157 11 359 198 117 360 33 117 361 197 117 362 197 118 363 33 118 364 117 118 365 210 119 366 140 119 367 141 119 368 210 120 369 209 120 370 140 120 371 144 121 372 142 121 373 138 121 374 90 122 375 188 122 376 135 122 377 154 123 378 156 123 379 155 123 380 148 124 381 156 124 382 154 124 383 91 125 384 143 125 385 92 125 386 91 126 387 144 126 388 143 126 389 137 127 390 92 127 391 95 127 392 93 128 393 137 128 394 95 128 395 137 129 396 135 129 397 136 129 398 94 130 399 135 130 400 137 130 401 137 131 402 93 131 403 94 131 404 188 132 405 180 132 406 181 132 407 143 133 408 95 133 409 92 133 410 188 134 411 90 134 412 180 134 413 93 135 414 95 135 415 97 135 416 93 136 417 97 136 418 147 136 419 143 137 420 97 137 421 95 137 422 143 138 423 144 138 424 97 138 425 144 139 426 138 139 427 97 139 428 138 140 429 96 140 430 97 140 431 147 141 432 97 141 433 96 141 434 147 142 435 96 142 436 98 142 437 147 143 438 98 143 439 148 143 440 145 144 441 93 144 442 147 144 443 90 145 444 99 145 445 180 145 446 180 146 447 99 146 448 179 146 449 179 147 450 99 147 451 178 147 452 178 148 453 99 148 454 153 148 455 153 149 456 99 149 457 154 149 458 146 150 459 154 150 460 99 150 461 145 151 462 146 151 463 99 151 464 145 152 465 99 152 466 93 152 467 93 153 468 99 153 469 94 153 470 135 154 471 94 154 472 99 154 473 99 155 474 90 155 475 135 155 476 55 156 477 14 156 478 149 156 479 33 157 480 12 157 481 9 157 482 33 158 483 10 158 484 12 158 485 33 159 486 206 159 487 10 159 488 33 160 489 204 160 490 206 160 491 33 161 492 200 161 493 204 161 494 33 25 495 202 25 496 200 25 497 33 25 498 198 25 499 202 25 500 121 162 501 123 162 502 110 162 503 110 163 504 100 163 505 104 163 506 100 164 507 128 164 508 104 164 509 101 165 510 127 165 511 177 165 512 126 166 513 127 166 514 101 166 515 177 167 516 111 167 517 101 167 518 102 168 519 125 168 520 126 168 521 125 169 522 102 169 523 124 169 524 126 170 525 103 170 526 102 170 527 103 171 528 126 171 529 101 171 530 111 172 531 112 172 532 101 172 533 128 173 534 124 173 535 102 173 536 102 174 537 107 174 538 128 174 539 107 175 540 102 175 541 103 175 542 104 176 543 128 176 544 107 176 545 105 177 546 101 177 547 112 177 548 101 178 549 105 178 550 103 178 551 112 179 552 113 179 553 105 179 554 106 180 555 103 180 556 105 180 557 103 181 558 106 181 559 107 181 560 110 182 561 104 182 562 107 182 563 105 183 564 108 183 565 106 183 566 108 184 567 105 184 568 113 184 569 113 185 570 114 185 571 108 185 572 109 186 573 106 186 574 108 186 575 106 187 576 109 187 577 107 187 578 107 188 579 118 188 580 110 188 581 118 189 582 107 189 583 109 189 584 108 190 585 116 190 586 109 190 587 116 191 588 108 191 589 114 191 590 117 192 591 109 192 592 116 192 593 109 193 594 117 193 595 118 193 596 114 194 597 115 194 598 116 194 599 121 195 600 110 195 601 118 195 602 176 196 603 133 196 604 177 196 605 111 197 606 177 197 607 133 197 608 133 198 609 134 198 610 111 198 611 112 199 612 111 199 613 134 199 614 134 200 615 130 200 616 112 200 617 113 201 618 112 201 619 130 201 620 130 202 621 131 202 622 113 202 623 114 203 624 113 203 625 131 203 626 131 204 627 196 204 628 114 204 629 115 205 630 114 205 631 196 205 632 196 206 633 197 206 634 115 206 635 197 207 636 116 207 637 115 207 638 117 208 639 116 208 640 197 208 641 33 209 642 119 209 643 117 209 644 119 210 645 118 210 646 117 210 647 121 211 648 118 211 649 119 211 650 120 212 651 121 212 652 119 212 653 123 213 654 121 213 655 122 213 656 121 214 657 120 214 658 122 214 659 181 215 660 182 215 661 188 215 662 190 216 663 188 216 664 182 216 665 182 217 666 183 217 667 190 217 668 191 218 669 190 218 670 183 218 671 183 219 672 184 219 673 191 219 674 192 220 675 191 220 676 184 220 677 184 221 678 185 221 679 192 221 680 199 222 681 192 222 682 185 222 683 185 223 684 186 223 685 199 223 686 203 224 687 199 224 688 186 224 689 186 225 690 187 225 691 203 225 692 205 226 693 203 226 694 187 226 695 187 227 696 15 227 697 205 227 698 13 228 699 205 228 700 15 228 701 14 229 702 153 229 703 149 229 704 178 230 705 153 230 706 14 230 707 158 231 708 215 231 709 163 231 710 158 232 711 216 232 712 215 232 713 213 233 714 216 233 715 158 233 716 158 234 717 157 234 718 213 234 719 211 235 720 213 235 721 157 235 722 157 236 723 61 236 724 211 236 725 208 237 726 211 237 727 61 237 728 61 238 729 60 238 730 208 238 731 88 239 732 208 239 733 60 239 734 159 240 735 167 240 736 28 240 737 166 241 738 167 241 739 159 241 740 159 242 741 160 242 742 166 242 743 160 243 744 161 243 745 166 243 746 161 244 747 165 244 748 166 244 749 164 245 750 165 245 751 161 245 752 161 246 753 162 246 754 164 246 755 164 247 756 163 247 757 215 247 758 164 248 759 162 248 760 163 248 761 23 249 762 28 249 763 167 249 764 23 250 765 27 250 766 28 250 767 26 251 768 27 251 769 23 251 770 169 252 771 92 252 772 136 252 773 129 253 774 169 253 775 136 253 776 129 254 777 170 254 778 169 254 779 129 255 780 136 255 781 189 255 782 136 256 783 135 256 784 189 256 785 189 257 786 193 257 787 129 257 788 132 258 789 129 258 790 193 258 791 129 259 792 132 259 793 170 259 794 132 260 795 171 260 796 170 260 797 132 261 798 172 261 799 171 261 800 132 262 801 173 262 802 172 262 803 174 263 804 173 263 805 132 263 806 193 264 807 194 264 808 132 264 809 132 265 810 131 265 811 130 265 812 132 266 813 196 266 814 131 266 815 132 267 816 195 267 817 196 267 818 132 268 819 194 268 820 195 268 821 132 269 822 130 269 823 174 269 824 130 270 825 175 270 826 174 270 827 176 271 828 175 271 829 133 271 830 175 272 831 134 272 832 133 272 833 175 273 834 130 273 835 134 273 836 137 274 837 136 274 838 92 274 839 98 275 840 156 275 841 148 275 842 98 276 843 139 276 844 156 276 845 139 277 846 155 277 847 156 277 848 141 278 849 139 278 850 98 278 851 98 279 852 96 279 853 141 279 854 96 280 855 138 280 856 141 280 857 214 281 858 141 281 859 138 281 860 138 282 861 142 282 862 214 282 863 140 283 864 41 283 865 150 283 866 41 284 867 57 284 868 150 284 869 41 285 870 140 285 871 89 285 872 140 286 873 207 286 874 89 286 875 209 287 876 207 287 877 140 287 878 150 288 879 151 288 880 140 288 881 140 289 882 139 289 883 141 289 884 140 290 885 155 290 886 139 290 887 140 291 888 152 291 889 155 291 890 140 292 891 151 292 892 152 292 893 141 293 894 212 293 895 210 293 896 212 294 897 141 294 898 214 294 899 214 295 900 142 295 901 217 295 902 218 296 903 217 296 904 144 296 905 217 297 906 142 297 907 144 297 908 144 298 909 91 298 910 218 298 911 146 299 912 145 299 913 147 299 914 154 300 915 146 300 916 147 300 917 147 301 918 148 301 919 154 301 920 149 302 921 153 302 922 55 302 923 153 303 924 56 303 925 55 303 926 153 304 927 57 304 928 56 304 929 153 305 930 150 305 931 57 305 932 153 306 933 151 306 934 150 306 935 153 307 936 152 307 937 151 307 938 153 308 939 155 308 940 152 308 941 155 309 942 153 309 943 154 309 944 158 11 945 163 11 946 25 11 947 25 310 948 159 310 949 28 310 950 25 311 951 160 311 952 159 311 953 25 312 954 161 312 955 160 312 956 25 313 957 162 313 958 161 313 959 25 314 960 163 314 961 162 314 962 224 315 963 225 315 964 168 315 965 225 316 966 167 316 967 168 316 968 225 317 969 23 317 970 167 317 971 22 318 972 23 318 973 225 318 974 225 319 975 3 319 976 22 319 977 219 320 978 215 320 979 216 320 980 164 321 981 215 321 982 219 321 983 219 322 984 220 322 985 164 322 986 220 323 987 221 323 988 164 323 989 165 324 990 164 324 991 221 324 992 221 325 993 222 325 994 165 325 995 165 326 996 222 326 997 166 326 998 223 327 999 224 327 1000 168 327 1001 92 328 1002 169 328 1003 91 328 1004 91 329 1005 169 329 1006 170 329 1007 91 330 1008 170 330 1009 230 330 1010 170 331 1011 171 331 1012 230 331 1013 171 332 1014 172 332 1015 230 332 1016 172 333 1017 173 333 1018 226 333 1019 14 334 1020 179 334 1021 178 334 1022 14 335 1023 180 335 1024 179 335 1025 14 336 1026 181 336 1027 180 336 1028 14 337 1029 182 337 1030 181 337 1031 14 338 1032 183 338 1033 182 338 1034 14 339 1035 184 339 1036 183 339 1037 14 340 1038 185 340 1039 184 340 1040 14 341 1041 186 341 1042 185 341 1043 14 342 1044 187 342 1045 186 342 1046 14 343 1047 15 343 1048 187 343 1049 189 344 1050 135 344 1051 188 344 1052 188 345 1053 190 345 1054 189 345 1055 190 346 1056 191 346 1057 189 346 1058 191 347 1059 192 347 1060 189 347 1061 201 348 1062 189 348 1063 199 348 1064 189 349 1065 192 349 1066 199 349 1067 189 350 1068 201 350 1069 193 350 1070 202 351 1071 193 351 1072 201 351 1073 193 352 1074 202 352 1075 194 352 1076 202 353 1077 195 353 1078 194 353 1079 202 354 1080 196 354 1081 195 354 1082 202 355 1083 197 355 1084 196 355 1085 202 356 1086 198 356 1087 197 356 1088 199 357 1089 203 357 1090 201 357 1091 204 358 1092 201 358 1093 203 358 1094 201 359 1095 204 359 1096 200 359 1097 200 360 1098 202 360 1099 201 360 1100 203 361 1101 205 361 1102 204 361 1103 206 362 1104 204 362 1105 205 362 1106 205 363 1107 13 363 1108 206 363 1109 10 364 1110 206 364 1111 13 364 1112 87 365 1113 89 365 1114 88 365 1115 208 366 1116 88 366 1117 89 366 1118 89 367 1119 207 367 1120 208 367 1121 211 368 1122 208 368 1123 209 368 1124 208 369 1125 207 369 1126 209 369 1127 209 370 1128 210 370 1129 211 370 1130 213 371 1131 211 371 1132 212 371 1133 211 372 1134 210 372 1135 212 372 1136 212 373 1137 214 373 1138 213 373 1139 216 374 1140 213 374 1141 214 374 1142 214 375 1143 217 375 1144 216 375 1145 216 376 1146 217 376 1147 219 376 1148 217 377 1149 218 377 1150 219 377 1151 227 378 1152 218 378 1153 91 378 1154 219 379 1155 218 379 1156 227 379 1157 228 380 1158 220 380 1159 219 380 1160 221 381 1161 220 381 1162 228 381 1163 229 382 1164 222 382 1165 221 382 1166 223 383 1167 222 383 1168 229 383 1169 223 384 1170 231 384 1171 224 384 1172 366 385 1173 364 385 1174 348 385 1175 366 386 1176 348 386 1177 308 386 1178 314 387 1179 274 387 1180 273 387 1181 314 388 1182 273 388 1183 313 388 1184 312 389 1185 310 389 1186 309 389 1187 311 390 1188 312 390 1189 309 390 1190 286 391 1191 272 391 1192 269 391 1193 286 392 1194 285 392 1195 272 392 1196 330 393 1197 232 393 1198 287 393 1199 287 394 1200 232 394 1201 292 394 1202 292 395 1203 232 395 1204 293 395 1205 293 396 1206 232 396 1207 291 396 1208 291 397 1209 232 397 1210 289 397 1211 289 398 1212 232 398 1213 294 398 1214 294 399 1215 232 399 1216 327 399 1217 298 400 1218 289 400 1219 294 400 1220 293 401 1221 291 401 1222 290 401 1223 293 402 1224 290 402 1225 292 402 1226 296 403 1227 271 403 1228 288 403 1229 290 404 1230 288 404 1231 271 404 1232 290 405 1233 271 405 1234 270 405 1235 272 406 1236 270 406 1237 271 406 1238 313 407 1239 270 407 1240 272 407 1241 284 408 1242 313 408 1243 272 408 1244 313 409 1245 273 409 1246 270 409 1247 292 410 1248 290 410 1249 270 410 1250 292 411 1251 270 411 1252 273 411 1253 294 412 1254 14 412 1255 51 412 1256 272 413 1257 285 413 1258 284 413 1259 279 414 1260 277 414 1261 276 414 1262 347 415 1263 344 415 1264 340 415 1265 32 415 1266 252 415 1267 251 415 1268 32 415 1269 259 415 1270 252 415 1271 233 416 1272 372 416 1273 371 416 1274 372 417 1275 233 417 1276 326 417 1277 247 418 1278 326 418 1279 233 418 1280 234 419 1281 371 419 1282 370 419 1283 371 420 1284 234 420 1285 233 420 1286 248 421 1287 247 421 1288 233 421 1289 370 422 1290 235 422 1291 234 422 1292 370 423 1293 236 423 1294 235 423 1295 237 424 1296 233 424 1297 234 424 1298 233 425 1299 237 425 1300 248 425 1301 238 426 1302 234 426 1303 235 426 1304 234 427 1305 238 427 1306 237 427 1307 239 428 1308 235 428 1309 236 428 1310 235 429 1311 239 429 1312 238 429 1313 236 430 1314 246 430 1315 239 430 1316 249 431 1317 248 431 1318 237 431 1319 240 432 1320 237 432 1321 238 432 1322 237 433 1323 240 433 1324 249 433 1325 241 434 1326 238 434 1327 239 434 1328 238 435 1329 241 435 1330 240 435 1331 239 436 1332 242 436 1333 241 436 1334 242 437 1335 239 437 1336 246 437 1337 246 438 1338 243 438 1339 242 438 1340 250 439 1341 249 439 1342 240 439 1343 240 440 1344 244 440 1345 250 440 1346 244 441 1347 240 441 1348 241 441 1349 241 442 1350 261 442 1351 244 442 1352 261 443 1353 241 443 1354 242 443 1355 242 444 1356 260 444 1357 261 444 1358 260 445 1359 242 445 1360 243 445 1361 243 446 1362 258 446 1363 260 446 1364 262 447 1365 244 447 1366 261 447 1367 244 448 1368 262 448 1369 250 448 1370 263 449 1371 250 449 1372 262 449 1373 246 450 1374 245 450 1375 243 450 1376 245 451 1377 258 451 1378 243 451 1379 236 452 1380 264 452 1381 246 452 1382 326 453 1383 247 453 1384 325 453 1385 278 454 1386 325 454 1387 247 454 1388 247 455 1389 248 455 1390 278 455 1391 277 456 1392 278 456 1393 248 456 1394 248 457 1395 249 457 1396 277 457 1397 276 458 1398 277 458 1399 249 458 1400 249 459 1401 250 459 1402 276 459 1403 275 460 1404 276 460 1405 250 460 1406 250 461 1407 263 461 1408 275 461 1409 346 462 1410 275 462 1411 263 462 1412 259 463 1413 254 463 1414 253 463 1415 259 464 1416 255 464 1417 254 464 1418 259 465 1419 256 465 1420 255 465 1421 259 466 1422 258 466 1423 256 466 1424 258 467 1425 257 467 1426 256 467 1427 260 468 1428 258 468 1429 259 468 1430 259 469 1431 32 469 1432 260 469 1433 32 470 1434 261 470 1435 260 470 1436 5 471 1437 345 471 1438 32 471 1439 345 472 1440 261 472 1441 32 472 1442 262 473 1443 261 473 1444 345 473 1445 345 474 1446 346 474 1447 262 474 1448 346 475 1449 263 475 1450 262 475 1451 328 476 1452 334 476 1453 18 476 1454 18 477 1455 335 477 1456 8 477 1457 18 476 1458 334 476 1459 335 476 1460 265 478 1461 334 478 1462 328 478 1463 266 479 1464 265 479 1465 328 479 1466 333 480 1467 265 480 1468 266 480 1469 332 481 1470 333 481 1471 266 481 1472 331 482 1473 332 482 1474 266 482 1475 266 483 1476 327 483 1477 331 483 1478 232 484 1479 331 484 1480 327 484 1481 14 485 1482 294 485 1483 327 485 1484 303 486 1485 348 486 1486 302 486 1487 308 487 1488 348 487 1489 303 487 1490 303 488 1491 304 488 1492 308 488 1493 307 489 1494 308 489 1495 304 489 1496 304 490 1497 305 490 1498 307 490 1499 305 491 1500 309 491 1501 307 491 1502 305 492 1503 306 492 1504 309 492 1505 311 493 1506 309 493 1507 306 493 1508 31 494 1509 311 494 1510 306 494 1511 358 495 1512 72 495 1513 59 495 1514 59 496 1515 299 496 1516 358 496 1517 356 497 1518 358 497 1519 299 497 1520 299 498 1521 300 498 1522 356 498 1523 353 499 1524 356 499 1525 300 499 1526 300 500 1527 301 500 1528 353 500 1529 351 501 1530 353 501 1531 301 501 1532 301 502 1533 302 502 1534 351 502 1535 351 503 1536 302 503 1537 348 503 1538 19 504 1539 311 504 1540 30 504 1541 30 505 1542 311 505 1543 31 505 1544 297 506 1545 295 506 1546 268 506 1547 267 507 1548 268 507 1549 295 507 1550 267 508 1551 269 508 1552 268 508 1553 267 509 1554 352 509 1555 269 509 1556 267 510 1557 354 510 1558 352 510 1559 267 511 1560 355 511 1561 354 511 1562 357 512 1563 355 512 1564 267 512 1565 45 513 1566 267 513 1567 49 513 1568 267 514 1569 295 514 1570 49 514 1571 267 515 1572 45 515 1573 357 515 1574 45 516 1575 70 516 1576 357 516 1577 268 517 1578 296 517 1579 297 517 1580 271 518 1581 296 518 1582 268 518 1583 272 519 1584 271 519 1585 268 519 1586 268 520 1587 269 520 1588 272 520 1589 352 521 1590 286 521 1591 269 521 1592 281 522 1593 330 522 1594 287 522 1595 274 523 1596 287 523 1597 292 523 1598 287 524 1599 274 524 1600 281 524 1601 274 525 1602 283 525 1603 281 525 1604 292 526 1605 273 526 1606 274 526 1607 274 527 1608 314 527 1609 283 527 1610 283 528 1611 314 528 1612 315 528 1613 346 529 1614 347 529 1615 275 529 1616 347 530 1617 276 530 1618 275 530 1619 347 531 1620 279 531 1621 276 531 1622 279 532 1623 280 532 1624 277 532 1625 280 533 1626 278 533 1627 277 533 1628 280 534 1629 325 534 1630 278 534 1631 280 535 1632 324 535 1633 325 535 1634 280 536 1635 323 536 1636 324 536 1637 280 537 1638 279 537 1639 340 537 1640 279 538 1641 347 538 1642 340 538 1643 322 539 1644 323 539 1645 280 539 1646 340 540 1647 341 540 1648 280 540 1649 280 541 1650 282 541 1651 322 541 1652 282 542 1653 321 542 1654 322 542 1655 282 543 1656 320 543 1657 321 543 1658 282 544 1659 319 544 1660 320 544 1661 282 545 1662 280 545 1663 336 545 1664 280 546 1665 339 546 1666 336 546 1667 280 547 1668 342 547 1669 339 547 1670 280 548 1671 341 548 1672 342 548 1673 336 549 1674 337 549 1675 282 549 1676 283 550 1677 282 550 1678 281 550 1679 282 551 1680 330 551 1681 281 551 1682 282 552 1683 329 552 1684 330 552 1685 282 553 1686 337 553 1687 329 553 1688 282 554 1689 283 554 1690 319 554 1691 283 555 1692 318 555 1693 319 555 1694 283 556 1695 317 556 1696 318 556 1697 283 557 1698 315 557 1699 317 557 1700 359 558 1701 316 558 1702 360 558 1703 361 559 1704 360 559 1705 316 559 1706 361 560 1707 313 560 1708 284 560 1709 361 561 1710 316 561 1711 313 561 1712 284 562 1713 362 562 1714 361 562 1715 284 563 1716 363 563 1717 362 563 1718 284 564 1719 365 564 1720 363 564 1721 350 565 1722 365 565 1723 285 565 1724 365 566 1725 284 566 1726 285 566 1727 285 567 1728 286 567 1729 350 567 1730 349 568 1731 350 568 1732 286 568 1733 286 569 1734 352 569 1735 349 569 1736 296 570 1737 288 570 1738 298 570 1739 289 571 1740 298 571 1741 288 571 1742 288 572 1743 290 572 1744 289 572 1745 291 573 1746 289 573 1747 290 573 1748 294 574 1749 51 574 1750 295 574 1751 51 575 1752 49 575 1753 295 575 1754 51 576 1755 50 576 1756 49 576 1757 294 577 1758 295 577 1759 298 577 1760 295 578 1761 297 578 1762 298 578 1763 296 579 1764 298 579 1765 297 579 1766 59 11 1767 25 11 1768 299 11 1769 25 580 1770 300 580 1771 299 580 1772 25 581 1773 301 581 1774 300 581 1775 302 582 1776 301 582 1777 25 582 1778 25 583 1779 303 583 1780 302 583 1781 25 584 1782 304 584 1783 303 584 1784 25 585 1785 305 585 1786 304 585 1787 25 586 1788 306 586 1789 305 586 1790 25 587 1791 31 587 1792 306 587 1793 310 588 1794 308 588 1795 307 588 1796 307 589 1797 309 589 1798 310 589 1799 308 590 1800 310 590 1801 366 590 1802 367 591 1803 366 591 1804 310 591 1805 367 592 1806 310 592 1807 312 592 1808 368 593 1809 367 593 1810 312 593 1811 369 594 1812 368 594 1813 312 594 1814 20 595 1815 0 595 1816 19 595 1817 0 596 1818 369 596 1819 19 596 1820 311 597 1821 19 597 1822 312 597 1823 19 598 1824 369 598 1825 312 598 1826 316 599 1827 314 599 1828 313 599 1829 316 600 1830 315 600 1831 314 600 1832 316 601 1833 359 601 1834 315 601 1835 359 600 1836 317 600 1837 315 600 1838 359 602 1839 377 602 1840 317 602 1841 377 603 1842 318 603 1843 317 603 1844 377 604 1845 319 604 1846 318 604 1847 14 605 1848 327 605 1849 9 605 1850 327 606 1851 266 606 1852 9 606 1853 266 415 1854 328 415 1855 9 415 1856 18 415 1857 9 415 1858 328 415 1859 330 607 1860 331 607 1861 232 607 1862 331 608 1863 330 608 1864 329 608 1865 331 609 1866 329 609 1867 332 609 1868 329 610 1869 333 610 1870 332 610 1871 338 611 1872 333 611 1873 329 611 1874 333 612 1875 338 612 1876 265 612 1877 338 613 1878 335 613 1879 265 613 1880 335 614 1881 334 614 1882 265 614 1883 335 615 1884 338 615 1885 8 615 1886 338 616 1887 343 616 1888 8 616 1889 343 617 1890 338 617 1891 339 617 1892 338 618 1893 336 618 1894 339 618 1895 338 619 1896 337 619 1897 336 619 1898 338 620 1899 329 620 1900 337 620 1901 7 621 1902 8 621 1903 343 621 1904 339 622 1905 342 622 1906 343 622 1907 344 623 1908 343 623 1909 340 623 1910 343 624 1911 341 624 1912 340 624 1913 343 625 1914 342 625 1915 341 625 1916 343 626 1917 344 626 1918 7 626 1919 344 627 1920 6 627 1921 7 627 1922 4 628 1923 6 628 1924 344 628 1925 344 629 1926 347 629 1927 4 629 1928 5 630 1929 4 630 1930 345 630 1931 4 631 1932 346 631 1933 345 631 1934 4 632 1935 347 632 1936 346 632 1937 348 633 1938 364 633 1939 351 633 1940 365 634 1941 350 634 1942 364 634 1943 350 635 1944 351 635 1945 364 635 1946 353 636 1947 351 636 1948 352 636 1949 351 637 1950 349 637 1951 352 637 1952 351 638 1953 350 638 1954 349 638 1955 352 639 1956 354 639 1957 353 639 1958 356 640 1959 353 640 1960 354 640 1961 354 641 1962 355 641 1963 356 641 1964 358 642 1965 356 642 1966 357 642 1967 356 643 1968 355 643 1969 357 643 1970 357 644 1971 70 644 1972 358 644 1973 72 645 1974 358 645 1975 70 645 1976 359 646 1977 360 646 1978 377 646 1979 360 647 1980 361 647 1981 373 647 1982 361 648 1983 362 648 1984 373 648 1985 373 649 1986 362 649 1987 363 649 1988 363 650 1989 365 650 1990 374 650 1991 374 651 1992 364 651 1993 366 651 1994 374 652 1995 365 652 1996 364 652 1997 375 653 1998 366 653 1999 367 653 2000 367 654 2001 368 654 2002 376 654 2003 372 655 2004 388 655 2005 387 655 2006 372 656 2007 387 656 2008 371 656 2009 371 657 2010 387 657 2011 386 657 2012 371 658 2013 386 658 2014 370 658 2015 370 659 2016 386 659 2017 391 659 2018 391 660 2019 386 660 2020 385 660 2021 379 661 2022 245 661 2023 383 661 2024 264 662 2025 383 662 2026 245 662 2027 393 663 2028 392 663 2029 128 663 2030 124 664 2031 128 664 2032 392 664 2033 124 665 2034 392 665 2035 125 665 2036 390 666 2037 127 666 2038 126 666 2039 390 667 2040 226 667 2041 127 667 2042 177 668 2043 127 668 2044 226 668 2045 236 669 2046 370 669 2047 391 669 2048 401 670 2049 372 670 2050 326 670 2051 128 671 2052 380 671 2053 393 671 2054 393 672 2055 380 672 2056 391 672 2057 380 673 2058 381 673 2059 391 673 2060 381 674 2061 382 674 2062 391 674 2063 382 675 2064 383 675 2065 391 675 2066 383 676 2067 264 676 2068 391 676 2069 264 677 2070 236 677 2071 391 677 2072 172 678 2073 226 678 2074 230 678 2075 173 679 2076 174 679 2077 226 679 2078 174 680 2079 175 680 2080 226 680 2081 175 681 2082 176 681 2083 226 681 2084 177 682 2085 226 682 2086 176 682 2087 377 683 2088 320 683 2089 319 683 2090 377 684 2091 321 684 2092 320 684 2093 377 685 2094 322 685 2095 321 685 2096 377 686 2097 323 686 2098 322 686 2099 377 687 2100 324 687 2101 323 687 2102 377 688 2103 325 688 2104 324 688 2105 377 689 2106 326 689 2107 325 689 2108 326 690 2109 377 690 2110 401 690 2111 377 600 2112 402 600 2113 401 600 2114 403 600 2115 401 600 2116 402 600 2117 230 691 2118 227 691 2119 91 691 2120 227 692 2121 228 692 2122 219 692 2123 228 693 2124 229 693 2125 221 693 2126 229 694 2127 231 694 2128 223 694 2129 373 695 2130 377 695 2131 360 695 2132 374 696 2133 373 696 2134 363 696 2135 375 697 2136 374 697 2137 366 697 2138 376 698 2139 375 698 2140 367 698 2141 378 699 2142 376 699 2143 369 699 2144 376 700 2145 368 700 2146 369 700 2147 0 701 2148 378 701 2149 369 701 2150 225 702 2151 224 702 2152 231 702 2153 378 703 2154 1 703 2155 2 703 2156 378 704 2157 0 704 2158 1 704 2159 384 705 2160 389 705 2161 391 705 2162 385 706 2163 384 706 2164 391 706 2165 372 707 2166 401 707 2167 388 707 2168 403 708 2169 388 708 2170 401 708 2171 377 709 2172 373 709 2173 402 709 2174 373 710 2175 394 710 2176 402 710 2177 395 711 2178 394 711 2179 373 711 2180 373 712 2181 374 712 2182 395 712 2183 396 713 2184 395 713 2185 374 713 2186 374 714 2187 375 714 2188 396 714 2189 397 715 2190 396 715 2191 398 715 2192 396 716 2193 375 716 2194 398 716 2195 376 717 2196 398 717 2197 375 717 2198 399 718 2199 397 718 2200 400 718 2201 397 719 2202 398 719 2203 400 719 2204 376 720 2205 400 720 2206 398 720 2207 400 721 2208 404 721 2209 399 721 2210 378 722 2211 400 722 2212 376 722 2213 404 723 2214 400 723 2215 378 723 2216 455 724 2217 416 724 2218 454 724 2219 455 725 2220 454 725 2221 404 725 2222 446 726 2223 405 726 2224 388 726 2225 403 727 2226 446 727 2227 388 727 2228 421 728 2229 419 728 2230 420 728 2231 435 729 2232 420 729 2233 419 729 2234 411 730 2235 389 730 2236 384 730 2237 452 11 2238 378 11 2239 450 11 2240 422 731 2241 421 731 2242 420 731 2243 423 732 2244 422 732 2245 420 732 2246 408 733 2247 407 733 2248 411 733 2249 408 734 2250 411 734 2251 444 734 2252 443 735 2253 408 735 2254 444 735 2255 407 736 2256 389 736 2257 411 736 2258 449 737 2259 411 737 2260 446 737 2261 411 738 2262 405 738 2263 446 738 2264 406 739 2265 405 739 2266 411 739 2267 411 740 2268 386 740 2269 406 740 2270 411 741 2271 385 741 2272 386 741 2273 411 742 2274 384 742 2275 385 742 2276 388 743 2277 405 743 2278 387 743 2279 387 744 2280 405 744 2281 406 744 2282 387 745 2283 406 745 2284 386 745 2285 389 746 2286 407 746 2287 391 746 2288 412 747 2289 444 747 2290 411 747 2291 409 748 2292 442 748 2293 444 748 2294 409 749 2295 444 749 2296 412 749 2297 412 750 2298 413 750 2299 409 750 2300 441 751 2301 442 751 2302 409 751 2303 409 752 2304 410 752 2305 441 752 2306 410 753 2307 440 753 2308 441 753 2309 410 754 2310 409 754 2311 414 754 2312 409 755 2313 413 755 2314 414 755 2315 439 756 2316 440 756 2317 410 756 2318 414 757 2319 415 757 2320 410 757 2321 410 758 2322 452 758 2323 439 758 2324 452 759 2325 438 759 2326 439 759 2327 410 760 2328 455 760 2329 452 760 2330 416 761 2331 455 761 2332 410 761 2333 410 762 2334 415 762 2335 416 762 2336 453 763 2337 438 763 2338 452 763 2339 449 764 2340 427 764 2341 411 764 2342 426 765 2343 411 765 2344 427 765 2345 424 766 2346 411 766 2347 426 766 2348 412 767 2349 411 767 2350 423 767 2351 411 768 2352 424 768 2353 423 768 2354 413 769 2355 412 769 2356 420 769 2357 412 770 2358 423 770 2359 420 770 2360 414 771 2361 413 771 2362 434 771 2363 413 772 2364 436 772 2365 434 772 2366 413 773 2367 420 773 2368 436 773 2369 415 774 2370 414 774 2371 433 774 2372 414 775 2373 432 775 2374 433 775 2375 414 776 2376 434 776 2377 432 776 2378 416 777 2379 415 777 2380 430 777 2381 415 778 2382 433 778 2383 430 778 2384 416 779 2385 428 779 2386 454 779 2387 416 780 2388 430 780 2389 428 780 2390 399 781 2391 404 781 2392 429 781 2393 429 782 2394 431 782 2395 399 782 2396 417 783 2397 431 783 2398 419 783 2399 431 784 2400 435 784 2401 419 784 2402 431 785 2403 417 785 2404 399 785 2405 417 786 2406 397 786 2407 399 786 2408 396 787 2409 397 787 2410 417 787 2411 419 788 2412 421 788 2413 417 788 2414 418 789 2415 417 789 2416 421 789 2417 417 790 2418 418 790 2419 396 790 2420 418 791 2421 395 791 2422 396 791 2423 394 792 2424 395 792 2425 418 792 2426 421 793 2427 422 793 2428 418 793 2429 418 794 2430 448 794 2431 447 794 2432 418 795 2433 422 795 2434 448 795 2435 418 796 2436 447 796 2437 394 796 2438 447 797 2439 402 797 2440 394 797 2441 436 798 2442 420 798 2443 435 798 2444 423 799 2445 425 799 2446 422 799 2447 425 800 2448 448 800 2449 422 800 2450 425 801 2451 423 801 2452 424 801 2453 448 802 2454 425 802 2455 426 802 2456 425 803 2457 424 803 2458 426 803 2459 426 804 2460 427 804 2461 448 804 2462 448 805 2463 427 805 2464 449 805 2465 429 806 2466 404 806 2467 454 806 2468 454 807 2469 428 807 2470 429 807 2471 431 808 2472 429 808 2473 430 808 2474 429 809 2475 428 809 2476 430 809 2477 435 810 2478 431 810 2479 433 810 2480 431 811 2481 430 811 2482 433 811 2483 435 812 2484 432 812 2485 434 812 2486 435 813 2487 433 813 2488 432 813 2489 436 814 2490 435 814 2491 434 814 2492 445 815 2493 443 815 2494 437 815 2495 443 816 2496 451 816 2497 437 816 2498 443 817 2499 453 817 2500 451 817 2501 443 818 2502 438 818 2503 453 818 2504 443 819 2505 439 819 2506 438 819 2507 443 820 2508 440 820 2509 439 820 2510 443 821 2511 441 821 2512 440 821 2513 443 822 2514 442 822 2515 441 822 2516 443 823 2517 444 823 2518 442 823 2519 402 824 2520 447 824 2521 403 824 2522 446 825 2523 403 825 2524 449 825 2525 403 826 2526 447 826 2527 449 826 2528 447 827 2529 448 827 2530 449 827 2531 378 828 2532 455 828 2533 404 828 2534 452 829 2535 455 829 2536 378 829 2537 534 830 2538 532 830 2539 524 830 2540 532 831 2541 522 831 2542 524 831 2543 532 832 2544 520 832 2545 522 832 2546 532 833 2547 519 833 2548 520 833 2549 452 11 2550 450 11 2551 563 11 2552 452 834 2553 563 834 2554 564 834 2555 563 11 2556 450 11 2557 562 11 2558 393 835 2559 456 835 2560 392 835 2561 509 836 2562 510 836 2563 461 836 2564 463 837 2565 461 837 2566 510 837 2567 510 838 2568 552 838 2569 463 838 2570 465 839 2571 463 839 2572 552 839 2573 552 840 2574 550 840 2575 465 840 2576 471 841 2577 460 841 2578 470 841 2579 460 842 2580 469 842 2581 470 842 2582 460 843 2583 468 843 2584 469 843 2585 456 844 2586 472 844 2587 468 844 2588 456 845 2589 393 845 2590 472 845 2591 456 846 2592 468 846 2593 460 846 2594 460 847 2595 462 847 2596 456 847 2597 456 848 2598 457 848 2599 392 848 2600 457 849 2601 456 849 2602 464 849 2603 456 850 2604 462 850 2605 464 850 2606 459 851 2607 392 851 2608 457 851 2609 464 852 2610 466 852 2611 457 852 2612 457 853 2613 458 853 2614 459 853 2615 458 854 2616 457 854 2617 466 854 2618 466 855 2619 467 855 2620 458 855 2621 390 856 2622 459 856 2623 458 856 2624 458 857 2625 526 857 2626 390 857 2627 458 858 2628 545 858 2629 526 858 2630 458 859 2631 467 859 2632 545 859 2633 390 860 2634 526 860 2635 226 860 2636 392 861 2637 459 861 2638 125 861 2639 126 862 2640 125 862 2641 459 862 2642 459 863 2643 390 863 2644 126 863 2645 506 864 2646 507 864 2647 471 864 2648 460 865 2649 471 865 2650 508 865 2651 471 866 2652 507 866 2653 508 866 2654 462 867 2655 460 867 2656 509 867 2657 460 868 2658 508 868 2659 509 868 2660 509 869 2661 461 869 2662 462 869 2663 464 870 2664 462 870 2665 463 870 2666 462 871 2667 461 871 2668 463 871 2669 463 872 2670 465 872 2671 464 872 2672 466 873 2673 464 873 2674 465 873 2675 465 874 2676 550 874 2677 466 874 2678 467 875 2679 466 875 2680 550 875 2681 550 876 2682 548 876 2683 467 876 2684 545 877 2685 467 877 2686 547 877 2687 467 878 2688 548 878 2689 547 878 2690 443 879 2691 445 879 2692 504 879 2693 504 880 2694 473 880 2695 443 880 2696 473 881 2697 408 881 2698 443 881 2699 473 882 2700 504 882 2701 506 882 2702 506 883 2703 471 883 2704 473 883 2705 407 884 2706 408 884 2707 391 884 2708 391 885 2709 468 885 2710 472 885 2711 391 886 2712 469 886 2713 468 886 2714 391 887 2715 470 887 2716 469 887 2717 391 888 2718 473 888 2719 470 888 2720 473 889 2721 471 889 2722 470 889 2723 391 890 2724 408 890 2725 473 890 2726 472 891 2727 393 891 2728 391 891 2729 480 892 2730 481 892 2731 482 892 2732 482 893 2733 483 893 2734 480 893 2735 479 894 2736 480 894 2737 483 894 2738 483 895 2739 484 895 2740 479 895 2741 478 896 2742 479 896 2743 484 896 2744 484 897 2745 485 897 2746 478 897 2747 477 898 2748 478 898 2749 485 898 2750 485 899 2751 486 899 2752 477 899 2753 476 900 2754 477 900 2755 486 900 2756 486 901 2757 487 901 2758 476 901 2759 475 902 2760 476 902 2761 487 902 2762 487 903 2763 488 903 2764 437 903 2765 437 904 2766 475 904 2767 487 904 2768 474 905 2769 475 905 2770 437 905 2771 437 906 2772 488 906 2773 445 906 2774 451 907 2775 474 907 2776 437 907 2777 564 11 2778 489 11 2779 451 11 2780 474 908 2781 451 908 2782 489 908 2783 489 909 2784 490 909 2785 474 909 2786 475 910 2787 474 910 2788 491 910 2789 474 911 2790 490 911 2791 491 911 2792 476 912 2793 475 912 2794 492 912 2795 475 913 2796 491 913 2797 492 913 2798 492 914 2799 493 914 2800 476 914 2801 477 915 2802 476 915 2803 493 915 2804 493 916 2805 494 916 2806 477 916 2807 478 917 2808 477 917 2809 494 917 2810 494 918 2811 495 918 2812 478 918 2813 479 919 2814 478 919 2815 495 919 2816 495 920 2817 496 920 2818 479 920 2819 480 921 2820 479 921 2821 496 921 2822 496 922 2823 497 922 2824 480 922 2825 481 923 2826 480 923 2827 497 923 2828 497 924 2829 498 924 2830 481 924 2831 482 925 2832 481 925 2833 498 925 2834 498 926 2835 499 926 2836 482 926 2837 483 927 2838 482 927 2839 499 927 2840 499 928 2841 500 928 2842 483 928 2843 484 929 2844 483 929 2845 500 929 2846 500 930 2847 501 930 2848 484 930 2849 485 931 2850 484 931 2851 501 931 2852 501 932 2853 502 932 2854 485 932 2855 486 933 2856 485 933 2857 502 933 2858 502 934 2859 503 934 2860 486 934 2861 487 935 2862 486 935 2863 503 935 2864 503 936 2865 505 936 2866 487 936 2867 488 937 2868 487 937 2869 505 937 2870 505 938 2871 504 938 2872 488 938 2873 445 939 2874 488 939 2875 504 939 2876 532 940 2877 530 940 2878 519 940 2879 530 941 2880 517 941 2881 519 941 2882 530 942 2883 528 942 2884 517 942 2885 528 943 2886 516 943 2887 517 943 2888 528 944 2889 514 944 2890 516 944 2891 557 945 2892 514 945 2893 528 945 2894 528 946 2895 529 946 2896 557 946 2897 529 947 2898 564 947 2899 557 947 2900 529 948 2901 489 948 2902 564 948 2903 490 949 2904 489 949 2905 529 949 2906 529 950 2907 531 950 2908 490 950 2909 531 951 2910 491 951 2911 490 951 2912 531 952 2913 533 952 2914 491 952 2915 533 953 2916 492 953 2917 491 953 2918 493 954 2919 492 954 2920 533 954 2921 533 955 2922 535 955 2923 493 955 2924 494 956 2925 493 956 2926 535 956 2927 535 957 2928 538 957 2929 494 957 2930 495 958 2931 494 958 2932 538 958 2933 538 959 2934 540 959 2935 495 959 2936 496 960 2937 495 960 2938 540 960 2939 540 961 2940 541 961 2941 496 961 2942 497 962 2943 496 962 2944 541 962 2945 541 963 2946 542 963 2947 497 963 2948 498 964 2949 497 964 2950 542 964 2951 542 965 2952 543 965 2953 498 965 2954 499 966 2955 498 966 2956 543 966 2957 543 967 2958 544 967 2959 499 967 2960 500 968 2961 499 968 2962 544 968 2963 544 969 2964 546 969 2965 500 969 2966 501 970 2967 500 970 2968 546 970 2969 546 971 2970 549 971 2971 501 971 2972 502 972 2973 501 972 2974 549 972 2975 549 973 2976 551 973 2977 502 973 2978 503 974 2979 502 974 2980 551 974 2981 551 975 2982 553 975 2983 503 975 2984 505 976 2985 503 976 2986 553 976 2987 553 977 2988 554 977 2989 505 977 2990 504 978 2991 505 978 2992 506 978 2993 505 979 2994 554 979 2995 506 979 2996 554 980 2997 555 980 2998 506 980 2999 555 981 3000 507 981 3001 506 981 3002 555 982 3003 556 982 3004 507 982 3005 556 983 3006 508 983 3007 507 983 3008 556 984 3009 509 984 3010 508 984 3011 556 985 3012 552 985 3013 510 985 3014 510 986 3015 509 986 3016 556 986 3017 525 987 3018 527 987 3019 536 987 3020 511 988 3021 527 988 3022 525 988 3023 511 989 3024 230 989 3025 527 989 3026 511 990 3027 227 990 3028 230 990 3029 525 991 3030 523 991 3031 511 991 3032 511 992 3033 512 992 3034 227 992 3035 512 993 3036 511 993 3037 521 993 3038 511 994 3039 523 994 3040 521 994 3041 521 995 3042 518 995 3043 512 995 3044 513 996 3045 512 996 3046 518 996 3047 512 997 3048 513 997 3049 227 997 3050 513 998 3051 228 998 3052 227 998 3053 518 999 3054 515 999 3055 513 999 3056 229 1000 3057 228 1000 3058 513 1000 3059 513 1001 3060 559 1001 3061 229 1001 3062 513 1002 3063 558 1002 3064 559 1002 3065 513 1003 3066 562 1003 3067 558 1003 3068 513 1004 3069 515 1004 3070 562 1004 3071 231 1005 3072 229 1005 3073 561 1005 3074 229 1006 3075 560 1006 3076 561 1006 3077 229 1007 3078 559 1007 3079 560 1007 3080 515 1008 3081 557 1008 3082 562 1008 3083 515 1009 3084 514 1009 3085 557 1009 3086 516 1010 3087 514 1010 3088 515 1010 3089 515 1011 3090 518 1011 3091 516 1011 3092 518 1012 3093 517 1012 3094 516 1012 3095 519 1013 3096 517 1013 3097 518 1013 3098 518 1014 3099 521 1014 3100 519 1014 3101 521 1015 3102 520 1015 3103 519 1015 3104 522 1016 3105 520 1016 3106 521 1016 3107 521 1017 3108 523 1017 3109 522 1017 3110 524 1018 3111 522 1018 3112 523 1018 3113 523 1019 3114 525 1019 3115 524 1019 3116 534 1020 3117 524 1020 3118 525 1020 3119 525 1021 3120 536 1021 3121 534 1021 3122 537 1022 3123 534 1022 3124 536 1022 3125 226 1023 3126 526 1023 3127 230 1023 3128 527 1024 3129 230 1024 3130 526 1024 3131 526 1025 3132 545 1025 3133 527 1025 3134 536 1026 3135 527 1026 3136 545 1026 3137 528 1027 3138 530 1027 3139 529 1027 3140 531 1028 3141 529 1028 3142 530 1028 3143 530 1029 3144 532 1029 3145 531 1029 3146 533 1030 3147 531 1030 3148 532 1030 3149 532 1031 3150 534 1031 3151 533 1031 3152 535 1032 3153 533 1032 3154 534 1032 3155 534 1033 3156 537 1033 3157 535 1033 3158 538 1034 3159 535 1034 3160 537 1034 3161 536 1035 3162 545 1035 3163 537 1035 3164 545 1036 3165 539 1036 3166 537 1036 3167 539 1037 3168 538 1037 3169 537 1037 3170 539 1038 3171 540 1038 3172 538 1038 3173 545 1039 3174 546 1039 3175 539 1039 3176 541 1040 3177 540 1040 3178 539 1040 3179 539 1041 3180 542 1041 3181 541 1041 3182 539 1042 3183 543 1042 3184 542 1042 3185 539 1043 3186 544 1043 3187 543 1043 3188 546 1044 3189 544 1044 3190 539 1044 3191 549 1045 3192 546 1045 3193 547 1045 3194 546 1046 3195 545 1046 3196 547 1046 3197 547 1047 3198 548 1047 3199 549 1047 3200 551 1048 3201 549 1048 3202 550 1048 3203 549 1049 3204 548 1049 3205 550 1049 3206 550 1050 3207 552 1050 3208 551 1050 3209 553 1051 3210 551 1051 3211 552 1051 3212 552 1052 3213 556 1052 3214 553 1052 3215 554 1053 3216 553 1053 3217 556 1053 3218 556 1054 3219 555 1054 3220 554 1054 3221 562 1055 3222 557 1055 3223 563 1055 3224 557 1056 3225 564 1056 3226 563 1056 3227 378 11 3228 562 11 3229 450 11 3230 378 1057 3231 558 1057 3232 562 1057 3233 378 1058 3234 559 1058 3235 558 1058 3236 378 1059 3237 560 1059 3238 559 1059 3239 378 1060 3240 561 1060 3241 560 1060 3242 378 1061 3243 231 1061 3244 561 1061 3245 564 11 3246 451 11 3247 453 11 3248 453 1062 3249 452 1062 3250 564 1062 3251 565 1063 3252 256 1063 3253 257 1063 3254 252 1064 3255 259 1064 3256 253 1064 3257 253 1065 3258 566 1065 3259 252 1065 3260 567 1066 3261 565 1066 3262 257 1066 3263 257 1067 3264 568 1067 3265 567 1067 3266 252 1068 3267 566 1068 3268 569 1068 3269 252 1069 3270 569 1069 3271 570 1069 3272 251 1070 3273 252 1070 3274 570 1070 3275 570 1071 3276 571 1071 3277 251 1071 3278 572 1072 3279 251 1072 3280 571 1072 3281 571 1073 3282 573 1073 3283 572 1073 3284 574 1074 3285 572 1074 3286 573 1074 3287 573 1075 3288 575 1075 3289 574 1075 3290 574 1076 3291 575 1076 3292 576 1076 3293 574 1077 3294 576 1077 3295 577 1077 3296 578 1078 3297 574 1078 3298 577 1078 3299 577 1079 3300 579 1079 3301 578 1079 3302 578 1080 3303 579 1080 3304 120 1080 3305 119 1081 3306 578 1081 3307 120 1081 3308 571 11 3309 570 11 3310 573 11 3311 575 1082 3312 573 1082 3313 570 1082 3314 570 1083 3315 580 1083 3316 575 1083 3317 581 1084 3318 575 1084 3319 580 1084 3320 580 11 3321 582 11 3322 581 11 3323 583 11 3324 581 11 3325 582 11 3326 582 11 3327 584 11 3328 583 11 3329 585 1085 3330 583 1085 3331 584 1085 3332 584 11 3333 586 11 3334 585 11 3335 587 11 3336 585 11 3337 586 11 3338 586 11 3339 588 11 3340 587 11 3341 589 11 3342 587 11 3343 588 11 3344 591 11 3345 589 11 3346 590 11 3347 592 11 3348 591 11 3349 590 11 3350 595 11 3351 593 11 3352 590 11 3353 594 1086 3354 596 1086 3355 592 1086 3356 590 1087 3357 597 1087 3358 595 1087 3359 707 1088 3360 592 1088 3361 596 1088 3362 598 1089 3363 595 1089 3364 597 1089 3365 596 1090 3366 599 1090 3367 707 1090 3368 597 1091 3369 600 1091 3370 598 1091 3371 601 1092 3372 707 1092 3373 599 1092 3374 602 11 3375 598 11 3376 600 11 3377 599 1093 3378 603 1093 3379 601 1093 3380 604 11 3381 601 11 3382 603 11 3383 600 1094 3384 605 1094 3385 602 1094 3386 603 11 3387 606 11 3388 604 11 3389 607 1095 3390 602 1095 3391 605 1095 3392 604 11 3393 606 11 3394 608 11 3395 609 11 3396 604 11 3397 608 11 3398 610 11 3399 611 11 3400 607 11 3401 605 11 3402 610 11 3403 607 11 3404 612 1096 3405 611 1096 3406 610 1096 3407 608 11 3408 612 11 3409 609 11 3410 613 1097 3411 609 1097 3412 612 1097 3413 614 1098 3414 613 1098 3415 612 1098 3416 610 11 3417 614 11 3418 612 11 3419 615 1099 3420 616 1099 3421 617 1099 3422 618 1100 3423 617 1100 3424 616 1100 3425 619 415 3426 621 415 3427 620 415 3428 622 1101 3429 620 1101 3430 621 1101 3431 621 415 3432 623 415 3433 622 415 3434 624 415 3435 622 415 3436 623 415 3437 623 415 3438 625 415 3439 624 415 3440 624 1102 3441 625 1102 3442 626 1102 3443 627 1103 3444 624 1103 3445 626 1103 3446 626 1104 3447 628 1104 3448 627 1104 3449 629 1105 3450 627 1105 3451 628 1105 3452 628 415 3453 630 415 3454 629 415 3455 632 600 3456 633 600 3457 634 600 3458 635 600 3459 632 600 3460 634 600 3461 120 1106 3462 636 1106 3463 122 1106 3464 637 1107 3465 122 1107 3466 636 1107 3467 636 1108 3468 638 1108 3469 637 1108 3470 639 1109 3471 637 1109 3472 638 1109 3473 638 1110 3474 640 1110 3475 639 1110 3476 641 1111 3477 639 1111 3478 640 1111 3479 640 1112 3480 642 1112 3481 641 1112 3482 643 1113 3483 641 1113 3484 642 1113 3485 642 1114 3486 644 1114 3487 643 1114 3488 645 1115 3489 643 1115 3490 644 1115 3491 644 1116 3492 646 1116 3493 645 1116 3494 647 1117 3495 645 1117 3496 646 1117 3497 646 1118 3498 648 1118 3499 647 1118 3500 649 1119 3501 647 1119 3502 648 1119 3503 648 1120 3504 615 1120 3505 649 1120 3506 617 1121 3507 649 1121 3508 615 1121 3509 256 1122 3510 650 1122 3511 255 1122 3512 651 1123 3513 255 1123 3514 650 1123 3515 650 1124 3516 652 1124 3517 651 1124 3518 653 1125 3519 651 1125 3520 652 1125 3521 652 1126 3522 654 1126 3523 653 1126 3524 655 1127 3525 653 1127 3526 654 1127 3527 654 1128 3528 656 1128 3529 655 1128 3530 657 1129 3531 655 1129 3532 656 1129 3533 656 1130 3534 658 1130 3535 657 1130 3536 659 1130 3537 657 1130 3538 658 1130 3539 658 1131 3540 660 1131 3541 659 1131 3542 661 1132 3543 659 1132 3544 660 1132 3545 660 1133 3546 662 1133 3547 661 1133 3548 663 1133 3549 661 1133 3550 662 1133 3551 662 1134 3552 635 1134 3553 663 1134 3554 634 1135 3555 663 1135 3556 635 1135 3557 651 1136 3558 254 1136 3559 255 1136 3560 653 1137 3561 566 1137 3562 253 1137 3563 653 1138 3564 253 1138 3565 254 1138 3566 651 1139 3567 653 1139 3568 254 1139 3569 653 1140 3570 655 1140 3571 566 1140 3572 664 1141 3573 570 1141 3574 569 1141 3575 664 1142 3576 569 1142 3577 566 1142 3578 566 1143 3579 655 1143 3580 657 1143 3581 664 1144 3582 566 1144 3583 657 1144 3584 580 1145 3585 570 1145 3586 664 1145 3587 657 1146 3588 659 1146 3589 664 1146 3590 664 1147 3591 659 1147 3592 661 1147 3593 665 1148 3594 664 1148 3595 661 1148 3596 665 1149 3597 582 1149 3598 580 1149 3599 664 1150 3600 665 1150 3601 580 1150 3602 584 1151 3603 582 1151 3604 665 1151 3605 661 1152 3606 663 1152 3607 665 1152 3608 669 1153 3609 586 1153 3610 584 1153 3611 665 1154 3612 669 1154 3613 584 1154 3614 665 1155 3615 663 1155 3616 634 1155 3617 665 1156 3618 634 1156 3619 666 1156 3620 669 1157 3621 665 1157 3622 666 1157 3623 586 1158 3624 669 1158 3625 667 1158 3626 588 1159 3627 586 1159 3628 667 1159 3629 668 1160 3630 597 1160 3631 667 1160 3632 667 1161 3633 669 1161 3634 668 1161 3635 670 1162 3636 668 1162 3637 669 1162 3638 669 1163 3639 666 1163 3640 670 1163 3641 670 1164 3642 666 1164 3643 634 1164 3644 670 1165 3645 634 1165 3646 633 1165 3647 671 1166 3648 670 1166 3649 633 1166 3650 591 11 3651 592 11 3652 589 11 3653 589 1167 3654 592 1167 3655 672 1167 3656 673 1168 3657 589 1168 3658 672 1168 3659 672 1169 3660 674 1169 3661 673 1169 3662 675 1170 3663 673 1170 3664 674 1170 3665 674 1171 3666 676 1171 3667 675 1171 3668 677 1172 3669 675 1172 3670 676 1172 3671 676 1173 3672 616 1173 3673 677 1173 3674 615 1174 3675 677 1174 3676 616 1174 3677 120 1175 3678 579 1175 3679 636 1175 3680 638 1176 3681 636 1176 3682 579 1176 3683 579 1177 3684 577 1177 3685 638 1177 3686 638 1178 3687 577 1178 3688 678 1178 3689 640 1179 3690 638 1179 3691 678 1179 3692 679 1180 3693 642 1180 3694 640 1180 3695 678 1181 3696 679 1181 3697 640 1181 3698 576 1182 3699 575 1182 3700 679 1182 3701 679 1183 3702 678 1183 3703 576 1183 3704 575 1184 3705 581 1184 3706 679 1184 3707 644 1185 3708 642 1185 3709 679 1185 3710 679 1186 3711 581 1186 3712 583 1186 3713 680 1187 3714 679 1187 3715 583 1187 3716 680 1188 3717 646 1188 3718 644 1188 3719 679 1189 3720 680 1189 3721 644 1189 3722 583 1190 3723 585 1190 3724 680 1190 3725 648 1191 3726 646 1191 3727 680 1191 3728 680 1192 3729 585 1192 3730 587 1192 3731 680 1193 3732 587 1193 3733 589 1193 3734 680 1194 3735 589 1194 3736 673 1194 3737 675 1195 3738 680 1195 3739 673 1195 3740 680 1196 3741 675 1196 3742 648 1196 3743 648 1197 3744 675 1197 3745 677 1197 3746 615 1198 3747 648 1198 3748 677 1198 3749 681 1199 3750 682 1199 3751 617 1199 3752 618 1200 3753 681 1200 3754 617 1200 3755 683 1201 3756 682 1201 3757 681 1201 3758 681 1202 3759 684 1202 3760 683 1202 3761 685 1203 3762 683 1203 3763 684 1203 3764 684 1204 3765 630 1204 3766 685 1204 3767 628 1205 3768 685 1205 3769 630 1205 3770 686 1206 3771 687 1206 3772 629 1206 3773 631 1207 3774 686 1207 3775 629 1207 3776 688 1208 3777 687 1208 3778 686 1208 3779 686 1209 3780 689 1209 3781 688 1209 3782 690 1210 3783 688 1210 3784 689 1210 3785 689 1211 3786 632 1211 3787 690 1211 3788 635 1212 3789 690 1212 3790 632 1212 3791 256 1213 3792 691 1213 3793 650 1213 3794 652 1214 3795 650 1214 3796 691 1214 3797 691 1215 3798 692 1215 3799 652 1215 3800 654 1216 3801 652 1216 3802 692 1216 3803 692 1217 3804 693 1217 3805 654 1217 3806 656 1218 3807 654 1218 3808 693 1218 3809 694 1219 3810 658 1219 3811 656 1219 3812 693 1220 3813 694 1220 3814 656 1220 3815 695 1221 3816 620 1221 3817 694 1221 3818 696 1222 3819 695 1222 3820 694 1222 3821 697 1223 3822 696 1223 3823 694 1223 3824 694 1224 3825 693 1224 3826 697 1224 3827 620 1225 3828 622 1225 3829 694 1225 3830 660 1226 3831 658 1226 3832 694 1226 3833 694 1227 3834 622 1227 3835 624 1227 3836 694 1228 3837 624 1228 3838 627 1228 3839 694 1229 3840 627 1229 3841 629 1229 3842 694 1230 3843 629 1230 3844 687 1230 3845 688 1231 3846 694 1231 3847 687 1231 3848 688 1232 3849 662 1232 3850 660 1232 3851 694 1233 3852 688 1233 3853 660 1233 3854 662 1234 3855 688 1234 3856 690 1234 3857 635 1235 3858 662 1235 3859 690 1235 3860 245 1236 3861 257 1236 3862 258 1236 3863 246 1237 3864 264 1237 3865 245 1237 3866 568 1238 3867 257 1238 3868 245 1238 3869 379 1239 3870 698 1239 3871 699 1239 3872 699 1240 3873 568 1240 3874 245 1240 3875 700 1241 3876 379 1241 3877 383 1241 3878 383 1242 3879 382 1242 3880 700 1242 3881 381 1243 3882 701 1243 3883 700 1243 3884 382 1244 3885 381 1244 3886 700 1244 3887 100 1245 3888 701 1245 3889 381 1245 3890 381 1246 3891 380 1246 3892 100 1246 3893 100 1247 3894 110 1247 3895 123 1247 3896 100 1248 3897 380 1248 3898 128 1248 3899 702 1249 3900 606 1249 3901 603 1249 3902 608 11 3903 606 11 3904 702 11 3905 612 1250 3906 608 1250 3907 702 1250 3908 611 1251 3909 612 1251 3910 702 1251 3911 607 1252 3912 611 1252 3913 702 1252 3914 602 11 3915 607 11 3916 702 11 3917 702 1253 3918 598 1253 3919 602 1253 3920 595 11 3921 598 11 3922 702 11 3923 593 11 3924 595 11 3925 702 11 3926 594 1254 3927 593 1254 3928 702 1254 3929 596 11 3930 594 11 3931 702 11 3932 599 11 3933 596 11 3934 702 11 3935 603 1255 3936 599 1255 3937 702 1255 3938 703 1256 3939 597 1256 3940 668 1256 3941 668 1257 3942 670 1257 3943 703 1257 3944 704 1258 3945 703 1258 3946 670 1258 3947 670 1259 3948 671 1259 3949 704 1259 3950 672 1260 3951 705 1260 3952 674 1260 3953 676 1261 3954 674 1261 3955 705 1261 3956 705 1262 3957 706 1262 3958 676 1262 3959 676 1263 3960 706 1263 3961 616 1263 3962 708 1264 3963 600 1264 3964 597 1264 3965 703 1265 3966 708 1265 3967 597 1265 3968 704 1266 3969 671 1266 3970 708 1266 3971 703 1267 3972 704 1267 3973 708 1267 3974 671 1268 3975 709 1268 3976 708 1268 3977 605 1269 3978 600 1269 3979 708 1269 3980 710 1270 3981 708 1270 3982 709 1270 3983 710 1271 3984 610 1271 3985 605 1271 3986 708 1272 3987 710 1272 3988 605 1272 3989 709 1273 3990 711 1273 3991 710 1273 3992 614 1274 3993 610 1274 3994 710 1274 3995 710 1275 3996 711 1275 3997 712 1275 3998 713 1276 3999 710 1276 4000 712 1276 4001 710 1277 4002 713 1277 4003 614 1277 4004 613 1278 4005 614 1278 4006 713 1278 4007 712 1279 4008 714 1279 4009 713 1279 4010 715 1280 4011 713 1280 4012 714 1280 4013 713 1281 4014 715 1281 4015 613 1281 4016 609 1282 4017 613 1282 4018 715 1282 4019 714 1283 4020 716 1283 4021 715 1283 4022 717 1284 4023 604 1284 4024 609 1284 4025 715 1285 4026 717 1285 4027 609 1285 4028 717 1286 4029 715 1286 4030 716 1286 4031 601 1287 4032 604 1287 4033 717 1287 4034 716 1288 4035 616 1288 4036 717 1288 4037 705 1289 4038 707 1289 4039 601 1289 4040 717 1290 4041 705 1290 4042 601 1290 4043 717 1291 4044 616 1291 4045 706 1291 4046 717 1292 4047 706 1292 4048 705 1292 4049 672 1293 4050 707 1293 4051 705 1293 4052 720 1294 4053 699 1294 4054 698 1294 4055 721 1295 4056 699 1295 4057 720 1295 4058 720 1296 4059 719 1296 4060 721 1296 4061 722 1297 4062 721 1297 4063 719 1297 4064 719 1298 4065 718 1298 4066 722 1298 4067 722 1299 4068 718 1299 4069 619 1299 4070 722 1300 4071 619 1300 4072 620 1300 4073 32 415 4074 251 415 4075 572 415 4076 32 1301 4077 572 1301 4078 574 1301 4079 32 1302 4080 574 1302 4081 578 1302 4082 32 1303 4083 578 1303 4084 119 1303 4085 33 415 4086 32 415 4087 119 415 4088 577 1304 4089 576 1304 4090 678 1304 4091 698 1305 4092 379 1305 4093 700 1305 4094 700 1306 4095 701 1306 4096 698 1306 4097 707 1307 4098 672 1307 4099 592 1307 4100 245 1308 4101 379 1308 4102 699 1308 4103 620 1309 4104 695 1309 4105 722 1309 4106 699 1310 4107 721 1310 4108 722 1310 4109 695 1311 4110 699 1311 4111 722 1311 4112 695 1312 4113 696 1312 4114 699 1312 4115 696 1313 4116 697 1313 4117 699 1313 4118 568 1314 4119 699 1314 4120 697 1314 4121 568 1315 4122 697 1315 4123 693 1315 4124 568 1316 4125 693 1316 4126 692 1316 4127 567 1317 4128 568 1317 4129 692 1317 4130 567 1318 4131 692 1318 4132 691 1318 4133 565 1319 4134 567 1319 4135 691 1319 4136 256 1320 4137 565 1320 4138 691 1320 4139 588 11 4140 590 11 4141 589 11 4142 588 1321 4143 667 1321 4144 590 1321 4145 629 415 4146 630 415 4147 631 415 4148 631 415 4149 724 415 4150 723 415 4151 630 415 4152 724 415 4153 631 415 4154 671 1322 4155 633 1322 4156 632 1322 4157 689 1323 4158 726 1323 4159 632 1323 4160 686 1324 4161 726 1324 4162 689 1324 4163 723 1325 4164 727 1325 4165 726 1325 4166 723 1326 4167 728 1326 4168 727 1326 4169 723 1327 4170 724 1327 4171 728 1327 4172 724 1328 4173 729 1328 4174 728 1328 4175 724 1329 4176 725 1329 4177 729 1329 4178 681 1330 4179 618 1330 4180 725 1330 4181 681 1331 4182 725 1331 4183 684 1331 4184 122 1332 4185 739 1332 4186 745 1332 4187 745 1333 4188 739 1333 4189 744 1333 4190 744 1334 4191 739 1334 4192 738 1334 4193 744 1335 4194 738 1335 4195 743 1335 4196 743 1336 4197 738 1336 4198 737 1336 4199 743 1337 4200 737 1337 4201 733 1337 4202 743 1338 4203 733 1338 4204 732 1338 4205 734 1339 4206 732 1339 4207 733 1339 4208 735 1340 4209 732 1340 4210 734 1340 4211 735 1341 4212 730 1341 4213 732 1341 4214 732 1342 4215 730 1342 4216 731 1342 4217 742 1343 4218 730 1343 4219 735 1343 4220 100 1344 4221 732 1344 4222 701 1344 4223 730 1345 4224 742 1345 4225 619 1345 4226 730 1346 4227 619 1346 4228 718 1346 4229 719 1347 4230 730 1347 4231 718 1347 4232 730 1348 4233 719 1348 4234 731 1348 4235 720 1349 4236 731 1349 4237 719 1349 4238 731 1350 4239 720 1350 4240 732 1350 4241 720 1351 4242 698 1351 4243 732 1351 4244 732 1352 4245 100 1352 4246 743 1352 4247 701 1353 4248 732 1353 4249 698 1353 4250 743 1354 4251 100 1354 4252 123 1354 4253 617 1355 4254 682 1355 4255 649 1355 4256 649 1356 4257 682 1356 4258 683 1356 4259 736 1357 4260 647 1357 4261 683 1357 4262 683 1358 4263 647 1358 4264 649 1358 4265 683 1359 4266 685 1359 4267 736 1359 4268 736 1360 4269 685 1360 4270 628 1360 4271 736 1361 4272 628 1361 4273 626 1361 4274 736 1362 4275 626 1362 4276 740 1362 4277 736 1363 4278 740 1363 4279 741 1363 4280 647 1364 4281 736 1364 4282 645 1364 4283 742 1365 4284 736 1365 4285 741 1365 4286 736 1366 4287 733 1366 4288 737 1366 4289 733 1367 4290 736 1367 4291 734 1367 4292 734 1368 4293 736 1368 4294 735 1368 4295 735 1369 4296 736 1369 4297 742 1369 4298 737 1370 4299 643 1370 4300 736 1370 4301 736 1371 4302 643 1371 4303 645 1371 4304 643 1372 4305 737 1372 4306 641 1372 4307 738 1373 4308 641 1373 4309 737 1373 4310 641 1374 4311 738 1374 4312 639 1374 4313 739 1375 4314 639 1375 4315 738 1375 4316 639 1376 4317 739 1376 4318 637 1376 4319 122 1377 4320 637 1377 4321 739 1377 4322 623 415 4323 740 415 4324 625 415 4325 740 415 4326 623 415 4327 741 415 4328 621 415 4329 741 415 4330 623 415 4331 741 415 4332 621 415 4333 742 415 4334 619 415 4335 742 415 4336 621 415 4337 123 1378 4338 744 1378 4339 743 1378 4340 744 1379 4341 123 1379 4342 745 1379 4343 745 1380 4344 123 1380 4345 122 1380 4346 625 1381 4347 740 1381 4348 626 1381 4349 590 1382 4350 594 1382 4351 592 1382 4352 590 11 4353 593 11 4354 594 11 4355 590 1383 4356 667 1383 4357 597 1383 4358 631 1384 4359 723 1384 4360 686 1384 4361 686 1385 4362 723 1385 4363 726 1385 4364 630 1386 4365 684 1386 4366 724 1386 4367 684 1387 4368 725 1387 4369 724 1387 4370 709 1388 4371 671 1388 4372 726 1388 4373 671 1389 4374 632 1389 4375 726 1389 4376 716 1390 4377 714 1390 4378 729 1390 4379 716 1391 4380 729 1391 4381 725 1391 4382 714 1392 4383 712 1392 4384 728 1392 4385 714 1393 4386 728 1393 4387 729 1393 4388 712 1394 4389 711 1394 4390 727 1394 4391 712 1395 4392 727 1395 4393 728 1395 4394 711 1396 4395 709 1396 4396 726 1396 4397 711 1397 4398 726 1397 4399 727 1397 4400 616 1398 4401 716 1398 4402 725 1398 4403 616 1399 4404 725 1399 4405 618 1399 4406 2 1400 4407 231 1400 4408 378 1400 4409 2 1401 4410 3 1401 4411 231 1401 4412 3 1402 4413 225 1402 4414 231 1402 4415 14 1403 4416 68 1403 4417 65 1403 4418 14 1404 4419 52 1404 4420 68 1404 4421 14 1405 4422 54 1405 4423 52 1405 4424 14 1406 4425 55 1406 4426 54 1406 4427 14 1407 4428 65 1407 4429 64 1407 4430 14 1408 4431 64 1408 4432 47 1408 4433 14 1409 4434 47 1409 4435 35 1409 4436 14 1410 4437 35 1410 4438 48 1410 4439 25 1411 4440 59 1411 4441 58 1411 4442 25 1412 4443 58 1412 4444 40 1412 4445 25 1413 4446 40 1413 4447 39 1413 4448 25 1414 4449 39 1414 4450 38 1414 4451 25 1415 4452 38 1415 4453 34 1415 4454 25 1416 4455 34 1416 4456 37 1416 4457 25 1417 4458 37 1417 4459 36 1417 4460 25 1418 4461 36 1418 4462 60 1418 4463</p>
        </triangles>
      </mesh>
    </geometry>
  </library_geometries>
  <library_visual_scenes>
    <visual_scene id="Scene" name="Scene">
      <node id="Light_002" name="Light.002" type="NODE">
        <matrix sid="transform">-0.2908646 -0.7711008 0.5663932 4.076245 0.9551712 -0.1998834 0.2183912 1.005454 -0.055189 0.6045247 0.7946723 5.903862 0 0 0 1</matrix>
        <instance_light url="#Light_002-light"/>
      </node>
      <node id="Camera_002" name="Camera.002" type="NODE">
        <matrix sid="transform">0.6859207 -0.3240135 0.6515582 7.358891 0.7276763 0.3054209 -0.6141704 -6.925791 -4.01133e-9 0.8953956 0.4452714 4.958309 0 0 0 1</matrix>
        <instance_camera url="#Camera_002-camera"/>
      </node>
      <node id="Camera_001" name="Camera.001" type="NODE">
        <matrix sid="transform">0.6859207 -0.3240135 0.6515582 7.358891 0.7276763 0.3054209 -0.6141704 -6.925791 -4.01133e-9 0.8953956 0.4452714 4.958309 0 0 0 1</matrix>
        <instance_camera url="#Camera_001-camera"/>
      </node>
      <node id="Light_001" name="Light.001" type="NODE">
        <matrix sid="transform">-0.2908649 -0.7711006 0.5663933 4.076245 0.9551711 -0.1998835 0.2183913 1.005454 -0.05518904 0.6045247 0.7946722 5.903862 0 0 0 1</matrix>
        <instance_light url="#Light_001-light"/>
      </node>
      <node id="metacarpal" name="metacarpal" type="NODE">
        <matrix sid="transform">0.001 0 0 0 0 0.001 0 -8.74228e-13 0 0 0.001 2e-5 0 0 0 1</matrix>
        <instance_geometry url="#metacarpal_001-mesh" name="metacarpal">
          <bind_material>
            <technique_common>
              <instance_material symbol="black_spec_006-material" target="#black_spec_006-material">
                <bind_vertex_input semantic="UVMap" input_semantic="TEXCOORD" input_set="0"/>
              </instance_material>
            </technique_common>
          </bind_material>
        </instance_geometry>
      </node>
      <node id="Camera" name="Camera" type="NODE">
        <matrix sid="transform">0.6859207 -0.3240135 0.6515582 7.358891 0.7276763 0.3054208 -0.6141704 -6.925791 0 0.8953956 0.4452714 4.958309 0 0 0 1</matrix>
        <instance_camera url="#Camera-camera"/>
      </node>
      <node id="Light" name="Light" type="NODE">
        <matrix sid="transform">-0.2908646 -0.7711008 0.5663932 4.076245 0.9551712 -0.1998834 0.2183912 1.005454 -0.05518906 0.6045247 0.7946723 5.903862 0 0 0 1</matrix>
        <instance_light url="#Light-light"/>
      </node>
    </visual_scene>
  </library_visual_scenes>
  <scene>
    <instance_visual_scene url="#Scene"/>
  </scene>
</COLLADA>