<?xml version="1.0" encoding="utf-8"?>
<COLLADA xmlns="http://www.collada.org/2005/11/COLLADASchema" version="1.4.1" xmlns:xsi="http://www.w3.org/2001/XMLSchema-instance">
  <asset>
    <contributor>
      <author>Blender User</author>
      <authoring_tool>Blender 3.3.21 commit date:2024-07-15, commit time:08:57, hash:e016c21db151</authoring_tool>
    </contributor>
    <created>2025-10-31T15:18:42</created>
    <modified>2025-10-31T15:18:42</modified>
    <unit name="meter" meter="1"/>
    <up_axis>Z_UP</up_axis>
  </asset>
  <library_cameras>
    <camera id="Camera_004-camera" name="Camera.004">
      <optics>
        <technique_common>
          <perspective>
            <xfov sid="xfov">39.59775</xfov>
            <aspect_ratio>1.777778</aspect_ratio>
            <znear sid="znear">0.1</znear>
            <zfar sid="zfar">100</zfar>
          </perspective>
        </technique_common>
      </optics>
      <extra>
        <technique profile="blender">
          <shiftx sid="shiftx" type="float">0</shiftx>
          <shifty sid="shifty" type="float">0</shifty>
          <dof_distance sid="dof_distance" type="float">10</dof_distance>
        </technique>
      </extra>
    </camera>
    <camera id="Camera_003-camera" name="Camera.003">
      <optics>
        <technique_common>
          <perspective>
            <xfov sid="xfov">39.59775</xfov>
            <aspect_ratio>1.777778</aspect_ratio>
            <znear sid="znear">0.1</znear>
            <zfar sid="zfar">100</zfar>
          </perspective>
        </technique_common>
      </optics>
      <extra>
        <technique profile="blender">
          <shiftx sid="shiftx" type="float">0</shiftx>
          <shifty sid="shifty" type="float">0</shifty>
          <dof_distance sid="dof_distance" type="float">10</dof_distance>
        </technique>
      </extra>
    </camera>
    <camera id="Camera_002-camera" name="Camera.002">
      <optics>
        <technique_common>
          <perspective>
            <xfov sid="xfov">39.59775</xfov>
            <aspect_ratio>1.777778</aspect_ratio>
            <znear sid="znear">0.1</znear>
            <zfar sid="zfar">100</zfar>
          </perspective>
        </technique_common>
      </optics>
      <extra>
        <technique profile="blender">
          <shiftx sid="shiftx" type="float">0</shiftx>
          <shifty sid="shifty" type="float">0</shifty>
          <dof_distance sid="dof_distance" type="float">10</dof_distance>
        </technique>
      </extra>
    </camera>
    <camera id="Camera_001-camera" name="Camera.001">
      <optics>
        <technique_common>
          <perspective>
            <xfov sid="xfov">39.59775</xfov>
            <aspect_ratio>1.777778</aspect_ratio>
            <znear sid="znear">0.1</znear>
            <zfar sid="zfar">100</zfar>
          </perspective>
        </technique_common>
      </optics>
      <extra>
        <technique profile="blender">
          <shiftx sid="shiftx" type="float">0</shiftx>
          <shifty sid="shifty" type="float">0</shifty>
          <dof_distance sid="dof_distance" type="float">10</dof_distance>
        </technique>
      </extra>
    </camera>
    <camera id="Camera-camera" name="Camera">
      <optics>
        <technique_common>
          <perspective>
            <xfov sid="xfov">39.59775</xfov>
            <aspect_ratio>1.777778</aspect_ratio>
            <znear sid="znear">0.1</znear>
            <zfar sid="zfar">100</zfar>
          </perspective>
        </technique_common>
      </optics>
      <extra>
        <technique profile="blender">
          <shiftx sid="shiftx" type="float">0</shiftx>
          <shifty sid="shifty" type="float">0</shifty>
          <dof_distance sid="dof_distance" type="float">10</dof_distance>
        </technique>
      </extra>
    </camera>
  </library_cameras>
  <library_lights>
    <light id="Light_004-light" name="Light.004">
      <technique_common>
        <point>
          <color sid="color">1000 1000 1000</color>
          <constant_attenuation>1</constant_attenuation>
          <linear_attenuation>0</linear_attenuation>
          <quadratic_attenuation>0.001599967</quadratic_attenuation>
        </point>
      </technique_common>
      <extra>
        <technique profile="blender">
          <type sid="type" type="int">0</type>
          <flag sid="flag" type="int">0</flag>
          <mode sid="mode" type="int">2097153</mode>
          <gamma sid="blender_gamma" type="float">1</gamma>
          <red sid="red" type="float">1</red>
          <green sid="green" type="float">1</green>
          <blue sid="blue" type="float">1</blue>
          <shadow_r sid="blender_shadow_r" type="float">0</shadow_r>
          <shadow_g sid="blender_shadow_g" type="float">0</shadow_g>
          <shadow_b sid="blender_shadow_b" type="float">0</shadow_b>
          <energy sid="blender_energy" type="float">1000</energy>
          <dist sid="blender_dist" type="float">25</dist>
          <spotsize sid="spotsize" type="float">75</spotsize>
          <spotblend sid="spotblend" type="float">0.15</spotblend>
          <att1 sid="att1" type="float">0</att1>
          <att2 sid="att2" type="float">1</att2>
          <falloff_type sid="falloff_type" type="int">2</falloff_type>
          <clipsta sid="clipsta" type="float">0.04999995</clipsta>
          <clipend sid="clipend" type="float">40</clipend>
          <bias sid="bias" type="float">1</bias>
          <soft sid="soft" type="float">3</soft>
          <bufsize sid="bufsize" type="int">512</bufsize>
          <samp sid="samp" type="int">3</samp>
          <buffers sid="buffers" type="int">1</buffers>
          <area_shape sid="area_shape" type="int">1</area_shape>
          <area_size sid="area_size" type="float">0.1</area_size>
          <area_sizey sid="area_sizey" type="float">0.1</area_sizey>
          <area_sizez sid="area_sizez" type="float">1</area_sizez>
        </technique>
      </extra>
    </light>
    <light id="Light_003-light" name="Light.003">
      <technique_common>
        <point>
          <color sid="color">1000 1000 1000</color>
          <constant_attenuation>1</constant_attenuation>
          <linear_attenuation>0</linear_attenuation>
          <quadratic_attenuation>0.001599967</quadratic_attenuation>
        </point>
      </technique_common>
      <extra>
        <technique profile="blender">
          <type sid="type" type="int">0</type>
          <flag sid="flag" type="int">0</flag>
          <mode sid="mode" type="int">2097153</mode>
          <gamma sid="blender_gamma" type="float">1</gamma>
          <red sid="red" type="float">1</red>
          <green sid="green" type="float">1</green>
          <blue sid="blue" type="float">1</blue>
          <shadow_r sid="blender_shadow_r" type="float">0</shadow_r>
          <shadow_g sid="blender_shadow_g" type="float">0</shadow_g>
          <shadow_b sid="blender_shadow_b" type="float">0</shadow_b>
          <energy sid="blender_energy" type="float">1000</energy>
          <dist sid="blender_dist" type="float">25</dist>
          <spotsize sid="spotsize" type="float">75</spotsize>
          <spotblend sid="spotblend" type="float">0.15</spotblend>
          <att1 sid="att1" type="float">0</att1>
          <att2 sid="att2" type="float">1</att2>
          <falloff_type sid="falloff_type" type="int">2</falloff_type>
          <clipsta sid="clipsta" type="float">0.04999995</clipsta>
          <clipend sid="clipend" type="float">40</clipend>
          <bias sid="bias" type="float">1</bias>
          <soft sid="soft" type="float">3</soft>
          <bufsize sid="bufsize" type="int">512</bufsize>
          <samp sid="samp" type="int">3</samp>
          <buffers sid="buffers" type="int">1</buffers>
          <area_shape sid="area_shape" type="int">1</area_shape>
          <area_size sid="area_size" type="float">0.1</area_size>
          <area_sizey sid="area_sizey" type="float">0.1</area_sizey>
          <area_sizez sid="area_sizez" type="float">1</area_sizez>
        </technique>
      </extra>
    </light>
    <light id="Light_002-light" name="Light.002">
      <technique_common>
        <point>
          <color sid="color">1000 1000 1000</color>
          <constant_attenuation>1</constant_attenuation>
          <linear_attenuation>0</linear_attenuation>
          <quadratic_attenuation>0.001599967</quadratic_attenuation>
        </point>
      </technique_common>
      <extra>
        <technique profile="blender">
          <type sid="type" type="int">0</type>
          <flag sid="flag" type="int">0</flag>
          <mode sid="mode" type="int">2097153</mode>
          <gamma sid="blender_gamma" type="float">1</gamma>
          <red sid="red" type="float">1</red>
          <green sid="green" type="float">1</green>
          <blue sid="blue" type="float">1</blue>
          <shadow_r sid="blender_shadow_r" type="float">0</shadow_r>
          <shadow_g sid="blender_shadow_g" type="float">0</shadow_g>
          <shadow_b sid="blender_shadow_b" type="float">0</shadow_b>
          <energy sid="blender_energy" type="float">1000</energy>
          <dist sid="blender_dist" type="float">25</dist>
          <spotsize sid="spotsize" type="float">75</spotsize>
          <spotblend sid="spotblend" type="float">0.15</spotblend>
          <att1 sid="att1" type="float">0</att1>
          <att2 sid="att2" type="float">1</att2>
          <falloff_type sid="falloff_type" type="int">2</falloff_type>
          <clipsta sid="clipsta" type="float">0.04999995</clipsta>
          <clipend sid="clipend" type="float">40</clipend>
          <bias sid="bias" type="float">1</bias>
          <soft sid="soft" type="float">3</soft>
          <bufsize sid="bufsize" type="int">512</bufsize>
          <samp sid="samp" type="int">3</samp>
          <buffers sid="buffers" type="int">1</buffers>
          <area_shape sid="area_shape" type="int">1</area_shape>
          <area_size sid="area_size" type="float">0.1</area_size>
          <area_sizey sid="area_sizey" type="float">0.1</area_sizey>
          <area_sizez sid="area_sizez" type="float">1</area_sizez>
        </technique>
      </extra>
    </light>
    <light id="Light_001-light" name="Light.001">
      <technique_common>
        <point>
          <color sid="color">1000 1000 1000</color>
          <constant_attenuation>1</constant_attenuation>
          <linear_attenuation>0</linear_attenuation>
          <quadratic_attenuation>0.001599967</quadratic_attenuation>
        </point>
      </technique_common>
      <extra>
        <technique profile="blender">
          <type sid="type" type="int">0</type>
          <flag sid="flag" type="int">0</flag>
          <mode sid="mode" type="int">2097153</mode>
          <gamma sid="blender_gamma" type="float">1</gamma>
          <red sid="red" type="float">1</red>
          <green sid="green" type="float">1</green>
          <blue sid="blue" type="float">1</blue>
          <shadow_r sid="blender_shadow_r" type="float">0</shadow_r>
          <shadow_g sid="blender_shadow_g" type="float">0</shadow_g>
          <shadow_b sid="blender_shadow_b" type="float">0</shadow_b>
          <energy sid="blender_energy" type="float">1000</energy>
          <dist sid="blender_dist" type="float">25</dist>
          <spotsize sid="spotsize" type="float">75</spotsize>
          <spotblend sid="spotblend" type="float">0.15</spotblend>
          <att1 sid="att1" type="float">0</att1>
          <att2 sid="att2" type="float">1</att2>
          <falloff_type sid="falloff_type" type="int">2</falloff_type>
          <clipsta sid="clipsta" type="float">0.04999995</clipsta>
          <clipend sid="clipend" type="float">40</clipend>
          <bias sid="bias" type="float">1</bias>
          <soft sid="soft" type="float">3</soft>
          <bufsize sid="bufsize" type="int">512</bufsize>
          <samp sid="samp" type="int">3</samp>
          <buffers sid="buffers" type="int">1</buffers>
          <area_shape sid="area_shape" type="int">1</area_shape>
          <area_size sid="area_size" type="float">0.1</area_size>
          <area_sizey sid="area_sizey" type="float">0.1</area_sizey>
          <area_sizez sid="area_sizez" type="float">1</area_sizez>
        </technique>
      </extra>
    </light>
    <light id="Light-light" name="Light">
      <technique_common>
        <point>
          <color sid="color">1000 1000 1000</color>
          <constant_attenuation>1</constant_attenuation>
          <linear_attenuation>0</linear_attenuation>
          <quadratic_attenuation>0.00111109</quadratic_attenuation>
        </point>
      </technique_common>
      <extra>
        <technique profile="blender">
          <type sid="type" type="int">0</type>
          <flag sid="flag" type="int">0</flag>
          <mode sid="mode" type="int">1</mode>
          <gamma sid="blender_gamma" type="float">1</gamma>
          <red sid="red" type="float">1</red>
          <green sid="green" type="float">1</green>
          <blue sid="blue" type="float">1</blue>
          <shadow_r sid="blender_shadow_r" type="float">0</shadow_r>
          <shadow_g sid="blender_shadow_g" type="float">0</shadow_g>
          <shadow_b sid="blender_shadow_b" type="float">0</shadow_b>
          <energy sid="blender_energy" type="float">1000</energy>
          <dist sid="blender_dist" type="float">29.99998</dist>
          <spotsize sid="spotsize" type="float">75</spotsize>
          <spotblend sid="spotblend" type="float">0.15</spotblend>
          <att1 sid="att1" type="float">0</att1>
          <att2 sid="att2" type="float">1</att2>
          <falloff_type sid="falloff_type" type="int">2</falloff_type>
          <clipsta sid="clipsta" type="float">0.04999995</clipsta>
          <clipend sid="clipend" type="float">30.002</clipend>
          <bias sid="bias" type="float">1</bias>
          <soft sid="soft" type="float">3</soft>
          <bufsize sid="bufsize" type="int">2880</bufsize>
          <samp sid="samp" type="int">3</samp>
          <buffers sid="buffers" type="int">1</buffers>
          <area_shape sid="area_shape" type="int">1</area_shape>
          <area_size sid="area_size" type="float">0.1</area_size>
          <area_sizey sid="area_sizey" type="float">0.1</area_sizey>
          <area_sizez sid="area_sizez" type="float">1</area_sizez>
        </technique>
      </extra>
    </light>
  </library_lights>
  <library_effects>
    <effect id="black_spec_008-effect">
      <profile_COMMON>
        <technique sid="common">
          <lambert>
            <emission>
              <color sid="emission">0 0 0 1</color>
            </emission>
            <diffuse>
              <color sid="diffuse">0.16355 0.16355 0.16355 1</color>
            </diffuse>
            <transparent opaque="A_ONE">
              <color sid="alpha">0 0 0 0</color>
            </transparent>
            <index_of_refraction>
              <float sid="ior">1.5</float>
            </index_of_refraction>
          </lambert>
        </technique>
      </profile_COMMON>
    </effect>
  </library_effects>
  <library_images/>
  <library_materials>
    <material id="black_spec_008-material" name="black_spec.008">
      <instance_effect url="#black_spec_008-effect"/>
    </material>
  </library_materials>
  <library_geometries>
    <geometry id="th_middle_001-mesh" name="th_middle_001">
      <mesh>
        <source id="th_middle_001-mesh-positions">
          <float_array id="th_middle_001-mesh-positions-array" count="1899">-10.82211 1.89451 0.02983999 -10.52279 1.19648 4.40604 -10.43772 3.4246 0.02982991 -10.01191 3.485 4.4419 -9.24738 5.4854 3.30954 -9.53206 5.5077 0.02983999 -8.76916 5.5412 6.52921 -9.89934 1.32759 8.782402 -9.34524 3.6126 8.85396 -8.04629 5.5289 11.15913 -9.26471 1.36724 13.15861 -8.71246 3.5727 13.2661 -7.62288 5.2311 15.49638 -8.79618 1.20098 17.53489 -8.362092 3.1253 17.67809 -7.64989 4.795 18.13671 -8.53313 0.8756 21.91118 -8.315772 2.4118 22.09022 -7.82107 4.3186 20.58139 -8.023591 3.9446 22.84329 -8.30538 -0.79062 26.28739 -8.30538 0.70052 26.2874 -8.184041 3.7582 24.93399 -8.28854 1.69868 26.40406 -8.25863 3.8024 26.86291 -7.06228 8.4002 0.02983999 -8.3862 6.9128 2.41682 -7.24683 8.137701 2.46228 -4.47194 9.969902 2.48145 -3.75606 10.294 0.02976 -5.9401 9.1566 2.5098 -2.7584 10.4958 3.62321 -8.073801 6.8946 4.80358 -6.95048 8.0529 4.89452 -4.28569 9.7975 4.93299 -5.69028 9.0101 4.98983 -7.68404 6.864 7.19021 -6.59311 7.9089 7.32682 -4.12086 9.5192 7.38459 -2.57576 10.0953 7.41507 -5.41925 8.7681 7.46987 -7.28799 6.8058 9.57691 -6.23702 7.7394 9.75913 -3.95787 9.2207 9.8362 -5.15147 8.5073 9.949912 -2.40556 9.6421 11.242 -6.95685 6.705 11.9636 -5.94428 7.5776 12.19143 -3.77749 8.9877 12.28781 -4.91141 8.3041 12.42994 -6.7619 6.5466 14.3503 -5.77712 7.457 14.62374 -3.56027 8.9058 14.73935 -4.72338 8.2352 14.90998 -2.13855 9.4329 14.94243 -6.77357 6.3159 16.737 -5.79564 7.4105 17.05605 -3.28867 9.0571 17.19096 -4.6111 8.3722 17.38994 -1.72766 9.643001 18.33506 -7.00006 6.0325 19.12369 -5.99731 7.4497 19.48835 -2.99557 9.426301 19.64257 -4.58613 8.6944 19.86998 -7.34378 5.7748 21.5104 -6.30172 7.5607 21.92059 -2.76823 9.8943 22.09418 -1.33429 10.0877 21.40864 -4.64892 9.1002 22.35008 -7.69641 5.627 23.89709 -6.62395 7.7277 24.35296 -2.69618 10.3366 24.54579 -1.13835 10.5183 24.18891 -4.79982 9.4851 24.83005 -7.87334 5.8922 26.22347 -6.92828 7.844 26.71059 -1.22462 10.7964 26.70466 -3.12402 10.54986 26.98725 -5.11937 9.6979 27.34445 -5.42738 9.835802 28.97489 8.61265 5.1336 29.45177 0.06931996 10.8676 3.80621 -0.01023989 11 0.02976989 -1.40119 10.7592 3.81399 1.54101 10.7632 3.81675 2.87009 10.5168 3.5216 3.74599 10.3191 0.02460998 3.0608 10.1082 6.97886 0.26646 10.4441 7.58258 -1.22349 10.3461 7.59807 1.75633 10.3187 7.60365 3.19084 9.6519 10.35776 0.40632 9.9844 11.35896 -1.07563 9.8958 11.38229 1.88615 9.8455 11.39063 3.12557 9.3579 13.61293 0.44521 9.744502 15.13533 -0.89992 9.6718 15.16637 1.78511 9.613902 15.17754 2.77768 9.3812 16.66155 0.34961 9.9357 18.91171 -0.65823 9.889902 18.95053 1.3491 9.8446 18.96453 2.21227 9.7076 19.47371 0.1721299 10.3981 22.68822 -0.46781 10.3808 22.73461 0.80393 10.3594 22.75151 1.66398 10.1414 22.07601 1.30046 10.5367 24.50004 0.6386 10.7885 26.5573 -0.26995 10.7875 26.46785 1.22529 10.7976 26.75026 7.0621 8.4226 0.02480989 8.413452 7.0139 2.18807 9.50643 5.4861 0.02976 7.26406 8.2257 2.23212 4.46815 10.0287 2.2703 5.94975 9.2299 2.2889 9.3264 5.5147 3.95308 8.340412 6.8947 4.35005 7.22057 8.0673 4.43978 4.53342 9.830202 4.51699 5.95696 9.0357 4.55093 8.18244 6.7721 6.5121 7.10496 7.8594 6.64744 4.60456 9.5334 6.76375 5.92833 8.7548 6.81304 9.006442 5.3879 7.87618 7.97886 6.6416 8.67407 6.94847 7.6331 8.855092 4.64917 9.2084 9.01044 5.86525 8.4507 9.07521 7.76899 6.4985 10.83612 6.78223 7.4194 11.06275 4.63475 8.9251 11.25721 5.76895 8.1868 11.33725 8.61378 5.2201 11.68501 7.59222 6.338 12.99817 6.63741 7.2492 13.27048 4.52889 8.7535 13.50389 5.64082 8.0266 13.59928 7.48771 6.1556 15.16022 8.32521 4.9048 15.26346 6.54521 7.1535 15.47806 4.29922 8.763502 15.75065 5.48222 8.0336 15.86139 7.49153 5.9484 17.32228 6.53255 7.1594 17.68572 3.92877 9.0056 17.99735 5.29914 8.250802 18.12349 8.23527 4.4172 18.53411 7.59137 5.7427 19.48432 6.58862 7.2604 19.89338 3.492 9.4169 20.24404 5.12194 8.6197 20.38567 7.73767 5.5867 21.6463 8.2574 3.9578 21.48409 6.6836 7.4326 22.10104 3.09609 9.893402 22.49073 4.98816 9.050002 22.64771 8.283842 3.713 24.13419 7.87952 5.5297 23.80835 6.78704 7.6519 24.30869 2.84803 10.3312 24.73749 4.93555 9.4513 24.90974 7.96324 5.6219 25.9704 8.256832 3.7626 26.51529 6.86779 7.8935 26.51643 2.85645 10.6248 26.98418 5.02005 9.7225 27.17793 5.01206 9.91015 28.28688 10.72605 1.1873 4.35415 10.80892 1.8956 0.02976 10.22011 3.4746 4.38505 10.33368 1.07588 8.678462 10.30603 -1.32513 8.68545 9.83651 3.3706 8.74033 9.82534 0.96963 13.00276 9.7815 -1.36852 13.01323 9.355751 3.1991 13.09561 9.29663 0.82529 17.32708 9.253931 -1.21342 17.34108 8.92802 2.7923 17.45089 8.80583 0.66934 21.65139 8.78052 -0.89296 21.66892 8.60947 2.2453 21.80618 8.35632 -0.05476999 25.91333 8.32436 1.64096 26.06027 8.66363 -0.09009999 29.6289 8.64029 3.9125 29.54616 10.17118 1.89878 -3.67597 8.94513 5.4933 -3.22971 6.63522 8.424001 -2.3937 3.52367 10.3366 -1.26092 8.28971 1.89878 -6.93474 7.29022 5.49331 -6.09604 5.40599 8.424001 -4.51997 2.86939 10.3366 -2.39137 5.40719 1.89878 -9.35354 4.75482 5.4933 -8.22358 3.52367 8.424001 -6.09781 1.86812 10.3366 -3.23 1.87124 1.89878 -10.64048 1.64468 5.49331 -9.35552 1.21532 8.424001 -6.93679 0.64044 10.3366 -3.67576 -1.8917 1.89878 -10.64048 -1.66514 5.4933 -9.35552 -1.24074 8.424001 -6.93594 -0.66558 10.3366 -3.67491 -5.42766 1.89878 -9.35354 -4.77529 5.4933 -8.22358 -3.54853 8.424001 -6.09527 -1.8927 10.3366 -3.22759 -8.31018 1.89878 -6.93474 -7.31069 5.4933 -6.09605 -5.42971 8.424001 -4.51615 -2.89297 10.3366 -2.38769 -10.19165 1.89878 -3.67597 -8.9656 5.4933 -3.22971 -6.65746 8.424001 -2.38896 -3.54577 10.3366 -1.25646 -8.65377 3.85249 29.52191 -8.67159 0.00315994 29.58427 -8.97734 5.75739 31.2604 -8.62534 5.13799 29.42574 -8.92799 5.75739 33.24101 -8.44687 5.75739 35.16321 -7.5574 5.75739 36.93373 -6.30115 5.75739 38.46575 -4.74085 5.75739 39.68664 -2.95096 5.75739 40.53609 -1.01801 5.75739 40.9728 0.96295 5.75739 40.97697 2.89704 5.75739 40.54733 4.69025 5.75739 39.70474 6.25565 5.75739 38.49036 7.51734 5.7574 36.9628 8.41431 5.7574 35.19623 8.90306 5.7574 33.27615 8.959772 5.7574 31.29569 8.65656 1.84708 29.60358 8.35498 6.4167 28.91394 -7.38982 7.94489 28.76241 -8.31528 6.4931 28.80709 -8.78182 6.90539 32.00492 -8.03264 7.87869 30.76628 -8.10922 7.87869 32.63197 -8.12485 6.90539 35.36077 -7.75793 7.87869 34.46621 -6.99652 7.87869 36.1709 -6.23433 6.90539 38.21012 -5.86572 7.87869 37.65667 -4.42626 7.87869 38.84582 -3.39862 6.90539 40.12094 -2.75254 7.87869 39.67384 -0.04721999 6.90539 40.80133 -0.93471 7.87869 40.09867 0.93269 7.87869 40.0962 3.30949 6.9054 40.14902 2.75003 7.87869 39.66762 4.42149 7.87869 38.83535 6.16175 6.9054 38.26267 5.85861 7.8787 37.64331 8.07595 6.9054 35.42908 6.98559 7.8787 36.15457 7.74269 7.8787 34.44783 8.761281 6.9054 32.07895 8.09009 7.8787 32.61324 8.00927 7.8787 30.74782 7.13755 8.0314 28.36388 -5.75442 10.12129 30.77964 -5.88891 10.12129 32.02981 -5.68858 10.12129 33.55129 -5.10133 10.12129 34.96911 -4.16711 10.12129 36.18661 -2.94961 10.12129 37.12083 -1.53171 10.12129 37.70816 -0.01023989 10.12129 37.90848 1.51124 10.12129 37.70816 2.92913 10.12129 37.12083 4.14663 10.12129 36.18661 5.08086 10.12129 34.96911 5.66811 10.12129 33.55129 5.86843 10.1213 32.02981 5.73083 10.1213 30.76508 5.32404 10.1215 29.55953 4.88535 10.74795 32.02972 4.52677 10.7716 30.16474 3.59488 11 30.9712 3.74711 11 32.02981 3.15067 11 29.99836 3.48542 10.8173 28.47776 2.45035 11 29.19014 1.55063 11 28.61201 0.52448 11 28.31064 -0.2246299 10.9462 27.71228 -0.9031 10.9467 27.80258 -3.41361 10.67647 27.95695 -1.5711 11 28.61201 -2.47082 11 29.19014 -3.75642 10.71769 28.67628 -3.17115 10.99999 29.99836 -4.54689 10.7716 30.16368 -3.61535 10.99999 30.9712 -4.90581 10.74795 32.02974 -3.76759 10.99999 32.02981 -3.61542 10.99999 33.08834 3.59495 11 33.08834 -3.17115 10.99999 34.06111 3.15059 11 34.06118 -2.47075 10.99999 34.8694 2.45028 11 34.8694 -1.57111 10.99999 35.44761 1.55063 10.99999 35.44761 -0.54502 10.99999 35.7489 0.52455 10.99999 35.7489 -4.42986 10.77159 34.1582 -3.06869 10.7716 35.86501 -1.1018 10.7716 36.81225 1.08132 10.7716 36.81225 3.04821 10.7716 35.86501 4.40939 10.7716 34.1582 4.40939 -10.8617 34.15819 3.04822 -10.8617 35.86501 1.08133 -10.8617 36.81224 -1.1018 -10.8617 36.81224 -3.06868 -10.8617 35.86501 -4.42986 -10.8617 34.15819 0.52455 -11.09011 35.7489 -0.54502 -11.09011 35.7489 1.55064 -11.09011 35.4476 -1.5711 -11.09011 35.4476 2.45028 -11.0901 34.8694 -2.47075 -11.09011 34.8694 3.1506 -11.0901 34.06118 -3.17114 -11.09011 34.0611 3.59495 -11.0901 33.08834 -3.61542 -11.09011 33.08834 -3.76759 -11.09011 32.0298 -4.90581 -10.83806 32.02974 -3.61535 -11.09011 30.97119 -4.54689 -10.86171 30.16368 -3.17114 -11.09011 29.99836 -3.75641 -10.8078 28.67628 -2.47082 -11.0901 29.19013 -1.5711 -11.0901 28.612 -3.4136 -10.76658 27.95695 -0.90309 -11.0368 27.80258 -0.2246299 -11.0363 27.71228 0.52448 -11.0901 28.31063 1.55063 -11.0901 28.612 2.45035 -11.0901 29.19013 3.48542 -10.90741 28.47776 3.15067 -11.0901 29.99836 3.74712 -11.0901 32.0298 3.59488 -11.0901 30.97119 4.52677 -10.8617 30.16474 4.88535 -10.83805 32.02972 5.32404 -10.2116 29.55953 5.73084 -10.2114 30.76507 5.86844 -10.2114 32.0298 5.66811 -10.2114 33.55128 5.08086 -10.2114 34.9691 4.14663 -10.2114 36.1866 2.92914 -10.21141 37.12083 1.51124 -10.21141 37.70815 -0.01023 -10.21141 37.90848 -1.53171 -10.21141 37.70815 -2.9496 -10.21141 37.12083 -4.1671 -10.21141 36.1866 -5.10133 -10.2114 34.9691 -5.68858 -10.2114 33.55128 -5.88891 -10.2114 32.0298 -5.75441 -10.2114 30.77964 7.13755 -8.1215 28.36388 8.00927 -7.9688 30.74782 8.09009 -7.9688 32.61324 8.761281 -6.9955 32.07895 7.74269 -7.9688 34.44782 6.9856 -7.9688 36.15456 8.07595 -6.9955 35.42908 5.85861 -7.9688 37.64331 6.16175 -6.9955 38.26267 4.42149 -7.9688 38.83535 2.75003 -7.9688 39.66762 3.30949 -6.9955 40.14902 0.93269 -7.9688 40.09619 -0.93471 -7.9688 40.09867 -0.04721999 -6.9955 40.80132 -2.75254 -7.9688 39.67384 -3.39862 -6.99551 40.12094 -4.42626 -7.9688 38.84582 -5.86571 -7.96881 37.65667 -6.23433 -6.99551 38.21012 -6.99652 -7.96881 36.1709 -7.75793 -7.9688 34.46621 -8.12485 -6.9955 35.36077 -8.10922 -7.96881 32.63197 -8.03264 -7.96881 30.76628 -8.78182 -6.9955 32.00491 -8.31528 -6.5832 28.80709 -7.38981 -8.035001 28.76241 8.35498 -6.5068 28.91394 8.65656 -1.93718 29.60358 8.959772 -5.8475 31.29569 8.90306 -5.8475 33.27615 8.41431 -5.8475 35.19623 7.51734 -5.8475 36.96279 6.25565 -5.8475 38.49036 4.69026 -5.8475 39.70473 2.89704 -5.8475 40.54733 0.96295 -5.8475 40.97696 -1.018 -5.8475 40.9728 -2.95095 -5.8475 40.53608 -4.74085 -5.8475 39.68664 -6.30115 -5.8475 38.46575 -7.5574 -5.8475 36.93373 -8.44687 -5.8475 35.1632 -8.92799 -5.8475 33.24101 -8.62534 -5.2281 29.42574 -8.65377 -3.9426 29.52191 -8.97734 -5.8475 31.2604 -3.54577 -10.4267 -1.25647 -6.65746 -8.514101 -2.38897 -8.9656 -5.5834 -3.22972 -10.19165 -1.98888 -3.67597 -2.89297 -10.4267 -2.38769 -5.42971 -8.514101 -4.51616 -7.31068 -5.5834 -6.09605 -8.31018 -1.98888 -6.93474 -1.89269 -10.4267 -3.2276 -3.54852 -8.514101 -6.09527 -4.77528 -5.5834 -8.22358 -5.42766 -1.98888 -9.35354 -0.66558 -10.4267 -3.67491 -1.24074 -8.514101 -6.93595 -1.66514 -5.5834 -9.35552 -1.8917 -1.98888 -10.64048 0.64045 -10.4267 -3.67576 1.21532 -8.514101 -6.9368 1.64468 -5.5834 -9.35552 1.87123 -1.98888 -10.64047 1.86813 -10.4267 -3.23 3.52368 -8.514101 -6.09782 4.75482 -5.5834 -8.22358 5.40719 -1.98888 -9.35354 2.86939 -10.4267 -2.39137 5.40599 -8.514101 -4.51997 7.29022 -5.5834 -6.09604 8.28971 -1.98888 -6.93474 3.52367 -10.4267 -1.26092 6.63523 -8.514101 -2.3937 8.94513 -5.5834 -3.22972 10.17118 -1.98888 -3.67597 8.64029 -4.0026 29.54616 8.32436 -1.73106 26.06027 8.60947 -2.3354 21.80618 8.92802 -2.8824 17.45089 9.355751 -3.2892 13.09561 9.83651 -3.4607 8.74033 10.22011 -3.5647 4.38505 10.80892 -1.9857 0.02976 10.72605 -1.2774 4.35415 5.01207 -10.00026 28.28688 5.02005 -9.812602 27.17792 2.85645 -10.7149 26.98417 6.86779 -7.9836 26.51642 8.256832 -3.8527 26.51529 7.96325 -5.712 25.9704 4.93555 -9.5414 24.90974 2.84804 -10.4213 24.73748 6.78704 -7.742001 24.30869 7.87952 -5.6198 23.80835 8.283842 -3.8031 24.13419 4.98816 -9.1401 22.6477 3.09609 -9.9835 22.49072 6.6836 -7.5227 22.10104 8.2574 -4.0479 21.48409 7.73768 -5.6768 21.6463 5.12194 -8.7098 20.38566 3.492 -9.507001 20.24403 6.58863 -7.3505 19.89338 7.59137 -5.8328 19.48432 8.23527 -4.5073 18.53411 5.29915 -8.3409 18.12349 3.92878 -9.0957 17.99734 6.53255 -7.2495 17.68572 7.49153 -6.0385 17.32227 5.48222 -8.123702 15.86138 4.29923 -8.8536 15.75065 6.54521 -7.2436 15.47806 8.32521 -4.9949 15.26346 7.48771 -6.2457 15.16022 5.64083 -8.116702 13.59928 4.52889 -8.8436 13.50389 6.63742 -7.3393 13.27048 7.59222 -6.4281 12.99817 8.61378 -5.3102 11.685 5.76895 -8.2769 11.33725 4.63475 -9.0152 11.25721 6.78224 -7.5095 11.06275 7.769001 -6.5886 10.83612 5.86526 -8.540802 9.07521 4.64917 -9.298501 9.01044 6.94848 -7.7232 8.855092 7.97887 -6.7317 8.67407 9.006442 -5.478 7.87617 5.92833 -8.844902 6.81303 4.60456 -9.6235 6.76375 7.10496 -7.9495 6.64743 8.18244 -6.8622 6.51209 5.95697 -9.125802 4.55093 4.53343 -9.9203 4.51699 7.22057 -8.157402 4.43977 8.340412 -6.9848 4.35004 9.3264 -5.6048 3.95307 5.94975 -9.32 2.2889 4.46815 -10.1188 2.2703 7.26406 -8.3158 2.23212 9.50643 -5.5762 0.02976 8.413452 -7.104001 2.18806 7.06211 -8.512701 0.02480989 1.22529 -10.8877 26.75026 -0.26995 -10.8776 26.46784 0.6386 -10.8786 26.55729 1.30046 -10.6268 24.50003 1.66399 -10.2315 22.076 0.80393 -10.4495 22.7515 -0.4678 -10.4709 22.73461 0.1721299 -10.4882 22.68822 2.21228 -9.7977 19.47371 1.3491 -9.9347 18.96452 -0.65823 -9.98 18.95052 0.34962 -10.0258 18.9117 2.77768 -9.471302 16.66155 1.78511 -9.704001 15.17754 -0.89992 -9.7619 15.16637 0.44522 -9.8346 15.13533 3.12557 -9.448001 13.61292 1.88616 -9.9356 11.39063 -1.07563 -9.9859 11.38229 0.40633 -10.0745 11.35896 3.19084 -9.742001 10.35776 1.75633 -10.4088 7.60365 -1.22349 -10.4362 7.59807 0.26646 -10.5342 7.58258 3.0608 -10.1983 6.97885 3.74599 -10.4092 0.0245999 2.8701 -10.6069 3.5216 1.54102 -10.8533 3.81674 -1.40118 -10.8493 3.81398 -0.01023 -11.0901 0.02976 0.06931996 -10.9577 3.8062 8.61265 -5.2237 29.45177 -5.42738 -9.9259 28.97489 -5.11936 -9.788002 27.34444 -3.12402 -10.63996 26.98725 -1.22462 -10.8865 26.70466 -6.92828 -7.9341 26.71059 -7.87333 -5.9823 26.22347 -4.79982 -9.575201 24.83005 -1.13835 -10.6084 24.18891 -2.69618 -10.4267 24.54579 -6.62395 -7.8178 24.35296 -7.69641 -5.7171 23.89709 -4.64892 -9.1903 22.35008 -1.33429 -10.1778 21.40864 -2.76823 -9.9844 22.09418 -6.30171 -7.6508 21.92059 -7.34378 -5.8649 21.51039 -4.58613 -8.784502 19.86997 -2.99557 -9.5164 19.64257 -5.9973 -7.5398 19.48835 -7.00006 -6.1226 19.12369 -1.72766 -9.7331 18.33506 -4.61109 -8.4623 17.38994 -3.28867 -9.1472 17.19096 -5.79564 -7.5006 17.05604 -6.77357 -6.406 16.737 -2.13855 -9.523001 14.94243 -4.72338 -8.325302 14.90997 -3.56026 -8.995902 14.73935 -5.77711 -7.5471 14.62374 -6.7619 -6.6367 14.3503 -4.91141 -8.3942 12.42994 -3.77749 -9.0778 12.28781 -5.94427 -7.6677 12.19143 -6.95685 -6.7951 11.9636 -2.40556 -9.7322 11.242 -5.15147 -8.5974 9.9499 -3.95787 -9.3108 9.8362 -6.23701 -7.8295 9.75912 -7.28799 -6.8959 9.57691 -5.41925 -8.858201 7.46987 -2.57576 -10.1854 7.41507 -4.12086 -9.6093 7.38459 -6.59311 -7.999001 7.32682 -7.68404 -6.9541 7.19021 -5.69028 -9.1002 4.98983 -4.28568 -9.8876 4.93298 -6.95048 -8.143001 4.89451 -8.073801 -6.9847 4.80358 -2.7584 -10.5859 3.62321 -5.9401 -9.2467 2.5098 -3.75606 -10.3841 0.02976 -4.47194 -10.06 2.48144 -7.24683 -8.2278 2.46228 -8.3862 -7.0029 2.41682 -7.06228 -8.490302 0.02982991 -8.25863 -3.8925 26.8629 -8.184041 -3.8483 24.93399 -8.28218 -2.239 26.50221 -8.023591 -4.0347 22.84328 -7.82107 -4.4087 20.58139 -8.315772 -2.5019 22.09022 -8.53313 -0.9657 21.91118 -7.64989 -4.8851 18.13671 -8.362092 -3.2154 17.67809 -8.79618 -1.29108 17.53489 -7.62288 -5.3212 15.49638 -8.71246 -3.6628 13.26609 -9.26471 -1.45734 13.15861 -8.04629 -5.619 11.15913 -9.34524 -3.7027 8.85396 -9.89934 -1.41769 8.782402 -8.76916 -5.6313 6.5292 -9.53206 -5.5978 0.02982991 -9.24738 -5.5755 3.30953 -10.01191 -3.5751 4.4419 -10.43772 -3.5147 0.02982991 -10.52279 -1.28658 4.40604 -10.82211 -1.98461 0.02983999</float_array>
          <technique_common>
            <accessor source="#th_middle_001-mesh-positions-array" count="633" stride="3">
              <param name="X" type="float"/>
              <param name="Y" type="float"/>
              <param name="Z" type="float"/>
            </accessor>
          </technique_common>
        </source>
        <source id="th_middle_001-mesh-normals">
          <float_array id="th_middle_001-mesh-normals-array" count="3768">-0.9976691 0 0.06823784 -0.9976692 0 0.06823784 -0.9645408 0.2423126 0.1046224 -0.9722402 0.2156157 0.09087938 -0.9145742 0.396002 0.08207827 -0.9139295 0.397345 0.08276391 -0.9005906 0.415836 0.1265586 -0.9900047 0 0.1410347 -0.9679404 0.2140198 0.1314797 -0.9633964 0.2292664 0.1389403 -0.8998986 0.4181334 0.1238835 -0.8896764 0.4345793 0.1400597 -0.9896479 0 0.143517 -0.9635617 0.2293461 0.137656 -0.9896479 0 0.1435169 -0.9620717 0.2340756 0.1400951 -0.8867389 0.4432665 0.1311827 -0.894891 0.4306937 0.1169325 -0.9943178 0 0.1064528 -0.9651898 0.2362111 0.1123083 -0.8940893 0.4328999 0.1149007 -0.972276 0.2119817 0.09870719 -0.923707 0.3793863 0.05321329 -0.9981985 0 0.0599997 -0.9739553 0.2141637 0.07446569 -0.9981985 0 0.05999964 -0.9901344 0.1363146 0.03243863 -0.971872 0.2344455 -0.02236467 -0.9243673 0.3749634 0.07034081 -0.9759188 0.2117555 -0.05236625 -0.9986486 0 0.05197238 -0.9986486 -1.16758e-6 0.05197221 -0.9894352 0.1333738 0.05682861 -0.9970296 -0.004302561 -0.0769003 -0.9847069 0.1707796 0.03444743 -0.999835 0.0158233 0.008927464 -0.9989746 0.02274221 -0.03915011 -0.7603783 0.6492537 -0.01716786 -0.7324223 0.6806159 0.01787984 -0.4847962 0.8742409 -0.02598816 -0.4966439 0.8670451 -0.03972178 -0.6153147 0.7873515 0.03828406 -0.8320395 0.5494912 0.07595783 -0.3137612 0.9488994 0.033822 -0.8185413 0.5635357 0.1114346 -0.7303451 0.6756082 0.1007452 -0.7177508 0.6873282 0.1114168 -0.6139929 0.7826803 0.102099 -0.8186942 0.5632333 0.1118399 -0.4808064 0.871355 0.09780508 -0.3476929 0.9330807 0.09203338 -0.4834569 0.8696294 0.1000706 -0.606498 0.7877667 0.1076288 -0.7984418 0.586065 0.1379079 -0.7170722 0.6855348 0.1258946 -0.6938531 0.7056289 0.1437212 -0.6057653 0.7840344 0.1354207 -0.3194596 0.9389067 0.1280615 -0.4807665 0.8670458 0.1307483 -0.3490338 0.930022 0.1150414 -0.4891984 0.8612653 0.1375032 -0.5958572 0.7903929 0.1422435 -0.6942132 0.707478 0.1324502 -0.7994904 0.5824468 0.1468706 -0.7787319 0.6151375 0.1232178 -0.671029 0.7263351 0.1488543 -0.5958572 0.7903805 0.1423123 -0.348468 0.9273897 0.1360831 -0.4892113 0.861276 0.1373901 -0.5883198 0.7951291 0.1471385 -0.4975908 0.8554286 0.1436844 -0.3641605 0.9228442 0.1254824 -0.6709312 0.7310843 0.1239646 -0.7708616 0.6229079 0.1332605 -0.663846 0.7366769 0.128902 -0.5874722 0.799703 0.1239027 -0.3553684 0.9277097 0.1143153 -0.5010994 0.8572598 0.1183425 -0.5016833 0.8568595 0.1187675 -0.5897514 0.7982415 0.1224898 -0.7674788 0.6300863 0.1181848 -0.7879106 0.6068354 0.1046323 -0.6625556 0.7418478 0.1033539 -0.5857923 0.8064789 0.08024537 -0.6888234 0.7201567 0.08304625 -0.5081037 0.8581379 0.07368916 -0.3887194 0.9190502 0.0651462 -0.6045662 0.793657 0.06788575 -0.491765 0.8685595 0.06141465 -0.3563771 0.9310514 0.07835048 -0.6872295 0.7233844 0.06656271 -0.8142757 0.5781533 0.05190312 -0.5959342 0.8029605 0.01081293 -0.7467307 0.6650895 0.007028639 -0.3450855 0.9383651 -0.0196799 -0.4992816 0.8664379 0.001840829 -0.6277554 0.7782743 -0.01457244 -0.4630271 0.8859025 -0.02797579 -0.3404068 0.9401248 -0.0169931 -0.8285291 0.5537621 0.08298856 -0.876353 0.4809646 -0.02605229 -0.7468764 0.664914 0.008076965 -0.6180995 0.7835006 -0.06387531 -0.804599 0.588909 -0.07620286 -0.4676126 0.8805988 -0.07670962 -0.2771735 0.9544336 -0.1105964 -0.4285721 0.8965191 -0.1121584 -0.644545 0.7589967 -0.09211784 -0.8931404 0.449084 0.02497506 -0.926697 0.3638186 -0.09417504 -0.8086622 0.5858627 -0.05320143 -0.639486 0.7601941 -0.1147285 -0.8432439 0.5217363 -0.1293479 -0.4297946 0.8934181 -0.1306932 -0.1875213 0.9752551 -0.1171041 -0.3146307 0.9373266 -0.1497547 -0.655606 0.7423733 -0.1380674 -0.4022541 0.9018362 -0.1577447 -0.9439694 0.3286504 -0.03017729 -0.850422 0.5177102 -0.09358847 -0.9563323 0.2642352 -0.1249334 -0.6556621 0.7423682 -0.1378285 -0.8675661 0.4749328 -0.1475397 -0.1465658 0.9790564 -0.1413051 -0.2100406 0.9632197 -0.1676033 -0.4018971 0.9031282 -0.1511234 -0.6643658 0.7313832 -0.1539377 -0.3891031 0.9064142 -0.1643546 -0.9731538 0.2235481 -0.0547536 -0.9748685 0.2005527 -0.09700483 -0.8779497 0.4590379 -0.1359725 -0.8733781 0.4719708 -0.1202265 -0.140727 0.9835156 -0.1135467 -0.6717287 0.7305573 -0.1227464 -0.9847705 0.1687236 -0.04194581 -0.3881579 0.9097153 -0.1474843 -0.1441671 0.9832909 -0.1111532 -0.4087816 0.9035518 -0.1284209 -0.6822821 0.7160932 -0.147315 -0.6702781 0.71807 -0.1873574 -0.1902044 0.9817419 -0.002326846 -0.07327508 0.9966442 0.03648585 -0.1852127 0.9826829 -0.005546629 0.07048267 0.9969514 0.03346776 0.1800163 0.9836074 -0.01051932 0.1783383 0.9839017 -0.01152873 0.2035444 0.9735444 0.1038313 -0.2045332 0.9723671 0.1125545 0.06958341 0.9917576 0.1075877 -0.0724247 0.990735 0.1148862 -0.1962264 0.9737307 0.1155152 -0.06407243 0.9917222 0.1112738 0.20613 0.9731408 0.1025056 0.08178037 0.9903826 0.1115992 0.2150503 0.9688815 0.1225647 0.08164143 0.9897168 0.1174545 -0.06386166 0.9903596 0.1229221 -0.1971396 0.9725101 0.1239359 -0.1984996 0.9722949 0.1234532 -0.05736166 0.9910941 0.1201756 0.2325934 0.9660181 0.1127353 0.09021562 0.988613 0.1204394 0.2171319 0.9717856 0.09212291 -0.1939828 0.9785529 0.06931835 0.09195107 0.9938198 0.06218636 -0.05855542 0.9962375 0.06389051 -0.05245351 0.9967318 0.06143707 -0.2006517 0.977357 0.06717228 0.09484058 0.9934786 0.06328892 0.2608163 0.9631391 0.06586229 0.2055239 0.9785218 0.01597428 -0.1824845 0.9824452 -0.03874039 0.09839177 0.9939975 -0.04783505 -0.05509012 0.9971328 -0.05187916 -0.04742079 0.9973895 -0.05445659 -0.2008637 0.9786496 -0.04357558 0.2674864 0.9631583 -0.02787744 0.09326881 0.9943928 -0.04983878 0.1984953 0.9773399 -0.07352799 -0.1561824 0.9801861 -0.121829 0.09625619 0.9885141 -0.1165109 -0.04980003 0.9910707 -0.1236886 -0.03599029 0.9912772 -0.1267842 -0.1486171 0.9816038 -0.119862 0.1439943 0.9805835 -0.1331228 0.2139492 0.9715807 -0.101276 0.07303857 0.9895894 -0.1240093 -0.1115908 0.9832054 -0.1444121 0.139353 0.9804403 -0.138988 0.07161951 0.9914937 -0.1086792 -0.03387421 0.9947766 -0.09629219 0.009616971 0.9940175 -0.1087973 -0.02782618 0.9938911 -0.1067999 0.0344333 0.99328 -0.1104959 -0.01813787 0.9937139 -0.110471 0.02222442 0.9931849 -0.1144116 0.7670796 0.6384062 -0.06345558 0.7254434 0.6882638 -0.004978835 0.3088989 0.9508017 0.0236172 0.8351381 0.5489687 0.03432041 0.7252628 0.6856473 0.06230449 0.8201972 0.5690219 0.05908215 0.7241513 0.686708 0.06353718 0.6075592 0.791294 0.06874424 0.3430233 0.9365034 0.07277715 0.4729763 0.8787551 0.0638979 0.6106078 0.7891944 0.06580716 0.4847075 0.8716009 0.07328331 0.7236384 0.6840652 0.09166353 0.8225308 0.5612425 0.09192407 0.7129138 0.6936965 0.1026603 0.6107177 0.7847374 0.1058826 0.4831148 0.8698717 0.09961521 0.3199496 0.940537 0.1141155 0.6115527 0.7841898 0.1051173 0.5006081 0.8582787 0.112913 0.3585126 0.9291727 0.09003895 0.8170707 0.5702271 0.08506894 0.712826 0.6928281 0.108943 0.8020873 0.5868104 0.1109488 0.6992423 0.7044367 0.1217754 0.6118934 0.7812456 0.1234576 0.3615608 0.9237346 0.1264452 0.5004975 0.8581724 0.1142032 0.5195438 0.8447941 0.1280514 0.6136159 0.7801256 0.1219821 0.3803402 0.9183557 0.1093813 0.8032347 0.5841327 0.1166316 0.6991894 0.7056954 0.1145786 0.6136019 0.7801766 0.1217256 0.6919862 0.7116982 0.1209992 0.5213791 0.8461997 0.1100456 0.3869584 0.9145418 0.1177995 0.5356028 0.8358551 0.1203157 0.6195351 0.776211 0.1169317 0.7948217 0.5971107 0.108246 0.6915131 0.7140099 0.1095429 0.7943721 0.5975161 0.1093047 0.701741 0.7053212 0.1004073 0.6178582 0.7798213 0.1006478 0.5389229 0.8376009 0.08936852 0.4032769 0.9107819 0.08856689 0.5395553 0.8371422 0.08985 0.6309016 0.7705888 0.09031081 0.3998619 0.9121069 0.0903967 0.7854182 0.6124412 0.08963406 0.7011973 0.7068067 0.09352427 0.8209438 0.5592111 0.1154744 0.7351557 0.6752399 0.05997616 0.62616 0.7773941 0.05985236 0.3976956 0.9167882 0.03657287 0.5433276 0.8379206 0.05181115 0.5224793 0.8519741 0.03399533 0.6462892 0.7618826 0.04295468 0.395381 0.9177265 0.03810447 0.7355318 0.6745227 0.06334257 0.8278155 0.558579 0.05206847 0.784372 0.6202843 0.002840518 0.6380747 0.7699728 0.00160098 0.525425 0.8508251 -0.005048453 0.3539649 0.9343011 -0.04231309 0.4851225 0.8733085 -0.04459041 0.6587913 0.7520886 -0.01889491 0.8626178 0.4963287 0.09771543 0.8994946 0.4369319 3.32062e-5 0.7870138 0.6165319 0.02231466 0.8276093 0.5593661 -0.04661029 0.6515614 0.7568678 -0.05117511 0.4860222 0.8715212 -0.06506353 0.3498649 0.936017 -0.03829836 0.2870883 0.9505822 -0.1182106 0.4443953 0.8890313 -0.1101649 0.6655588 0.7431442 -0.0690518 0.8321991 0.5542367 -0.01632326 0.9530698 0.3001505 0.0395928 0.891211 0.4527462 -0.0276395 0.8576024 0.5085822 -0.07656693 0.661411 0.7450111 -0.08656781 0.2776711 0.9553779 -0.1007564 0.2148066 0.9624006 -0.1662628 0.4443981 0.8890205 -0.1102412 0.6696367 0.7358739 -0.1003804 0.4128597 0.8989219 -0.1465826 0.9530496 0.3022544 0.01841127 0.976617 0.2068397 -0.05862176 0.86294 0.5034442 -0.04334348 0.8770618 0.4722474 -0.08800637 0.6686413 0.736211 -0.1044616 0.4126633 0.9015431 -0.1301118 0.2049744 0.9704257 -0.1275134 0.1556041 0.9726676 -0.1723523 0.3945168 0.9062958 -0.1516063 0.6731318 0.7306872 -0.1139731 0.8825579 0.4670819 -0.05409324 0.9873712 0.1582265 0.007904171 0.9767957 0.2090116 -0.04673707 0.6754569 0.7299451 -0.1045858 0.8899058 0.4487754 -0.08165973 0.1472735 0.9830648 -0.1090608 0.1227496 0.9840112 -0.1290524 0.3940086 0.911167 -0.1205489 0.6785058 0.7259943 -0.1120819 0.3913639 0.911896 -0.1236125 0.676903 0.726542 -0.1180644 0.9998165 0 0.01915997 0.9998164 0 0.01915997 0.9751331 0.2149664 0.05389672 0.9400522 0.3410134 0.003455996 0.9122198 0.4078519 0.03888583 0.9055465 0.4151734 0.08727329 0.9723661 0.2138162 0.09373742 0.9959088 0 0.09036439 0.9952806 -0.01118212 0.09639233 0.9737958 0.2085346 0.0907486 0.9069341 0.4116103 0.0897088 0.9013276 0.4185777 0.1113606 0.9710131 0.2071624 0.1192371 0.9931318 -0.01109766 0.1164745 0.9925947 -0.01807349 0.1201218 0.9729632 0.2001326 0.1152815 0.9034784 0.4126447 0.1159794 0.9060849 0.4087915 0.1090866 0.9718369 0.19947 0.1254788 0.992519 -0.01806974 0.1207463 0.9923683 -0.01994746 0.1216855 0.9779095 0.1761755 0.1124959 0.9118413 0.3907145 0.1260461 0.9347066 0.3468863 0.07741856 0.993502 -0.02003782 0.1120378 0.9774188 0.1757822 0.1172742 0.9938409 -0.0148701 0.1098147 0.9895926 0.1147753 0.08679497 0.9302644 0.3635175 0.04963177 0.9709464 0.2181251 0.0984112 0.97914 0.2029886 0.008981406 0.9946347 -0.01496511 0.1023624 0.9862198 0.1108141 0.1228449 0.9924069 0.09359234 0.07980692 0.997556 0.01285028 0.06868177 0.9995069 0.02951276 0.01072311 0.9855126 0 -0.1696024 0.928035 0.336654 -0.1594219 0.7621762 0.6342134 -0.1298505 0.9282004 0.3363506 -0.1590986 0.4945812 0.8647867 -0.08679568 0.7594357 0.6367014 -0.1336753 0.1783152 0.9838188 -0.01744431 0.5021889 0.8614891 -0.07511991 0.8660234 0 -0.5000036 0.8660233 0 -0.5000036 0.8154869 0.3366065 -0.470826 0.6679577 0.6364792 -0.3856512 0.8154844 0.3366094 -0.4708285 0.6675559 0.6367349 -0.3859246 0.4380132 0.8625676 -0.2532224 0.1525405 0.9843459 -0.08828747 0.4377942 0.862631 -0.2533856 0.6427998 0 -0.7660344 0.6427999 0 -0.7660343 0.6052885 0.3366113 -0.7213312 0.605291 0.3366088 -0.7213302 0.4957826 0.6364906 -0.5908294 0.4953502 0.6367254 -0.5909391 0.3250131 0.862572 -0.387732 0.3248042 0.8626224 -0.3877949 0.1131681 0.9843459 -0.1351152 0.3420078 0 -0.9396972 0.3420104 -3.45517e-6 -0.9396962 0.3220527 0.3366104 -0.884859 0.3220467 0.3366149 -0.8848596 0.263779 0.6365103 -0.7247588 0.1728222 0.8625736 -0.475499 0.2634028 0.6367092 -0.7247209 0.06015145 0.984346 -0.1656649 0.172646 0.8626145 -0.475489 3.12915e-6 -2.6984e-6 -1 0 0 -1 0 0.3366152 -0.9416424 -1.2077e-6 0.336616 -0.9416421 -1.81985e-6 0.6365252 -0.7712559 -2.67272e-4 0.6366802 -0.7711279 -1.75024e-4 0.8625735 -0.5059318 -3.29489e-4 0.8626121 -0.5058657 -1.14701e-4 0.984346 -0.1762472 -0.34201 0 -0.9396963 -0.3220508 0.3366156 -0.8848578 -0.2637683 0.6365385 -0.724738 -0.3220455 0.33661 -0.8848618 -0.2639395 0.6366683 -0.7245616 -0.1731628 0.8625801 -0.4753634 -0.06036216 0.9843456 -0.1655906 -0.1732525 0.8626089 -0.4752783 -0.6428 0 -0.7660341 -0.6427998 0 -0.7660343 -0.6052888 0.3366092 -0.7213319 -0.4957491 0.6365535 -0.5907896 -0.6052899 0.3366106 -0.7213304 -0.4958111 0.6366332 -0.5906518 -0.3252688 0.8625856 -0.3874875 -0.3253039 0.8626036 -0.3874176 -0.1133358 0.9843456 -0.1349772 -0.8660233 0 -0.5000036 -0.8154862 0.3366089 -0.4708256 -0.8660234 0 -0.5000036 -0.6679027 0.6365554 -0.3856204 -0.8154855 0.336606 -0.4708288 -0.667912 0.6366197 -0.3854985 -0.4381636 0.8625872 -0.2528952 -0.4381682 0.862597 -0.2528539 -0.152653 0.984346 -0.08809155 -0.9858351 0 -0.1677178 -0.9858351 0 -0.1677178 -0.7592841 0.6366524 -0.1347644 -0.4963522 0.8665353 -0.05245214 -0.1852151 0.9826955 0.002263844 -0.7549933 0.644656 -0.1200154 -0.5020464 0.8615348 -0.0755468 -0.9828069 0.001558601 -0.18463 -0.9815933 0.007431566 -0.1908388 -0.9837667 0 -0.1794525 -0.9996898 0 0.02490878 -0.9996898 0 0.02490866 -0.9700748 0 0.2428061 -0.9700746 -2.01148e-7 0.2428074 -0.8935751 -2.96546e-7 0.4489136 -0.8935768 0 0.4489105 -0.7732695 0 0.6340775 -0.6162423 0 0.7875567 -0.616239 0 0.7875592 -0.4287515 0 0.9034225 -0.4287452 -1.2517e-6 0.9034255 -0.2203733 -1.14862e-6 0.9754157 -0.2203758 -1.91796e-7 0.9754151 -0.002105355 0 0.9999979 -0.002102732 -9.86142e-7 0.9999979 0.2168536 -9.59779e-7 0.9762042 0.2168536 0 0.9762042 0.4252698 0 0.9050667 0.4252722 -5.41941e-7 0.9050655 0.6129508 -2.6687e-7 0.7901211 0.612945 0 0.7901256 0.7710134 0 0.636819 0.7710153 -5.97957e-7 0.6368167 0.8916477 -4.80477e-7 0.45273 0.8916456 0 0.4527342 0.9690967 0 0.2466811 0.969097 0 0.2466805 0.9995903 0 0.02862352 0.9995903 0 0.02862364 0.9845806 0 -0.1749317 0.9838159 0.001248896 -0.1791781 0.9832267 0.00267595 -0.1823683 0.9822298 0.007734954 -0.1875231 0.9704885 0.1036193 -0.2177503 -0.9670349 0.1183249 -0.2254834 -0.9461239 0.273528 -0.1732978 -0.8120455 0.5826416 -0.03333175 -0.9880262 0.15231 0.02461814 -0.9053133 0.3592519 0.2265965 -0.9537907 0.2354103 0.1867225 -0.8630645 0.4772822 0.165292 -0.8582925 0.4848723 0.1680266 -0.7413155 0.5837932 0.3311146 -0.8804384 0.1708482 0.4423113 -0.6684874 0.5424721 0.5087718 -0.7435618 0.4513583 0.4933475 -0.7875515 0.3266808 0.5225346 -0.7602033 0.1830554 0.6233631 -0.5267606 0.5620798 0.6376437 -0.6029381 0.2066767 0.770552 -0.5291271 0.3215878 0.7852427 -0.5005259 0.4446654 0.7427964 -0.3622298 0.5767899 0.7321906 -0.4233977 0.1575248 0.8921437 -0.2129262 0.2577893 0.9424474 -0.1897869 0.3001187 0.9348315 -0.2039051 0.443979 0.8725283 -0.1719389 0.5031719 0.8469091 -0.00208646 0.1494451 0.9887678 0.001068055 0.5859814 0.8103238 0.2053034 0.3220515 0.9241934 0.184071 0.2625102 0.9472097 0.1956626 0.5228342 0.8296751 0.1693071 0.4607339 0.8712401 0.4198479 0.1591759 0.8935272 0.3653319 0.5728966 0.7337043 0.5628039 0.3961439 0.7254804 0.539792 0.2060324 0.8161957 0.4942678 0.4440166 0.7473612 0.5258113 0.5671601 0.633918 0.7575498 0.1860603 0.6256995 0.7288986 0.4052748 0.5517783 0.7060611 0.5234274 0.4769713 0.7834184 0.3258401 0.5292294 0.8788941 0.1685283 0.4462549 0.7411932 0.5852612 0.3287887 0.8516122 0.49875 0.1612616 0.8629494 0.4734497 0.1765324 0.9432718 0.2293183 0.2401074 0.9303605 0.3133795 0.1903226 0.9880476 0.1515308 0.02829289 0.813573 0.5803936 -0.03524833 0.8822185 0.4349075 -0.1804057 0.9471046 0.2757606 -0.1641618 0.8112989 0.522022 -0.2632247 -0.6616425 0.7128121 -0.2326548 -0.687133 0.6992217 -0.1973254 -0.6993024 0.7108565 -0.07522851 -0.7142482 0.6992782 -0.02931791 -0.6952483 0.7129166 0.09154176 -0.7004091 0.7010232 0.13414 -0.6504708 0.7101407 0.2694219 -0.6488144 0.7036034 0.289797 -0.5635156 0.7060523 0.4288827 -0.5609962 0.7070934 0.4304675 -0.4531106 0.7027438 0.5484906 -0.4280797 0.7109931 0.5578859 -0.3164772 0.7004408 0.6397068 -0.268165 0.7134283 0.6473852 -0.1627425 0.6989808 0.6963769 -0.09128528 0.714787 0.693359 9.4388e-4 0.6984974 0.7156119 0.09128856 0.7147808 0.6933649 0.164164 0.6989089 0.6961154 0.2680964 0.7136015 0.6472228 0.3181897 0.7002888 0.6390234 0.4279596 0.7111881 0.5577294 0.4543022 0.7025831 0.5477102 0.5635842 0.7073597 0.4266326 0.5622105 0.7055563 0.4314042 0.649367 0.7038078 0.2880575 0.6507924 0.7097964 0.2695522 0.7005811 0.7011324 0.132663 0.6954188 0.7127473 0.09156459 0.71409 0.69937 -0.03093814 0.6991512 0.7109159 -0.07606703 0.6856424 0.6981843 -0.2059933 0.6683627 0.7088604 -0.225407 0.5366033 0.8418127 -0.05838066 0.2128682 0.9766013 -0.03061091 0.2161068 0.9759338 -0.02917528 0.5064749 0.8579049 -0.08650124 0.5355858 0.8249467 -0.1805851 0.1724878 0.981858 -0.07875996 0.172613 0.9817393 -0.07995569 0.4761528 0.8364779 -0.2712622 0.1094056 0.9894662 -0.09480029 0.08418643 0.9877993 -0.1310166 0.0816918 0.9835408 -0.1611647 0.05377924 0.9816195 -0.1831148 -0.009595513 0.9969363 -0.07762753 -0.1106515 0.9788274 -0.1722013 -0.1615605 0.9778555 -0.1330297 -0.159438 0.9774954 -0.1381392 -0.1775366 0.9755288 -0.1297094 -0.1724646 0.9818629 -0.07874828 -0.5489327 0.8045265 -0.2267383 -0.4943814 0.8676166 -0.05318516 -0.5352255 0.839651 -0.09230333 -0.2143563 0.9763292 -0.02885651 -0.2160906 0.9758787 -0.03107583 -0.01071459 0.9971631 -0.07450455 0 1 8.1095e-6 0 1 -4.22735e-6 0 1 -2.68161e-6 0 1 1.53455e-5 -1.6594e-6 1 2.9864e-6 -1.6594e-6 1 -2.48106e-6 -1.45494e-6 1 0 -1.45494e-6 1 0 -1.39598e-6 1 -1.91811e-6 -1.39599e-6 1 1.91825e-6 -1.45491e-6 1 0 -1.45491e-6 1 0 -1.6594e-6 1 -2.48108e-6 -1.65945e-6 1 2.9862e-6 -2.13176e-6 1 -3.83649e-6 -2.13175e-6 1 5.36265e-6 0 1 1.69071e-5 0 1 0 -0.5361717 0.8411516 0.07059723 -0.4946666 0.863191 0.101026 -0.2294663 0.9727575 0.03298646 -0.2160459 0.9756639 0.03747481 -0.5291742 0.8197162 0.2191811 -0.1721152 0.9819356 0.07860559 -0.1531177 0.9792605 0.1326795 -0.1669956 0.9769226 0.1331722 -0.4246094 0.8447196 0.3258154 -0.4090434 0.852218 0.3262026 -0.3504155 0.8177166 0.4566712 -0.1043761 0.9811899 0.1623952 -0.1928471 0.8637467 0.4655661 -0.2375966 0.8367503 0.4933527 -0.09429097 0.9761019 0.1957915 -0.05366015 0.9816933 0.1827533 -0.0740329 0.8236103 0.5623036 0 0.8600541 0.5102029 0 0.9777029 0.2099933 0 0.9777023 0.2099962 0.07403242 0.8236108 0.562303 0.05366075 0.9816934 0.1827531 0.2097791 0.8363748 0.5064285 0.223854 0.8566375 0.4648243 0.09429097 0.9761023 0.1957895 0.1043725 0.9811877 0.1624101 0.3504157 0.8177168 0.4566707 0.1659359 0.9755986 0.1437802 0.1605893 0.9786772 0.1280707 0.4128261 0.8539481 0.3167766 0.417223 0.8457032 0.3327327 0.1721063 0.9819366 0.07861232 0.5291797 0.8197119 0.219183 0.4820663 0.8738325 0.06347358 0.5342407 0.8381249 0.1101527 0.2221711 0.9742332 0.03885543 0.2160995 0.9758771 0.03106421 0.8136374 0.558775 -0.1605139 0.8507349 0.4678353 -0.2395423 0.6421198 0.7151295 -0.2761737 0.6577405 0.7379291 -0.1511226 0.4700604 0.8448343 -0.2555354 0.4590393 0.8358588 -0.301037 0.1158702 0.9903206 -0.07641518 0.3919759 0.907541 -0.1507453 -0.3495913 0.9110046 -0.2187618 -0.4128099 0.875904 -0.2497603 -0.5932962 0.7849507 -0.1784718 -0.1126762 0.9883513 -0.1023032 -0.4171755 0.8768188 -0.2390679 -0.1519806 0.9732214 -0.1724591 -0.6711868 0.717507 -0.1862584 -0.9702122 0.1281293 -0.2055993 -0.9735475 0.1199956 -0.1944383 -0.8179889 0.5134557 -0.2593409 -0.8566463 0.46863 -0.2157384 -0.9890498 0.01086366 -0.147182 0.9965959 0.002560496 -0.08240276 0.9951245 0.02697557 -0.09486621 0.9955919 0.005239009 -0.09364569 0.9899959 0.05899786 -0.1281696 0.991933 0.01270389 -0.1261253 0.980118 0.1055217 -0.1680293 0.9780973 0.1274349 -0.1645789 0.02348494 0.9927098 -0.1182196 0.02314996 0.992715 -0.118242 0.01140129 0.9918497 -0.1269025 -0.02193015 0.9918274 -0.1256875 -0.01668 0.9912669 -0.1308122 -0.1153519 0.9803938 -0.1597567 -0.8783807 0.4407196 -0.18497 -0.8206953 0.5155838 -0.2462373 -0.9275057 0.3365574 -0.162673 -0.8946962 0.3889836 -0.2195686 -0.956968 0.2404088 -0.1625297 0.4953882 0.8662008 -0.06547367 0.6074673 0.7941982 0.01526433 0.474587 0.8793486 -0.0389021 0.4745869 -0.8793485 -0.03890448 0.6074672 -0.794198 0.01526796 0.4953871 -0.8662016 -0.06547129 -0.956968 -0.2404088 -0.1625297 -0.8946967 -0.3889831 -0.2195683 -0.9275058 -0.3365569 -0.162673 -0.8206935 -0.5155839 -0.246243 -0.8783813 -0.4407171 -0.1849722 -0.1153484 -0.9803947 -0.1597527 -0.01668208 -0.9912663 -0.1308162 -0.02193236 -0.9918276 -0.125687 0.01140201 -0.9918497 -0.1269026 0.02314984 -0.9927151 -0.1182408 0.02348673 -0.9927099 -0.1182176 0.9780977 -0.127435 -0.1645761 0.9801188 -0.1055173 -0.1680274 0.991933 -0.01270389 -0.1261249 0.9899959 -0.05899804 -0.1281699 0.9955918 -0.005239009 -0.09364563 0.9951143 -0.02728974 -0.09488362 0.9965915 -0.002684712 -0.08245235 -0.9890499 -0.0108636 -0.1471815 -0.8566483 -0.4686269 -0.2157373 -0.8179874 -0.5134565 -0.2593437 -0.9735463 -0.1199988 -0.1944429 -0.9702121 -0.1281304 -0.2055994 -0.6711859 -0.7175077 -0.1862583 -0.1519817 -0.9732195 -0.172469 -0.4171754 -0.8768174 -0.2390734 -0.1126723 -0.9883517 -0.1023031 -0.5933005 -0.7849472 -0.1784724 -0.4128111 -0.8759028 -0.249763 -0.3495562 -0.9110019 -0.2188286 0.3919765 -0.9075391 -0.1507554 0.1158695 -0.9903205 -0.0764175 0.4590364 -0.835859 -0.3010407 0.470061 -0.8448374 -0.2555239 0.6577435 -0.7379266 -0.1511228 0.6421235 -0.7151305 -0.2761626 0.8507345 -0.467837 -0.2395396 0.8136369 -0.558776 -0.1605131 0.216098 -0.9758774 0.03106576 0.222171 -0.9742332 0.03885656 0.5342362 -0.8381281 0.1101504 0.4820604 -0.8738359 0.06347215 0.5291731 -0.8197168 0.2191806 0.1721076 -0.9819365 0.07861185 0.4172198 -0.8457068 0.3327279 0.4128239 -0.8539494 0.316776 0.1605896 -0.9786775 0.1280685 0.1659356 -0.9755983 0.143783 0.3504224 -0.8177193 0.4566611 0.1043854 -0.9811876 0.1624025 0.09429848 -0.9760987 0.1958044 0.22385 -0.8566437 0.464815 0.2097671 -0.8363816 0.5064224 0.05366748 -0.9816899 0.1827693 0.07403588 -0.8236185 0.5622912 0 -0.9776985 0.2100136 0 -0.9776985 0.2100135 0 -0.8600612 0.5101909 -0.07403534 -0.8236182 0.5622917 -0.0536679 -0.9816899 0.1827693 -0.09429866 -0.9760987 0.1958039 -0.2375901 -0.8367561 0.4933459 -0.1928423 -0.8637539 0.4655547 -0.104382 -0.981186 0.1624146 -0.3504142 -0.8177233 0.4566601 -0.4090322 -0.8522236 0.3262016 -0.4246124 -0.8447187 0.3258141 -0.1670014 -0.9769202 0.1331818 -0.1531338 -0.9792564 0.1326915 -0.1721197 -0.9819344 0.07861149 -0.5291737 -0.8197164 0.2191808 -0.2160547 -0.9756618 0.03747564 -0.2294762 -0.9727551 0.03298842 -0.4946666 -0.8631911 0.1010265 -0.5361738 -0.8411504 0.07059609 0 -1 -1.18373e-5 0 -1 -4.05568e-6 0 -1 -1.26806e-5 2.13175e-6 -1 0 2.13176e-6 -1 0 1.65944e-6 -1 1.49309e-6 1.6594e-6 -1 0 1.45492e-6 -1 -2.17549e-6 1.4549e-6 -1 0 1.39598e-6 -1 0 1.39598e-6 -1 -1.9181e-6 1.45494e-6 -1 0 1.45493e-6 -1 0 1.6594e-6 -1 0 1.6594e-6 -1 -1.49318e-6 0 -1 -1.34272e-5 0 -1 0 0 -1 -8.45477e-6 0 -1 8.10944e-6 -0.01071494 -0.9971631 -0.07450556 -0.2160986 -0.9758769 -0.03107732 -0.2143663 -0.9763271 -0.0288574 -0.5352263 -0.8396505 -0.09230405 -0.4943848 -0.8676144 -0.05318981 -0.548938 -0.8045223 -0.2267402 -0.1724702 -0.9818615 -0.07875293 -0.1775438 -0.975527 -0.129713 -0.1594243 -0.9774956 -0.1381533 -0.1615555 -0.9778563 -0.1330295 -0.1106495 -0.9788281 -0.172199 -0.009596765 -0.9969365 -0.07762557 0.05377823 -0.98162 -0.1831126 0.08168762 -0.9835406 -0.1611683 0.08418142 -0.9878007 -0.1310092 0.1094005 -0.9894674 -0.09479343 0.4761555 -0.8364771 -0.2712604 0.1726118 -0.9817399 -0.07994991 0.1724867 -0.9818581 -0.07875931 0.5355837 -0.8249468 -0.1805905 0.5064696 -0.8579083 -0.08649897 0.2161087 -0.9759334 -0.02917551 0.2128669 -0.9766015 -0.03061324 0.5366023 -0.8418133 -0.05838125 0.6683603 -0.7088602 -0.2254146 0.6856434 -0.6981834 -0.2059932 0.6991544 -0.7109127 -0.07606697 0.7140905 -0.6993696 -0.03093832 0.6954211 -0.7127449 0.09156531 0.7005831 -0.7011302 0.132664 0.6507924 -0.7097958 0.2695538 0.6493695 -0.7038072 0.288053 0.5622131 -0.7055541 0.4314045 0.5635823 -0.70736 0.4266344 0.4543058 -0.7025827 0.5477077 0.427967 -0.7111868 0.5577254 0.3181919 -0.7002866 0.6390247 0.2680886 -0.7136015 0.647226 0.1641635 -0.6989079 0.6961165 0.09129524 -0.7147783 0.6933665 9.46487e-4 -0.698495 0.7156143 -0.09129047 -0.714786 0.6933593 -0.1627443 -0.698981 0.6963763 -0.2681602 -0.7134284 0.6473871 -0.3164764 -0.7004404 0.6397077 -0.428083 -0.7109924 0.5578843 -0.4531111 -0.7027441 0.5484898 -0.5609963 -0.707094 0.4304664 -0.56351 -0.7060555 0.4288846 -0.6488148 -0.703605 0.289792 -0.650474 -0.7101382 0.2694206 -0.7004057 -0.7010256 0.1341455 -0.695245 -0.71292 0.09154057 -0.714247 -0.6992794 -0.02931666 -0.6993008 -0.7108573 -0.07523536 -0.6871284 -0.6992248 -0.1973307 -0.661641 -0.7128131 -0.232656 0.8112989 -0.522022 -0.2632246 0.9471046 -0.2757606 -0.164162 0.8822185 -0.4349075 -0.1804056 0.813573 -0.5803936 -0.03524875 0.9880475 -0.1515308 0.02829301 0.9303605 -0.3133795 0.1903226 0.9432718 -0.2293183 0.2401071 0.8629487 -0.4734512 0.1765318 0.851612 -0.4987496 0.1612631 0.7411947 -0.5852614 0.3287851 0.8788935 -0.1685272 0.4462565 0.783419 -0.3258355 0.5292315 0.7060611 -0.5234274 0.4769713 0.7288987 -0.4052718 0.5517804 0.7575526 -0.1860619 0.6256957 0.5258138 -0.5671591 0.6339168 0.494268 -0.4440131 0.747363 0.5397926 -0.2060341 0.8161948 0.5628018 -0.3961438 0.7254821 0.3653355 -0.5728915 0.7337067 0.419852 -0.1591756 0.8935254 0.1693046 -0.4607356 0.8712399 0.1956582 -0.5228289 0.8296794 0.1840686 -0.2625134 0.9472094 0.2052946 -0.3220478 0.9241967 0.00107485 -0.585978 0.8103264 -0.002076506 -0.1494501 0.9887672 -0.1719342 -0.5031735 0.8469092 -0.2039098 -0.4439707 0.8725312 -0.1897827 -0.300123 0.9348309 -0.2129314 -0.2577745 0.9424503 -0.4233908 -0.1575149 0.8921487 -0.362229 -0.5767941 0.7321877 -0.5005237 -0.444669 0.7427958 -0.5291283 -0.3215852 0.7852428 -0.6029371 -0.2066752 0.7705532 -0.5267584 -0.5620841 0.6376419 -0.760203 -0.1830537 0.6233641 -0.7875527 -0.3266797 0.5225336 -0.7435637 -0.4513557 0.4933468 -0.6684823 -0.5424777 0.5087724 -0.8804386 -0.1708466 0.4423116 -0.7413174 -0.583792 0.3311125 -0.8582949 -0.4848679 0.1680269 -0.8630634 -0.4772835 0.1652939 -0.9537914 -0.2354082 0.1867217 -0.9053117 -0.3592553 0.2265979 -0.9880262 -0.1523103 0.02461802 -0.8120495 -0.5826359 -0.03333187 -0.9461239 -0.273527 -0.1732991 -0.9670348 -0.1183256 -0.2254835 0.9704885 -0.1036193 -0.2177502 0.9822298 -0.007734954 -0.1875232 0.9832267 -0.00267595 -0.1823687 0.9837922 -0.001307904 -0.1793082 -0.5020463 -0.8615348 -0.0755468 -0.7549935 -0.6446558 -0.1200157 -0.1852146 -0.9826956 0.002265095 -0.4963517 -0.8665356 -0.05245172 -0.7592842 -0.6366523 -0.1347643 -0.1526523 -0.984346 -0.08809196 -0.4381676 -0.8625968 -0.2528557 -0.4381629 -0.8625876 -0.2528949 -0.6679121 -0.6366196 -0.3854984 -0.8154839 -0.336605 -0.4708325 -0.6679026 -0.6365535 -0.3856239 -0.8154856 -0.3366107 -0.4708253 -0.1133358 -0.9843459 -0.134975 -0.3253042 -0.8626042 -0.3874161 -0.3252666 -0.8625854 -0.3874897 -0.4958093 -0.6366307 -0.5906561 -0.6052897 -0.3366119 -0.72133 -0.4957492 -0.6365537 -0.5907894 -0.6052885 -0.3366107 -0.7213316 -0.1732512 -0.8626077 -0.475281 -0.06036138 -0.9843454 -0.1655915 -0.173165 -0.8625807 -0.4753614 -0.2639433 -0.6366684 -0.7245602 -0.3220466 -0.3366108 -0.8848611 -0.2637698 -0.636537 -0.7247388 -0.3220508 -0.3366156 -0.8848578 -1.14701e-4 -0.984346 -0.1762475 -3.29099e-4 -0.8626126 -0.5058651 -1.75229e-4 -0.8625745 -0.50593 -2.67273e-4 -0.6366785 -0.7711294 0 -0.6365225 -0.7712582 0 -0.336616 -0.9416421 2.6557e-6 -0.3366137 -0.9416428 0.1726458 -0.8626145 -0.4754887 0.06015157 -0.984346 -0.1656649 0.2634032 -0.6367065 -0.7247232 0.1728212 -0.8625742 -0.4754982 0.2637777 -0.6365082 -0.7247611 0.3220461 -0.3366128 -0.8848606 0.3220493 -0.3366103 -0.8848603 0.1131689 -0.9843457 -0.1351163 0.3248053 -0.8626229 -0.387793 0.3250154 -0.8625722 -0.3877297 0.4953553 -0.6367226 -0.5909379 0.4957845 -0.6364894 -0.5908291 0.6052917 -0.3366089 -0.7213296 0.6052883 -0.3366121 -0.721331 0.4377942 -0.862631 -0.2533856 0.1525408 -0.9843457 -0.08828854 0.4380118 -0.8625681 -0.2532232 0.6675555 -0.6367337 -0.3859276 0.8154829 -0.3366106 -0.4708303 0.6679568 -0.6364783 -0.3856543 0.8154873 -0.3366054 -0.4708265 0.5021877 -0.8614895 -0.07512265 0.1783154 -0.9838188 -0.01744294 0.7594364 -0.6367003 -0.1336758 0.4945799 -0.8647874 -0.08679544 0.9282006 -0.3363503 -0.1590982 0.7621778 -0.6342114 -0.1298503 0.9280349 -0.336654 -0.1594219 0.9995069 -0.02951276 0.01072311 0.9975526 -0.01299744 0.06870239 0.9924069 -0.09359222 0.07980686 0.9871886 -0.1056891 0.1195346 0.97914 -0.2029886 0.008981406 0.9709464 -0.2181251 0.0984112 0.9302642 -0.3635177 0.04963189 0.9902762 -0.109232 0.08614879 0.9757974 -0.1826369 0.1202636 0.9347066 -0.3468863 0.07741856 0.9118413 -0.3907145 0.1260461 0.9765459 -0.1832592 0.1130235 0.969682 -0.2095533 0.125715 0.9060847 -0.4087918 0.1090863 0.903478 -0.4126455 0.1159797 0.9708095 -0.2102432 0.1154419 0.9707509 -0.2104565 0.1155455 0.9013274 -0.4185783 0.1113604 0.9069341 -0.4116102 0.08970886 0.9731294 -0.2116158 0.09076356 0.9725236 -0.2138757 0.0919519 0.9055464 -0.4151738 0.08727318 0.9122197 -0.4078521 0.03888607 0.9400521 -0.3410134 0.003455996 0.9751331 -0.2149664 0.05389672 0.6769035 -0.7265399 -0.1180747 0.3913629 -0.9118964 -0.1236131 0.6785051 -0.7259948 -0.1120821 0.3940109 -0.9111663 -0.1205471 0.1227491 -0.9840115 -0.1290513 0.1472724 -0.983065 -0.1090607 0.889904 -0.448779 -0.08166062 0.6754558 -0.7299461 -0.1045861 0.9767957 -0.2090106 -0.04674148 0.9873721 -0.1582217 0.00790435 0.8825573 -0.4670826 -0.05409729 0.6731317 -0.7306872 -0.1139739 0.3945201 -0.9062942 -0.1516069 0.1556034 -0.9726675 -0.1723531 0.2049766 -0.9704253 -0.1275123 0.4126616 -0.9015436 -0.1301141 0.6686414 -0.7362109 -0.1044616 0.8770618 -0.4722474 -0.08800637 0.8629379 -0.503448 -0.04333996 0.9766174 -0.2068394 -0.05861723 0.9530511 -0.3022495 0.01841068 0.4128604 -0.8989217 -0.1465817 0.6696367 -0.7358741 -0.1003796 0.4443983 -0.8890205 -0.1102403 0.2148087 -0.9624003 -0.1662618 0.2776718 -0.9553777 -0.1007565 0.6614102 -0.7450122 -0.08656489 0.8576011 -0.5085848 -0.07656276 0.89121 -0.452748 -0.02764338 0.9530714 -0.3001458 0.03959196 0.8322009 -0.5542339 -0.01632708 0.6655569 -0.7431462 -0.06905013 0.4443961 -0.8890307 -0.1101654 0.2870894 -0.950582 -0.1182101 0.3498634 -0.9360176 -0.03829801 0.4860231 -0.8715209 -0.06506073 0.6515638 -0.7568657 -0.05117738 0.8276111 -0.5593631 -0.04661399 0.7870139 -0.6165317 0.02231454 0.8994948 -0.4369316 3.30659e-5 0.8626176 -0.4963291 0.09771591 0.658793 -0.7520869 -0.01889705 0.4851229 -0.8733084 -0.04459118 0.3539642 -0.9343013 -0.04231476 0.525426 -0.8508244 -0.005047917 0.638075 -0.7699726 0.001601576 0.7843716 -0.6202848 0.00284022 0.8278153 -0.5585793 0.05206871 0.7355315 -0.6745228 0.06334316 0.3953802 -0.9177269 0.03810405 0.64629 -0.761882 0.04295736 0.5224809 -0.8519729 0.03399866 0.5433232 -0.8379236 0.05180776 0.397697 -0.9167878 0.0365706 0.6261615 -0.7773925 0.05985504 0.7351559 -0.6752395 0.05997902 0.820944 -0.5592109 0.1154741 0.701201 -0.706803 0.0935238 0.7854182 -0.6124412 0.08963376 0.3998625 -0.9121065 0.09039771 0.6309018 -0.7705891 0.09030777 0.5395513 -0.8371451 0.08984702 0.4032769 -0.910782 0.08856636 0.5389234 -0.8376007 0.08936852 0.617854 -0.7798246 0.1006482 0.7017451 -0.7053171 0.1004071 0.794374 -0.5975129 0.1093084 0.6915134 -0.7140091 0.1095463 0.7948257 -0.5971054 0.1082465 0.6195315 -0.7762134 0.1169341 0.5356034 -0.8358543 0.1203191 0.3869587 -0.9145414 0.1178005 0.5213758 -0.8462015 0.1100468 0.6919863 -0.7116981 0.1209996 0.6136022 -0.7801765 0.1217254 0.6991897 -0.7056952 0.114578 0.8032373 -0.5841293 0.1166316 0.3803394 -0.9183562 0.1093801 0.6136159 -0.7801263 0.1219785 0.519541 -0.8447962 0.1280489 0.5004979 -0.8581724 0.1142026 0.3615593 -0.9237351 0.1264458 0.6118938 -0.7812458 0.1234547 0.6992427 -0.7044368 0.1217723 0.8020896 -0.586808 0.1109446 0.712826 -0.6928287 0.1089388 0.8170706 -0.5702272 0.08506852 0.3585116 -0.9291729 0.09004026 0.5006077 -0.8582785 0.1129167 0.6115532 -0.7841891 0.10512 0.3199496 -0.9405369 0.1141172 0.4831137 -0.8698724 0.09961587 0.6107214 -0.7847344 0.1058831 0.7129135 -0.6936967 0.1026609 0.8225308 -0.5612425 0.09192436 0.7236387 -0.6840651 0.09166294 0.4847065 -0.8716018 0.07328134 0.6106112 -0.789192 0.0658043 0.4729762 -0.8787552 0.06389784 0.3430244 -0.9365031 0.07277542 0.6075589 -0.7912942 0.06874352 0.724152 -0.6867074 0.06353741 0.8201972 -0.5690219 0.05908238 0.7252628 -0.6856472 0.06230503 0.8351383 -0.5489683 0.03432035 0.3088998 -0.9508013 0.0236172 0.7254434 -0.6882638 -0.004975736 0.767081 -0.6384047 -0.06345367 0.02222645 -0.9931849 -0.1144109 -0.01814037 -0.9937139 -0.1104702 0.03443288 -0.99328 -0.1104955 -0.02782738 -0.9938911 -0.1067999 0.009616971 -0.9940173 -0.1087987 -0.0338748 -0.9947766 -0.09629201 0.07161802 -0.9914938 -0.1086791 0.1393508 -0.9804408 -0.1389868 -0.1115906 -0.9832054 -0.1444115 0.07303559 -0.9895896 -0.1240095 0.2139483 -0.9715809 -0.1012759 0.143993 -0.9805835 -0.1331246 -0.1486166 -0.9816039 -0.1198623 -0.03598916 -0.9912774 -0.1267835 -0.04980212 -0.9910705 -0.1236891 0.09625786 -0.9885139 -0.1165113 -0.1561824 -0.9801861 -0.1218292 0.198494 -0.9773401 -0.07352793 0.0932697 -0.9943928 -0.04983836 0.2674854 -0.9631586 -0.02787834 -0.2008634 -0.9786497 -0.04357546 -0.0474224 -0.9973896 -0.05445468 -0.05508828 -0.9971328 -0.05188006 0.098392 -0.9939974 -0.04783552 -0.1824838 -0.9824454 -0.03873944 0.2055225 -0.9785221 0.01597374 0.2608162 -0.9631391 0.06586325 0.09484058 -0.9934787 0.0632894 -0.2006511 -0.9773572 0.06717151 -0.05245167 -0.9967318 0.06143701 -0.058555 -0.9962376 0.06389075 0.09195166 -0.9938198 0.06218707 -0.1939828 -0.9785529 0.06931871 0.217132 -0.9717854 0.09212344 0.09021621 -0.988613 0.1204387 0.2325936 -0.9660183 0.1127341 -0.0573613 -0.9910942 0.1201757 -0.1984996 -0.9722949 0.1234532 -0.1971396 -0.97251 0.1239367 -0.06386166 -0.9903596 0.1229217 0.08164143 -0.9897166 0.1174555 0.2150517 -0.9688812 0.1225647 0.08178043 -0.9903826 0.1115995 0.2061313 -0.9731406 0.1025049 -0.06407248 -0.9917224 0.1112725 -0.1962262 -0.9737309 0.1155134 -0.07242578 -0.990735 0.114886 0.06958287 -0.9917576 0.1075877 -0.204531 -0.9723676 0.112554 0.2035446 -0.9735443 0.1038326 0.1783385 -0.9839017 -0.01152926 0.1800171 -0.9836072 -0.01051759 0.07048219 -0.9969515 0.03346705 -0.1852122 -0.982683 -0.005546748 -0.07327622 -0.996644 0.03648585 -0.190203 -0.981742 -0.002326846 -0.6702761 -0.7180716 -0.1873584 -0.6822822 -0.7160936 -0.1473124 -0.4087821 -0.9035518 -0.1284198 -0.1441673 -0.9832908 -0.1111532 -0.3881579 -0.9097153 -0.1474843 -0.9847696 -0.1687285 -0.04194605 -0.6717294 -0.7305566 -0.1227463 -0.1407263 -0.9835157 -0.1135477 -0.8733788 -0.4719702 -0.1202231 -0.8779516 -0.4590344 -0.1359722 -0.9748685 -0.2005547 -0.09700095 -0.9731539 -0.2235477 -0.05475324 -0.3891025 -0.9064143 -0.1643546 -0.6643657 -0.731383 -0.1539389 -0.4018971 -0.9031282 -0.1511234 -0.2100407 -0.9632198 -0.1676028 -0.1465646 -0.9790568 -0.1413035 -0.8675655 -0.4749327 -0.147543 -0.6556645 -0.7423657 -0.1378308 -0.9563324 -0.2642351 -0.1249326 -0.8504195 -0.5177144 -0.0935871 -0.9439692 -0.3286511 -0.03017753 -0.402254 -0.9018362 -0.1577441 -0.6556088 -0.7423713 -0.1380661 -0.3146321 -0.9373261 -0.1497547 -0.1875213 -0.9752549 -0.1171053 -0.429793 -0.8934187 -0.1306946 -0.8432412 -0.5217408 -0.129348 -0.6394886 -0.760192 -0.114729 -0.8086596 -0.5858665 -0.0532006 -0.926697 -0.3638182 -0.09417545 -0.8931409 -0.4490832 0.024975 -0.6445484 -0.7589936 -0.09212052 -0.4285703 -0.8965196 -0.1121608 -0.2771731 -0.9544337 -0.1105964 -0.467616 -0.8805971 -0.07670795 -0.8045976 -0.5889114 -0.07619917 -0.6180959 -0.7835036 -0.06387215 -0.7468761 -0.6649142 0.008077025 -0.8763527 -0.480965 -0.02605253 -0.8285294 -0.5537617 0.08298838 -0.3404068 -0.9401248 -0.01699233 -0.4630301 -0.8859011 -0.02797377 -0.6277521 -0.778277 -0.01456981 -0.4992783 -0.8664398 0.00183916 -0.3450878 -0.9383641 -0.01968109 -0.7467299 -0.6650904 0.007026314 -0.5959376 -0.802958 0.01081061 -0.8142757 -0.5781533 0.05190283 -0.687226 -0.7233878 0.06656295 -0.3563793 -0.9310506 0.0783506 -0.4917621 -0.8685612 0.061414 -0.6045705 -0.7936537 0.06788581 -0.388719 -0.9190503 0.06514704 -0.5081043 -0.8581374 0.07369083 -0.6888192 -0.7201607 0.08304613 -0.5857957 -0.8064764 0.08024561 -0.6625515 -0.7418515 0.1033535 -0.7879109 -0.6068348 0.1046324 -0.7674784 -0.6300869 0.1181851 -0.5897548 -0.7982391 0.1224893 -0.5016837 -0.8568593 0.1187675 -0.5011004 -0.8572592 0.1183425 -0.3553684 -0.9277097 0.1143162 -0.5874758 -0.7997003 0.1239023 -0.663843 -0.7366797 0.1289016 -0.7708612 -0.6229084 0.1332606 -0.6709275 -0.7310877 0.1239641 -0.3641605 -0.9228442 0.1254827 -0.4975916 -0.8554282 0.1436846 -0.5883231 -0.7951263 0.1471402 -0.4892107 -0.8612765 0.1373897 -0.3484679 -0.9273896 0.1360835 -0.5958572 -0.7903801 0.1423155 -0.6710243 -0.7263386 0.148858 -0.7787315 -0.6151381 0.1232172 -0.7994905 -0.5824465 0.146871 -0.6942137 -0.7074775 0.1324501 -0.5958576 -0.7903927 0.1422437 -0.489198 -0.8612655 0.1375032 -0.349034 -0.9300221 0.1150406 -0.4807637 -0.8670477 0.1307467 -0.3194627 -0.9389059 0.1280599 -0.605765 -0.7840347 0.1354197 -0.693854 -0.705628 0.1437205 -0.7170719 -0.6855351 0.1258952 -0.7984424 -0.5860643 0.1379077 -0.606498 -0.7877666 0.1076288 -0.4834536 -0.8696313 0.1000705 -0.3476943 -0.9330801 0.09203362 -0.4808058 -0.8713552 0.09780561 -0.8186947 -0.5632326 0.11184 -0.6139934 -0.78268 0.102099 -0.7177508 -0.6873283 0.111416 -0.7303447 -0.6756086 0.1007453 -0.8185417 -0.5635352 0.1114347 -0.3137619 -0.9488991 0.03382259 -0.8320398 -0.5494911 0.07595771 -0.6153153 -0.787351 0.03828382 -0.4966436 -0.8670454 -0.03972131 -0.4847958 -0.8742413 -0.02598762 -0.7324219 -0.6806163 0.01788026 -0.7603784 -0.6492536 -0.01716756 -0.9989739 -0.0227679 -0.03915083 -0.9998551 -0.01475757 0.008491814 -0.9837527 -0.1786112 0.01813298 -0.9968516 0.01506835 -0.07784634 -0.9894355 -0.133372 0.05682873 -0.9759186 -0.2117562 -0.05236667 -0.9243673 -0.3749631 0.07034075 -0.9718721 -0.2344453 -0.02236467 -0.9901344 -0.1363146 0.03243863 -0.9739553 -0.2141637 0.07446569 -0.9237069 -0.3793862 0.05321341 -0.9722761 -0.211982 0.0987069 -0.8940896 -0.4328995 0.1149002 -0.9651897 -0.2362111 0.1123083 -0.8948913 -0.430693 0.1169327 -0.8867393 -0.4432659 0.1311832 -0.9620714 -0.234077 0.1400954 -0.9635618 -0.229346 0.137656 -0.8896768 -0.4345788 0.1400594 -0.8998984 -0.4181339 0.1238834 -0.9633963 -0.2292665 0.1389403 -0.9679405 -0.2140197 0.1314797 -0.9005904 -0.4158365 0.1265586 -0.9139295 -0.397345 0.08276391 -0.9145741 -0.3960018 0.08207815 -0.9722402 -0.2156157 0.09087938 -0.9645408 -0.2423126 0.1046225 -0.9815933 -0.007431566 -0.1908388 -0.9828144 -0.00152117 -0.1845902 -0.9879508 -0.04628658 -0.1476857 -0.9923365 -0.002529203 -0.123539 -0.9942002 -0.03119117 -0.1029238 -0.9938874 7.71217e-7 -0.110399 -0.9941242 0.0289638 -0.1042997 -0.9929894 0.002681851 -0.1181734 -0.9879519 0.04625946 -0.1476857</float_array>
          <technique_common>
            <accessor source="#th_middle_001-mesh-normals-array" count="1256" stride="3">
              <param name="X" type="float"/>
              <param name="Y" type="float"/>
              <param name="Z" type="float"/>
            </accessor>
          </technique_common>
        </source>
        <source id="th_middle_001-mesh-map-0">
          <float_array id="th_middle_001-mesh-map-0-array" count="7572">0.05033922 0.5031961 0.0846033 0.5660693 0.03950381 0.5673114 0.07920771 0.5024005 0.0846033 0.5660693 0.05033922 0.5031961 0.1053246 0.5658419 0.0846033 0.5660693 0.07920771 0.5024005 0.1097148 0.5014913 0.1053246 0.5658419 0.07920771 0.5024005 0.1097148 0.5014913 0.1386881 0.5179554 0.1364492 0.5657892 0.1053246 0.5658419 0.1097148 0.5014913 0.1364492 0.5657892 0.1433053 0.471108 0.1386881 0.5179554 0.1097148 0.5014913 0.05033922 0.5031961 0.05400586 0.439568 0.07920771 0.5024005 0.07920771 0.5024005 0.08592432 0.4386871 0.1097148 0.5014913 0.08592432 0.4386871 0.07920771 0.5024005 0.05400586 0.439568 0.1167228 0.4372826 0.1097148 0.5014913 0.08592432 0.4386871 0.1097148 0.5014913 0.1167228 0.4372826 0.1433053 0.471108 0.1491377 0.4037901 0.1433053 0.471108 0.1167228 0.4372826 0.05400586 0.439568 0.05882227 0.3759155 0.08592432 0.4386871 0.08592432 0.4386871 0.09166145 0.3750103 0.1167228 0.4372826 0.09166145 0.3750103 0.08592432 0.4386871 0.05882227 0.3759155 0.1215248 0.3731065 0.1167228 0.4372826 0.09166145 0.3750103 0.1167228 0.4372826 0.1215248 0.3731065 0.1491377 0.4037901 0.1493378 0.3406531 0.1491377 0.4037901 0.1215248 0.3731065 0.05882227 0.3759155 0.06476527 0.3120884 0.09166145 0.3750103 0.09373867 0.3112888 0.09166145 0.3750103 0.06476527 0.3120884 0.09166145 0.3750103 0.09373867 0.3112888 0.1215248 0.3731065 0.1215248 0.3731065 0.119436 0.3088695 0.1493378 0.3406531 0.119436 0.3088695 0.1215248 0.3731065 0.09373867 0.3112888 0.1443252 0.3021028 0.1493378 0.3406531 0.119436 0.3088695 0.06476527 0.3120884 0.07099121 0.2480665 0.09373867 0.3112888 0.09373867 0.3112888 0.09239941 0.2474738 0.119436 0.3088695 0.09239941 0.2474738 0.09373867 0.3112888 0.07099121 0.2480665 0.1119353 0.2445107 0.119436 0.3088695 0.09239941 0.2474738 0.1119353 0.2445107 0.137726 0.266333 0.1443252 0.3021028 0.119436 0.3088695 0.1119353 0.2445107 0.1443252 0.3021028 0.132059 0.2331854 0.137726 0.266333 0.1119353 0.2445107 0.07099121 0.2480665 0.07520145 0.184069 0.09239941 0.2474738 0.09253793 0.18359 0.09239941 0.2474738 0.07520145 0.184069 0.09239941 0.2474738 0.09253793 0.18359 0.1119353 0.2445107 0.1042835 0.1815766 0.1288783 0.2025181 0.132059 0.2331854 0.1119353 0.2445107 0.1042835 0.1815766 0.132059 0.2331854 0.1119353 0.2445107 0.09253793 0.18359 0.1042835 0.1815766 0.1290159 0.174201 0.1288783 0.2025181 0.1042835 0.1815766 0.1889109 0.5665442 0.1364492 0.5657892 0.1617608 0.5311601 0.1846949 0.5308759 0.1889109 0.5665442 0.1617608 0.5311601 0.2065101 0.5307419 0.2271572 0.5318948 0.2361387 0.5681882 0.1889109 0.5665442 0.2065101 0.5307419 0.2361387 0.5681882 0.2065101 0.5307419 0.1889109 0.5665442 0.1846949 0.5308759 0.1364492 0.5657892 0.1386881 0.5179554 0.1617608 0.5311601 0.2464517 0.5161734 0.2361387 0.5681882 0.2271572 0.5318948 0.1641699 0.4964213 0.1617608 0.5311601 0.1386881 0.5179554 0.1617608 0.5311601 0.1641699 0.4964213 0.1846949 0.5308759 0.1862122 0.4954795 0.1846949 0.5308759 0.1641699 0.4964213 0.1846949 0.5308759 0.1862122 0.4954795 0.2065101 0.5307419 0.1386881 0.5179554 0.1433053 0.471108 0.1641699 0.4964213 0.2268186 0.4961737 0.2271572 0.5318948 0.2065101 0.5307419 0.2271572 0.5318948 0.2268186 0.4961737 0.2464517 0.5161734 0.2065101 0.5307419 0.2069594 0.4946352 0.2268186 0.4961737 0.2069594 0.4946352 0.2065101 0.5307419 0.1862122 0.4954795 0.1670255 0.4617394 0.1641699 0.4964213 0.1433053 0.471108 0.1641699 0.4964213 0.1670255 0.4617394 0.1862122 0.4954795 0.1875062 0.4601482 0.1862122 0.4954795 0.1670255 0.4617394 0.1862122 0.4954795 0.1875062 0.4601482 0.2069594 0.4946352 0.2268186 0.4961737 0.2250849 0.4604688 0.2464517 0.5161734 0.2250849 0.4604688 0.2268186 0.4961737 0.2069594 0.4946352 0.2435672 0.460887 0.2464517 0.5161734 0.2250849 0.4604688 0.2069594 0.4946352 0.2064601 0.4585773 0.2250849 0.4604688 0.2064601 0.4585773 0.2069594 0.4946352 0.1875062 0.4601482 0.1670255 0.4617394 0.1696069 0.4270737 0.1875062 0.4601482 0.1696069 0.4270737 0.1670255 0.4617394 0.1433053 0.471108 0.1433053 0.471108 0.1491377 0.4037901 0.1696069 0.4270737 0.1884934 0.4248208 0.1875062 0.4601482 0.1696069 0.4270737 0.1875062 0.4601482 0.1884934 0.4248208 0.2064601 0.4585773 0.2250849 0.4604688 0.2231019 0.4247681 0.2435672 0.460887 0.2231019 0.4247681 0.2250849 0.4604688 0.2064601 0.4585773 0.2057183 0.4225193 0.2064601 0.4585773 0.1884934 0.4248208 0.2064601 0.4585773 0.2057183 0.4225193 0.2231019 0.4247681 0.2399785 0.4051012 0.2435672 0.460887 0.2231019 0.4247681 0.1696069 0.4270737 0.1711992 0.3923756 0.1884934 0.4248208 0.1711992 0.3923756 0.1696069 0.4270737 0.1491377 0.4037901 0.1890879 0.3894489 0.1884934 0.4248208 0.1711992 0.3923756 0.1884934 0.4248208 0.1890879 0.3894489 0.2057183 0.4225193 0.2231019 0.4247681 0.2220137 0.3890592 0.2399785 0.4051012 0.2220137 0.3890592 0.2231019 0.4247681 0.2057183 0.4225193 0.2057183 0.4225193 0.2054345 0.3864248 0.2220137 0.3890592 0.2054345 0.3864248 0.2057183 0.4225193 0.1890879 0.3894489 0.1711992 0.3923756 0.1491377 0.4037901 0.1493378 0.3406531 0.1710828 0.3576003 0.1711992 0.3923756 0.1493378 0.3406531 0.1711992 0.3923756 0.1710828 0.3576003 0.1890879 0.3894489 0.1890879 0.3894489 0.1892034 0.3539754 0.2054345 0.3864248 0.1892034 0.3539754 0.1890879 0.3894489 0.1710828 0.3576003 0.2229633 0.353326 0.2220137 0.3890592 0.2054345 0.3864248 0.2220137 0.3890592 0.2229633 0.353326 0.2399785 0.4051012 0.2063148 0.3502531 0.2054345 0.3864248 0.1892034 0.3539754 0.2054345 0.3864248 0.2063148 0.3502531 0.2229633 0.353326 0.2399525 0.3511502 0.2399785 0.4051012 0.2229633 0.353326 0.1710828 0.3576003 0.1685495 0.3227114 0.1892034 0.3539754 0.1685495 0.3227114 0.1710828 0.3576003 0.1493378 0.3406531 0.1892034 0.3539754 0.1887647 0.3183559 0.2063148 0.3502531 0.1887647 0.3183559 0.1892034 0.3539754 0.1685495 0.3227114 0.2229633 0.353326 0.227038 0.3175562 0.2399525 0.3511502 0.227038 0.3175562 0.2229633 0.353326 0.2063148 0.3502531 0.2090116 0.3139638 0.2063148 0.3502531 0.1887647 0.3183559 0.2063148 0.3502531 0.2090116 0.3139638 0.227038 0.3175562 0.2458677 0.3016766 0.2399525 0.3511502 0.227038 0.3175562 0.1685495 0.3227114 0.1493378 0.3406531 0.1443252 0.3021028 0.1637668 0.2876926 0.1685495 0.3227114 0.1443252 0.3021028 0.1685495 0.3227114 0.1637668 0.2876926 0.1887647 0.3183559 0.1887647 0.3183559 0.1879257 0.282582 0.2090116 0.3139638 0.1879257 0.282582 0.1887647 0.3183559 0.1637668 0.2876926 0.2338113 0.2817296 0.227038 0.3175562 0.2090116 0.3139638 0.227038 0.3175562 0.2338113 0.2817296 0.2458677 0.3016766 0.2090116 0.3139638 0.2131959 0.2775527 0.2338113 0.2817296 0.2131959 0.2775527 0.2090116 0.3139638 0.1879257 0.282582 0.1443252 0.3021028 0.137726 0.266333 0.1637668 0.2876926 0.1583886 0.2525845 0.1637668 0.2876926 0.137726 0.266333 0.1637668 0.2876926 0.1583886 0.2525845 0.1879257 0.282582 0.1879257 0.282582 0.1871387 0.2467148 0.2131959 0.2775527 0.1871387 0.2467148 0.1879257 0.282582 0.1583886 0.2525845 0.2412312 0.2458299 0.2338113 0.2817296 0.2131959 0.2775527 0.8142217 0.2561241 0.8296244 0.2682449 0.823183 0.3126161 0.2338113 0.2817296 0.2412312 0.2458299 0.2458677 0.3016766 0.2176832 0.2410563 0.2131959 0.2775527 0.1871387 0.2467148 0.2131959 0.2775527 0.2176832 0.2410563 0.2412312 0.2458299 0.137726 0.266333 0.132059 0.2331854 0.1583886 0.2525845 0.1583886 0.2525845 0.1542196 0.2174357 0.1871387 0.2467148 0.1542196 0.2174357 0.1583886 0.2525845 0.132059 0.2331854 0.1871387 0.2467148 0.1868664 0.2108151 0.2176832 0.2410563 0.1868664 0.2108151 0.1871387 0.2467148 0.1542196 0.2174357 0.8158343 0.2203299 0.8333064 0.2278516 0.8296244 0.2682449 0.8142217 0.2561241 0.8158343 0.2203299 0.8296244 0.2682449 0.2471675 0.2098287 0.2412312 0.2458299 0.2176832 0.2410563 0.2212556 0.2045071 0.2176832 0.2410563 0.1868664 0.2108151 0.2176832 0.2410563 0.2212556 0.2045071 0.2471675 0.2098287 0.132059 0.2331854 0.1288783 0.2025181 0.1542196 0.2174357 0.1561872 0.1831597 0.1542196 0.2174357 0.1288783 0.2025181 0.1561872 0.1831597 0.1861342 0.1760439 0.1868664 0.2108151 0.1542196 0.2174357 0.1561872 0.1831597 0.1868664 0.2108151 0.8341079 0.1909372 0.8333064 0.2278516 0.8158343 0.2203299 0.1868664 0.2108151 0.1861342 0.1760439 0.2212556 0.2045071 0.1288783 0.2025181 0.1290159 0.174201 0.1561872 0.1831597 0.2471675 0.2098287 0.2212556 0.2045071 0.2466287 0.1737139 0.8158343 0.2203299 0.812744 0.184 0.8341079 0.1909372 0.2215452 0.1673978 0.2466287 0.1737139 0.2212556 0.2045071 0.2215452 0.1673978 0.2212556 0.2045071 0.1861342 0.1760439 0.2209621 0.1432617 0.2215452 0.1673978 0.1861342 0.1760439 0.7991751 0.5244583 0.7677397 0.576201 0.7838966 0.525258 0.7991751 0.5244583 0.8165434 0.5267801 0.8092812 0.5816769 0.7677397 0.576201 0.7991751 0.5244583 0.8092812 0.5816769 0.8353028 0.5289112 0.8092812 0.5816769 0.8165434 0.5267801 0.8353028 0.5289112 0.8527712 0.535337 0.8597465 0.5877333 0.8353028 0.5289112 0.8597465 0.5877333 0.8092812 0.5816769 0.8626916 0.4853599 0.8527712 0.535337 0.8353028 0.5289112 0.7838966 0.525258 0.794149 0.4703896 0.7991751 0.5244583 0.8165434 0.5267801 0.8270978 0.4721675 0.8353028 0.5289112 0.8270978 0.4721675 0.8165434 0.5267801 0.7991751 0.5244583 0.8094362 0.4696995 0.7991751 0.5244583 0.794149 0.4703896 0.7991751 0.5244583 0.8094362 0.4696995 0.8270978 0.4721675 0.8353028 0.5289112 0.8462297 0.4741809 0.8626916 0.4853599 0.8462297 0.4741809 0.8353028 0.5289112 0.8270978 0.4721675 0.8720569 0.4364505 0.8626916 0.4853599 0.8462297 0.4741809 0.8270978 0.4721675 0.837178 0.4174777 0.8462297 0.4741809 0.837178 0.4174777 0.8270978 0.4721675 0.8094362 0.4696995 0.8094362 0.4696995 0.794149 0.4703896 0.8046342 0.4150057 0.8195664 0.4149042 0.8094362 0.4696995 0.8046342 0.4150057 0.8094362 0.4696995 0.8195664 0.4149042 0.837178 0.4174777 0.8462297 0.4741809 0.8562877 0.4193288 0.8720569 0.4364505 0.8562877 0.4193288 0.8462297 0.4741809 0.837178 0.4174777 0.8778142 0.3889902 0.8720569 0.4364505 0.8562877 0.4193288 0.8046342 0.4150057 0.8145778 0.3615337 0.8195664 0.4149042 0.837178 0.4174777 0.8446229 0.3625566 0.8562877 0.4193288 0.8446229 0.3625566 0.837178 0.4174777 0.8195664 0.4149042 0.8195664 0.4149042 0.8286017 0.3600764 0.8446229 0.3625566 0.8286017 0.3600764 0.8195664 0.4149042 0.8145778 0.3615337 0.8619748 0.3640382 0.8562877 0.4193288 0.8446229 0.3625566 0.8562877 0.4193288 0.8619748 0.3640382 0.8778142 0.3889902 0.8777863 0.3439979 0.8778142 0.3889902 0.8619748 0.3640382 0.8145778 0.3615337 0.823183 0.3126161 0.8286017 0.3600764 0.8446229 0.3625566 0.8476786 0.3072783 0.8619748 0.3640382 0.8476786 0.3072783 0.8446229 0.3625566 0.8286017 0.3600764 0.8286017 0.3600764 0.8356425 0.3051878 0.8476786 0.3072783 0.8356425 0.3051878 0.8286017 0.3600764 0.823183 0.3126161 0.8619748 0.3640382 0.8606134 0.3080698 0.8777863 0.3439979 0.8606134 0.3080698 0.8619748 0.3640382 0.8476786 0.3072783 0.8728218 0.3020135 0.8777863 0.3439979 0.8606134 0.3080698 0.823183 0.3126161 0.8296244 0.2682449 0.8356425 0.3051878 0.8476786 0.3072783 0.8480077 0.2517807 0.8606134 0.3080698 0.8480077 0.2517807 0.8476786 0.3072783 0.8356425 0.3051878 0.8356425 0.3051878 0.8403213 0.2501286 0.8480077 0.2517807 0.8403213 0.2501286 0.8356425 0.3051878 0.8296244 0.2682449 0.8561068 0.2518335 0.8670837 0.2630775 0.8728218 0.3020135 0.8606134 0.3080698 0.8561068 0.2518335 0.8728218 0.3020135 0.8561068 0.2518335 0.8606134 0.3080698 0.8480077 0.2517807 0.8296244 0.2682449 0.8333064 0.2278516 0.8403213 0.2501286 0.8636028 0.2270358 0.8670837 0.2630775 0.8561068 0.2518335 0.8480077 0.2517807 0.8568381 0.1959381 0.8561068 0.2518335 0.8568381 0.1959381 0.8480077 0.2517807 0.8403213 0.2501286 0.8455533 0.1958529 0.8568381 0.1959381 0.8403213 0.2501286 0.8455533 0.1958529 0.8403213 0.2501286 0.8333064 0.2278516 0.8561068 0.2518335 0.8568381 0.1959381 0.8636028 0.2270358 0.8333064 0.2278516 0.8341079 0.1909372 0.8455533 0.1958529 0.8642666 0.1940181 0.8636028 0.2270358 0.8568381 0.1959381 0.9411913 0.5644902 0.9612063 0.5981695 0.9125277 0.5934689 0.9194415 0.561661 0.9411913 0.5644902 0.9125277 0.5934689 0.8597465 0.5877333 0.8527712 0.535337 0.8737002 0.5561972 0.9644688 0.5406789 0.9612063 0.5981695 0.9411913 0.5644902 0.9441671 0.5328974 0.9411913 0.5644902 0.9194415 0.561661 0.9411913 0.5644902 0.9441671 0.5328974 0.9644688 0.5406789 0.9194415 0.561661 0.9230946 0.5294633 0.9441671 0.5328974 0.9230946 0.5294633 0.9194415 0.561661 0.8970009 0.5584704 0.8790006 0.5236058 0.8737002 0.5561972 0.8527712 0.535337 0.8737002 0.5561972 0.8790006 0.5236058 0.8970009 0.5584704 0.8970009 0.5584704 0.9015825 0.5255665 0.9230946 0.5294633 0.9015825 0.5255665 0.8970009 0.5584704 0.8790006 0.5236058 0.9461212 0.5011706 0.9441671 0.5328974 0.9230946 0.5294633 0.9441671 0.5328974 0.9461212 0.5011706 0.9644688 0.5406789 0.9230946 0.5294633 0.9261763 0.4971682 0.9461212 0.5011706 0.9261763 0.4971682 0.9230946 0.5294633 0.9015825 0.5255665 0.8790006 0.5236058 0.8849975 0.4910591 0.9015825 0.5255665 0.8849975 0.4910591 0.8790006 0.5236058 0.8527712 0.535337 0.9015825 0.5255665 0.9062758 0.4926381 0.9261763 0.4971682 0.9062758 0.4926381 0.9015825 0.5255665 0.8849975 0.4910591 0.8527712 0.535337 0.8626916 0.4853599 0.8849975 0.4910591 0.9669983 0.48303 0.9644688 0.5406789 0.9461212 0.5011706 0.9475653 0.4693829 0.9461212 0.5011706 0.9261763 0.4971682 0.9461212 0.5011706 0.9475653 0.4693829 0.9669983 0.48303 0.9261763 0.4971682 0.9288732 0.4648163 0.9475653 0.4693829 0.9288732 0.4648163 0.9261763 0.4971682 0.9062758 0.4926381 0.8908472 0.4584839 0.8849975 0.4910591 0.8626916 0.4853599 0.8849975 0.4910591 0.8908472 0.4584839 0.9062758 0.4926381 0.9106919 0.4596651 0.9062758 0.4926381 0.8908472 0.4584839 0.9062758 0.4926381 0.9106919 0.4596651 0.9288732 0.4648163 0.8626916 0.4853599 0.8720569 0.4364505 0.8908472 0.4584839 0.9475653 0.4693829 0.9490123 0.4375871 0.9669983 0.48303 0.9490123 0.4375871 0.9475653 0.4693829 0.9288732 0.4648163 0.9313699 0.4324481 0.9288732 0.4648163 0.9106919 0.4596651 0.9288732 0.4648163 0.9313699 0.4324481 0.9490123 0.4375871 0.8908472 0.4584839 0.8957079 0.4257991 0.9106919 0.4596651 0.8957079 0.4257991 0.8908472 0.4584839 0.8720569 0.4364505 0.9144442 0.4266272 0.9106919 0.4596651 0.8957079 0.4257991 0.9106919 0.4596651 0.9144442 0.4266272 0.9313699 0.4324481 0.9687301 0.426952 0.9669983 0.48303 0.9490123 0.4375871 0.950976 0.4058481 0.9490123 0.4375871 0.9313699 0.4324481 0.9490123 0.4375871 0.950976 0.4058481 0.9687301 0.426952 0.9313699 0.4324481 0.9338531 0.4000962 0.950976 0.4058481 0.9338531 0.4000962 0.9313699 0.4324481 0.9144442 0.4266272 0.8957079 0.4257991 0.8987346 0.3929398 0.9144442 0.4266272 0.8987346 0.3929398 0.8957079 0.4257991 0.8720569 0.4364505 0.9171487 0.393504 0.9144442 0.4266272 0.8987346 0.3929398 0.9144442 0.4266272 0.9171487 0.393504 0.9338531 0.4000962 0.8720569 0.4364505 0.8778142 0.3889902 0.8987346 0.3929398 0.950976 0.4058481 0.9539663 0.3742268 0.9687301 0.426952 0.9539663 0.3742268 0.950976 0.4058481 0.9338531 0.4000962 0.9723448 0.374442 0.9687301 0.426952 0.9539663 0.3742268 0.9338531 0.4000962 0.9365105 0.3678011 0.9539663 0.3742268 0.9365105 0.3678011 0.9338531 0.4000962 0.9171487 0.393504 0.8990887 0.3598248 0.8987346 0.3929398 0.8778142 0.3889902 0.8987346 0.3929398 0.8990887 0.3598248 0.9171487 0.393504 0.9184159 0.3602753 0.9171487 0.393504 0.8990887 0.3598248 0.9171487 0.393504 0.9184159 0.3602753 0.9365105 0.3678011 0.8778142 0.3889902 0.8777863 0.3439979 0.8990887 0.3598248 0.958445 0.3427801 0.9539663 0.3742268 0.9365105 0.3678011 0.9539663 0.3742268 0.958445 0.3427801 0.9723448 0.374442 0.9365105 0.3678011 0.9394998 0.3355872 0.958445 0.3427801 0.9394998 0.3355872 0.9365105 0.3678011 0.9184159 0.3602753 0.8990887 0.3598248 0.8962399 0.3264134 0.9184159 0.3602753 0.8962399 0.3264134 0.8990887 0.3598248 0.8777863 0.3439979 0.9180493 0.326933 0.9184159 0.3602753 0.8962399 0.3264134 0.9184159 0.3602753 0.9180493 0.326933 0.9394998 0.3355872 0.9790498 0.3267868 0.9723448 0.374442 0.958445 0.3427801 0.958445 0.3427801 0.9640946 0.3114795 0.9790498 0.3267868 0.9640946 0.3114795 0.958445 0.3427801 0.9394998 0.3355872 0.9394998 0.3355872 0.9427306 0.3034464 0.9640946 0.3114795 0.9427306 0.3034464 0.9394998 0.3355872 0.9180493 0.326933 0.8962399 0.3264134 0.8915014 0.2928397 0.9180493 0.326933 0.8962399 0.3264134 0.8777863 0.3439979 0.8728218 0.3020135 0.8915014 0.2928397 0.8962399 0.3264134 0.8728218 0.3020135 0.9167918 0.293546 0.9180493 0.326933 0.8915014 0.2928397 0.9180493 0.326933 0.9167918 0.293546 0.9427306 0.3034464 0.9699991 0.2802358 0.9640946 0.3114795 0.9427306 0.3034464 0.9699991 0.2802358 0.9864899 0.2839702 0.9790498 0.3267868 0.9640946 0.3114795 0.9699991 0.2802358 0.9790498 0.3267868 0.9427306 0.3034464 0.9459874 0.271342 0.9699991 0.2802358 0.9459874 0.271342 0.9427306 0.3034464 0.9167918 0.293546 0.8915014 0.2928397 0.8728218 0.3020135 0.8670837 0.2630775 0.8868515 0.2593065 0.8915014 0.2928397 0.8670837 0.2630775 0.8915014 0.2928397 0.8868515 0.2593065 0.9167918 0.293546 0.9167918 0.293546 0.9156777 0.2602077 0.9459874 0.271342 0.9156777 0.2602077 0.9167918 0.293546 0.8868515 0.2593065 0.9921895 0.2454524 0.9864899 0.2839702 0.9699991 0.2802358 0.2838504 0.270518 0.2832356 0.2390104 0.3021519 0.2351663 0.9752206 0.2489474 0.9699991 0.2802358 0.9459874 0.271342 0.9459874 0.271342 0.9490489 0.2392296 0.9752206 0.2489474 0.9490489 0.2392296 0.9459874 0.271342 0.9156777 0.2602077 0.8868515 0.2593065 0.8842633 0.2260128 0.9156777 0.2602077 0.8868515 0.2593065 0.8670837 0.2630775 0.8636028 0.2270358 0.8842633 0.2260128 0.8868515 0.2593065 0.8636028 0.2270358 0.915745 0.2269992 0.9156777 0.2602077 0.8842633 0.2260128 0.9156777 0.2602077 0.915745 0.2269992 0.9490489 0.2392296 0.9752206 0.2489474 0.9490489 0.2392296 0.9787805 0.2175169 0.2812382 0.2074013 0.301413 0.2002733 0.3021519 0.2351663 0.2832356 0.2390104 0.2812382 0.2074013 0.3021519 0.2351663 0.9516899 0.2070766 0.9490489 0.2392296 0.915745 0.2269992 0.9516899 0.2070766 0.9787805 0.2175169 0.9490489 0.2392296 0.8636028 0.2270358 0.8642666 0.1940181 0.8842633 0.2260128 0.8857421 0.1931616 0.8842633 0.2260128 0.8642666 0.1940181 0.8842633 0.2260128 0.8857421 0.1931616 0.915745 0.2269992 0.915745 0.2269992 0.9183322 0.1939613 0.9516899 0.2070766 0.915745 0.2269992 0.8857421 0.1931616 0.9183322 0.1939613 0.918641 0.1777123 0.9516899 0.2070766 0.9183322 0.1939613 0.3180885 0.5275676 0.3561896 0.5919589 0.3096132 0.5907087 0.3476651 0.5283632 0.3561896 0.5919589 0.3180885 0.5275676 0.2941884 0.5259561 0.3180885 0.5275676 0.3096132 0.5907087 0.9612063 0.5981695 0.9890213 0.5364654 1 0.6014291 0.9890213 0.5364654 0.9612063 0.5981695 0.9644688 0.5406789 0.9644688 0.5406789 0.9669983 0.48303 0.9890213 0.5364654 0.3215733 0.463976 0.3180885 0.5275676 0.2941884 0.5259561 0.3180885 0.5275676 0.3215733 0.463976 0.3476651 0.5283632 0.3505794 0.4646214 0.3476651 0.5283632 0.3215733 0.463976 0.2941884 0.5259561 0.2975183 0.461914 0.3215733 0.463976 0.9912476 0.472411 0.9890213 0.5364654 0.9669983 0.48303 0.9669983 0.48303 0.9687301 0.426952 0.9912476 0.472411 0.3258115 0.4002829 0.3215733 0.463976 0.2975183 0.461914 0.3215733 0.463976 0.3258115 0.4002829 0.3505794 0.4646214 0.3541768 0.4008471 0.3505794 0.4646214 0.3258115 0.4002829 0.2975183 0.461914 0.3023414 0.3978109 0.3258115 0.4002829 0.9927081 0.4082309 0.9912476 0.472411 0.9687301 0.426952 0.9687301 0.426952 0.9723448 0.374442 0.9927081 0.4082309 0.330649 0.3365858 0.3258115 0.4002829 0.3023414 0.3978109 0.3258115 0.4002829 0.330649 0.3365858 0.3541768 0.4008471 0.3554121 0.3370039 0.3541768 0.4008471 0.330649 0.3365858 0.3023414 0.3978109 0.3096151 0.3338336 0.330649 0.3365858 0.9963132 0.3442171 0.9927081 0.4082309 0.9723448 0.374442 0.9723448 0.374442 0.9790498 0.3267868 0.9963132 0.3442171 0.330649 0.3365858 0.3353605 0.2729251 0.3554121 0.3370039 0.3353605 0.2729251 0.330649 0.3365858 0.3096151 0.3338336 0.3542836 0.2731525 0.3554121 0.3370039 0.3353605 0.2729251 0.3096151 0.3338336 0.3178057 0.2699863 0.3353605 0.2729251 0.9963132 0.3442171 0.9790498 0.3267868 0.9864899 0.2839702 0.3178057 0.2699863 0.3096151 0.3338336 0.2997716 0.2738547 0.2997716 0.2738547 0.3021519 0.2351663 0.3178057 0.2699863 0.3353605 0.2729251 0.3466078 0.210397 0.3542836 0.2731525 0.3466078 0.210397 0.3353605 0.2729251 0.3178057 0.2699863 0.3264628 0.2076733 0.3178057 0.2699863 0.3021519 0.2351663 0.3264628 0.2076733 0.3466078 0.210397 0.3178057 0.2699863 0.3021519 0.2351663 0.301413 0.2002733 0.3264628 0.2076733 0.3612253 0.6456664 0.3096132 0.5907087 0.3561896 0.5919589 0.9868016 0.654487 0.9612063 0.5981695 1 0.6014291 0.3145729 0.6444161 0.3096132 0.5907087 0.3612253 0.6456664 0.9495655 0.6448383 0.9125277 0.5934689 0.9612063 0.5981695 0.9495655 0.6448383 0.9612063 0.5981695 0.9868016 0.654487 0.9125277 0.5934689 0.9037877 0.6280819 0.8597465 0.5877333 0.9037877 0.6280819 0.9125277 0.5934689 0.9495655 0.6448383 0.8597465 0.5877333 0.8550505 0.6061337 0.8092812 0.5816769 0.8550505 0.6061337 0.8597465 0.5877333 0.9037877 0.6280819 0.2308085 0.8706613 0.1907284 0.8706613 0.2308085 0.8136467 0.1907284 0.8136467 0.2308085 0.8136467 0.1907284 0.8706613 0.2308085 0.8136467 0.1907284 0.8136467 0.2169116 0.7609317 0.9495655 0.6448383 0.9251007 0.684103 0.9037877 0.6280819 0.1816575 0.7609317 0.2169116 0.7609317 0.1907284 0.8136467 0.885619 0.6572067 0.9037877 0.6280819 0.9251007 0.684103 0.9037877 0.6280819 0.885619 0.6572067 0.8550505 0.6061337 0.8550505 0.6061337 0.845382 0.6216155 0.8092812 0.5816769 0.845382 0.6216155 0.8550505 0.6061337 0.885619 0.6572067 0.1907284 0.8706613 0.1415639 0.8706613 0.1907284 0.8136467 0.1415639 0.8136467 0.1907284 0.8136467 0.1415639 0.8706613 0.1907284 0.8136467 0.1415639 0.8136467 0.1816575 0.7609317 0.1384139 0.7609317 0.1816575 0.7609317 0.1415639 0.8136467 0.9251007 0.684103 0.8908818 0.711251 0.885619 0.6572067 0.860218 0.6773363 0.885619 0.6572067 0.8908818 0.711251 0.885619 0.6572067 0.860218 0.6773363 0.845382 0.6216155 0.831871 0.6323156 0.845382 0.6216155 0.860218 0.6773363 0.845382 0.6216155 0.831871 0.6323156 0.8092812 0.5816769 0.1415639 0.8706613 0.0892446 0.8706613 0.1415639 0.8136467 0.0892446 0.8136467 0.1415639 0.8136467 0.0892446 0.8706613 0.1415639 0.8136467 0.0892446 0.8136467 0.1384139 0.7609317 0.09239459 0.7609317 0.1384139 0.7609317 0.0892446 0.8136467 0.1384139 0.7609317 0.09239459 0.7609317 0.1324372 0.7179518 0.860218 0.6773363 0.8306471 0.6860433 0.831871 0.6323156 0.09828758 0.7179518 0.1324372 0.7179518 0.09239459 0.7609317 0.831871 0.6323156 0.8161441 0.6369391 0.8092812 0.5816769 0.8161441 0.6369391 0.831871 0.6323156 0.8306471 0.6860433 0.0892446 0.8706613 0.04007911 0.8706613 0.0892446 0.8136467 0.04007911 0.8136467 0.0892446 0.8136467 0.04007911 0.8706613 0.0892446 0.8136467 0.04007911 0.8136467 0.09239459 0.7609317 0.04915004 0.7609317 0.09239459 0.7609317 0.04007911 0.8136467 0.09239459 0.7609317 0.04915004 0.7609317 0.09828758 0.7179518 0.06620174 0.7179518 0.09828758 0.7179518 0.04915004 0.7609317 0.8306471 0.6860433 0.8004721 0.6822764 0.8161441 0.6369391 0.8000997 0.6349297 0.8161441 0.6369391 0.8004721 0.6822764 0.8161441 0.6369391 0.8000997 0.6349297 0.8092812 0.5816769 0.04007911 0.8706613 0 0.8706613 0.04007911 0.8136467 0 0.8136467 0.04007911 0.8136467 0 0.8706613 0.04007911 0.8136467 0 0.8136467 0.04915004 0.7609317 0.1953293 0.7086085 0.1717265 0.6899117 0.2328799 0.672518 0.01389688 0.7609317 0.04915004 0.7609317 0 0.8136467 0.2153674 0.6586355 0.2328799 0.672518 0.1717265 0.6899117 0.8004721 0.6822764 0.7733287 0.6664901 0.8000997 0.6349297 0.8000997 0.6349297 0.7856669 0.6265312 0.8092812 0.5816769 0.7856669 0.6265312 0.8000997 0.6349297 0.7733287 0.6664901 0.07964837 0.7084137 0.05791115 0.6710283 0.124848 0.7071675 0.1031107 0.6697821 0.124848 0.7071675 0.05791115 0.6710283 0.124848 0.7071675 0.1031107 0.6697821 0.1717265 0.6899117 0.1717265 0.6899117 0.1526072 0.6570281 0.2153674 0.6586355 0.1526072 0.6570281 0.1717265 0.6899117 0.1031107 0.6697821 0.2011809 0.6342275 0.2153674 0.6586355 0.1526072 0.6570281 0.2153674 0.6586355 0.2011809 0.6342275 0.2505167 0.6171504 0.2429736 0.604169 0.2505167 0.6171504 0.2011809 0.6342275 0.7856669 0.6265312 0.7745881 0.6127542 0.8092812 0.5816769 0.05791115 0.6710283 0.04389011 0.6220174 0.1031107 0.6697821 0.1031107 0.6697821 0.08908969 0.6207712 0.1526072 0.6570281 0.08908969 0.6207712 0.1031107 0.6697821 0.04389011 0.6220174 0.1526072 0.6570281 0.1402747 0.6139193 0.2011809 0.6342275 0.1402747 0.6139193 0.1526072 0.6570281 0.08908969 0.6207712 0.192032 0.6022368 0.2011809 0.6342275 0.1402747 0.6139193 0.2011809 0.6342275 0.192032 0.6022368 0.2429736 0.604169 0.2381091 0.5871568 0.2429736 0.604169 0.192032 0.6022368 0.7745881 0.6127542 0.7681986 0.5952631 0.8092812 0.5816769 0.04389011 0.6220174 0.03950381 0.5673114 0.08908969 0.6207712 0.03950381 0.5673114 0.0846033 0.5660693 0.08908969 0.6207712 0.1402747 0.6139193 0.1364492 0.5657892 0.192032 0.6022368 0.2381091 0.5871568 0.1889109 0.5665442 0.2361387 0.5681882 0.8092812 0.5816769 0.7681986 0.5952631 0.7677397 0.576201 0.1889109 0.5665442 0.192032 0.6022368 0.1364492 0.5657892 0.192032 0.6022368 0.1889109 0.5665442 0.2381091 0.5871568 0.1268511 0.1349728 0.08196806 0.1352813 0.1467045 0.1086773 0.1420046 0.1359876 0.1268511 0.1349728 0.1467045 0.1086773 0.0117821 0.1123995 0.1467045 0.1086773 0.08196806 0.1352813 0.1472789 0.07970261 0.1467045 0.1086773 0.0117821 0.1123995 0.0117821 0.1123995 0.01235556 0.08342081 0.1472789 0.07970261 0.1511399 0.05188077 0.1472789 0.07970261 0.01235556 0.08342081 0.01235556 0.08342081 0.01621657 0.05559897 0.1511399 0.05188077 0.1580999 0.0265513 0.1511399 0.05188077 0.01621657 0.05559897 0.01621657 0.05559897 0.02317655 0.03027355 0.1580999 0.0265513 0.4462298 0.7742216 0.4677612 0.7766693 0.450468 0.9458795 0.450468 0.9458795 0.4289366 0.9434319 0.4462298 0.7742216 0.4215235 0.7714126 0.4462298 0.7742216 0.4289366 0.9434319 0.4289366 0.9434319 0.4042303 0.9406229 0.4215235 0.7714126 0.3948274 0.7683773 0.4215235 0.7714126 0.4042303 0.9406229 0.4042303 0.9406229 0.3775342 0.9375876 0.3948274 0.7683773 0.3674329 0.7652619 0.3948274 0.7683773 0.3775342 0.9375876 0.3775342 0.9375876 0.3501397 0.9344732 0.3674329 0.7652619 0.340682 0.7622205 0.3674329 0.7652619 0.3501397 0.9344732 0.3501397 0.9344732 0.3233888 0.9314318 0.340682 0.7622205 0.3158593 0.7593984 0.340682 0.7622205 0.3233888 0.9314318 0.3233888 0.9314318 0.2985661 0.9286096 0.3158593 0.7593984 0.2941721 0.7569324 0.3158593 0.7593984 0.2985661 0.9286096 0.2985661 0.9286096 0.2768779 0.9261437 0.2941721 0.7569324 0.2766691 0.7549424 0.2941721 0.7569324 0.2768779 0.9261437 0.2768779 0.9261437 0.2593759 0.9241536 0.2766691 0.7549424 0.2812007 0.04608017 0.2898454 0.02265846 0.4291079 0.02639299 0.4291079 0.02639299 0.4204642 0.04981464 0.2812007 0.04608017 0.2751508 0.07269233 0.2812007 0.04608017 0.4204642 0.04981464 0.4204642 0.04981464 0.4144134 0.0764268 0.2751508 0.07269233 0.2719883 0.1012123 0.2751508 0.07269233 0.4144134 0.0764268 0.4144134 0.0764268 0.4112519 0.1049469 0.2719883 0.1012123 0.2718681 0.1302479 0.2719883 0.1012123 0.4112519 0.1049469 0.4112519 0.1049469 0.4111306 0.1339824 0.2718681 0.1302479 0.2718681 0.1302479 0.4111306 0.1339824 0.3443535 0.1562796 0.2718681 0.1302479 0.3443535 0.1562796 0.3211596 0.1560198 0.2718681 0.1302479 0.3211596 0.1560198 0.2964965 0.1561822 0.2718681 0.1302479 0.2964965 0.1561822 0.2820503 0.1571483 0.2685372 0.1643899 0.2718681 0.1302479 0.2820503 0.1571483 0.1600617 0.1448245 0.1420046 0.1359876 0.1467045 0.1086773 0.1616174 0.09753876 0.1600617 0.1448245 0.1467045 0.1086773 0.1781246 0.088503 0.1785219 0.1158783 0.1616174 0.09753876 0.1467045 0.1086773 0.1472789 0.07970261 0.1616174 0.09753876 0.1616174 0.09753876 0.1472789 0.07970261 0.1511399 0.05188077 0.166963 0.04883635 0.1616174 0.09753876 0.1511399 0.05188077 0.166963 0.04883635 0.1809869 0.06187456 0.1781246 0.088503 0.1616174 0.09753876 0.166963 0.04883635 0.1781246 0.088503 0.1869636 0.03742593 0.1809869 0.06187456 0.166963 0.04883635 0.1511399 0.05188077 0.1580999 0.0265513 0.166963 0.04883635 0.1816633 0.008390367 0.1957343 0.01643574 0.1869636 0.03742593 0.166963 0.04883635 0.1816633 0.008390367 0.1869636 0.03742593 0.1816633 0.008390367 0.166963 0.04883635 0.1580999 0.0265513 0.4677612 0.7766693 0.4462298 0.7742216 0.447802 0.7574661 0.4229493 0.7402846 0.4459297 0.7428966 0.447802 0.7574661 0.447802 0.7574661 0.4462298 0.7742216 0.4215235 0.7714126 0.4038204 0.7524662 0.447802 0.7574661 0.4215235 0.7714126 0.447802 0.7574661 0.4038204 0.7524662 0.4229493 0.7402846 0.3978851 0.737435 0.4229493 0.7402846 0.4038204 0.7524662 0.4215235 0.7714126 0.3948274 0.7683773 0.4038204 0.7524662 0.4038204 0.7524662 0.3948274 0.7683773 0.3674329 0.7652619 0.3565523 0.7470918 0.4038204 0.7524662 0.3674329 0.7652619 0.3565523 0.7470918 0.37208 0.7345002 0.3978851 0.737435 0.4038204 0.7524662 0.3565523 0.7470918 0.3978851 0.737435 0.3674329 0.7652619 0.340682 0.7622205 0.3565523 0.7470918 0.3468819 0.7316354 0.37208 0.7345002 0.3565523 0.7470918 0.3565523 0.7470918 0.340682 0.7622205 0.3158593 0.7593984 0.3131923 0.7421619 0.3565523 0.7470918 0.3158593 0.7593984 0.3131923 0.7421619 0.3236322 0.7289918 0.3468819 0.7316354 0.3565523 0.7470918 0.3131923 0.7421619 0.3468819 0.7316354 0.3158593 0.7593984 0.2941721 0.7569324 0.3131923 0.7421619 0.9394873 0.02371793 0.9201506 0.009027659 0.9338964 0.003206729 0.5524088 0.7828018 0.5463282 0.757112 0.5524088 0.7305992 0.4965306 0.7328511 0.5102418 0.7011263 0.5102418 0.7417144 0.9338964 0.003206729 0.9662209 0.03507155 0.9394873 0.02371793 0.9554259 0.0432955 0.9394873 0.02371793 0.9662209 0.03507155 0.2898454 0.02265846 0.2812007 0.04608017 0.2767605 0.02554053 0.9856548 0.07931292 0.9671263 0.06672531 0.9554259 0.0432955 0.9662209 0.03507155 0.9856548 0.07931292 0.9554259 0.0432955 0.9856548 0.07931292 0.9662209 0.03507155 0.9882891 0.05650418 0.2812007 0.04608017 0.2751508 0.07269233 0.263718 0.06862908 0.9739679 0.0927692 0.9671263 0.06672531 0.9856548 0.07931292 0.9892454 0.1292128 0.975591 0.1200512 0.9739679 0.0927692 0.9856548 0.07931292 0.9892454 0.1292128 0.9739679 0.0927692 0.263718 0.06862908 0.2751508 0.07269233 0.2719883 0.1012123 0.9892454 0.1292128 0.9856548 0.07931292 1 0.1123752 0.2719883 0.1012123 0.2718681 0.1302479 0.2593759 0.1182448 0.9719089 0.1471261 0.975591 0.1200512 0.9892454 0.1292128 0.9892454 0.1292128 0.9827925 0.1749114 0.9719089 0.1471261 0.9892454 0.1292128 0.997842 0.1413417 0.9827925 0.1749114 0.9567921 0.1805009 0.9719089 0.1471261 0.9827925 0.1749114 0.2209621 0.1432617 0.1839926 0.1456445 0.2219685 0.1165156 0.1785219 0.1158783 0.2219685 0.1165156 0.1839926 0.1456445 0.221068 0.0981152 0.2219685 0.1165156 0.1785219 0.1158783 0.1785219 0.1158783 0.1781246 0.088503 0.221068 0.0981152 0.2227479 0.07596814 0.221068 0.0981152 0.1781246 0.088503 0.1781246 0.088503 0.1809869 0.06187456 0.2227479 0.07596814 0.227367 0.05559897 0.2227479 0.07596814 0.1809869 0.06187456 0.1809869 0.06187456 0.1869636 0.03742593 0.227367 0.05559897 0.227367 0.05559897 0.1869636 0.03742593 0.1957343 0.01643574 0.2346128 0.03840416 0.227367 0.05559897 0.1957343 0.01643574 0.1957343 0.01643574 0.2068295 0 0.2346128 0.03840416 0.2439896 0.02555269 0.2346128 0.03840416 0.2068295 0 0.4229493 0.7402846 0.3978851 0.737435 0.4115107 0.705904 0.3906191 0.7035294 0.4115107 0.705904 0.3978851 0.737435 0.3978851 0.737435 0.37208 0.7345002 0.3906191 0.7035294 0.3694841 0.7011263 0.3906191 0.7035294 0.37208 0.7345002 0.37208 0.7345002 0.3468819 0.7316354 0.3694841 0.7011263 0.8878704 0.03491324 0.8694659 0.02966469 0.8984393 0 0.8984393 0 0.9201506 0.009027659 0.8878704 0.03491324 0.9044449 0.04564583 0.8878704 0.03491324 0.9201506 0.009027659 0.9201506 0.009027659 0.9394873 0.02371793 0.9044449 0.04564583 0.918057 0.06112766 0.9044449 0.04564583 0.9394873 0.02371793 0.9394873 0.02371793 0.9554259 0.0432955 0.918057 0.06112766 0.918057 0.06112766 0.9554259 0.0432955 0.9671263 0.06672531 0.9277793 0.08030742 0.918057 0.06112766 0.9671263 0.06672531 0.9671263 0.06672531 0.9739679 0.0927692 0.9277793 0.08030742 0.9329506 0.1018781 0.9277793 0.08030742 0.9739679 0.0927692 0.9739679 0.0927692 0.975591 0.1200512 0.9329506 0.1018781 0.9332191 0.1243702 0.9329506 0.1018781 0.975591 0.1200512 0.975591 0.1200512 0.9719089 0.1471261 0.9332191 0.1243702 0.9297044 0.1426001 0.9332191 0.1243702 0.9719089 0.1471261 0.9719089 0.1471261 0.9567921 0.1805009 0.9297044 0.1426001 0.9297044 0.1426001 0.9567921 0.1805009 0.9229677 0.1595594 0.9332191 0.1243702 0.9297044 0.1426001 0.9171622 0.1226491 0.9099184 0.1492856 0.8981814 0.1360201 0.9015777 0.1208183 0.9099184 0.1492856 0.9015777 0.1208183 0.9171622 0.1226491 0.9099184 0.1492856 0.9171622 0.1226491 0.9297044 0.1426001 0.9297044 0.1426001 0.9229677 0.1595594 0.9099184 0.1492856 0.8913205 0.1495292 0.8981814 0.1360201 0.9099184 0.1492856 0.9099184 0.1492856 0.8944013 0.172277 0.8913205 0.1495292 0.9099184 0.1492856 0.9229677 0.1595594 0.8944013 0.172277 0.8815512 0.1602414 0.8913205 0.1495292 0.8944013 0.172277 0.8696631 0.1672963 0.8815512 0.1602414 0.8944013 0.172277 0.8944013 0.172277 0.8857421 0.1931616 0.8696631 0.1672963 0.8696631 0.1672963 0.8857421 0.1931616 0.8566216 0.1701216 0.8386876 0.1753661 0.8566216 0.1701216 0.8468964 0.1777204 0.8210875 0.1527197 0.8313081 0.1625267 0.8097797 0.1693747 0.8097797 0.1693747 0.806343 0.1583458 0.8210875 0.1527197 0.8136484 0.1398642 0.8210875 0.1527197 0.806343 0.1583458 0.806343 0.1583458 0.7984333 0.1354315 0.8136484 0.1398642 0.809593 0.1249994 0.8136484 0.1398642 0.7984333 0.1354315 0.2209621 0.1432617 0.2219685 0.1165156 0.2386748 0.1261522 0.2386748 0.1261522 0.2219685 0.1165156 0.221068 0.0981152 0.2386748 0.1261522 0.221068 0.0981152 0.23585 0.09858196 0.7984333 0.1354315 0.7968641 0.1076828 0.809593 0.1249994 0.8092486 0.1093308 0.809593 0.1249994 0.7968641 0.1076828 0.8386876 0.1753661 0.8313081 0.1625267 0.8566216 0.1701216 0.8696631 0.1672963 0.8566216 0.1701216 0.8313081 0.1625267 0.8313081 0.1625267 0.8210875 0.1527197 0.8696631 0.1672963 0.8815512 0.1602414 0.8696631 0.1672963 0.8210875 0.1527197 0.8210875 0.1527197 0.8136484 0.1398642 0.8815512 0.1602414 0.8913205 0.1495292 0.8815512 0.1602414 0.8136484 0.1398642 0.8136484 0.1398642 0.809593 0.1249994 0.8913205 0.1495292 0.8981814 0.1360201 0.8913205 0.1495292 0.809593 0.1249994 0.809593 0.1249994 0.8092486 0.1093308 0.8981814 0.1360201 0.9015777 0.1208183 0.8981814 0.1360201 0.8092486 0.1093308 0.8092486 0.1093308 0.8126448 0.09412902 0.9015777 0.1208183 0.9012343 0.1051498 0.9015777 0.1208183 0.8126448 0.09412902 0.8126448 0.09412902 0.8195048 0.08062404 0.9012343 0.1051498 0.897177 0.09028494 0.9012343 0.1051498 0.8195048 0.08062404 0.8195048 0.08062404 0.8292761 0.06990772 0.897177 0.09028494 0.8897379 0.07742947 0.897177 0.09028494 0.8292761 0.06990772 0.8292761 0.06990772 0.8411632 0.06285279 0.8897379 0.07742947 0.8795182 0.06762647 0.8897379 0.07742947 0.8411632 0.06285279 0.8411632 0.06285279 0.8542047 0.06002759 0.8795182 0.06762647 0.8673454 0.06166344 0.8795182 0.06762647 0.8542047 0.06002759 0.221068 0.0981152 0.2227479 0.07596814 0.23585 0.09858196 0.2399669 0.06772792 0.23585 0.09858196 0.2227479 0.07596814 0.80563 0.0773645 0.8126448 0.09412902 0.8092486 0.1093308 0.80563 0.0773645 0.8092486 0.1093308 0.7968641 0.1076828 0.2227479 0.07596814 0.227367 0.05559897 0.2399669 0.06772792 0.8195048 0.08062404 0.8126448 0.09412902 0.80563 0.0773645 0.8248147 0.05455982 0.8292761 0.06990772 0.8195048 0.08062404 0.80563 0.0773645 0.8248147 0.05455982 0.8195048 0.08062404 0.2399669 0.06772792 0.227367 0.05559897 0.2346128 0.03840416 0.2505167 0.04365271 0.2399669 0.06772792 0.2346128 0.03840416 0.2346128 0.03840416 0.2439896 0.02555269 0.2505167 0.04365271 0.8411632 0.06285279 0.8292761 0.06990772 0.8248147 0.05455982 0.8248147 0.05455982 0.8322154 0.0366587 0.8504832 0.03026139 0.8503456 0.04375422 0.8248147 0.05455982 0.8504832 0.03026139 0.8248147 0.05455982 0.8503456 0.04375422 0.8411632 0.06285279 0.8542047 0.06002759 0.8411632 0.06285279 0.8503456 0.04375422 0.8504832 0.03026139 0.8694659 0.02966469 0.8503456 0.04375422 0.8771687 0.04709088 0.8503456 0.04375422 0.8694659 0.02966469 0.8771687 0.04709088 0.8673454 0.06166344 0.8542047 0.06002759 0.8503456 0.04375422 0.8771687 0.04709088 0.8542047 0.06002759 0.8694659 0.02966469 0.8878704 0.03491324 0.8771687 0.04709088 0.8795182 0.06762647 0.8673454 0.06166344 0.8771687 0.04709088 0.8771687 0.04709088 0.8878704 0.03491324 0.9044449 0.04564583 0.8999691 0.06390821 0.8771687 0.04709088 0.9044449 0.04564583 0.8771687 0.04709088 0.8999691 0.06390821 0.8795182 0.06762647 0.8897379 0.07742947 0.8795182 0.06762647 0.8999691 0.06390821 0.9044449 0.04564583 0.918057 0.06112766 0.8999691 0.06390821 0.9142326 0.09087759 0.897177 0.09028494 0.8897379 0.07742947 0.8999691 0.06390821 0.9142326 0.09087759 0.8897379 0.07742947 0.8999691 0.06390821 0.918057 0.06112766 0.9277793 0.08030742 0.9142326 0.09087759 0.8999691 0.06390821 0.9277793 0.08030742 0.9012343 0.1051498 0.897177 0.09028494 0.9142326 0.09087759 0.9277793 0.08030742 0.9329506 0.1018781 0.9142326 0.09087759 0.9142326 0.09087759 0.9329506 0.1018781 0.9332191 0.1243702 0.9142326 0.09087759 0.9332191 0.1243702 0.9171622 0.1226491 0.9142326 0.09087759 0.9171622 0.1226491 0.9012343 0.1051498 0.9015777 0.1208183 0.9012343 0.1051498 0.9171622 0.1226491 0.9516899 0.2070766 0.9567921 0.1805009 0.9827925 0.1749114 0.9827925 0.1749114 0.9787805 0.2175169 0.9516899 0.2070766 0.918641 0.1777123 0.9229677 0.1595594 0.9567921 0.1805009 0.918641 0.1777123 0.9567921 0.1805009 0.9516899 0.2070766 0.8944013 0.172277 0.9229677 0.1595594 0.918641 0.1777123 0.8857421 0.1931616 0.8944013 0.172277 0.918641 0.1777123 0.8857421 0.1931616 0.8642666 0.1940181 0.8566216 0.1701216 0.918641 0.1777123 0.9183322 0.1939613 0.8857421 0.1931616 0.2439271 0.14849 0.2459899 0.1592712 0.2386748 0.1261522 0.2215452 0.1673978 0.2386748 0.1261522 0.2459899 0.1592712 0.2386748 0.1261522 0.2215452 0.1673978 0.2209621 0.1432617 0.8386876 0.1753661 0.8341079 0.1909372 0.8097797 0.1693747 0.2459899 0.1592712 0.2466287 0.1737139 0.2215452 0.1673978 0.8097797 0.1693747 0.8341079 0.1909372 0.812744 0.184 0.1861342 0.1760439 0.1839926 0.1456445 0.2209621 0.1432617 0.1290159 0.174201 0.1420046 0.1359876 0.1600617 0.1448245 0.1600617 0.1448245 0.1561872 0.1831597 0.1290159 0.174201 0.1561872 0.1831597 0.1600617 0.1448245 0.1839926 0.1456445 0.1839926 0.1456445 0.1861342 0.1760439 0.1561872 0.1831597 0.1420046 0.1359876 0.1290159 0.174201 0.1268511 0.1349728 0.3466078 0.210397 0.3211596 0.1560198 0.3443535 0.1562796 0.3466078 0.210397 0.3264628 0.2076733 0.3211596 0.1560198 0.3264628 0.2076733 0.2964965 0.1561822 0.3211596 0.1560198 0.301413 0.2002733 0.2964965 0.1561822 0.3264628 0.2076733 0.2820503 0.1571483 0.2964965 0.1561822 0.301413 0.2002733 0.2820503 0.1571483 0.301413 0.2002733 0.2812382 0.2074013 0.2820503 0.1571483 0.2812382 0.2074013 0.2685372 0.1643899 0.8568381 0.1959381 0.8566216 0.1701216 0.8642666 0.1940181 0.8568381 0.1959381 0.8468964 0.1777204 0.8566216 0.1701216 0.8568381 0.1959381 0.8455533 0.1958529 0.8468964 0.1777204 0.8341079 0.1909372 0.8468964 0.1777204 0.8455533 0.1958529 0.8341079 0.1909372 0.8386876 0.1753661 0.8468964 0.1777204 0.8386876 0.1753661 0.8097797 0.1693747 0.8313081 0.1625267 0.1600617 0.1448245 0.1616174 0.09753876 0.1785219 0.1158783 0.1839926 0.1456445 0.1600617 0.1448245 0.1785219 0.1158783 0.1364492 0.5657892 0.1402747 0.6139193 0.08908969 0.6207712 0.1053246 0.5658419 0.1364492 0.5657892 0.08908969 0.6207712 0.0846033 0.5660693 0.1053246 0.5658419 0.08908969 0.6207712 0.8597465 0.5877333 0.8970009 0.5584704 0.9125277 0.5934689 0.9125277 0.5934689 0.8970009 0.5584704 0.9194415 0.561661 0.8597465 0.5877333 0.8737002 0.5561972 0.8970009 0.5584704 0.5068657 0.5887968 0.4780049 0.5571593 0.4979959 0.5564367 0.4608243 0.5909766 0.4567334 0.5587708 0.4780049 0.5571593 0.5068657 0.5887968 0.4608243 0.5909766 0.4780049 0.5571593 0.03950381 0.5673114 0.04389011 0.6220174 0.02464473 0.5680623 0.5277842 0.1382882 0.5237568 0.08329701 0.5500564 0.1391812 0.5500564 0.1391812 0.5237568 0.08329701 0.5577669 0.091385 0.5861861 0.5614012 0.5772518 0.5907564 0.5668474 0.5614377 0.5668474 0.5614377 0.5772518 0.5907564 0.5624534 0.6085012 0.6855108 0.5485426 0.6770191 0.5604411 0.6516133 0.5507245 0.6807377 0.532388 0.6943066 0.5472092 0.6855108 0.5485426 0.6807377 0.532388 0.6930876 0.5288981 0.6943066 0.5472092 0.7048457 0.530197 0.6943066 0.5472092 0.6930876 0.5288981 0.7048457 0.530197 0.7041972 0.5559933 0.6943066 0.5472092 0.7048457 0.530197 0.7124618 0.5330212 0.7041972 0.5559933 0.4063411 0.1604809 0.4236229 0.1685466 0.4172487 0.2110506 0.4063411 0.1604809 0.4172487 0.2110506 0.3927983 0.2027211 0.4063411 0.1604809 0.3927983 0.2027211 0.3914802 0.1587274 0.3927983 0.2027211 0.3669278 0.2087571 0.3914802 0.1587274 0.3669278 0.2087571 0.3665718 0.1572376 0.3914802 0.1587274 0.3466078 0.210397 0.3665718 0.1572376 0.3669278 0.2087571 0.3466078 0.210397 0.3443535 0.1562796 0.3665718 0.1572376 0.02148324 0.139308 0.03622198 0.1374692 0.03955191 0.176665 0.5861861 0.5614012 0.5698838 0.5232963 0.5919338 0.5312727 0.5698838 0.5232963 0.5861861 0.5614012 0.5668474 0.5614377 0.008030831 0.1490136 0.03955191 0.176665 0.01812928 0.1869632 0.03955191 0.176665 0.008030831 0.1490136 0.02148324 0.139308 0.5919338 0.5312727 0.621141 0.5653102 0.5861861 0.5614012 0.6516133 0.5507245 0.6548547 0.5364502 0.6807377 0.532388 0.6516133 0.5507245 0.6246556 0.5413446 0.6548547 0.5364502 0.6855108 0.5485426 0.6516133 0.5507245 0.6807377 0.532388 0.6371161 0.5831311 0.621141 0.5653102 0.6246556 0.5413446 0.6246556 0.5413446 0.6516133 0.5507245 0.6371161 0.5831311 0.6472838 0.5612926 0.6371161 0.5831311 0.6516133 0.5507245 0.4891049 0.1760358 0.5129993 0.1935188 0.4869527 0.1922158 0.732678 0.5363507 0.7041972 0.5559933 0.7124618 0.5330212 0.5129993 0.1935188 0.4891049 0.1760358 0.5106834 0.1722486 0.5106834 0.1722486 0.4891049 0.1760358 0.4892724 0.1577369 0.4891049 0.1760358 0.4521238 0.2028672 0.4516254 0.1760926 0.4891049 0.1760358 0.4516254 0.1760926 0.4892724 0.1577369 0.4236229 0.1685466 0.4521238 0.2028672 0.4172487 0.2110506 0.4521238 0.2028672 0.4236229 0.1685466 0.4516254 0.1760926 0.7454174 0.6104649 0.7588804 0.610338 0.7433018 0.6259843 0.7525449 0.6415554 0.7433018 0.6259843 0.7588804 0.610338 0.5028508 0.08986282 0.4995238 0.121411 0.4851015 0.1220361 0.5028508 0.08986282 0.4851015 0.1220361 0.4862946 0.09959679 0.4902191 0.0783509 0.5028508 0.08986282 0.4862946 0.09959679 0.7433018 0.6259843 0.7525449 0.6415554 0.7374135 0.6402513 0.5028508 0.08986282 0.4902191 0.0783509 0.512169 0.06373363 0.512169 0.06373363 0.4902191 0.0783509 0.4966076 0.05973941 0.734684 0.6665956 0.7282339 0.6521093 0.7525449 0.6415554 0.7525449 0.6415554 0.7282339 0.6521093 0.7374135 0.6402513 0.5050252 0.04504096 0.512169 0.06373363 0.4966076 0.05973941 0.7282339 0.6521093 0.734684 0.6665956 0.7165047 0.6605982 0.7090838 0.6805106 0.7165047 0.6605982 0.734684 0.6665956 0.734684 0.6665956 0.7296781 0.6847241 0.7090838 0.6805106 0.7090838 0.6805106 0.7296781 0.6847241 0.7112361 0.693354 0.7165047 0.6605982 0.7090838 0.6805106 0.7031764 0.6650298 0.6915068 0.6963132 0.7090838 0.6805106 0.7112361 0.693354 0.6808137 0.6805421 0.6893257 0.665046 0.7090838 0.6805106 0.7090838 0.6805106 0.6893257 0.665046 0.7031764 0.6650298 0.7090838 0.6805106 0.6915068 0.6963132 0.6808137 0.6805421 0.6718323 0.6933986 0.6808137 0.6805421 0.6915068 0.6963132 0.6893257 0.665046 0.6808137 0.6805421 0.6760801 0.6606438 0.6554743 0.6666849 0.6760801 0.6606438 0.6808137 0.6805421 0.6808137 0.6805421 0.6718323 0.6933986 0.6554743 0.6666849 0.6554743 0.6666849 0.6718323 0.6933986 0.653552 0.6848093 0.6760801 0.6606438 0.6554743 0.6666849 0.6645106 0.6521814 0.6379146 0.6711328 0.6554743 0.6666849 0.653552 0.6848093 0.6554743 0.6666849 0.6379146 0.6711328 0.638083 0.6416853 0.638083 0.6416853 0.6379146 0.6711328 0.6259843 0.6532987 0.638083 0.6416853 0.6555513 0.6403427 0.6554743 0.6666849 0.6554743 0.6666849 0.6555513 0.6403427 0.6645106 0.6521814 0.6555513 0.6403427 0.638083 0.6416853 0.6499325 0.6260898 0.618575 0.6325236 0.638083 0.6416853 0.6259843 0.6532987 0.638083 0.6416853 0.6320918 0.6104811 0.6481074 0.6105744 0.638083 0.6416853 0.6481074 0.6105744 0.6499325 0.6260898 0.638083 0.6416853 0.618575 0.6325236 0.6320918 0.6104811 0.6161898 0.6102234 0.6320918 0.6104811 0.618575 0.6325236 0.7031764 0.6650298 0.6893257 0.665046 0.7165047 0.6605982 0.6760801 0.6606438 0.7165047 0.6605982 0.6893257 0.665046 0.7165047 0.6605982 0.6760801 0.6606438 0.7282339 0.6521093 0.6645106 0.6521814 0.7282339 0.6521093 0.6760801 0.6606438 0.7282339 0.6521093 0.6645106 0.6521814 0.7374135 0.6402513 0.6555513 0.6403427 0.7374135 0.6402513 0.6645106 0.6521814 0.7374135 0.6402513 0.6555513 0.6403427 0.7433018 0.6259843 0.6499325 0.6260898 0.7433018 0.6259843 0.6555513 0.6403427 0.7433018 0.6259843 0.6499325 0.6260898 0.7454174 0.6104649 0.6481074 0.6105744 0.7454174 0.6104649 0.6499325 0.6260898 0.7454174 0.6104649 0.6481074 0.6105744 0.7435913 0.5949496 0.650224 0.595054 0.7435913 0.5949496 0.6481074 0.6105744 0.7435913 0.5949496 0.650224 0.595054 0.7379726 0.5806946 0.6561093 0.580787 0.7379726 0.5806946 0.650224 0.595054 0.7379726 0.5806946 0.6561093 0.580787 0.7290152 0.5688569 0.6652889 0.568929 0.7290152 0.5688569 0.6561093 0.580787 0.7290152 0.5688569 0.6652889 0.568929 0.7174437 0.5603955 0.6770191 0.5604411 0.7174437 0.5603955 0.6652889 0.568929 0.7174437 0.5603955 0.6770191 0.5604411 0.7041972 0.5559933 0.6855108 0.5485426 0.7041972 0.5559933 0.6770191 0.5604411 0.6481074 0.6105744 0.6320918 0.6104811 0.650224 0.595054 0.6371161 0.5831311 0.650224 0.595054 0.6320918 0.6104811 0.6371161 0.5831311 0.6320918 0.6104811 0.6161898 0.6102234 0.6371161 0.5831311 0.6161898 0.6102234 0.6181026 0.591895 0.621141 0.5653102 0.6371161 0.5831311 0.6181026 0.591895 0.650224 0.595054 0.6371161 0.5831311 0.6561093 0.580787 0.6472838 0.5612926 0.6561093 0.580787 0.6371161 0.5831311 0.6561093 0.580787 0.6472838 0.5612926 0.6652889 0.568929 0.6516133 0.5507245 0.6652889 0.568929 0.6472838 0.5612926 0.6652889 0.568929 0.6516133 0.5507245 0.6770191 0.5604411 0.6855108 0.5485426 0.6943066 0.5472092 0.7041972 0.5559933 0.7174437 0.5603955 0.7041972 0.5559933 0.732678 0.5363507 0.7415921 0.5583202 0.7174437 0.5603955 0.732678 0.5363507 0.7174437 0.5603955 0.7415921 0.5583202 0.7290152 0.5688569 0.7290152 0.5688569 0.7415921 0.5583202 0.7379726 0.5806946 0.5025872 0.1484169 0.5106834 0.1722486 0.4892724 0.1577369 0.7546134 0.5830144 0.7379726 0.5806946 0.7415921 0.5583202 0.7379726 0.5806946 0.7546134 0.5830144 0.7435913 0.5949496 0.4862446 0.1404325 0.5025872 0.1484169 0.4892724 0.1577369 0.5025872 0.1484169 0.4862446 0.1404325 0.4995238 0.121411 0.7546134 0.5830144 0.7588804 0.610338 0.7454174 0.6104649 0.7546134 0.5830144 0.7454174 0.6104649 0.7435913 0.5949496 0.4851015 0.1220361 0.4995238 0.121411 0.4862446 0.1404325 0.4862446 0.1404325 0.4892724 0.1577369 0.4516254 0.1760926 0.4433377 0.1418856 0.4862446 0.1404325 0.4516254 0.1760926 0.4862446 0.1404325 0.4433377 0.1418856 0.4851015 0.1220361 0.4425083 0.1146484 0.4851015 0.1220361 0.4433377 0.1418856 0.4851015 0.1220361 0.4425083 0.1146484 0.4862946 0.09959679 0.4446904 0.08750033 0.4862946 0.09959679 0.4425083 0.1146484 0.4862946 0.09959679 0.4446904 0.08750033 0.4902191 0.0783509 0.4497666 0.06187862 0.4902191 0.0783509 0.4446904 0.08750033 0.4902191 0.0783509 0.4497666 0.06187862 0.4966076 0.05973941 0.4966076 0.05973941 0.4497666 0.06187862 0.4574713 0.03913891 0.4673946 0.02047872 0.4966076 0.05973941 0.4574713 0.03913891 0.4966076 0.05973941 0.4673946 0.02047872 0.5050252 0.04504096 0.4790132 0.006888449 0.5050252 0.04504096 0.4673946 0.02047872 0.5050252 0.04504096 0.4790132 0.006888449 0.5148975 0.03525018 0.3232666 0.962708 0.3192469 0.9953299 0.3000169 0.9600645 0.3192469 0.9953299 0.3232666 0.962708 0.3391849 0.997597 0.3484647 0.9655728 0.3391849 0.997597 0.3232666 0.962708 0.3391849 0.997597 0.3484647 0.9655728 0.3603199 1 0.3742697 0.9685066 0.3603199 1 0.3484647 0.9655728 0.6718323 0.6933986 0.6444013 0.721255 0.653552 0.6848093 0.622842 0.7091413 0.653552 0.6848093 0.6444013 0.721255 0.653552 0.6848093 0.622842 0.7091413 0.6379146 0.6711328 0.6043654 0.6917313 0.6379146 0.6711328 0.622842 0.7091413 0.6379146 0.6711328 0.6043654 0.6917313 0.6259843 0.6532987 0.6259843 0.6532987 0.6043654 0.6917313 0.5899258 0.6699678 0.5803008 0.6449895 0.6259843 0.6532987 0.5899258 0.6699678 0.6259843 0.6532987 0.5803008 0.6449895 0.618575 0.6325236 0.5760039 0.6181073 0.618575 0.6325236 0.5803008 0.6449895 0.618575 0.6325236 0.5760039 0.6181073 0.6161898 0.6102234 0.5772518 0.5907564 0.6161898 0.6102234 0.5760039 0.6181073 0.6161898 0.6102234 0.5772518 0.5907564 0.6181026 0.591895 0.5772518 0.5907564 0.5861861 0.5614012 0.6181026 0.591895 0.621141 0.5653102 0.6181026 0.591895 0.5861861 0.5614012 0.4516254 0.1760926 0.4236229 0.1685466 0.4433377 0.1418856 0.4261907 0.122718 0.4236229 0.1685466 0.4111306 0.1339824 0.4261907 0.122718 0.4433377 0.1418856 0.4236229 0.1685466 0.4433377 0.1418856 0.4261907 0.122718 0.4425083 0.1146484 0.4112519 0.1049469 0.4261907 0.122718 0.4111306 0.1339824 0.4261907 0.122718 0.4112519 0.1049469 0.4305328 0.07310235 0.4305328 0.07310235 0.4112519 0.1049469 0.4144134 0.0764268 0.4305328 0.07310235 0.4446904 0.08750033 0.4261907 0.122718 0.4261907 0.122718 0.4446904 0.08750033 0.4425083 0.1146484 0.4446904 0.08750033 0.4305328 0.07310235 0.4497666 0.06187862 0.4204642 0.04981464 0.4305328 0.07310235 0.4144134 0.0764268 0.4305328 0.07310235 0.4204642 0.04981464 0.4435753 0.03001379 0.4435753 0.03001379 0.4574713 0.03913891 0.4305328 0.07310235 0.4305328 0.07310235 0.4574713 0.03913891 0.4497666 0.06187862 0.4291079 0.02639299 0.4435753 0.03001379 0.4204642 0.04981464 0.4574713 0.03913891 0.4435753 0.03001379 0.4673946 0.02047872 0.4633374 0 0.4673946 0.02047872 0.4435753 0.03001379 0.5237568 0.7394626 0.537468 0.7305992 0.537468 0.7711873 0.2478948 0.7179508 0.2478948 0.7626711 0.2396668 0.7421904 0.4673946 0.02047872 0.4633374 0 0.4790132 0.006888449 0.2985661 0.9286096 0.2924777 0.9448506 0.2768779 0.9261437 0.3358377 0.9497805 0.3232666 0.962708 0.2924777 0.9448506 0.2924777 0.9448506 0.3232666 0.962708 0.3000169 0.9600645 0.2924777 0.9448506 0.2985661 0.9286096 0.3358377 0.9497805 0.3358377 0.9497805 0.2985661 0.9286096 0.3233888 0.9314318 0.3232666 0.962708 0.3358377 0.9497805 0.3484647 0.9655728 0.3501397 0.9344732 0.3358377 0.9497805 0.3233888 0.9314318 0.3831059 0.9551548 0.3742697 0.9685066 0.3358377 0.9497805 0.3358377 0.9497805 0.3742697 0.9685066 0.3484647 0.9655728 0.3358377 0.9497805 0.3501397 0.9344732 0.3831059 0.9551548 0.3831059 0.9551548 0.3501397 0.9344732 0.3775342 0.9375876 0.4042303 0.9406229 0.3831059 0.9551548 0.3775342 0.9375876 0.3742697 0.9685066 0.3831059 0.9551548 0.399334 0.9713562 0.4270874 0.9601558 0.399334 0.9713562 0.3831059 0.9551548 0.3831059 0.9551548 0.4042303 0.9406229 0.4270874 0.9601558 0.4270874 0.9601558 0.4042303 0.9406229 0.4289366 0.9434319 0.399334 0.9713562 0.4270874 0.9601558 0.4223144 0.9739693 0.450468 0.9458795 0.4270874 0.9601558 0.4289366 0.9434319 0.4270874 0.9601558 0.450468 0.9458795 0.4611139 0.9640243 0.5704996 0.6576846 0.5899258 0.6699678 0.5945892 0.6994255 0.5945892 0.6994255 0.5899258 0.6699678 0.6043654 0.6917313 0.4677612 0.9478462 0.4611139 0.9640243 0.450468 0.9458795 0.5899258 0.6699678 0.5704996 0.6576846 0.5803008 0.6449895 0.5624534 0.6085012 0.5760039 0.6181073 0.5704996 0.6576846 0.5704996 0.6576846 0.5760039 0.6181073 0.5803008 0.6449895 0.4876714 0.7501565 0.4766204 0.7491824 0.4876714 0.7011274 0.5683978 0.7305992 0.5683978 0.7764359 0.5612652 0.7485694 0.0117821 0.1123995 0 0.1019958 0.01235556 0.08342081 0.5760039 0.6181073 0.5624534 0.6085012 0.5772518 0.5907564 0 0.1019958 0.0117821 0.1123995 0.008030831 0.1490136 0.008030831 0.1490136 0.0117821 0.1123995 0.02148324 0.139308 0.4236229 0.1685466 0.4063411 0.1604809 0.4111306 0.1339824 0.4111306 0.1339824 0.4063411 0.1604809 0.3914802 0.1587274 0.4111306 0.1339824 0.3914802 0.1587274 0.3665718 0.1572376 0.4111306 0.1339824 0.3665718 0.1572376 0.3443535 0.1562796 0.6023747 0.1049509 0.6521944 0.1223396 0.5966799 0.1404041 0.5966799 0.1404041 0.5500564 0.1391812 0.6023747 0.1049509 0.7011588 0.1414321 0.6490791 0.1411793 0.6521944 0.1223396 0.6521944 0.1223396 0.6490791 0.1411793 0.5966799 0.1404041 0.5577669 0.091385 0.6023747 0.1049509 0.5500564 0.1391812 0.6608035 0.1057475 0.7011588 0.1414321 0.6521944 0.1223396 0.6521944 0.1223396 0.6023747 0.1049509 0.6608035 0.1057475 0.6185653 0.07375079 0.6608035 0.1057475 0.6023747 0.1049509 0.6023747 0.1049509 0.5577669 0.091385 0.6185653 0.07375079 0.5577669 0.091385 0.5237568 0.08329701 0.5795907 0.04934376 0.5795907 0.04934376 0.6185653 0.07375079 0.5577669 0.091385 0.548568 0.03549879 0.5795907 0.04934376 0.5237568 0.08329701 0.6738721 0.09342068 0.7011588 0.1414321 0.6608035 0.1057475 0.6608035 0.1057475 0.6185653 0.07375079 0.6738721 0.09342068 0.6431428 0.05057573 0.6738721 0.09342068 0.6185653 0.07375079 0.6185653 0.07375079 0.5795907 0.04934376 0.6431428 0.05057573 0.5795907 0.04934376 0.548568 0.03549879 0.6127147 0.01811927 0.6127147 0.01811927 0.6431428 0.05057573 0.5795907 0.04934376 0.5862274 0 0.6127147 0.01811927 0.548568 0.03549879 0.6738721 0.09342068 0.6431428 0.05057573 0.6898231 0.08684581 0.6898231 0.08684581 0.7011588 0.1414321 0.6738721 0.09342068 0.6731418 0.03821849 0.6898231 0.08684581 0.6431428 0.05057573 0.6431428 0.05057573 0.6127147 0.01811927 0.6731418 0.03821849 0.01389688 0.9233763 0 0.8706613 0.04915004 0.9233763 0.6531441 0.001480579 0.6731418 0.03821849 0.6127147 0.01811927 0.04007911 0.8706613 0.04915004 0.9233763 0 0.8706613 0.7067353 0.08681434 0.7011588 0.1414321 0.6898231 0.08684581 0.6898231 0.08684581 0.6731418 0.03821849 0.7067353 0.08681434 0.7049467 0.03816974 0.7067353 0.08681434 0.6731418 0.03821849 0.06620174 0.9663562 0.04915004 0.9233763 0.09828758 0.9663562 0.09239459 0.9233763 0.09828758 0.9663562 0.04915004 0.9233763 0.04915004 0.9233763 0.04007911 0.8706613 0.09239459 0.9233763 0.0892446 0.8706613 0.09239459 0.9233763 0.04007911 0.8706613 0.7067353 0.08681434 0.7049467 0.03816974 0.7225719 0.09333038 0.7225719 0.09333038 0.7011588 0.1414321 0.7067353 0.08681434 0.09828758 0.9663562 0.09239459 0.9233763 0.1324372 0.9663562 0.7347225 0.05043464 0.7225719 0.09333038 0.7049467 0.03816974 0.1384139 0.9233763 0.1324372 0.9663562 0.09239459 0.9233763 0.09239459 0.9233763 0.0892446 0.8706613 0.1384139 0.9233763 0.1415639 0.8706613 0.1384139 0.9233763 0.0892446 0.8706613 0.735422 0.1056095 0.7011588 0.1414321 0.7225719 0.09333038 0.7225719 0.09333038 0.7347225 0.05043464 0.735422 0.1056095 0.7588804 0.07353663 0.735422 0.1056095 0.7347225 0.05043464 0.1324372 0.9663562 0.1384139 0.9233763 0.1645346 0.9663562 0.1816575 0.9233763 0.1645346 0.9663562 0.1384139 0.9233763 0.1384139 0.9233763 0.1415639 0.8706613 0.1816575 0.9233763 0.1907284 0.8706613 0.1816575 0.9233763 0.1415639 0.8706613 0.5135698 0.6234259 0.4731068 0.6561067 0.5088169 0.6074326 0.7437395 0.1221711 0.7011588 0.1414321 0.735422 0.1056095 0.4641773 0.6260198 0.5088169 0.6074326 0.4731068 0.6561067 0.4731068 0.6561067 0.4249284 0.6798205 0.4641773 0.6260198 0.4249284 0.6798205 0.3748932 0.6917831 0.4129067 0.6392568 0.4129067 0.6392568 0.4641773 0.6260198 0.4249284 0.6798205 0.3612253 0.6456664 0.4129067 0.6392568 0.3748932 0.6917831 0.5088169 0.6074326 0.4641773 0.6260198 0.5068657 0.5887968 0.7463536 0.1410048 0.7011588 0.1414321 0.7437395 0.1221711 0.4641773 0.6260198 0.4129067 0.6392568 0.4608243 0.5909766 0.4608243 0.5909766 0.5068657 0.5887968 0.4641773 0.6260198 0.4129067 0.6392568 0.3612253 0.6456664 0.4084222 0.5920158 0.4129067 0.6392568 0.4084222 0.5920158 0.4608243 0.5909766 0.3612253 0.6456664 0.3561896 0.5919589 0.4084222 0.5920158 0.3923481 0.2375816 0.3669278 0.2087571 0.3927983 0.2027211 0.3669278 0.2087571 0.3727756 0.2714638 0.3466078 0.210397 0.3669278 0.2087571 0.3923481 0.2375816 0.3727756 0.2714638 0.3466078 0.210397 0.3727756 0.2714638 0.3542836 0.2731525 0.3958425 0.2764323 0.3727756 0.2714638 0.3923481 0.2375816 0.3727756 0.2714638 0.3958425 0.2764323 0.3777132 0.3356562 0.3777132 0.3356562 0.3958425 0.2764323 0.401925 0.3197401 0.3777132 0.3356562 0.3542836 0.2731525 0.3727756 0.2714638 0.3542836 0.2731525 0.3777132 0.3356562 0.3554121 0.3370039 0.4076035 0.3678498 0.3777132 0.3356562 0.401925 0.3197401 0.3777132 0.3356562 0.4076035 0.3678498 0.3802032 0.3999013 0.3802032 0.3999013 0.3554121 0.3370039 0.3777132 0.3356562 0.3554121 0.3370039 0.3802032 0.3999013 0.3541768 0.4008471 0.4098625 0.4205749 0.3802032 0.3999013 0.4076035 0.3678498 0.3802032 0.3999013 0.4098625 0.4205749 0.379496 0.46411 0.379496 0.46411 0.3541768 0.4008471 0.3802032 0.3999013 0.3541768 0.4008471 0.379496 0.46411 0.3505794 0.4646214 0.4096538 0.4767097 0.379496 0.46411 0.4098625 0.4205749 0.379496 0.46411 0.4096538 0.4767097 0.3786619 0.5282212 0.3786619 0.5282212 0.3505794 0.4646214 0.379496 0.46411 0.3505794 0.4646214 0.3786619 0.5282212 0.3476651 0.5283632 0.4094796 0.534448 0.3786619 0.5282212 0.4096538 0.4767097 0.3786619 0.5282212 0.4094796 0.534448 0.4084222 0.5920158 0.4084222 0.5920158 0.3561896 0.5919589 0.3786619 0.5282212 0.3786619 0.5282212 0.3561896 0.5919589 0.3476651 0.5283632 0.4891049 0.1760358 0.4869527 0.1922158 0.4521238 0.2028672 0.4846099 0.2252578 0.4869527 0.1922158 0.5129993 0.1935188 0.4846099 0.2252578 0.4521238 0.2028672 0.4869527 0.1922158 0.5098503 0.2263051 0.4846099 0.2252578 0.5129993 0.1935188 0.732678 0.5363507 0.7124618 0.5330212 0.7313916 0.5032885 0.7124243 0.4999203 0.7313916 0.5032885 0.7124618 0.5330212 0.4521238 0.2028672 0.4501004 0.2350364 0.4172487 0.2110506 0.4521238 0.2028672 0.4846099 0.2252578 0.4501004 0.2350364 0.4170333 0.2425988 0.3923481 0.2375816 0.4172487 0.2110506 0.4172487 0.2110506 0.3923481 0.2375816 0.3927983 0.2027211 0.4170333 0.2425988 0.4172487 0.2110506 0.4501004 0.2350364 0.4797415 0.2582836 0.4501004 0.2350364 0.4846099 0.2252578 0.4846099 0.2252578 0.5098503 0.2263051 0.4797415 0.2582836 0.7313916 0.5032885 0.7124243 0.4999203 0.7326962 0.4701592 0.7326962 0.4701592 0.7124243 0.4999203 0.7154636 0.4642094 0.5031692 0.2592578 0.4797415 0.2582836 0.5098503 0.2263051 0.4501004 0.2350364 0.4797415 0.2582836 0.4485052 0.2671936 0.4485052 0.2671936 0.4170333 0.2425988 0.4501004 0.2350364 0.4170333 0.2425988 0.4485052 0.2671936 0.4190162 0.2741429 0.4190162 0.2741429 0.3923481 0.2375816 0.4170333 0.2425988 0.3923481 0.2375816 0.4190162 0.2741429 0.3958425 0.2764323 0.4797415 0.2582836 0.5031692 0.2592578 0.4739563 0.2913702 0.4739563 0.2913702 0.4485052 0.2671936 0.4797415 0.2582836 0.4949864 0.2923241 0.4739563 0.2913702 0.5031692 0.2592578 0.7326962 0.4701592 0.7154636 0.4642094 0.7357193 0.4370117 0.7357193 0.4370117 0.7154636 0.4642094 0.7207255 0.4258651 0.4485052 0.2671936 0.4739563 0.2913702 0.4474152 0.2993709 0.4474152 0.2993709 0.4190162 0.2741429 0.4485052 0.2671936 0.4222191 0.3057155 0.401925 0.3197401 0.4190162 0.2741429 0.4190162 0.2741429 0.401925 0.3197401 0.3958425 0.2764323 0.4190162 0.2741429 0.4474152 0.2993709 0.4222191 0.3057155 0.4686021 0.3245137 0.4474152 0.2993709 0.4739563 0.2913702 0.4739563 0.2913702 0.4949864 0.2923241 0.4686021 0.3245137 0.7357193 0.4370117 0.7207255 0.4258651 0.7396024 0.4038926 0.487299 0.3254473 0.5075681 0.3026183 0.5000761 0.3441522 0.487299 0.3254473 0.4686021 0.3245137 0.4949864 0.2923241 0.4474152 0.2993709 0.4686021 0.3245137 0.4469062 0.3316092 0.4469062 0.3316092 0.4222191 0.3057155 0.4474152 0.2993709 0.4222191 0.3057155 0.4469062 0.3316092 0.4256914 0.3373448 0.4256914 0.3373448 0.401925 0.3197401 0.4222191 0.3057155 0.401925 0.3197401 0.4256914 0.3373448 0.4076035 0.3678498 0.4650278 0.3577099 0.4469062 0.3316092 0.4686021 0.3245137 0.4686021 0.3245137 0.487299 0.3254473 0.4650278 0.3577099 0.487299 0.3254473 0.5000761 0.3441522 0.4821084 0.3585664 0.4821084 0.3585664 0.4650278 0.3577099 0.487299 0.3254473 0.4469062 0.3316092 0.4650278 0.3577099 0.4470563 0.3639327 0.4470563 0.3639327 0.4256914 0.3373448 0.4469062 0.3316092 0.4285085 0.3690554 0.4076035 0.3678498 0.4256914 0.3373448 0.4256914 0.3373448 0.4470563 0.3639327 0.4285085 0.3690554 0.4977813 0.3890632 0.4821084 0.3585664 0.5000761 0.3441522 0.4641475 0.3909508 0.4470563 0.3639327 0.4650278 0.3577099 0.4650278 0.3577099 0.4821084 0.3585664 0.4641475 0.3909508 0.4806911 0.3916449 0.4641475 0.3909508 0.4821084 0.3585664 0.4821084 0.3585664 0.4977813 0.3890632 0.4806911 0.3916449 0.4470563 0.3639327 0.4641475 0.3909508 0.4478674 0.3963536 0.4478674 0.3963536 0.4285085 0.3690554 0.4470563 0.3639327 0.4076035 0.3678498 0.4285085 0.3690554 0.4098625 0.4205749 0.4285085 0.3690554 0.4478674 0.3963536 0.4302663 0.4008512 0.4302663 0.4008512 0.4098625 0.4205749 0.4285085 0.3690554 0.5013085 0.4368605 0.4806911 0.3916449 0.4977813 0.3890632 0.4654877 0.4242241 0.4478674 0.3963536 0.4641475 0.3909508 0.4641475 0.3909508 0.4806911 0.3916449 0.4654877 0.4242241 0.4806911 0.3916449 0.5013085 0.4368605 0.482322 0.4246747 0.482322 0.4246747 0.4654877 0.4242241 0.4806911 0.3916449 0.4478674 0.3963536 0.4654877 0.4242241 0.4492018 0.4288476 0.4492018 0.4288476 0.4302663 0.4008512 0.4478674 0.3963536 0.4312544 0.4326998 0.4098625 0.4205749 0.4302663 0.4008512 0.4302663 0.4008512 0.4492018 0.4288476 0.4312544 0.4326998 0.4098625 0.4205749 0.4312544 0.4326998 0.4096538 0.4767097 0.4682952 0.4574975 0.4492018 0.4288476 0.4654877 0.4242241 0.4654877 0.4242241 0.482322 0.4246747 0.4682952 0.4574975 0.482322 0.4246747 0.5013085 0.4368605 0.4859357 0.457668 0.4859357 0.457668 0.4682952 0.4574975 0.482322 0.4246747 0.4509096 0.46137 0.4312544 0.4326998 0.4492018 0.4288476 0.4492018 0.4288476 0.4682952 0.4574975 0.4509096 0.46137 0.4312544 0.4326998 0.4509096 0.46137 0.4318019 0.4645687 0.4318019 0.4645687 0.4096538 0.4767097 0.4312544 0.4326998 0.5081704 0.4863544 0.4859357 0.457668 0.5013085 0.4368605 0.4718194 0.4907628 0.4509096 0.46137 0.4682952 0.4574975 0.4682952 0.4574975 0.4859357 0.457668 0.4718194 0.4907628 0.4904644 0.4906207 0.4718194 0.4907628 0.4859357 0.457668 0.4859357 0.457668 0.5081704 0.4863544 0.4904644 0.4906207 0.4509096 0.46137 0.4718194 0.4907628 0.4528357 0.4938924 0.4528357 0.4938924 0.4318019 0.4645687 0.4509096 0.46137 0.4322415 0.4964294 0.4096538 0.4767097 0.4318019 0.4645687 0.4318019 0.4645687 0.4528357 0.4938924 0.4322415 0.4964294 0.4096538 0.4767097 0.4322415 0.4964294 0.4094796 0.534448 0.5148975 0.5369322 0.4904644 0.4906207 0.5081704 0.4863544 0.4718194 0.4907628 0.4904644 0.4906207 0.4753062 0.5239915 0.4753062 0.5239915 0.4528357 0.4938924 0.4718194 0.4907628 0.4904644 0.4906207 0.5148975 0.5369322 0.4948402 0.523545 0.4948402 0.523545 0.4753062 0.5239915 0.4904644 0.4906207 0.4528357 0.4938924 0.4753062 0.5239915 0.4548283 0.5263702 0.4548283 0.5263702 0.4322415 0.4964294 0.4528357 0.4938924 0.4329073 0.5282496 0.4094796 0.534448 0.4322415 0.4964294 0.4322415 0.4964294 0.4548283 0.5263702 0.4329073 0.5282496 0.4753062 0.5239915 0.4948402 0.523545 0.4780049 0.5571593 0.4780049 0.5571593 0.4548283 0.5263702 0.4753062 0.5239915 0.4979959 0.5564367 0.4780049 0.5571593 0.4948402 0.523545 0.4948402 0.523545 0.5148975 0.5369322 0.4979959 0.5564367 0.4548283 0.5263702 0.4780049 0.5571593 0.4567334 0.5587708 0.4567334 0.5587708 0.4329073 0.5282496 0.4548283 0.5263702 0.4341273 0.5599967 0.4094796 0.534448 0.4329073 0.5282496 0.4329073 0.5282496 0.4567334 0.5587708 0.4341273 0.5599967 0.4094796 0.534448 0.4341273 0.5599967 0.4084222 0.5920158 0.7463536 0.1410048 0.7539265 0.173787 0.7355316 0.192366 0.4567334 0.5587708 0.4608243 0.5909766 0.4341273 0.5599967 0.4341273 0.5599967 0.4608243 0.5909766 0.4084222 0.5920158 0.7124618 0.5330212 0.7048457 0.530197 0.7124243 0.4999203 0.6807926 0.4953872 0.6930876 0.5288981 0.6807377 0.532388 0.7053373 0.4742184 0.7124243 0.4999203 0.7048457 0.530197 0.6930876 0.5288981 0.6807926 0.4953872 0.6889793 0.4739992 0.6930876 0.5288981 0.6889793 0.4739992 0.7048457 0.530197 0.7048457 0.530197 0.6889793 0.4739992 0.6973603 0.4733173 0.6973603 0.4733173 0.7053373 0.4742184 0.7048457 0.530197 0.7124243 0.4999203 0.7053373 0.4742184 0.7154636 0.4642094 0.6764582 0.454447 0.6889793 0.4739992 0.6807926 0.4953872 0.7053373 0.4742184 0.6973603 0.4733173 0.7103115 0.4184733 0.7103115 0.4184733 0.7207255 0.4258651 0.7053373 0.4742184 0.7053373 0.4742184 0.7207255 0.4258651 0.7154636 0.4642094 0.6889793 0.4739992 0.6764582 0.454447 0.6845487 0.418317 0.6845487 0.418317 0.6973603 0.4733173 0.6889793 0.4739992 0.6973603 0.4733173 0.6845487 0.418317 0.6978366 0.4177528 0.6978366 0.4177528 0.7103115 0.4184733 0.6973603 0.4733173 0.6695358 0.4092031 0.6845487 0.418317 0.6764582 0.454447 0.7207255 0.4258651 0.7103115 0.4184733 0.7267811 0.3844916 0.7103115 0.4184733 0.6978366 0.4177528 0.7153097 0.3628529 0.7153097 0.3628529 0.7267811 0.3844916 0.7103115 0.4184733 0.6845487 0.418317 0.6695358 0.4092031 0.680835 0.3627535 0.680835 0.3627535 0.6978366 0.4177528 0.6845487 0.418317 0.6978366 0.4177528 0.680835 0.3627535 0.6986256 0.362311 0.6986256 0.362311 0.7153097 0.3628529 0.6978366 0.4177528 0.6636168 0.3593853 0.680835 0.3627535 0.6695358 0.4092031 0.7267811 0.3844916 0.7153097 0.3628529 0.7315869 0.3397865 0.7183106 0.3074406 0.7315869 0.3397865 0.7153097 0.3628529 0.7153097 0.3628529 0.6986256 0.362311 0.7183106 0.3074406 0.680835 0.3627535 0.6636168 0.3593853 0.6802134 0.3073828 0.6802134 0.3073828 0.6986256 0.362311 0.680835 0.3627535 0.6986256 0.362311 0.6802134 0.3073828 0.6998552 0.307058 0.6998552 0.307058 0.7183106 0.3074406 0.6986256 0.362311 0.6617271 0.3052355 0.6802134 0.3073828 0.6636168 0.3593853 0.7315869 0.3397865 0.7183106 0.3074406 0.7343674 0.2921963 0.7183106 0.3074406 0.6998552 0.307058 0.719545 0.2521349 0.719545 0.2521349 0.7343674 0.2921963 0.7183106 0.3074406 0.6810976 0.2521085 0.6998552 0.307058 0.6802134 0.3073828 0.6802134 0.3073828 0.6617271 0.3052355 0.6810976 0.2521085 0.6810976 0.2521085 0.6617271 0.3052355 0.6623429 0.249336 0.6998552 0.307058 0.6810976 0.2521085 0.7008904 0.2519025 0.7008904 0.2519025 0.719545 0.2521349 0.6998552 0.307058 0.7343674 0.2921963 0.719545 0.2521349 0.7354575 0.2428656 0.719545 0.2521349 0.7008904 0.2519025 0.7195277 0.196819 0.7195277 0.196819 0.7354575 0.2428656 0.719545 0.2521349 0.6814084 0.19682 0.7008904 0.2519025 0.6810976 0.2521085 0.6810976 0.2521085 0.6623429 0.249336 0.6814084 0.19682 0.7008904 0.2519025 0.6814084 0.19682 0.701 0.1967317 0.701 0.1967317 0.7195277 0.196819 0.7008904 0.2519025 0.6625257 0.1939288 0.6814084 0.19682 0.6623429 0.249336 0.7354575 0.2428656 0.7195277 0.196819 0.7355316 0.192366 0.7195277 0.196819 0.7011588 0.1414321 0.7463536 0.1410048 0.7195277 0.196819 0.7463536 0.1410048 0.7355316 0.192366 0.7195277 0.196819 0.701 0.1967317 0.7011588 0.1414321 0.6490791 0.1411793 0.7011588 0.1414321 0.6814084 0.19682 0.6814084 0.19682 0.7011588 0.1414321 0.701 0.1967317 0.6814084 0.19682 0.6625257 0.1939288 0.6490791 0.1411793 0.621141 0.5653102 0.5919338 0.5312727 0.6246556 0.5413446 0.6246556 0.5413446 0.5919338 0.5312727 0.6280615 0.5043895 0.6246556 0.5413446 0.6280615 0.5043895 0.6548547 0.5364502 0.6596509 0.5005627 0.6807377 0.532388 0.6548547 0.5364502 0.6596509 0.5005627 0.6548547 0.5364502 0.6280615 0.5043895 0.04044187 0.2049536 0.01812928 0.1869632 0.03955191 0.176665 0.59561 0.4966577 0.6280615 0.5043895 0.5919338 0.5312727 0.6807377 0.532388 0.6596509 0.5005627 0.6807926 0.4953872 0.5711519 0.4890761 0.59561 0.4966577 0.5698838 0.5232963 0.5698838 0.5232963 0.59561 0.4966577 0.5919338 0.5312727 0.01812928 0.1869632 0.04044187 0.2049536 0.02232891 0.2210727 0.03928828 0.2357428 0.02232891 0.2210727 0.04044187 0.2049536 0.6284079 0.4678658 0.6596509 0.5005627 0.6280615 0.5043895 0.6280615 0.5043895 0.59561 0.4966577 0.6284079 0.4678658 0.6596509 0.5005627 0.6284079 0.4678658 0.6568165 0.4644327 0.6568165 0.4644327 0.6764582 0.454447 0.6596509 0.5005627 0.6596509 0.5005627 0.6764582 0.454447 0.6807926 0.4953872 0.59561 0.4966577 0.5711519 0.4890761 0.5992719 0.4609245 0.5992719 0.4609245 0.6284079 0.4678658 0.59561 0.4966577 0.02232891 0.2210727 0.03928828 0.2357428 0.02306014 0.2563149 0.5767938 0.4541487 0.5992719 0.4609245 0.5711519 0.4890761 0.5633703 0.4399039 0.5767938 0.4541487 0.5585433 0.4729012 0.6275073 0.4313328 0.6568165 0.4644327 0.6284079 0.4678658 0.6284079 0.4678658 0.5992719 0.4609245 0.6275073 0.4313328 0.6518404 0.4282945 0.6695358 0.4092031 0.6568165 0.4644327 0.6568165 0.4644327 0.6695358 0.4092031 0.6764582 0.454447 0.6568165 0.4644327 0.6275073 0.4313328 0.6518404 0.4282945 0.5992719 0.4609245 0.5767938 0.4541487 0.6029857 0.4252166 0.6029857 0.4252166 0.6275073 0.4313328 0.5992719 0.4609245 0.5828773 0.4192689 0.6029857 0.4252166 0.5767938 0.4541487 0.5767938 0.4541487 0.5633703 0.4399039 0.5828773 0.4192689 0.5683339 0.4042721 0.5828773 0.4192689 0.5633703 0.4399039 0.6275073 0.4313328 0.6029857 0.4252166 0.6258938 0.3948375 0.6258938 0.3948375 0.6518404 0.4282945 0.6275073 0.4313328 0.6465131 0.3922 0.6695358 0.4092031 0.6518404 0.4282945 0.6518404 0.4282945 0.6258938 0.3948375 0.6465131 0.3922 0.6029857 0.4252166 0.5828773 0.4192689 0.6057326 0.3895422 0.6057326 0.3895422 0.6258938 0.3948375 0.6029857 0.4252166 0.5875725 0.3844033 0.6057326 0.3895422 0.5828773 0.4192689 0.5828773 0.4192689 0.5683339 0.4042721 0.5875725 0.3844033 0.5875725 0.3844033 0.5683339 0.4042721 0.5712539 0.3657573 0.6695358 0.4092031 0.6465131 0.3922 0.6636168 0.3593853 0.624087 0.3584263 0.6465131 0.3922 0.6258938 0.3948375 0.6258938 0.3948375 0.6057326 0.3895422 0.624087 0.3584263 0.6465131 0.3922 0.624087 0.3584263 0.6425665 0.3561999 0.6425665 0.3561999 0.6636168 0.3593853 0.6465131 0.3922 0.6057326 0.3895422 0.5875725 0.3844033 0.6065427 0.3539064 0.6065427 0.3539064 0.624087 0.3584263 0.6057326 0.3895422 0.5875725 0.3844033 0.5712539 0.3657573 0.5892196 0.3495164 0.5892196 0.3495164 0.6065427 0.3539064 0.5875725 0.3844033 0.6636168 0.3593853 0.6425665 0.3561999 0.6617271 0.3052355 0.6223417 0.3221035 0.6425665 0.3561999 0.624087 0.3584263 0.624087 0.3584263 0.6065427 0.3539064 0.6223417 0.3221035 0.6405056 0.3203012 0.6617271 0.3052355 0.6425665 0.3561999 0.6425665 0.3561999 0.6223417 0.3221035 0.6405056 0.3203012 0.6065427 0.3539064 0.5892196 0.3495164 0.6053227 0.3183061 0.6053227 0.3183061 0.6223417 0.3221035 0.6065427 0.3539064 0.5878245 0.3146021 0.6053227 0.3183061 0.5892196 0.3495164 0.5892196 0.3495164 0.5712539 0.3657573 0.5878245 0.3146021 0.5878245 0.3146021 0.5712539 0.3657573 0.567874 0.3023129 0.6223417 0.3221035 0.6053227 0.3183061 0.6206022 0.2858406 0.6206022 0.2858406 0.6405056 0.3203012 0.6223417 0.3221035 0.6405056 0.3203012 0.6206022 0.2858406 0.6396859 0.2844675 0.6396859 0.2844675 0.6617271 0.3052355 0.6405056 0.3203012 0.6026846 0.2827261 0.6206022 0.2858406 0.6053227 0.3183061 0.6053227 0.3183061 0.5878245 0.3146021 0.6026846 0.2827261 0.5878245 0.3146021 0.567874 0.3023129 0.5843744 0.2796645 0.5843744 0.2796645 0.6026846 0.2827261 0.5878245 0.3146021 0.6617271 0.3052355 0.6396859 0.2844675 0.6623429 0.249336 0.6187962 0.2496039 0.6396859 0.2844675 0.6206022 0.2858406 0.6206022 0.2858406 0.6026846 0.2827261 0.6187962 0.2496039 0.6396859 0.2844675 0.6187962 0.2496039 0.6394232 0.2486612 0.6394232 0.2486612 0.6623429 0.249336 0.6396859 0.2844675 0.5992661 0.2471501 0.6187962 0.2496039 0.6026846 0.2827261 0.6026846 0.2827261 0.5843744 0.2796645 0.5992661 0.2471501 0.559212 0.2344591 0.5843744 0.2796645 0.567874 0.3023129 0.5843744 0.2796645 0.559212 0.2344591 0.5798687 0.2447085 0.5798687 0.2447085 0.5992661 0.2471501 0.5843744 0.2796645 0.6187962 0.2496039 0.5992661 0.2471501 0.6168518 0.2133582 0.6168518 0.2133582 0.6394232 0.2486612 0.6187962 0.2496039 0.6623429 0.249336 0.6394232 0.2486612 0.6625257 0.1939288 0.6394232 0.2486612 0.6168518 0.2133582 0.6390345 0.2128468 0.6390345 0.2128468 0.6625257 0.1939288 0.6394232 0.2486612 0.5957015 0.2115631 0.6168518 0.2133582 0.5992661 0.2471501 0.5992661 0.2471501 0.5798687 0.2447085 0.5957015 0.2115631 0.5753045 0.2097415 0.5957015 0.2115631 0.5798687 0.2447085 0.5798687 0.2447085 0.559212 0.2344591 0.5753045 0.2097415 0.6168518 0.2133582 0.5957015 0.2115631 0.6146996 0.1770709 0.6146996 0.1770709 0.6390345 0.2128468 0.6168518 0.2133582 0.6378319 0.1769877 0.6625257 0.1939288 0.6390345 0.2128468 0.6390345 0.2128468 0.6146996 0.1770709 0.6378319 0.1769877 0.5531795 0.1872443 0.5753045 0.2097415 0.559212 0.2344591 0.5926275 0.1759495 0.6146996 0.1770709 0.5957015 0.2115631 0.5957015 0.2115631 0.5753045 0.2097415 0.5926275 0.1759495 0.5716792 0.1747673 0.5926275 0.1759495 0.5753045 0.2097415 0.5753045 0.2097415 0.5531795 0.1872443 0.5716792 0.1747673 0.6625257 0.1939288 0.6378319 0.1769877 0.6490791 0.1411793 0.5500564 0.1391812 0.5716792 0.1747673 0.5531795 0.1872443 0.6146996 0.1770709 0.5926275 0.1759495 0.5966799 0.1404041 0.5966799 0.1404041 0.6490791 0.1411793 0.6146996 0.1770709 0.6146996 0.1770709 0.6490791 0.1411793 0.6378319 0.1769877 0.5926275 0.1759495 0.5716792 0.1747673 0.5966799 0.1404041 0.5966799 0.1404041 0.5716792 0.1747673 0.5500564 0.1391812 0.03955191 0.176665 0.05856055 0.1814021 0.04044187 0.2049536 0.05480635 0.2460857 0.05856055 0.1814021 0.07520145 0.184069 0.05480635 0.2460857 0.03928828 0.2357428 0.05856055 0.1814021 0.05856055 0.1814021 0.03928828 0.2357428 0.04044187 0.2049536 0.07099121 0.2480665 0.05480635 0.2460857 0.07520145 0.184069 0.03928828 0.2357428 0.05480635 0.2460857 0.03625857 0.2691298 0.5507231 0.3968326 0.5683339 0.4042721 0.5471046 0.4611985 0.05480635 0.2460857 0.03178083 0.305204 0.03625857 0.2691298 0.05480635 0.2460857 0.07099121 0.2480665 0.04571622 0.3109031 0.06476527 0.3120884 0.04571622 0.3109031 0.07099121 0.2480665 0.5683339 0.4042721 0.5507231 0.3968326 0.5712539 0.3657573 0.04571622 0.3109031 0.06476527 0.3120884 0.03740251 0.3754243 0.5490568 0.3323571 0.5712539 0.3657573 0.5507231 0.3968326 0.05882227 0.3759155 0.03740251 0.3754243 0.06476527 0.3120884 0.5712539 0.3657573 0.5490568 0.3323571 0.567874 0.3023129 0.5416706 0.267706 0.567874 0.3023129 0.5490568 0.3323571 0.03740251 0.3754243 0.05882227 0.3759155 0.03167212 0.4396288 0.05400586 0.439568 0.03167212 0.4396288 0.05882227 0.3759155 0.567874 0.3023129 0.5416706 0.267706 0.559212 0.2344591 0.532998 0.2029839 0.559212 0.2344591 0.5416706 0.267706 0.03167212 0.4396288 0.05400586 0.439568 0.02763116 0.5037522 0.05033922 0.5031961 0.02763116 0.5037522 0.05400586 0.439568 0.559212 0.2344591 0.532998 0.2029839 0.5531795 0.1872443 0.5277842 0.1382882 0.5500564 0.1391812 0.532998 0.2029839 0.532998 0.2029839 0.5500564 0.1391812 0.5531795 0.1872443 0.02763116 0.5037522 0.05033922 0.5031961 0.02464473 0.5680623 0.05033922 0.5031961 0.03950381 0.5673114 0.02464473 0.5680623 0.02148324 0.139308 0.0117821 0.1123995 0.03622198 0.1374692 0.08196806 0.1352813 0.03622198 0.1374692 0.0117821 0.1123995 0.03622198 0.1374692 0.05856055 0.1814021 0.03955191 0.176665 0.08196806 0.1352813 0.05856055 0.1814021 0.03622198 0.1374692 0.08196806 0.1352813 0.07520145 0.184069 0.05856055 0.1814021 0.07520145 0.184069 0.08196806 0.1352813 0.09253793 0.18359 0.09253793 0.18359 0.08196806 0.1352813 0.1042835 0.1815766 0.1042835 0.1815766 0.08196806 0.1352813 0.1268511 0.1349728 0.1042835 0.1815766 0.1268511 0.1349728 0.1290159 0.174201</float_array>
          <technique_common>
            <accessor source="#th_middle_001-mesh-map-0-array" count="3786" stride="2">
              <param name="S" type="float"/>
              <param name="T" type="float"/>
            </accessor>
          </technique_common>
        </source>
        <vertices id="th_middle_001-mesh-vertices">
          <input semantic="POSITION" source="#th_middle_001-mesh-positions"/>
        </vertices>
        <triangles material="black_spec_008-material" count="1262">
          <input semantic="VERTEX" source="#th_middle_001-mesh-vertices" offset="0"/>
          <input semantic="NORMAL" source="#th_middle_001-mesh-normals" offset="1"/>
          <input semantic="TEXCOORD" source="#th_middle_001-mesh-map-0" offset="2" set="0"/>
          <p>631 0 0 0 0 1 632 0 2 1 1 3 0 1 4 631 1 5 2 2 6 0 2 7 1 2 8 3 3 9 2 3 10 1 3 11 3 4 12 4 4 13 5 4 14 2 5 15 3 5 16 5 5 17 6 6 18 4 6 19 3 6 20 631 7 21 625 7 22 1 7 23 1 8 24 7 8 25 3 8 26 7 7 27 1 7 28 625 7 29 8 9 30 3 9 31 7 9 32 3 10 33 8 10 34 6 10 35 9 11 36 6 11 37 8 11 38 625 12 39 622 12 40 7 12 41 7 13 42 10 13 43 8 13 44 10 14 45 7 14 46 622 14 47 11 15 48 8 15 49 10 15 50 8 16 51 11 16 52 9 16 53 12 17 54 9 17 55 11 17 56 622 18 57 619 18 58 10 18 59 13 18 60 10 18 61 619 18 62 10 19 63 13 19 64 11 19 65 11 20 66 14 20 67 12 20 68 14 21 69 11 21 70 13 21 71 15 22 72 12 22 73 14 22 74 619 23 75 616 23 76 13 23 77 13 24 78 16 24 79 14 24 80 16 25 81 13 25 82 616 25 83 17 26 84 14 26 85 16 26 86 17 27 87 18 27 88 15 27 89 14 28 90 17 28 91 15 28 92 19 29 93 18 29 94 17 29 95 616 30 96 20 30 97 16 30 98 21 31 99 16 31 100 20 31 101 16 32 102 21 32 103 17 32 104 23 33 105 22 33 106 19 33 107 17 34 108 23 34 109 19 34 110 17 35 111 21 35 112 23 35 113 24 36 114 22 36 115 23 36 116 25 37 117 5 37 118 26 37 119 27 38 120 25 38 121 26 38 122 30 39 123 28 39 124 29 39 125 25 40 126 30 40 127 29 40 128 30 41 129 25 41 130 27 41 131 5 42 132 4 42 133 26 42 134 31 43 135 29 43 136 28 43 137 32 44 138 26 44 139 4 44 140 26 45 141 32 45 142 27 45 143 33 46 144 27 46 145 32 46 146 27 47 147 33 47 148 30 47 149 4 48 150 6 48 151 32 48 152 34 49 153 28 49 154 30 49 155 28 50 156 34 50 157 31 50 158 30 51 159 35 51 160 34 51 161 35 52 162 30 52 163 33 52 164 36 53 165 32 53 166 6 53 167 32 54 168 36 54 169 33 54 170 37 55 171 33 55 172 36 55 173 33 56 174 37 56 175 35 56 176 34 57 177 38 57 178 31 57 179 38 58 180 34 58 181 35 58 182 39 59 183 31 59 184 38 59 185 35 60 186 40 60 187 38 60 188 40 61 189 35 61 190 37 61 191 36 62 192 41 62 193 37 62 194 41 63 195 36 63 196 6 63 197 6 64 198 9 64 199 41 64 200 42 65 201 37 65 202 41 65 203 37 66 204 42 66 205 40 66 206 38 67 207 43 67 208 39 67 209 43 68 210 38 68 211 40 68 212 44 69 213 40 69 214 42 69 215 40 70 216 44 70 217 43 70 218 45 71 219 39 71 220 43 71 221 41 72 222 46 72 223 42 72 224 46 73 225 41 73 226 9 73 227 47 74 228 42 74 229 46 74 230 42 75 231 47 75 232 44 75 233 43 76 234 48 76 235 45 76 236 48 77 237 43 77 238 44 77 239 44 78 240 49 78 241 48 78 242 49 79 243 44 79 244 47 79 245 46 80 246 9 80 247 12 80 248 50 81 249 46 81 250 12 81 251 46 82 252 50 82 253 47 82 254 47 83 255 51 83 256 49 83 257 51 84 258 47 84 259 50 84 260 52 85 261 48 85 262 49 85 263 48 86 264 52 86 265 45 86 266 53 87 267 49 87 268 51 87 269 49 88 270 53 88 271 52 88 272 54 89 273 45 89 274 52 89 275 50 90 276 55 90 277 51 90 278 55 91 279 50 91 280 12 91 281 51 92 282 56 92 283 53 92 284 56 93 285 51 93 286 55 93 287 52 94 288 57 94 289 54 94 290 57 95 291 52 95 292 53 95 293 58 96 294 53 96 295 56 96 296 53 97 297 58 97 298 57 97 299 59 98 300 54 98 301 57 98 302 55 99 303 12 99 304 15 99 305 60 100 306 55 100 307 15 100 308 55 101 309 60 101 310 56 101 311 56 102 312 61 102 313 58 102 314 61 103 315 56 103 316 60 103 317 62 104 318 57 104 319 58 104 320 57 105 321 62 105 322 59 105 323 58 106 324 63 106 325 62 106 326 63 107 327 58 107 328 61 107 329 15 108 330 18 108 331 60 108 332 64 109 333 60 109 334 18 109 335 60 110 336 64 110 337 61 110 338 61 111 339 65 111 340 63 111 341 65 112 342 61 112 343 64 112 344 66 113 345 62 113 346 63 113 347 66 114 348 67 114 349 59 114 350 62 115 351 66 115 352 59 115 353 68 116 354 63 116 355 65 116 356 63 117 357 68 117 358 66 117 359 18 118 360 19 118 361 64 118 362 64 119 363 69 119 364 65 119 365 69 120 366 64 120 367 19 120 368 65 121 369 70 121 370 68 121 371 70 122 372 65 122 373 69 122 374 71 123 375 72 123 376 67 123 377 66 124 378 71 124 379 67 124 380 71 125 381 66 125 382 68 125 383 73 126 384 68 126 385 70 126 386 68 127 387 73 127 388 71 127 389 19 128 390 22 128 391 69 128 392 74 129 393 69 129 394 22 129 395 74 130 396 75 130 397 70 130 398 69 131 399 74 131 400 70 131 401 76 132 402 72 132 403 71 132 404 70 133 405 75 133 406 73 133 407 22 134 408 24 134 409 74 134 410 71 135 411 73 135 412 77 135 413 71 136 414 77 136 415 76 136 416 78 137 417 77 137 418 73 137 419 78 138 420 73 138 421 75 138 422 79 139 423 78 139 424 75 139 425 83 140 426 29 140 427 31 140 428 83 141 429 81 141 430 82 141 431 29 142 432 83 142 433 82 142 434 84 143 435 82 143 436 81 143 437 84 144 438 85 144 439 86 144 440 84 145 441 86 145 442 82 145 443 87 146 444 85 146 445 84 146 446 31 147 447 39 147 448 83 147 449 81 148 450 88 148 451 84 148 452 88 149 453 81 149 454 83 149 455 89 150 456 83 150 457 39 150 458 83 151 459 89 151 460 88 151 461 84 152 462 90 152 463 87 152 464 90 153 465 84 153 466 88 153 467 91 154 468 87 154 469 90 154 470 88 155 471 92 155 472 90 155 473 92 156 474 88 156 475 89 156 476 89 157 477 39 157 478 45 157 479 93 158 480 89 158 481 45 158 482 89 159 483 93 159 484 92 159 485 90 160 486 94 160 487 91 160 488 94 161 489 90 161 490 92 161 491 95 162 492 91 162 493 94 162 494 45 163 495 54 163 496 93 163 497 92 164 498 96 164 499 94 164 500 96 165 501 92 165 502 93 165 503 93 166 504 97 166 505 96 166 506 97 167 507 93 167 508 54 167 509 98 168 510 94 168 511 96 168 512 94 169 513 98 169 514 95 169 515 99 170 516 95 170 517 98 170 518 54 171 519 59 171 520 97 171 521 96 172 522 100 172 523 98 172 524 100 173 525 96 173 526 97 173 527 97 174 528 101 174 529 100 174 530 101 175 531 97 175 532 59 175 533 98 176 534 102 176 535 99 176 536 102 177 537 98 177 538 100 177 539 103 178 540 99 178 541 102 178 542 59 179 543 67 179 544 101 179 545 100 180 546 104 180 547 102 180 548 104 181 549 100 181 550 101 181 551 101 182 552 105 182 553 104 182 554 105 183 555 101 183 556 67 183 557 106 184 558 107 184 559 103 184 560 102 185 561 106 185 562 103 185 563 106 186 564 102 186 565 104 186 566 67 187 567 72 187 568 105 187 569 108 188 570 107 188 571 106 188 572 104 189 573 109 189 574 106 189 575 109 190 576 104 190 577 105 190 578 110 191 579 109 191 580 105 191 581 110 192 582 105 192 583 72 192 584 106 193 585 109 193 586 108 193 587 72 194 588 76 194 589 110 194 590 111 195 591 108 195 592 109 195 593 113 196 594 114 196 595 112 196 596 115 197 597 113 197 598 112 197 599 86 198 600 85 198 601 116 198 602 118 199 603 114 199 604 113 199 605 119 200 606 113 200 607 115 200 608 113 201 609 119 201 610 118 201 611 115 202 612 120 202 613 119 202 614 120 203 615 115 203 616 117 203 617 121 204 618 116 204 619 85 204 620 116 205 621 121 205 622 117 205 623 117 206 624 122 206 625 120 206 626 122 207 627 117 207 628 121 207 629 123 208 630 119 208 631 120 208 632 119 209 633 123 209 634 118 209 635 120 210 636 124 210 637 123 210 638 124 211 639 120 211 640 122 211 641 121 212 642 125 212 643 122 212 644 125 213 645 121 213 646 85 213 647 122 214 648 126 214 649 124 214 650 126 215 651 122 215 652 125 215 653 85 216 654 87 216 655 125 216 656 127 217 657 118 217 658 123 217 659 128 218 660 123 218 661 124 218 662 123 219 663 128 219 664 127 219 665 124 220 666 129 220 667 128 220 668 129 221 669 124 221 670 126 221 671 130 222 672 125 222 673 87 222 674 125 223 675 130 223 676 126 223 677 131 224 678 126 224 679 130 224 680 126 225 681 131 225 682 129 225 683 87 226 684 91 226 685 130 226 686 128 227 687 132 227 688 127 227 689 132 228 690 128 228 691 129 228 692 133 229 693 129 229 694 131 229 695 129 230 696 133 230 697 132 230 698 130 231 699 134 231 700 131 231 701 134 232 702 130 232 703 91 232 704 135 233 705 131 233 706 134 233 707 131 234 708 135 234 709 133 234 710 136 235 711 127 235 712 132 235 713 137 236 714 132 236 715 133 236 716 132 237 717 137 237 718 136 237 719 133 238 720 138 238 721 137 238 722 138 239 723 133 239 724 135 239 725 134 240 726 139 240 727 135 240 728 139 241 729 134 241 730 91 241 731 140 242 732 135 242 733 139 242 734 135 243 735 140 243 736 138 243 737 91 244 738 95 244 739 139 244 740 137 245 741 141 245 742 136 245 743 141 246 744 137 246 745 138 246 746 142 247 747 136 247 748 141 247 749 138 248 750 143 248 751 141 248 752 143 249 753 138 249 754 140 249 755 144 250 756 139 250 757 95 250 758 139 251 759 144 251 760 140 251 761 145 252 762 140 252 763 144 252 764 140 253 765 145 253 766 143 253 767 95 254 768 99 254 769 144 254 770 146 255 771 141 255 772 143 255 773 141 256 774 146 256 775 142 256 776 143 257 777 147 257 778 146 257 779 147 258 780 143 258 781 145 258 782 144 259 783 148 259 784 145 259 785 148 260 786 144 260 787 99 260 788 149 261 789 145 261 790 148 261 791 145 262 792 149 262 793 147 262 794 150 263 795 142 263 796 146 263 797 146 264 798 151 264 799 150 264 800 151 265 801 146 265 802 147 265 803 147 266 804 152 266 805 151 266 806 152 267 807 147 267 808 149 267 809 148 268 810 153 268 811 149 268 812 148 269 813 99 269 814 103 269 815 153 270 816 148 270 817 103 270 818 154 271 819 149 271 820 153 271 821 149 272 822 154 272 823 152 272 824 155 273 825 151 273 826 152 273 827 155 274 828 156 274 829 150 274 830 151 275 831 155 275 832 150 275 833 152 276 834 157 276 835 155 276 836 157 277 837 152 277 838 154 277 839 153 278 840 103 278 841 107 278 842 158 279 843 153 279 844 107 279 845 153 280 846 158 280 847 154 280 848 154 281 849 159 281 850 157 281 851 159 282 852 154 282 853 158 282 854 160 283 855 156 283 856 155 283 857 155 284 858 161 284 859 160 284 860 161 285 861 155 285 862 157 285 863 157 286 864 162 286 865 161 286 866 162 287 867 157 287 868 159 287 869 158 288 870 163 288 871 159 288 872 158 289 873 107 289 874 108 289 875 163 290 876 158 290 877 108 290 878 164 291 879 159 291 880 163 291 881 159 292 882 164 292 883 162 292 884 161 293 885 162 293 886 165 293 887 165 294 888 166 294 889 160 294 890 161 295 891 165 295 892 160 295 893 167 296 894 162 296 895 164 296 896 167 297 897 165 297 898 162 297 899 108 298 900 111 298 901 163 298 902 168 299 903 163 299 904 111 299 905 163 300 906 168 300 907 164 300 908 164 301 909 169 301 910 167 301 911 164 302 912 168 302 913 169 302 914 170 303 915 167 303 916 169 303 917 171 304 918 462 304 919 172 304 920 463 305 921 462 305 922 171 305 923 173 306 924 171 306 925 172 306 926 114 307 927 173 307 928 172 307 929 173 308 930 114 308 931 118 308 932 118 309 933 127 309 934 173 309 935 174 310 936 171 310 937 173 310 938 171 311 939 174 311 940 463 311 941 175 312 942 463 312 943 174 312 944 173 313 945 176 313 946 174 313 947 176 314 948 173 314 949 127 314 950 127 315 951 136 315 952 176 315 953 177 316 954 174 316 955 176 316 956 174 317 957 177 317 958 175 317 959 178 318 960 175 318 961 177 318 962 176 319 963 179 319 964 177 319 965 179 320 966 176 320 967 136 320 968 136 321 969 142 321 970 179 321 971 180 322 972 177 322 973 179 322 974 177 323 975 180 323 976 178 323 977 181 324 978 178 324 979 180 324 980 179 325 981 182 325 982 180 325 983 182 326 984 179 326 985 142 326 986 142 327 987 150 327 988 182 327 989 180 328 990 183 328 991 181 328 992 183 329 993 180 329 994 182 329 995 184 330 996 181 330 997 183 330 998 182 331 999 185 331 1000 183 331 1001 182 332 1002 150 332 1003 156 332 1004 185 333 1005 182 333 1006 156 333 1007 156 334 1008 160 334 1009 185 334 1010 183 335 1011 186 335 1012 184 335 1013 186 336 1014 183 336 1015 185 336 1016 187 337 1017 185 337 1018 160 337 1019 187 338 1020 186 338 1021 185 338 1022 160 339 1023 166 339 1024 187 339 1025 454 340 1026 172 340 1027 462 340 1028 190 341 1029 114 341 1030 172 341 1031 190 340 1032 172 340 1033 454 340 1034 191 342 1035 112 342 1036 114 342 1037 191 343 1038 114 343 1039 190 343 1040 112 344 1041 192 344 1042 86 344 1043 192 345 1044 112 345 1045 191 345 1046 86 346 1047 193 346 1048 82 346 1049 193 347 1050 86 347 1051 192 347 1052 454 348 1053 450 348 1054 190 348 1055 194 349 1056 190 349 1057 450 349 1058 190 350 1059 194 350 1060 191 350 1061 191 351 1062 195 351 1063 192 351 1064 195 352 1065 191 352 1066 194 352 1067 196 353 1068 192 353 1069 195 353 1070 192 354 1071 196 354 1072 193 354 1073 193 355 1074 197 355 1075 82 355 1076 197 356 1077 193 356 1078 196 356 1079 450 357 1080 446 357 1081 194 357 1082 198 358 1083 194 358 1084 446 358 1085 194 359 1086 198 359 1087 195 359 1088 199 360 1089 195 360 1090 198 360 1091 195 361 1092 199 361 1093 196 361 1094 200 362 1095 196 362 1096 199 362 1097 196 363 1098 200 363 1099 197 363 1100 201 364 1101 197 364 1102 200 364 1103 197 365 1104 201 365 1105 82 365 1106 446 366 1107 442 366 1108 198 366 1109 202 367 1110 198 367 1111 442 367 1112 198 368 1113 202 368 1114 199 368 1115 203 369 1116 199 369 1117 202 369 1118 199 370 1119 203 370 1120 200 370 1121 200 371 1122 204 371 1123 201 371 1124 204 372 1125 200 372 1126 203 372 1127 201 373 1128 205 373 1129 82 373 1130 205 374 1131 201 374 1132 204 374 1133 442 375 1134 438 375 1135 202 375 1136 206 376 1137 202 376 1138 438 376 1139 202 377 1140 206 377 1141 203 377 1142 207 378 1143 203 378 1144 206 378 1145 203 379 1146 207 379 1147 204 379 1148 208 380 1149 204 380 1150 207 380 1151 204 381 1152 208 381 1153 205 381 1154 209 382 1155 205 382 1156 208 382 1157 205 383 1158 209 383 1159 82 383 1160 438 384 1161 434 384 1162 206 384 1163 210 384 1164 206 384 1165 434 384 1166 206 385 1167 210 385 1168 207 385 1169 207 386 1170 211 386 1171 208 386 1172 211 387 1173 207 387 1174 210 387 1175 212 388 1176 208 388 1177 211 388 1178 208 389 1179 212 389 1180 209 389 1181 209 390 1182 213 390 1183 82 390 1184 213 391 1185 209 391 1186 212 391 1187 434 392 1188 430 392 1189 210 392 1190 214 393 1191 210 393 1192 430 393 1193 210 394 1194 214 394 1195 211 394 1196 211 395 1197 215 395 1198 212 395 1199 215 396 1200 211 396 1201 214 396 1202 216 397 1203 212 397 1204 215 397 1205 212 398 1206 216 398 1207 213 398 1208 217 399 1209 213 399 1210 216 399 1211 213 400 1212 217 400 1213 82 400 1214 430 401 1215 426 401 1216 214 401 1217 214 402 1218 218 402 1219 215 402 1220 218 403 1221 214 403 1222 426 403 1223 215 404 1224 219 404 1225 216 404 1226 219 405 1227 215 405 1228 218 405 1229 220 406 1230 216 406 1231 219 406 1232 216 407 1233 220 407 1234 217 407 1235 221 408 1236 217 408 1237 220 408 1238 217 409 1239 221 409 1240 82 409 1241 426 410 1242 632 410 1243 218 410 1244 632 411 1245 0 411 1246 218 411 1247 219 412 1248 5 412 1249 220 412 1250 221 413 1251 25 413 1252 29 413 1253 82 414 1254 221 414 1255 29 414 1256 25 415 1257 220 415 1258 5 415 1259 220 416 1260 25 416 1261 221 416 1262 222 417 1263 223 417 1264 224 417 1265 225 418 1266 222 418 1267 224 418 1268 422 419 1269 224 419 1270 223 419 1271 226 420 1272 224 420 1273 422 420 1274 422 421 1275 419 421 1276 226 421 1277 227 422 1278 226 422 1279 419 422 1280 419 423 1281 418 423 1282 227 423 1283 228 424 1284 227 424 1285 418 424 1286 418 425 1287 417 425 1288 228 425 1289 229 426 1290 228 426 1291 417 426 1292 417 426 1293 416 426 1294 229 426 1295 230 427 1296 229 427 1297 416 427 1298 416 428 1299 415 428 1300 230 428 1301 231 429 1302 230 429 1303 415 429 1304 415 430 1305 414 430 1306 231 430 1307 232 431 1308 231 431 1309 414 431 1310 414 432 1311 413 432 1312 232 432 1313 233 433 1314 232 433 1315 413 433 1316 413 434 1317 412 434 1318 233 434 1319 234 435 1320 233 435 1321 412 435 1322 412 436 1323 411 436 1324 234 436 1325 235 437 1326 234 437 1327 411 437 1328 411 438 1329 410 438 1330 235 438 1331 236 439 1332 235 439 1333 410 439 1334 410 440 1335 409 440 1336 236 440 1337 237 441 1338 236 441 1339 409 441 1340 409 442 1341 408 442 1342 237 442 1343 238 443 1344 237 443 1345 408 443 1346 408 444 1347 407 444 1348 238 444 1349 239 445 1350 238 445 1351 407 445 1352 407 446 1353 406 446 1354 239 446 1355 240 447 1356 239 447 1357 406 447 1358 406 448 1359 405 448 1360 240 448 1361 240 449 1362 405 449 1363 188 449 1364 240 450 1365 188 450 1366 241 450 1367 240 451 1368 241 451 1369 189 451 1370 240 452 1371 189 452 1372 80 452 1373 242 453 1374 240 453 1375 80 453 1376 244 454 1377 225 454 1378 224 454 1379 245 455 1380 244 455 1381 224 455 1382 247 456 1383 246 456 1384 245 456 1385 224 457 1386 226 457 1387 245 457 1388 245 458 1389 226 458 1390 227 458 1391 248 459 1392 245 459 1393 227 459 1394 248 460 1395 249 460 1396 247 460 1397 245 461 1398 248 461 1399 247 461 1400 250 462 1401 249 462 1402 248 462 1403 227 463 1404 228 463 1405 248 463 1406 251 464 1407 252 464 1408 250 464 1409 248 465 1410 251 465 1411 250 465 1412 251 466 1413 248 466 1414 228 466 1415 228 467 1416 229 467 1417 251 467 1418 253 468 1419 252 468 1420 251 468 1421 251 469 1422 229 469 1423 230 469 1424 254 470 1425 251 470 1426 230 470 1427 251 471 1428 254 471 1429 253 471 1430 255 472 1431 253 472 1432 254 472 1433 230 473 1434 231 473 1435 254 473 1436 254 474 1437 231 474 1438 232 474 1439 256 475 1440 254 475 1441 232 475 1442 256 476 1443 257 476 1444 255 476 1445 254 477 1446 256 477 1447 255 477 1448 232 478 1449 233 478 1450 256 478 1451 258 479 1452 257 479 1453 256 479 1454 256 480 1455 233 480 1456 234 480 1457 259 481 1458 256 481 1459 234 481 1460 259 482 1461 260 482 1462 258 482 1463 256 483 1464 259 483 1465 258 483 1466 234 484 1467 235 484 1468 259 484 1469 261 485 1470 260 485 1471 259 485 1472 259 486 1473 235 486 1474 236 486 1475 262 487 1476 259 487 1477 236 487 1478 259 488 1479 262 488 1480 261 488 1481 263 489 1482 261 489 1483 262 489 1484 236 490 1485 237 490 1486 262 490 1487 264 491 1488 265 491 1489 263 491 1490 262 492 1491 264 492 1492 263 492 1493 264 493 1494 262 493 1495 237 493 1496 237 494 1497 238 494 1498 264 494 1499 266 495 1500 265 495 1501 264 495 1502 267 496 1503 268 496 1504 266 496 1505 264 497 1506 267 497 1507 266 497 1508 264 498 1509 238 498 1510 239 498 1511 267 499 1512 264 499 1513 239 499 1514 239 500 1515 240 500 1516 267 500 1517 269 501 1518 268 501 1519 267 501 1520 267 502 1521 242 502 1522 269 502 1523 267 503 1524 240 503 1525 242 503 1526 270 504 1527 269 504 1528 242 504 1529 79 505 1530 243 505 1531 271 505 1532 246 506 1533 271 506 1534 243 506 1535 272 507 1536 271 507 1537 246 507 1538 246 508 1539 247 508 1540 272 508 1541 273 509 1542 272 509 1543 247 509 1544 247 510 1545 249 510 1546 273 510 1547 274 511 1548 273 511 1549 249 511 1550 249 512 1551 250 512 1552 274 512 1553 274 513 1554 250 513 1555 252 513 1556 275 514 1557 274 514 1558 252 514 1559 252 515 1560 253 515 1561 275 515 1562 276 516 1563 275 516 1564 253 516 1565 253 517 1566 255 517 1567 276 517 1568 277 518 1569 276 518 1570 255 518 1571 255 519 1572 257 519 1573 277 519 1574 278 520 1575 277 520 1576 257 520 1577 257 521 1578 258 521 1579 278 521 1580 279 522 1581 278 522 1582 258 522 1583 258 523 1584 260 523 1585 279 523 1586 280 524 1587 279 524 1588 260 524 1589 260 525 1590 261 525 1591 280 525 1592 281 526 1593 280 526 1594 261 526 1595 261 527 1596 263 527 1597 281 527 1598 281 528 1599 263 528 1600 265 528 1601 282 529 1602 281 529 1603 265 529 1604 265 530 1605 266 530 1606 282 530 1607 283 531 1608 282 531 1609 266 531 1610 266 532 1611 268 532 1612 283 532 1613 284 533 1614 283 533 1615 268 533 1616 268 534 1617 269 534 1618 284 534 1619 285 535 1620 284 535 1621 269 535 1622 269 536 1623 270 536 1624 285 536 1625 285 537 1626 270 537 1627 286 537 1628 284 538 1629 285 538 1630 287 538 1631 288 539 1632 289 539 1633 290 539 1634 288 540 1635 290 540 1636 287 540 1637 288 541 1638 287 541 1639 285 541 1640 285 542 1641 286 542 1642 288 542 1643 291 543 1644 289 543 1645 288 543 1646 288 544 1647 292 544 1648 291 544 1649 288 545 1650 286 545 1651 292 545 1652 293 546 1653 291 546 1654 292 546 1655 294 547 1656 293 547 1657 292 547 1658 292 548 1659 168 548 1660 294 548 1661 294 549 1662 168 549 1663 295 549 1664 297 550 1665 295 550 1666 296 550 1667 300 551 1668 299 551 1669 298 551 1670 298 552 1671 301 552 1672 300 552 1673 302 553 1674 300 553 1675 301 553 1676 301 554 1677 303 554 1678 302 554 1679 304 555 1680 302 555 1681 303 555 1682 79 556 1683 271 556 1684 303 556 1685 303 557 1686 271 557 1687 272 557 1688 303 558 1689 272 558 1690 305 558 1691 303 559 1692 305 559 1693 304 559 1694 306 560 1695 304 560 1696 305 560 1697 297 561 1698 299 561 1699 295 561 1700 294 562 1701 295 562 1702 299 562 1703 299 563 1704 300 563 1705 294 563 1706 293 564 1707 294 564 1708 300 564 1709 300 565 1710 302 565 1711 293 565 1712 291 566 1713 293 566 1714 302 566 1715 302 567 1716 304 567 1717 291 567 1718 289 568 1719 291 568 1720 304 568 1721 304 569 1722 306 569 1723 289 569 1724 290 570 1725 289 570 1726 306 570 1727 306 571 1728 307 571 1729 290 571 1730 308 572 1731 290 572 1732 307 572 1733 307 573 1734 309 573 1735 308 573 1736 310 574 1737 308 574 1738 309 574 1739 309 575 1740 311 575 1741 310 575 1742 312 576 1743 310 576 1744 311 576 1745 311 577 1746 313 577 1747 312 577 1748 314 578 1749 312 578 1750 313 578 1751 313 579 1752 315 579 1753 314 579 1754 316 579 1755 314 579 1756 315 579 1757 272 580 1758 273 580 1759 305 580 1760 317 581 1761 305 581 1762 273 581 1763 317 582 1764 307 582 1765 306 582 1766 317 583 1767 306 583 1768 305 583 1769 273 584 1770 274 584 1771 317 584 1772 309 585 1773 307 585 1774 317 585 1775 318 586 1776 311 586 1777 309 586 1778 317 587 1779 318 587 1780 309 587 1781 317 588 1782 274 588 1783 275 588 1784 318 589 1785 317 589 1786 275 589 1787 275 590 1788 276 590 1789 318 590 1790 313 591 1791 311 591 1792 318 591 1793 318 592 1794 276 592 1795 277 592 1796 319 593 1797 318 593 1798 277 593 1799 318 594 1800 319 594 1801 313 594 1802 315 595 1803 313 595 1804 319 595 1805 277 596 1806 278 596 1807 319 596 1808 320 597 1809 319 597 1810 278 597 1811 320 598 1812 316 598 1813 315 598 1814 319 599 1815 320 599 1816 315 599 1817 278 600 1818 279 600 1819 320 600 1820 314 601 1821 316 601 1822 320 601 1823 320 602 1824 279 602 1825 280 602 1826 321 603 1827 320 603 1828 280 603 1829 320 604 1830 321 604 1831 314 604 1832 312 605 1833 314 605 1834 321 605 1835 280 606 1836 281 606 1837 321 606 1838 322 607 1839 310 607 1840 312 607 1841 321 608 1842 322 608 1843 312 608 1844 321 609 1845 281 609 1846 282 609 1847 322 610 1848 321 610 1849 282 610 1850 308 611 1851 310 611 1852 322 611 1853 282 612 1854 283 612 1855 322 612 1856 322 613 1857 283 613 1858 284 613 1859 322 614 1860 284 614 1861 287 614 1862 322 615 1863 287 615 1864 308 615 1865 290 616 1866 308 616 1867 287 616 1868 167 617 1869 270 617 1870 242 617 1871 242 618 1872 165 618 1873 167 618 1874 170 619 1875 286 619 1876 270 619 1877 170 620 1878 270 620 1879 167 620 1880 292 621 1881 286 621 1882 170 621 1883 168 622 1884 292 622 1885 170 622 1886 168 623 1887 111 623 1888 295 623 1889 170 624 1890 169 624 1891 168 624 1892 301 625 1893 298 625 1894 303 625 1895 78 626 1896 303 626 1897 298 626 1898 303 627 1899 78 627 1900 79 627 1901 297 628 1902 76 628 1903 298 628 1904 298 629 1905 77 629 1906 78 629 1907 298 630 1908 76 630 1909 77 630 1910 75 631 1911 243 631 1912 79 631 1913 24 632 1914 225 632 1915 244 632 1916 244 633 1917 74 633 1918 24 633 1919 74 634 1920 244 634 1921 243 634 1922 243 635 1923 75 635 1924 74 635 1925 225 636 1926 24 636 1927 222 636 1928 186 637 1929 241 637 1930 188 637 1931 186 638 1932 187 638 1933 241 638 1934 187 639 1935 189 639 1936 241 639 1937 166 640 1938 189 640 1939 187 640 1940 80 641 1941 189 641 1942 166 641 1943 80 642 1944 166 642 1945 165 642 1946 80 643 1947 165 643 1948 242 643 1949 109 644 1950 295 644 1951 111 644 1952 109 645 1953 296 645 1954 295 645 1955 109 646 1956 110 646 1957 296 646 1958 76 647 1959 296 647 1960 110 647 1961 76 648 1962 297 648 1963 296 648 1964 297 649 1965 298 649 1966 299 649 1967 244 650 1968 245 650 1969 246 650 1970 243 651 1971 244 651 1972 246 651 1973 5 652 1974 219 652 1975 218 652 1976 2 653 1977 5 653 1978 218 653 1979 0 654 1980 2 654 1981 218 654 1982 86 655 1983 117 655 1984 112 655 1985 112 656 1986 117 656 1987 115 656 1988 86 657 1989 116 657 1990 117 657 1991 548 658 1992 517 658 1993 518 658 1994 522 659 1995 519 659 1996 517 659 1997 548 660 1998 522 660 1999 517 660 2000 632 661 2001 426 661 2002 630 661 2003 630 662 2004 426 662 2005 627 662 2006 627 663 2007 426 663 2008 425 663 2009 402 664 2010 399 664 2011 401 664 2012 401 665 2013 399 665 2014 400 665 2015 348 666 2016 346 666 2017 347 666 2018 558 667 2019 349 667 2020 348 667 2021 558 668 2022 524 668 2023 349 668 2024 525 669 2025 349 669 2026 524 669 2027 525 670 2028 350 670 2029 349 670 2030 525 671 2031 523 671 2032 350 671 2033 554 672 2034 403 672 2035 469 672 2036 554 673 2037 469 673 2038 468 673 2039 554 674 2040 468 674 2041 455 674 2042 468 675 2043 456 675 2044 455 675 2045 456 676 2046 404 676 2047 455 676 2048 186 677 2049 404 677 2050 456 677 2051 186 678 2052 188 678 2053 404 678 2054 420 679 2055 421 679 2056 610 679 2057 402 680 2058 560 680 2059 559 680 2060 560 681 2061 402 681 2062 401 681 2063 401 682 2064 610 682 2065 560 682 2066 610 683 2067 401 683 2068 420 683 2069 559 684 2070 555 684 2071 402 684 2072 347 685 2073 557 685 2074 558 685 2075 347 686 2076 556 686 2077 557 686 2078 348 687 2079 347 687 2080 558 687 2081 342 688 2082 555 688 2083 556 688 2084 556 689 2085 347 689 2086 342 689 2087 344 690 2088 342 690 2089 347 690 2090 464 691 2091 466 691 2092 465 691 2093 466 692 2094 350 692 2095 523 692 2096 466 693 2097 464 693 2098 353 693 2099 353 694 2100 464 694 2101 359 694 2102 464 695 2103 467 695 2104 375 695 2105 464 696 2106 375 696 2107 359 696 2108 403 697 2109 467 697 2110 469 697 2111 467 698 2112 403 698 2113 375 698 2114 355 699 2115 358 699 2116 337 699 2117 323 700 2118 337 700 2119 358 700 2120 323 701 2121 358 701 2122 361 701 2123 323 702 2124 361 702 2125 362 702 2126 363 703 2127 323 703 2128 362 703 2129 337 704 2130 323 704 2131 335 704 2132 323 705 2133 363 705 2134 324 705 2135 324 706 2136 363 706 2137 364 706 2138 324 707 2139 333 707 2140 323 707 2141 323 708 2142 333 708 2143 335 708 2144 365 709 2145 324 709 2146 364 709 2147 333 710 2148 324 710 2149 331 710 2150 325 711 2151 331 711 2152 324 711 2153 324 712 2154 365 712 2155 325 712 2156 325 713 2157 365 713 2158 366 713 2159 331 714 2160 325 714 2161 329 714 2162 367 715 2163 325 715 2164 366 715 2165 326 716 2166 330 716 2167 325 716 2168 325 717 2169 330 717 2170 329 717 2171 325 718 2172 367 718 2173 326 718 2174 368 719 2175 326 719 2176 367 719 2177 330 720 2178 326 720 2179 332 720 2180 327 721 2181 332 721 2182 326 721 2183 326 722 2184 368 722 2185 327 722 2186 327 723 2187 368 723 2188 369 723 2189 332 724 2190 327 724 2191 334 724 2192 370 725 2193 327 725 2194 369 725 2195 327 726 2196 370 726 2197 328 726 2198 328 727 2199 370 727 2200 371 727 2201 328 728 2202 336 728 2203 327 728 2204 327 729 2205 336 729 2206 334 729 2207 336 730 2208 328 730 2209 338 730 2210 372 731 2211 328 731 2212 371 731 2213 328 732 2214 340 732 2215 339 732 2216 328 733 2217 339 733 2218 338 733 2219 328 734 2220 372 734 2221 340 734 2222 373 735 2223 340 735 2224 372 735 2225 329 736 2226 330 736 2227 331 736 2228 332 737 2229 331 737 2230 330 737 2231 331 738 2232 332 738 2233 333 738 2234 334 739 2235 333 739 2236 332 739 2237 333 740 2238 334 740 2239 335 740 2240 336 741 2241 335 741 2242 334 741 2243 335 742 2244 336 742 2245 337 742 2246 338 743 2247 337 743 2248 336 743 2249 337 744 2250 338 744 2251 355 744 2252 339 745 2253 355 745 2254 338 745 2255 355 746 2256 339 746 2257 356 746 2258 341 747 2259 356 747 2260 339 747 2261 356 748 2262 341 748 2263 354 748 2264 343 749 2265 354 749 2266 341 749 2267 354 750 2268 343 750 2269 352 750 2270 345 751 2271 352 751 2272 343 751 2273 352 752 2274 345 752 2275 351 752 2276 346 753 2277 351 753 2278 345 753 2279 351 754 2280 346 754 2281 350 754 2282 348 755 2283 350 755 2284 346 755 2285 339 756 2286 340 756 2287 341 756 2288 342 757 2289 341 757 2290 340 757 2291 342 758 2292 340 758 2293 373 758 2294 342 759 2295 373 759 2296 374 759 2297 555 760 2298 342 760 2299 374 760 2300 341 761 2301 342 761 2302 343 761 2303 344 762 2304 343 762 2305 342 762 2306 343 763 2307 344 763 2308 345 763 2309 347 764 2310 345 764 2311 344 764 2312 345 765 2313 347 765 2314 346 765 2315 348 766 2316 349 766 2317 350 766 2318 351 767 2319 350 767 2320 466 767 2321 353 768 2322 351 768 2323 466 768 2324 351 769 2325 353 769 2326 352 769 2327 352 770 2328 353 770 2329 354 770 2330 357 771 2331 353 771 2332 359 771 2333 357 772 2334 354 772 2335 353 772 2336 354 773 2337 357 773 2338 356 773 2339 360 774 2340 357 774 2341 359 774 2342 357 775 2343 360 775 2344 358 775 2345 357 776 2346 358 776 2347 355 776 2348 357 777 2349 355 777 2350 356 777 2351 361 778 2352 358 778 2353 360 778 2354 360 779 2355 359 779 2356 375 779 2357 376 780 2358 360 780 2359 375 780 2360 360 781 2361 376 781 2362 361 781 2363 377 782 2364 361 782 2365 376 782 2366 361 783 2367 377 783 2368 362 783 2369 379 784 2370 362 784 2371 377 784 2372 362 785 2373 379 785 2374 363 785 2375 380 786 2376 363 786 2377 379 786 2378 363 787 2379 380 787 2380 364 787 2381 364 788 2382 380 788 2383 382 788 2384 384 789 2385 364 789 2386 382 789 2387 364 790 2388 384 790 2389 365 790 2390 385 791 2391 365 791 2392 384 791 2393 365 792 2394 385 792 2395 366 792 2396 387 793 2397 366 793 2398 385 793 2399 366 794 2400 387 794 2401 367 794 2402 388 795 2403 367 795 2404 387 795 2405 367 796 2406 388 796 2407 368 796 2408 390 797 2409 368 797 2410 388 797 2411 368 798 2412 390 798 2413 369 798 2414 392 799 2415 369 799 2416 390 799 2417 369 800 2418 392 800 2419 370 800 2420 393 801 2421 370 801 2422 392 801 2423 370 802 2424 393 802 2425 371 802 2426 371 803 2427 393 803 2428 395 803 2429 396 804 2430 371 804 2431 395 804 2432 371 805 2433 396 805 2434 372 805 2435 398 806 2436 372 806 2437 396 806 2438 372 807 2439 398 807 2440 373 807 2441 399 808 2442 373 808 2443 398 808 2444 373 809 2445 399 809 2446 374 809 2447 399 810 2448 402 810 2449 374 810 2450 555 811 2451 374 811 2452 402 811 2453 375 812 2454 403 812 2455 376 812 2456 378 813 2457 403 813 2458 405 813 2459 378 814 2460 376 814 2461 403 814 2462 376 815 2463 378 815 2464 377 815 2465 406 816 2466 378 816 2467 405 816 2468 378 817 2469 406 817 2470 381 817 2471 381 818 2472 406 818 2473 407 818 2474 381 819 2475 379 819 2476 378 819 2477 378 820 2478 379 820 2479 377 820 2480 379 821 2481 381 821 2482 380 821 2483 408 822 2484 381 822 2485 407 822 2486 381 823 2487 408 823 2488 383 823 2489 383 824 2490 382 824 2491 381 824 2492 381 825 2493 382 825 2494 380 825 2495 409 826 2496 383 826 2497 408 826 2498 382 827 2499 383 827 2500 384 827 2501 386 828 2502 384 828 2503 383 828 2504 383 829 2505 409 829 2506 386 829 2507 386 830 2508 409 830 2509 410 830 2510 384 831 2511 386 831 2512 385 831 2513 411 832 2514 386 832 2515 410 832 2516 389 833 2517 387 833 2518 386 833 2519 386 834 2520 387 834 2521 385 834 2522 386 835 2523 411 835 2524 389 835 2525 389 836 2526 411 836 2527 412 836 2528 387 837 2529 389 837 2530 388 837 2531 413 838 2532 389 838 2533 412 838 2534 391 839 2535 390 839 2536 389 839 2537 389 840 2538 390 840 2539 388 840 2540 389 841 2541 413 841 2542 391 841 2543 391 842 2544 413 842 2545 414 842 2546 415 843 2547 391 843 2548 414 843 2549 390 844 2550 391 844 2551 392 844 2552 394 845 2553 392 845 2554 391 845 2555 391 846 2556 415 846 2557 394 846 2558 394 847 2559 415 847 2560 416 847 2561 392 848 2562 394 848 2563 393 848 2564 417 849 2565 394 849 2566 416 849 2567 394 850 2568 417 850 2569 397 850 2570 397 851 2571 395 851 2572 394 851 2573 394 852 2574 395 852 2575 393 852 2576 418 853 2577 397 853 2578 417 853 2579 395 854 2580 397 854 2581 396 854 2582 400 855 2583 398 855 2584 397 855 2585 397 856 2586 398 856 2587 396 856 2588 397 857 2589 418 857 2590 400 857 2591 400 858 2592 418 858 2593 419 858 2594 422 859 2595 400 859 2596 419 859 2597 398 860 2598 400 860 2599 399 860 2600 400 861 2601 422 861 2602 401 861 2603 401 862 2604 422 862 2605 420 862 2606 403 863 2607 554 863 2608 405 863 2609 405 864 2610 554 864 2611 455 864 2612 405 865 2613 455 865 2614 404 865 2615 405 866 2616 404 866 2617 188 866 2618 424 867 2619 423 867 2620 609 867 2621 609 868 2622 627 868 2623 424 868 2624 552 869 2625 605 869 2626 423 869 2627 423 870 2628 605 870 2629 609 870 2630 425 871 2631 424 871 2632 627 871 2633 427 872 2634 552 872 2635 423 872 2636 423 873 2637 424 873 2638 427 873 2639 428 874 2640 427 874 2641 424 874 2642 424 875 2643 425 875 2644 428 875 2645 425 876 2646 426 876 2647 429 876 2648 429 877 2649 428 877 2650 425 877 2651 430 878 2652 429 878 2653 426 878 2654 431 879 2655 552 879 2656 427 879 2657 427 880 2658 428 880 2659 431 880 2660 432 881 2661 431 881 2662 428 881 2663 428 882 2664 429 882 2665 432 882 2666 429 883 2667 430 883 2668 433 883 2669 433 884 2670 432 884 2671 429 884 2672 434 885 2673 433 885 2674 430 885 2675 431 886 2676 432 886 2677 435 886 2678 435 887 2679 552 887 2680 431 887 2681 436 888 2682 435 888 2683 432 888 2684 432 889 2685 433 889 2686 436 889 2687 433 890 2688 434 890 2689 437 890 2690 437 891 2691 436 891 2692 433 891 2693 438 892 2694 437 892 2695 434 892 2696 439 893 2697 552 893 2698 435 893 2699 435 894 2700 436 894 2701 439 894 2702 440 895 2703 439 895 2704 436 895 2705 436 896 2706 437 896 2707 440 896 2708 441 897 2709 440 897 2710 437 897 2711 437 898 2712 438 898 2713 441 898 2714 442 899 2715 441 899 2716 438 899 2717 439 900 2718 440 900 2719 443 900 2720 443 901 2721 552 901 2722 439 901 2723 440 902 2724 441 902 2725 444 902 2726 444 903 2727 443 903 2728 440 903 2729 445 904 2730 444 904 2731 441 904 2732 441 905 2733 442 905 2734 445 905 2735 446 906 2736 445 906 2737 442 906 2738 447 907 2739 552 907 2740 443 907 2741 443 908 2742 444 908 2743 447 908 2744 448 909 2745 447 909 2746 444 909 2747 444 910 2748 445 910 2749 448 910 2750 449 911 2751 448 911 2752 445 911 2753 445 912 2754 446 912 2755 449 912 2756 450 913 2757 449 913 2758 446 913 2759 447 914 2760 448 914 2761 451 914 2762 451 915 2763 552 915 2764 447 915 2765 452 916 2766 451 916 2767 448 916 2768 448 917 2769 449 917 2770 452 917 2771 449 918 2772 450 918 2773 453 918 2774 453 919 2775 452 919 2776 449 919 2777 454 920 2778 453 920 2779 450 920 2780 451 921 2781 452 921 2782 548 921 2783 548 922 2784 552 922 2785 451 922 2786 452 923 2787 453 923 2788 522 923 2789 522 924 2790 548 924 2791 452 924 2792 453 925 2793 454 925 2794 520 925 2795 453 926 2796 520 926 2797 522 926 2798 454 927 2799 462 927 2800 520 927 2801 474 928 2802 456 928 2803 468 928 2804 456 929 2805 457 929 2806 186 929 2807 456 930 2808 474 930 2809 457 930 2810 186 931 2811 457 931 2812 184 931 2813 478 932 2814 457 932 2815 474 932 2816 457 933 2817 478 933 2818 458 933 2819 458 934 2820 478 934 2821 484 934 2822 458 935 2823 184 935 2824 457 935 2825 184 936 2826 458 936 2827 181 936 2828 492 937 2829 458 937 2830 484 937 2831 458 938 2832 492 938 2833 459 938 2834 459 939 2835 181 939 2836 458 939 2837 181 940 2838 459 940 2839 178 940 2840 498 941 2841 459 941 2842 492 941 2843 459 942 2844 498 942 2845 460 942 2846 460 943 2847 178 943 2848 459 943 2849 178 944 2850 460 944 2851 175 944 2852 507 945 2853 460 945 2854 498 945 2855 460 946 2856 507 946 2857 461 946 2858 461 947 2859 175 947 2860 460 947 2861 175 948 2862 461 948 2863 463 948 2864 516 949 2865 461 949 2866 507 949 2867 461 950 2868 516 950 2869 520 950 2870 520 951 2871 462 951 2872 461 951 2873 461 952 2874 462 952 2875 463 952 2876 464 953 2877 465 953 2878 467 953 2879 470 954 2880 465 954 2881 466 954 2882 470 955 2883 467 955 2884 465 955 2885 471 956 2886 470 956 2887 466 956 2888 466 957 2889 523 957 2890 471 957 2891 526 958 2892 471 958 2893 523 958 2894 467 959 2895 472 959 2896 469 959 2897 467 960 2898 470 960 2899 472 960 2900 473 961 2901 474 961 2902 469 961 2903 469 962 2904 474 962 2905 468 962 2906 473 963 2907 469 963 2908 472 963 2909 475 964 2910 472 964 2911 470 964 2912 470 965 2913 471 965 2914 475 965 2915 471 966 2916 526 966 2917 476 966 2918 476 967 2919 526 967 2920 527 967 2921 476 968 2922 475 968 2923 471 968 2924 472 969 2925 475 969 2926 477 969 2927 477 970 2928 473 970 2929 472 970 2930 473 971 2931 477 971 2932 479 971 2933 479 972 2934 474 972 2935 473 972 2936 474 973 2937 479 973 2938 478 973 2939 475 974 2940 476 974 2941 480 974 2942 480 975 2943 477 975 2944 475 975 2945 481 976 2946 480 976 2947 476 976 2948 476 977 2949 527 977 2950 481 977 2951 481 978 2952 527 978 2953 531 978 2954 477 979 2955 480 979 2956 482 979 2957 482 980 2958 479 980 2959 477 980 2960 483 981 2961 484 981 2962 479 981 2963 479 982 2964 484 982 2965 478 982 2966 479 983 2967 482 983 2968 483 983 2969 485 984 2970 482 984 2971 480 984 2972 480 985 2973 481 985 2974 485 985 2975 481 986 2976 531 986 2977 486 986 2978 486 987 2979 531 987 2980 535 987 2981 486 988 2982 485 988 2983 481 988 2984 482 989 2985 485 989 2986 487 989 2987 487 990 2988 483 990 2989 482 990 2990 483 991 2991 487 991 2992 488 991 2993 488 992 2994 484 992 2995 483 992 2996 484 993 2997 488 993 2998 492 993 2999 489 994 3000 487 994 3001 485 994 3002 485 995 3003 486 995 3004 489 995 3005 486 996 3006 535 996 3007 490 996 3008 490 997 3009 489 997 3010 486 997 3011 487 998 3012 489 998 3013 491 998 3014 491 999 3015 488 999 3016 487 999 3017 493 1000 3018 492 1000 3019 488 1000 3020 488 1001 3021 491 1001 3022 493 1001 3023 539 1002 3024 490 1002 3025 535 1002 3026 494 1003 3027 491 1003 3028 489 1003 3029 489 1004 3030 490 1004 3031 494 1004 3032 495 1005 3033 494 1005 3034 490 1005 3035 490 1006 3036 539 1006 3037 495 1006 3038 491 1007 3039 494 1007 3040 496 1007 3041 496 1008 3042 493 1008 3043 491 1008 3044 492 1009 3045 493 1009 3046 498 1009 3047 493 1010 3048 496 1010 3049 497 1010 3050 497 1011 3051 498 1011 3052 493 1011 3053 543 1012 3054 495 1012 3055 539 1012 3056 499 1013 3057 496 1013 3058 494 1013 3059 494 1014 3060 495 1014 3061 499 1014 3062 495 1015 3063 543 1015 3064 500 1015 3065 500 1016 3066 499 1016 3067 495 1016 3068 496 1017 3069 499 1017 3070 501 1017 3071 501 1018 3072 497 1018 3073 496 1018 3074 502 1019 3075 498 1019 3076 497 1019 3077 497 1020 3078 501 1020 3079 502 1020 3080 498 1021 3081 502 1021 3082 507 1021 3083 503 1022 3084 501 1022 3085 499 1022 3086 499 1023 3087 500 1023 3088 503 1023 3089 500 1024 3090 543 1024 3091 504 1024 3092 504 1025 3093 503 1025 3094 500 1025 3095 505 1026 3096 502 1026 3097 501 1026 3098 501 1027 3099 503 1027 3100 505 1027 3101 502 1028 3102 505 1028 3103 506 1028 3104 506 1029 3105 507 1029 3106 502 1029 3107 547 1030 3108 504 1030 3109 543 1030 3110 508 1031 3111 505 1031 3112 503 1031 3113 503 1032 3114 504 1032 3115 508 1032 3116 509 1033 3117 508 1033 3118 504 1033 3119 504 1034 3120 547 1034 3121 509 1034 3122 505 1035 3123 508 1035 3124 510 1035 3125 510 1036 3126 506 1036 3127 505 1036 3128 511 1037 3129 507 1037 3130 506 1037 3131 506 1038 3132 510 1038 3133 511 1038 3134 507 1039 3135 511 1039 3136 516 1039 3137 549 1040 3138 509 1040 3139 547 1040 3140 508 1041 3141 509 1041 3142 512 1041 3143 512 1042 3144 510 1042 3145 508 1042 3146 509 1043 3147 549 1043 3148 513 1043 3149 513 1044 3150 512 1044 3151 509 1044 3152 510 1045 3153 512 1045 3154 514 1045 3155 514 1046 3156 511 1046 3157 510 1046 3158 515 1047 3159 516 1047 3160 511 1047 3161 511 1048 3162 514 1048 3163 515 1048 3164 512 1049 3165 513 1049 3166 517 1049 3167 517 1050 3168 514 1050 3169 512 1050 3170 518 1051 3171 517 1051 3172 513 1051 3173 513 1052 3174 549 1052 3175 518 1052 3176 514 1053 3177 517 1053 3178 519 1053 3179 519 1054 3180 515 1054 3181 514 1054 3182 521 1055 3183 516 1055 3184 515 1055 3185 515 1056 3186 519 1056 3187 521 1056 3188 516 1057 3189 521 1057 3190 520 1057 3191 548 1058 3192 518 1058 3193 549 1058 3194 519 1059 3195 522 1059 3196 521 1059 3197 521 1060 3198 522 1060 3199 520 1060 3200 523 1061 3201 525 1061 3202 526 1061 3203 562 1062 3204 524 1062 3205 558 1062 3206 528 1063 3207 526 1063 3208 525 1063 3209 524 1064 3210 562 1064 3211 529 1064 3212 524 1065 3213 529 1065 3214 525 1065 3215 525 1066 3216 529 1066 3217 530 1066 3218 530 1067 3219 528 1067 3220 525 1067 3221 526 1068 3222 528 1068 3223 527 1068 3224 567 1069 3225 529 1069 3226 562 1069 3227 528 1070 3228 530 1070 3229 532 1070 3230 532 1071 3231 531 1071 3232 528 1071 3233 528 1072 3234 531 1072 3235 527 1072 3236 529 1073 3237 567 1073 3238 533 1073 3239 533 1074 3240 530 1074 3241 529 1074 3242 530 1075 3243 533 1075 3244 534 1075 3245 534 1076 3246 532 1076 3247 530 1076 3248 575 1077 3249 533 1077 3250 567 1077 3251 531 1078 3252 532 1078 3253 535 1078 3254 532 1079 3255 534 1079 3256 536 1079 3257 536 1080 3258 535 1080 3259 532 1080 3260 533 1081 3261 575 1081 3262 537 1081 3263 537 1082 3264 534 1082 3265 533 1082 3266 534 1083 3267 537 1083 3268 538 1083 3269 538 1084 3270 536 1084 3271 534 1084 3272 580 1085 3273 537 1085 3274 575 1085 3275 535 1086 3276 536 1086 3277 539 1086 3278 540 1087 3279 539 1087 3280 536 1087 3281 536 1088 3282 538 1088 3283 540 1088 3284 537 1089 3285 580 1089 3286 541 1089 3287 541 1090 3288 538 1090 3289 537 1090 3290 538 1091 3291 541 1091 3292 542 1091 3293 542 1092 3294 540 1092 3295 538 1092 3296 589 1093 3297 541 1093 3298 580 1093 3299 539 1094 3300 540 1094 3301 543 1094 3302 540 1095 3303 542 1095 3304 544 1095 3305 544 1096 3306 543 1096 3307 540 1096 3308 545 1097 3309 542 1097 3310 541 1097 3311 541 1098 3312 589 1098 3313 545 1098 3314 545 1099 3315 589 1099 3316 595 1099 3317 542 1100 3318 545 1100 3319 546 1100 3320 546 1101 3321 544 1101 3322 542 1101 3323 543 1102 3324 544 1102 3325 547 1102 3326 544 1103 3327 546 1103 3328 550 1103 3329 550 1104 3330 547 1104 3331 544 1104 3332 551 1105 3333 546 1105 3334 545 1105 3335 545 1106 3336 595 1106 3337 551 1106 3338 546 1107 3339 551 1107 3340 553 1107 3341 553 1108 3342 550 1108 3343 546 1108 3344 603 1109 3345 551 1109 3346 595 1109 3347 547 1110 3348 550 1110 3349 549 1110 3350 550 1111 3351 552 1111 3352 548 1111 3353 550 1112 3354 548 1112 3355 549 1112 3356 550 1113 3357 553 1113 3358 552 1113 3359 605 1114 3360 552 1114 3361 551 1114 3362 551 1115 3363 552 1115 3364 553 1115 3365 551 1116 3366 603 1116 3367 605 1116 3368 555 1117 3369 559 1117 3370 556 1117 3371 556 1118 3372 559 1118 3373 561 1118 3374 556 1119 3375 561 1119 3376 557 1119 3377 563 1120 3378 558 1120 3379 557 1120 3380 563 1121 3381 557 1121 3382 561 1121 3383 611 1122 3384 560 1122 3385 610 1122 3386 564 1123 3387 561 1123 3388 559 1123 3389 558 1124 3390 563 1124 3391 562 1124 3392 565 1125 3393 564 1125 3394 560 1125 3395 560 1126 3396 564 1126 3397 559 1126 3398 560 1127 3399 611 1127 3400 565 1127 3401 613 1128 3402 565 1128 3403 611 1128 3404 566 1129 3405 563 1129 3406 561 1129 3407 561 1130 3408 564 1130 3409 566 1130 3410 563 1131 3411 566 1131 3412 568 1131 3413 568 1132 3414 567 1132 3415 563 1132 3416 563 1133 3417 567 1133 3418 562 1133 3419 564 1134 3420 565 1134 3421 569 1134 3422 569 1135 3423 566 1135 3424 564 1135 3425 565 1136 3426 613 1136 3427 570 1136 3428 570 1137 3429 569 1137 3430 565 1137 3431 614 1138 3432 570 1138 3433 613 1138 3434 571 1139 3435 568 1139 3436 566 1139 3437 566 1140 3438 569 1140 3439 571 1140 3440 572 1141 3441 575 1141 3442 568 1141 3443 568 1142 3444 575 1142 3445 567 1142 3446 568 1143 3447 571 1143 3448 572 1143 3449 569 1144 3450 570 1144 3451 573 1144 3452 573 1145 3453 571 1145 3454 569 1145 3455 574 1146 3456 573 1146 3457 570 1146 3458 570 1147 3459 614 1147 3460 574 1147 3461 617 1148 3462 574 1148 3463 614 1148 3464 571 1149 3465 573 1149 3466 576 1149 3467 576 1150 3468 572 1150 3469 571 1150 3470 577 1151 3471 575 1151 3472 572 1151 3473 572 1152 3474 576 1152 3475 577 1152 3476 573 1153 3477 574 1153 3478 578 1153 3479 578 1154 3480 576 1154 3481 573 1154 3482 579 1155 3483 578 1155 3484 574 1155 3485 574 1156 3486 617 1156 3487 579 1156 3488 579 1157 3489 617 1157 3490 620 1157 3491 575 1158 3492 577 1158 3493 580 1158 3494 581 1159 3495 577 1159 3496 576 1159 3497 576 1160 3498 578 1160 3499 581 1160 3500 577 1161 3501 581 1161 3502 582 1161 3503 582 1162 3504 580 1162 3505 577 1162 3506 578 1163 3507 579 1163 3508 583 1163 3509 583 1164 3510 581 1164 3511 578 1164 3512 579 1165 3513 620 1165 3514 584 1165 3515 584 1166 3516 583 1166 3517 579 1166 3518 580 1167 3519 582 1167 3520 589 1167 3521 585 1168 3522 582 1168 3523 581 1168 3524 581 1169 3525 583 1169 3526 585 1169 3527 586 1170 3528 589 1170 3529 582 1170 3530 582 1171 3531 585 1171 3532 586 1171 3533 583 1172 3534 584 1172 3535 587 1172 3536 587 1173 3537 585 1173 3538 583 1173 3539 588 1174 3540 587 1174 3541 584 1174 3542 584 1175 3543 620 1175 3544 588 1175 3545 588 1176 3546 620 1176 3547 623 1176 3548 585 1177 3549 587 1177 3550 590 1177 3551 590 1178 3552 586 1178 3553 585 1178 3554 586 1179 3555 590 1179 3556 591 1179 3557 591 1180 3558 589 1180 3559 586 1180 3560 592 1181 3561 590 1181 3562 587 1181 3563 587 1182 3564 588 1182 3565 592 1182 3566 588 1183 3567 623 1183 3568 593 1183 3569 593 1184 3570 592 1184 3571 588 1184 3572 589 1185 3573 591 1185 3574 595 1185 3575 594 1186 3576 591 1186 3577 590 1186 3578 590 1187 3579 592 1187 3580 594 1187 3581 591 1188 3582 594 1188 3583 596 1188 3584 596 1189 3585 595 1189 3586 591 1189 3587 597 1190 3588 594 1190 3589 592 1190 3590 592 1191 3591 593 1191 3592 597 1191 3593 626 1192 3594 593 1192 3595 623 1192 3596 593 1193 3597 626 1193 3598 598 1193 3599 598 1194 3600 597 1194 3601 593 1194 3602 594 1195 3603 597 1195 3604 599 1195 3605 599 1196 3606 596 1196 3607 594 1196 3608 595 1197 3609 596 1197 3610 603 1197 3611 596 1198 3612 599 1198 3613 600 1198 3614 600 1199 3615 603 1199 3616 596 1199 3617 601 1200 3618 599 1200 3619 597 1200 3620 597 1201 3621 598 1201 3622 601 1201 3623 602 1202 3624 601 1202 3625 598 1202 3626 598 1203 3627 626 1203 3628 602 1203 3629 599 1204 3630 601 1204 3631 604 1204 3632 604 1205 3633 600 1205 3634 599 1205 3635 606 1206 3636 603 1206 3637 600 1206 3638 600 1207 3639 604 1207 3640 606 1207 3641 628 1208 3642 602 1208 3643 626 1208 3644 607 1209 3645 604 1209 3646 601 1209 3647 601 1210 3648 602 1210 3649 607 1210 3650 608 1211 3651 607 1211 3652 602 1211 3653 602 1212 3654 628 1212 3655 608 1212 3656 603 1213 3657 606 1213 3658 605 1213 3659 627 1214 3660 608 1214 3661 628 1214 3662 604 1215 3663 607 1215 3664 609 1215 3665 609 1216 3666 605 1216 3667 604 1216 3668 604 1217 3669 605 1217 3670 606 1217 3671 607 1218 3672 608 1218 3673 609 1218 3674 609 1219 3675 608 1219 3676 627 1219 3677 610 1220 3678 612 1220 3679 611 1220 3680 615 1221 3681 612 1221 3682 20 1221 3683 615 1222 3684 613 1222 3685 612 1222 3686 612 1223 3687 613 1223 3688 611 1223 3689 616 1224 3690 615 1224 3691 20 1224 3692 613 1225 3693 615 1225 3694 614 1225 3695 618 1226 3696 617 1226 3697 615 1226 3698 615 1227 3699 617 1227 3700 614 1227 3701 615 1228 3702 616 1228 3703 618 1228 3704 619 1229 3705 618 1229 3706 616 1229 3707 617 1230 3708 618 1230 3709 620 1230 3710 618 1231 3711 619 1231 3712 621 1231 3713 621 1232 3714 620 1232 3715 618 1232 3716 622 1233 3717 621 1233 3718 619 1233 3719 620 1234 3720 621 1234 3721 623 1234 3722 624 1235 3723 623 1235 3724 621 1235 3725 621 1236 3726 622 1236 3727 624 1236 3728 625 1237 3729 624 1237 3730 622 1237 3731 623 1238 3732 624 1238 3733 626 1238 3734 629 1239 3735 626 1239 3736 624 1239 3737 624 1240 3738 625 1240 3739 629 1240 3740 631 1241 3741 629 1241 3742 625 1241 3743 626 1242 3744 629 1242 3745 628 1242 3746 630 1243 3747 627 1243 3748 629 1243 3749 629 1244 3750 627 1244 3751 628 1244 3752 629 1245 3753 631 1245 3754 630 1245 3755 631 1246 3756 632 1246 3757 630 1246 3758 420 1247 3759 422 1247 3760 421 1247 3761 223 1248 3762 421 1248 3763 422 1248 3764 421 1249 3765 612 1249 3766 610 1249 3767 223 1250 3768 612 1250 3769 421 1250 3770 223 1251 3771 20 1251 3772 612 1251 3773 20 1252 3774 223 1252 3775 21 1252 3776 21 1253 3777 223 1253 3778 23 1253 3779 23 1254 3780 223 1254 3781 222 1254 3782 23 1255 3783 222 1255 3784 24 1255 3785</p>
        </triangles>
      </mesh>
    </geometry>
  </library_geometries>
  <library_visual_scenes>
    <visual_scene id="Scene" name="Scene">
      <node id="Light_004" name="Light.004" type="NODE">
        <matrix sid="transform">-0.2908646 -0.7711008 0.5663932 4.076245 0.9551712 -0.1998834 0.2183912 1.005454 -0.055189 0.6045247 0.7946723 5.903862 0 0 0 1</matrix>
        <instance_light url="#Light_004-light"/>
      </node>
      <node id="Camera_004" name="Camera.004" type="NODE">
        <matrix sid="transform">0.6859207 -0.3240135 0.6515582 7.358891 0.7276763 0.3054209 -0.6141704 -6.925791 -4.01133e-9 0.8953956 0.4452714 4.958309 0 0 0 1</matrix>
        <instance_camera url="#Camera_004-camera"/>
      </node>
      <node id="Camera_003" name="Camera.003" type="NODE">
        <matrix sid="transform">0.6859207 -0.3240135 0.6515582 7.358891 0.7276763 0.3054209 -0.6141704 -6.925791 -4.01133e-9 0.8953956 0.4452714 4.958309 0 0 0 1</matrix>
        <instance_camera url="#Camera_003-camera"/>
      </node>
      <node id="Light_003" name="Light.003" type="NODE">
        <matrix sid="transform">-0.2908649 -0.7711006 0.5663933 4.076245 0.9551711 -0.1998835 0.2183913 1.005454 -0.05518904 0.6045247 0.7946722 5.903862 0 0 0 1</matrix>
        <instance_light url="#Light_003-light"/>
      </node>
      <node id="th_middle" name="th_middle" type="NODE">
        <matrix sid="transform">9.99999e-4 0 0 0 0 0.001 0 0 0 0 0.001 0 0 0 0 1</matrix>
        <instance_geometry url="#th_middle_001-mesh" name="th_middle">
          <bind_material>
            <technique_common>
              <instance_material symbol="black_spec_008-material" target="#black_spec_008-material">
                <bind_vertex_input semantic="UVMap" input_semantic="TEXCOORD" input_set="0"/>
              </instance_material>
            </technique_common>
          </bind_material>
        </instance_geometry>
      </node>
      <node id="Light_002" name="Light.002" type="NODE">
        <matrix sid="transform">-0.2908646 -0.7711008 0.5663932 4.076245 0.9551712 -0.1998834 0.2183912 1.005454 -0.055189 0.6045247 0.7946723 5.903862 0 0 0 1</matrix>
        <instance_light url="#Light_002-light"/>
      </node>
      <node id="Camera_002" name="Camera.002" type="NODE">
        <matrix sid="transform">0.6859207 -0.3240135 0.6515582 7.358891 0.7276763 0.3054209 -0.6141704 -6.925791 -4.01133e-9 0.8953956 0.4452714 4.958309 0 0 0 1</matrix>
        <instance_camera url="#Camera_002-camera"/>
      </node>
      <node id="Camera_001" name="Camera.001" type="NODE">
        <matrix sid="transform">0.6859207 -0.3240135 0.6515582 7.358891 0.7276763 0.3054209 -0.6141704 -6.925791 -4.01133e-9 0.8953956 0.4452714 4.958309 0 0 0 1</matrix>
        <instance_camera url="#Camera_001-camera"/>
      </node>
      <node id="Light_001" name="Light.001" type="NODE">
        <matrix sid="transform">-0.2908649 -0.7711006 0.5663933 4.076245 0.9551711 -0.1998835 0.2183913 1.005454 -0.05518904 0.6045247 0.7946722 5.903862 0 0 0 1</matrix>
        <instance_light url="#Light_001-light"/>
      </node>
      <node id="Camera" name="Camera" type="NODE">
        <matrix sid="transform">0.6859207 -0.3240135 0.6515582 7.358891 0.7276763 0.3054208 -0.6141704 -6.925791 0 0.8953956 0.4452714 4.958309 0 0 0 1</matrix>
        <instance_camera url="#Camera-camera"/>
      </node>
      <node id="Light" name="Light" type="NODE">
        <matrix sid="transform">-0.2908646 -0.7711008 0.5663932 4.076245 0.9551712 -0.1998834 0.2183912 1.005454 -0.05518906 0.6045247 0.7946723 5.903862 0 0 0 1</matrix>
        <instance_light url="#Light-light"/>
      </node>
    </visual_scene>
  </library_visual_scenes>
  <scene>
    <instance_visual_scene url="#Scene"/>
  </scene>
</COLLADA>