<?xml version="1.0" encoding="utf-8"?>
<COLLADA xmlns="http://www.collada.org/2005/11/COLLADASchema" version="1.4.1" xmlns:xsi="http://www.w3.org/2001/XMLSchema-instance">
  <asset>
    <contributor>
      <author>Blender User</author>
      <authoring_tool>Blender 3.3.21 commit date:2024-07-15, commit time:08:57, hash:e016c21db151</authoring_tool>
    </contributor>
    <created>2025-10-31T15:05:44</created>
    <modified>2025-10-31T15:05:44</modified>
    <unit name="meter" meter="1"/>
    <up_axis>Z_UP</up_axis>
  </asset>
  <library_cameras>
    <camera id="Camera_005-camera" name="Camera.005">
      <optics>
        <technique_common>
          <perspective>
            <xfov sid="xfov">39.59775</xfov>
            <aspect_ratio>1.777778</aspect_ratio>
            <znear sid="znear">0.1</znear>
            <zfar sid="zfar">100</zfar>
          </perspective>
        </technique_common>
      </optics>
      <extra>
        <technique profile="blender">
          <shiftx sid="shiftx" type="float">0</shiftx>
          <shifty sid="shifty" type="float">0</shifty>
          <dof_distance sid="dof_distance" type="float">10</dof_distance>
        </technique>
      </extra>
    </camera>
    <camera id="Camera_004-camera" name="Camera.004">
      <optics>
        <technique_common>
          <perspective>
            <xfov sid="xfov">39.59775</xfov>
            <aspect_ratio>1.777778</aspect_ratio>
            <znear sid="znear">0.1</znear>
            <zfar sid="zfar">100</zfar>
          </perspective>
        </technique_common>
      </optics>
      <extra>
        <technique profile="blender">
          <shiftx sid="shiftx" type="float">0</shiftx>
          <shifty sid="shifty" type="float">0</shifty>
          <dof_distance sid="dof_distance" type="float">10</dof_distance>
        </technique>
      </extra>
    </camera>
    <camera id="Camera_003-camera" name="Camera.003">
      <optics>
        <technique_common>
          <perspective>
            <xfov sid="xfov">39.59775</xfov>
            <aspect_ratio>1.777778</aspect_ratio>
            <znear sid="znear">0.1</znear>
            <zfar sid="zfar">100</zfar>
          </perspective>
        </technique_common>
      </optics>
      <extra>
        <technique profile="blender">
          <shiftx sid="shiftx" type="float">0</shiftx>
          <shifty sid="shifty" type="float">0</shifty>
          <dof_distance sid="dof_distance" type="float">10</dof_distance>
        </technique>
      </extra>
    </camera>
    <camera id="Camera_002-camera" name="Camera.002">
      <optics>
        <technique_common>
          <perspective>
            <xfov sid="xfov">39.59775</xfov>
            <aspect_ratio>1.777778</aspect_ratio>
            <znear sid="znear">0.1</znear>
            <zfar sid="zfar">100</zfar>
          </perspective>
        </technique_common>
      </optics>
      <extra>
        <technique profile="blender">
          <shiftx sid="shiftx" type="float">0</shiftx>
          <shifty sid="shifty" type="float">0</shifty>
          <dof_distance sid="dof_distance" type="float">10</dof_distance>
        </technique>
      </extra>
    </camera>
    <camera id="Camera_001-camera" name="Camera.001">
      <optics>
        <technique_common>
          <perspective>
            <xfov sid="xfov">39.59775</xfov>
            <aspect_ratio>1.777778</aspect_ratio>
            <znear sid="znear">0.1</znear>
            <zfar sid="zfar">100</zfar>
          </perspective>
        </technique_common>
      </optics>
      <extra>
        <technique profile="blender">
          <shiftx sid="shiftx" type="float">0</shiftx>
          <shifty sid="shifty" type="float">0</shifty>
          <dof_distance sid="dof_distance" type="float">10</dof_distance>
        </technique>
      </extra>
    </camera>
    <camera id="Camera-camera" name="Camera">
      <optics>
        <technique_common>
          <perspective>
            <xfov sid="xfov">39.59775</xfov>
            <aspect_ratio>1.777778</aspect_ratio>
            <znear sid="znear">0.1</znear>
            <zfar sid="zfar">100</zfar>
          </perspective>
        </technique_common>
      </optics>
      <extra>
        <technique profile="blender">
          <shiftx sid="shiftx" type="float">0</shiftx>
          <shifty sid="shifty" type="float">0</shifty>
          <dof_distance sid="dof_distance" type="float">10</dof_distance>
        </technique>
      </extra>
    </camera>
  </library_cameras>
  <library_lights>
    <light id="Light_005-light" name="Light.005">
      <technique_common>
        <point>
          <color sid="color">1000 1000 1000</color>
          <constant_attenuation>1</constant_attenuation>
          <linear_attenuation>0</linear_attenuation>
          <quadratic_attenuation>0.001599967</quadratic_attenuation>
        </point>
      </technique_common>
      <extra>
        <technique profile="blender">
          <type sid="type" type="int">0</type>
          <flag sid="flag" type="int">0</flag>
          <mode sid="mode" type="int">2097153</mode>
          <gamma sid="blender_gamma" type="float">1</gamma>
          <red sid="red" type="float">1</red>
          <green sid="green" type="float">1</green>
          <blue sid="blue" type="float">1</blue>
          <shadow_r sid="blender_shadow_r" type="float">0</shadow_r>
          <shadow_g sid="blender_shadow_g" type="float">0</shadow_g>
          <shadow_b sid="blender_shadow_b" type="float">0</shadow_b>
          <energy sid="blender_energy" type="float">1000</energy>
          <dist sid="blender_dist" type="float">25</dist>
          <spotsize sid="spotsize" type="float">75</spotsize>
          <spotblend sid="spotblend" type="float">0.15</spotblend>
          <att1 sid="att1" type="float">0</att1>
          <att2 sid="att2" type="float">1</att2>
          <falloff_type sid="falloff_type" type="int">2</falloff_type>
          <clipsta sid="clipsta" type="float">0.04999995</clipsta>
          <clipend sid="clipend" type="float">40</clipend>
          <bias sid="bias" type="float">1</bias>
          <soft sid="soft" type="float">3</soft>
          <bufsize sid="bufsize" type="int">512</bufsize>
          <samp sid="samp" type="int">3</samp>
          <buffers sid="buffers" type="int">1</buffers>
          <area_shape sid="area_shape" type="int">1</area_shape>
          <area_size sid="area_size" type="float">0.1</area_size>
          <area_sizey sid="area_sizey" type="float">0.1</area_sizey>
          <area_sizez sid="area_sizez" type="float">1</area_sizez>
        </technique>
      </extra>
    </light>
    <light id="Light_004-light" name="Light.004">
      <technique_common>
        <point>
          <color sid="color">1000 1000 1000</color>
          <constant_attenuation>1</constant_attenuation>
          <linear_attenuation>0</linear_attenuation>
          <quadratic_attenuation>0.001599967</quadratic_attenuation>
        </point>
      </technique_common>
      <extra>
        <technique profile="blender">
          <type sid="type" type="int">0</type>
          <flag sid="flag" type="int">0</flag>
          <mode sid="mode" type="int">2097153</mode>
          <gamma sid="blender_gamma" type="float">1</gamma>
          <red sid="red" type="float">1</red>
          <green sid="green" type="float">1</green>
          <blue sid="blue" type="float">1</blue>
          <shadow_r sid="blender_shadow_r" type="float">0</shadow_r>
          <shadow_g sid="blender_shadow_g" type="float">0</shadow_g>
          <shadow_b sid="blender_shadow_b" type="float">0</shadow_b>
          <energy sid="blender_energy" type="float">1000</energy>
          <dist sid="blender_dist" type="float">25</dist>
          <spotsize sid="spotsize" type="float">75</spotsize>
          <spotblend sid="spotblend" type="float">0.15</spotblend>
          <att1 sid="att1" type="float">0</att1>
          <att2 sid="att2" type="float">1</att2>
          <falloff_type sid="falloff_type" type="int">2</falloff_type>
          <clipsta sid="clipsta" type="float">0.04999995</clipsta>
          <clipend sid="clipend" type="float">40</clipend>
          <bias sid="bias" type="float">1</bias>
          <soft sid="soft" type="float">3</soft>
          <bufsize sid="bufsize" type="int">512</bufsize>
          <samp sid="samp" type="int">3</samp>
          <buffers sid="buffers" type="int">1</buffers>
          <area_shape sid="area_shape" type="int">1</area_shape>
          <area_size sid="area_size" type="float">0.1</area_size>
          <area_sizey sid="area_sizey" type="float">0.1</area_sizey>
          <area_sizez sid="area_sizez" type="float">1</area_sizez>
        </technique>
      </extra>
    </light>
    <light id="Light_003-light" name="Light.003">
      <technique_common>
        <point>
          <color sid="color">1000 1000 1000</color>
          <constant_attenuation>1</constant_attenuation>
          <linear_attenuation>0</linear_attenuation>
          <quadratic_attenuation>0.001599967</quadratic_attenuation>
        </point>
      </technique_common>
      <extra>
        <technique profile="blender">
          <type sid="type" type="int">0</type>
          <flag sid="flag" type="int">0</flag>
          <mode sid="mode" type="int">2097153</mode>
          <gamma sid="blender_gamma" type="float">1</gamma>
          <red sid="red" type="float">1</red>
          <green sid="green" type="float">1</green>
          <blue sid="blue" type="float">1</blue>
          <shadow_r sid="blender_shadow_r" type="float">0</shadow_r>
          <shadow_g sid="blender_shadow_g" type="float">0</shadow_g>
          <shadow_b sid="blender_shadow_b" type="float">0</shadow_b>
          <energy sid="blender_energy" type="float">1000</energy>
          <dist sid="blender_dist" type="float">25</dist>
          <spotsize sid="spotsize" type="float">75</spotsize>
          <spotblend sid="spotblend" type="float">0.15</spotblend>
          <att1 sid="att1" type="float">0</att1>
          <att2 sid="att2" type="float">1</att2>
          <falloff_type sid="falloff_type" type="int">2</falloff_type>
          <clipsta sid="clipsta" type="float">0.04999995</clipsta>
          <clipend sid="clipend" type="float">40</clipend>
          <bias sid="bias" type="float">1</bias>
          <soft sid="soft" type="float">3</soft>
          <bufsize sid="bufsize" type="int">512</bufsize>
          <samp sid="samp" type="int">3</samp>
          <buffers sid="buffers" type="int">1</buffers>
          <area_shape sid="area_shape" type="int">1</area_shape>
          <area_size sid="area_size" type="float">0.1</area_size>
          <area_sizey sid="area_sizey" type="float">0.1</area_sizey>
          <area_sizez sid="area_sizez" type="float">1</area_sizez>
        </technique>
      </extra>
    </light>
    <light id="Light_002-light" name="Light.002">
      <technique_common>
        <point>
          <color sid="color">1000 1000 1000</color>
          <constant_attenuation>1</constant_attenuation>
          <linear_attenuation>0</linear_attenuation>
          <quadratic_attenuation>0.001599967</quadratic_attenuation>
        </point>
      </technique_common>
      <extra>
        <technique profile="blender">
          <type sid="type" type="int">0</type>
          <flag sid="flag" type="int">0</flag>
          <mode sid="mode" type="int">2097153</mode>
          <gamma sid="blender_gamma" type="float">1</gamma>
          <red sid="red" type="float">1</red>
          <green sid="green" type="float">1</green>
          <blue sid="blue" type="float">1</blue>
          <shadow_r sid="blender_shadow_r" type="float">0</shadow_r>
          <shadow_g sid="blender_shadow_g" type="float">0</shadow_g>
          <shadow_b sid="blender_shadow_b" type="float">0</shadow_b>
          <energy sid="blender_energy" type="float">1000</energy>
          <dist sid="blender_dist" type="float">25</dist>
          <spotsize sid="spotsize" type="float">75</spotsize>
          <spotblend sid="spotblend" type="float">0.15</spotblend>
          <att1 sid="att1" type="float">0</att1>
          <att2 sid="att2" type="float">1</att2>
          <falloff_type sid="falloff_type" type="int">2</falloff_type>
          <clipsta sid="clipsta" type="float">0.04999995</clipsta>
          <clipend sid="clipend" type="float">40</clipend>
          <bias sid="bias" type="float">1</bias>
          <soft sid="soft" type="float">3</soft>
          <bufsize sid="bufsize" type="int">512</bufsize>
          <samp sid="samp" type="int">3</samp>
          <buffers sid="buffers" type="int">1</buffers>
          <area_shape sid="area_shape" type="int">1</area_shape>
          <area_size sid="area_size" type="float">0.1</area_size>
          <area_sizey sid="area_sizey" type="float">0.1</area_sizey>
          <area_sizez sid="area_sizez" type="float">1</area_sizez>
        </technique>
      </extra>
    </light>
    <light id="Light_001-light" name="Light.001">
      <technique_common>
        <point>
          <color sid="color">1000 1000 1000</color>
          <constant_attenuation>1</constant_attenuation>
          <linear_attenuation>0</linear_attenuation>
          <quadratic_attenuation>0.001599967</quadratic_attenuation>
        </point>
      </technique_common>
      <extra>
        <technique profile="blender">
          <type sid="type" type="int">0</type>
          <flag sid="flag" type="int">0</flag>
          <mode sid="mode" type="int">2097153</mode>
          <gamma sid="blender_gamma" type="float">1</gamma>
          <red sid="red" type="float">1</red>
          <green sid="green" type="float">1</green>
          <blue sid="blue" type="float">1</blue>
          <shadow_r sid="blender_shadow_r" type="float">0</shadow_r>
          <shadow_g sid="blender_shadow_g" type="float">0</shadow_g>
          <shadow_b sid="blender_shadow_b" type="float">0</shadow_b>
          <energy sid="blender_energy" type="float">1000</energy>
          <dist sid="blender_dist" type="float">25</dist>
          <spotsize sid="spotsize" type="float">75</spotsize>
          <spotblend sid="spotblend" type="float">0.15</spotblend>
          <att1 sid="att1" type="float">0</att1>
          <att2 sid="att2" type="float">1</att2>
          <falloff_type sid="falloff_type" type="int">2</falloff_type>
          <clipsta sid="clipsta" type="float">0.04999995</clipsta>
          <clipend sid="clipend" type="float">40</clipend>
          <bias sid="bias" type="float">1</bias>
          <soft sid="soft" type="float">3</soft>
          <bufsize sid="bufsize" type="int">512</bufsize>
          <samp sid="samp" type="int">3</samp>
          <buffers sid="buffers" type="int">1</buffers>
          <area_shape sid="area_shape" type="int">1</area_shape>
          <area_size sid="area_size" type="float">0.1</area_size>
          <area_sizey sid="area_sizey" type="float">0.1</area_sizey>
          <area_sizez sid="area_sizez" type="float">1</area_sizez>
        </technique>
      </extra>
    </light>
    <light id="Light-light" name="Light">
      <technique_common>
        <point>
          <color sid="color">1000 1000 1000</color>
          <constant_attenuation>1</constant_attenuation>
          <linear_attenuation>0</linear_attenuation>
          <quadratic_attenuation>0.00111109</quadratic_attenuation>
        </point>
      </technique_common>
      <extra>
        <technique profile="blender">
          <type sid="type" type="int">0</type>
          <flag sid="flag" type="int">0</flag>
          <mode sid="mode" type="int">1</mode>
          <gamma sid="blender_gamma" type="float">1</gamma>
          <red sid="red" type="float">1</red>
          <green sid="green" type="float">1</green>
          <blue sid="blue" type="float">1</blue>
          <shadow_r sid="blender_shadow_r" type="float">0</shadow_r>
          <shadow_g sid="blender_shadow_g" type="float">0</shadow_g>
          <shadow_b sid="blender_shadow_b" type="float">0</shadow_b>
          <energy sid="blender_energy" type="float">1000</energy>
          <dist sid="blender_dist" type="float">29.99998</dist>
          <spotsize sid="spotsize" type="float">75</spotsize>
          <spotblend sid="spotblend" type="float">0.15</spotblend>
          <att1 sid="att1" type="float">0</att1>
          <att2 sid="att2" type="float">1</att2>
          <falloff_type sid="falloff_type" type="int">2</falloff_type>
          <clipsta sid="clipsta" type="float">0.04999995</clipsta>
          <clipend sid="clipend" type="float">30.002</clipend>
          <bias sid="bias" type="float">1</bias>
          <soft sid="soft" type="float">3</soft>
          <bufsize sid="bufsize" type="int">2880</bufsize>
          <samp sid="samp" type="int">3</samp>
          <buffers sid="buffers" type="int">1</buffers>
          <area_shape sid="area_shape" type="int">1</area_shape>
          <area_size sid="area_size" type="float">0.1</area_size>
          <area_sizey sid="area_sizey" type="float">0.1</area_sizey>
          <area_sizez sid="area_sizez" type="float">1</area_sizez>
        </technique>
      </extra>
    </light>
  </library_lights>
  <library_effects>
    <effect id="black_spec_005-effect">
      <profile_COMMON>
        <technique sid="common">
          <lambert>
            <emission>
              <color sid="emission">0 0 0 1</color>
            </emission>
            <diffuse>
              <color sid="diffuse">0.16355 0.16355 0.16355 1</color>
            </diffuse>
            <transparent opaque="A_ONE">
              <color sid="alpha">0 0 0 0</color>
            </transparent>
            <index_of_refraction>
              <float sid="ior">1.5</float>
            </index_of_refraction>
          </lambert>
        </technique>
      </profile_COMMON>
    </effect>
  </library_effects>
  <library_images/>
  <library_materials>
    <material id="black_spec_005-material" name="black_spec.005">
      <instance_effect url="#black_spec_005-effect"/>
    </material>
  </library_materials>
  <library_geometries>
    <geometry id="f_distal_pst-mesh" name="f_distal_pst">
      <mesh>
        <source id="f_distal_pst-mesh-positions">
          <float_array id="f_distal_pst-mesh-positions-array" count="8073">5.945692 0.8807764 9.412343 5.382925 0.898676 9.58211 5.382925 1.933097 9.394129 6.223668 4.060254 8.074913 6.403651 4.060254 7.945047 6.464344 3.625828 8.188947 6.597695 -0.08824235 9.073801 6.464349 -0.08824235 9.168315 6.464344 0.851709 9.136651 6.211555 -0.08824235 9.319918 5.790171 -0.08824235 9.505184 5.347561 -0.006456792 9.625772 5.347561 0.8993905 9.588888 5.347561 1.934813 9.400727 5.347561 2.399235 9.262719 5.154873 -0.08824235 9.652869 5.017525 -0.07535904 9.666588 5.0406 -0.08824235 9.664362 4.809813 -0.08822762 9.674206 5.752034 -0.08824235 9.518276 5.713805 -0.08824235 9.530824 5.382926 -0.08824235 9.616543 5.268408 -0.08824235 9.637038 6.918948 0.8125907 8.765639 6.918948 -0.08824235 8.794965 6.670776 -0.08824235 9.017168 6.634411 -0.08824235 9.045799 6.705648 4.160254 7.593876 6.918948 4.160254 7.34358 6.732038 4.060254 7.644284 6.918948 3.429767 7.871547 4.930185 4.060254 8.508028 5.345967 4.060254 8.450965 5.382925 3.861227 8.570034 5.450549 4.060254 8.425292 4.797667 3.891519 8.619072 4.797667 4.060254 8.511529 4.954567 2.949046 9.103474 4.954567 3.575116 8.798735 4.797667 3.583639 8.798735 5.945692 2.860914 8.897274 5.945692 3.771514 8.424798 5.848971 4.060254 8.282503 5.945692 1.890123 9.228919 5.382925 2.928006 9.054245 4.954567 2.423588 9.303828 6.464344 1.820336 8.960628 6.464344 2.751964 8.642363 6.918948 3.132077 8.044244 6.918948 2.605341 8.299311 6.918948 1.989594 8.5249 6.918948 1.726419 8.599575 4.954567 2.124374 8.798735 5.347561 1.933508 8.476542 4.751871 2.124374 8.798735 4.751871 1.933508 8.476542 4.751871 3.583639 8.798735 4.751871 4.060254 8.511529 4.751871 5.899752 6.126949 4.751871 6.066366 6.408202 4.751871 4.060254 8.303977 4.751871 5.288287 7.316349 -1.327033 7 19.49808 -3.060204 7 9.41948 -1.775689 7 19.53072 -2.622437 7 15.36004 -2.214897 7 19.62794 2.214897 7 19.62794 2.622437 7 15.36004 1.775689 7 19.53072 3.060204 7 9.41948 1.327033 7 19.49808 3.301439 7 4.690659 -3.301439 7 4.690659 7.409198 -5.044097 10.95987 7.675558 -4.636781 10.97141 7.56628 -4.593151 12.54953 4.544294 -3.48954 27.95967 4.425046 -3.572317 27.9699 4.613974 -4.464362 25.25258 4.860114 -3.24747 27.92537 4.666408 -3.400033 27.9477 5.025582 -4.176249 25.2269 6.768665 -5.870833 9.578129 6.853719 -5.790407 9.578129 6.768332 -5.785943 10.92859 3.37807 -7.005693 15.61588 2.639572 -7.080649 15.37719 2.792885 -7.239518 13.26165 2.353519 -5.300773 25.19717 1.650072 -5.169334 25.82216 1.876208 -5.699678 23.75961 6.849242 -0.8382434 26.02167 6.564346 -0.8382444 27.39294 6.538761 -0.9085474 27.41168 7.056926 -1.039119 24.64834 7.184607 -0.8382434 24.05127 7.134574 -0.8382434 24.37563 6.906937 -0.8382434 25.71376 6.775689 -1.91429 24.84456 6.434336 -1.168257 27.4796 7.40628 -1.72615 21.65596 7.52238 -0.8382434 21.48734 7.295902 -0.8382434 23.28368 7.721099 -2.253849 18.63151 7.831041 -1.348024 18.50573 7.532857 -0.8382434 21.39535 7.597508 -0.8382434 20.80796 7.687474 -0.9937543 19.9516 7.834091 -1.228641 18.48804 8.105918 -1.588751 15.49647 8.078191 -1.55735 15.82151 8.103631 -1.708951 15.5078 7.891332 -1.313322 17.89093 8.399658 -1.818454 11.66296 8.341572 -1.790805 12.48858 8.339889 -1.911478 12.49349 8.247735 -1.725787 13.74503 8.532424 -1.956052 9.578129 8.533742 -1.835226 9.578129 8.240139 -2.826638 12.52445 8.434974 -2.872103 9.578129 8.418228 -2.955714 9.578129 7.982685 -3.730448 12.54358 8.17908 -3.776905 9.578129 8.074434 -4.034098 9.578129 7.763466 -4.640661 9.578129 7.518364 -5.017387 9.578129 7.496384 -5.04809 9.578129 4.640649 -7.065033 10.80736 3.749466 -7.273374 10.75177 4.718754 -7.070525 9.578129 3.824205 -7.279222 9.578129 5.396618 -2.744528 27.83822 5.043921 -3.089547 27.90004 5.400794 -3.861563 25.18977 3.819394 -3.929961 28.00212 3.443062 -4.105739 28.00751 3.718538 -4.928741 25.26568 1.409256 -4.561158 27.88089 2.251762 -4.466187 27.96284 2.40792 -4.434545 27.97361 3.246242 -5.099187 25.25296 2.881237 -4.310656 27.99744 3.156627 -4.218401 28.00496 4.04141 -3.810268 27.9939 4.182221 -4.713344 25.2655 3.913126 -5.317681 23.69151 3.441285 -5.489255 23.67715 3.627042 -5.837088 22.09021 2.54886 -5.692175 23.62144 2.734884 -6.0412 22.03456 2.088848 -6.156466 21.6806 2.169224 -6.316998 20.85289 4.837169 -7.030786 9.578129 5.651069 -6.67137 9.578129 5.110165 -6.888877 10.83567 5.569636 -6.666262 10.86264 5.457154 -6.621098 12.48206 5.883829 -6.36397 12.50209 5.760965 -6.275982 14.11485 6.166787 -5.97888 14.12623 6.033937 -5.848636 15.72965 6.403193 -5.524847 15.72984 6.260737 -5.352935 17.32281 6.601002 -4.998525 17.31007 6.449534 -4.785802 18.88946 6.757449 -4.405199 18.86202 6.597112 -4.151852 20.42952 6.86956 -3.750757 20.38613 6.701252 -3.458119 21.93614 7.132586 -2.612286 21.80884 4.807035 -4.850229 23.68531 4.376136 -5.100858 23.69424 4.560845 -5.44641 22.11191 4.09846 -5.664507 22.10625 4.273945 -5.968455 20.51344 3.802912 -6.141921 20.49569 3.968875 -6.404008 18.89231 2.910992 -6.347079 20.4401 3.07716 -6.610067 18.83675 2.287267 -6.539055 19.58867 2.4709 -6.847066 17.48731 5.860761 -6.551706 9.578129 6.485106 -6.115911 9.578129 5.995974 -6.408939 10.88691 6.400855 -6.111172 10.90918 6.28914 -6.066428 12.5189 6.657116 -5.741445 12.53187 6.535357 -5.654378 14.13279 6.873948 -5.298146 14.13483 6.742569 -5.169398 15.72447 7.048396 -4.786285 15.71361 6.907818 -4.61653 17.29089 7.177757 -4.212202 17.26562 7.028584 -4.002343 18.82767 7.453918 -3.148439 18.74034 5.568453 -2.552519 27.80057 5.746962 -3.516109 25.14101 5.591603 -4.243442 23.63373 5.217593 -4.560209 23.66477 5.400527 -4.902585 22.0917 4.99095 -5.194309 22.10702 5.165127 -5.495847 20.52125 4.735755 -5.74924 20.52207 4.900845 -6.009603 18.92341 4.439558 -6.229781 18.91178 4.594707 -6.44778 17.30628 4.124334 -6.622643 17.28507 4.269471 -6.798275 15.67142 3.232792 -6.829456 17.22953 2.526677 -6.930149 16.81096 7.191922 -5.433094 9.578129 7.105661 -5.428914 10.94554 6.995024 -5.384685 12.54136 7.299209 -5.000159 12.54725 7.178896 -4.914188 14.13233 7.446801 -4.507781 14.12538 7.317257 -4.380773 15.69748 7.737605 -3.521239 15.65062 6.135067 -1.757671 27.62549 6.087799 -1.836681 27.64409 6.337395 -2.749656 25.01114 6.060335 -3.143767 25.08115 6.24826 -3.520895 23.54018 5.936403 -3.8957 23.59204 6.116937 -4.234175 22.03226 5.773415 -4.583958 22.0668 5.945647 -4.882367 20.49249 5.573798 -5.202628 20.51119 5.737386 -5.46059 18.92195 5.329545 -5.755096 18.92671 5.483617 -5.971362 17.32837 5.055521 -6.226797 17.32093 5.199967 -6.401269 15.71208 4.739571 -6.622899 15.69438 4.873851 -6.754849 14.07827 4.403986 -6.930613 14.05354 4.52776 -7.019569 12.43168 3.512691 -7.138488 13.998 3.636538 -7.227751 12.37612 2.93051 -7.323558 11.14468 7.999361 -2.620749 15.58641 4.997429 -6.843545 12.45819 5.333884 -6.532732 14.09904 5.627523 -6.145085 15.72369 5.890705 -5.675778 17.32895 6.108282 -5.138922 18.90951 6.287987 -4.530791 20.46516 6.427376 -3.857168 21.98848 6.523675 -3.124176 23.47895 3.022275 -7.337747 9.578129 3.731443 -7.292057 9.578129 3.008818 -7.338223 9.817255 -3.072391 -7.338224 9.817255 -3.085847 -7.337748 9.578129 -2.993602 -7.323429 11.15198 -2.85483 -7.238256 13.28362 -2.700413 -7.077454 15.4117 -2.590202 -6.930182 16.81097 -2.530801 -6.841482 17.53088 -2.347622 -6.533279 19.62374 -2.15005 -6.151819 21.70368 -1.938422 -5.696867 23.77142 -1.713384 -5.168828 25.82398 -1.472827 -4.561158 27.88089 -8.597314 -1.83523 9.578129 -8.597314 -1.83523 7.078129 -8.551948 -2.540075 7.078129 -3.085847 -7.337758 7.078129 -4.208706 -7.222321 7.078129 -3.887715 -7.27923 9.578129 -4.208706 -7.222321 9.578129 -4.782263 -7.070545 9.578129 -5.28894 -6.878933 7.078129 -5.28894 -6.878933 9.578129 -5.714605 -6.671461 9.578129 -6.274815 -6.322885 7.078129 -6.274815 -6.322885 9.578129 -6.548485 -6.115791 9.578129 -7.12938 -5.574058 7.078129 -7.811481 -4.666581 9.578129 -7.811481 -4.666581 7.078129 -7.255558 -5.433313 9.578129 -7.12938 -5.574058 9.578129 -7.826932 -4.640722 9.578129 -8.242614 -3.777038 9.578129 -8.29088 -3.644159 7.078129 -8.29088 -3.644159 9.578129 -8.498517 -2.872271 9.578129 -8.551948 -2.540075 9.578129 3.022275 -7.337758 7.078129 8.418228 -2.955714 7.078129 8.533742 -1.835226 7.078129 8.074434 -4.034098 7.078129 7.518364 -5.017387 7.078129 6.768665 -5.870833 7.078129 5.860761 -6.551706 7.078129 4.837169 -7.030786 7.078129 3.731443 -7.292057 7.078129 8.173971 -0.6977844 7.482397 8.173971 -0.08824235 7.550877 8.481558 -0.08824253 7.189874 8.173971 -1.969029 7.078129 8.173971 -1.782742 7.161715 8.362396 -1.427725 7.078129 8.173971 -1.399552 7.306003 8.490324 -0.8233345 7.078129 8.533749 -0.4703438 7.078129 8.533751 -0.08824235 7.115426 8.533756 -0.08824235 9.578129 6.931097 -2.969094 7.954782 7.337186 -3.522063 7.078289 6.931097 -3.664423 7.484299 6.931097 -4.134725 7.078129 6.931097 -2.21675 8.327363 7.810259 -2.717897 7.07829 6.931097 -0.08824235 8.79496 6.931097 -0.5966123 8.753588 6.931097 -1.421093 8.595258 4.809815 -1.106446 9.564442 4.809815 -0.7037166 9.625679 5.337192 -0.6980218 9.579307 5.697256 -0.08824235 9.540188 5.957461 -0.08824235 9.445881 5.95784 -0.6758812 9.399029 6.147774 -0.08824235 9.35931 6.560995 -0.08824235 9.11024 6.525144 -0.6380416 9.090926 6.751517 -0.08824235 8.960839 5.337192 -4.885377 7.505612 5.452544 -5.240106 7.078131 5.031429 -5.319861 7.078127 6.525144 -3.873445 7.752293 6.525144 -4.533277 7.161894 6.613018 -4.525976 7.077945 6.276119 -4.825913 7.07801 6.525144 -1.507564 8.923944 6.525144 -2.346687 8.641415 6.525144 -3.14013 8.248479 5.226351 -0.08824235 9.645574 5.463801 -0.08824235 9.602568 5.019552 -0.08824235 9.66702 4.809815 -1.644639 9.444989 5.337192 -1.632753 9.399806 4.809815 -2.381929 9.207324 5.337192 -2.534805 9.096087 4.809815 -2.552666 9.13926 4.809815 -3.411262 8.714056 5.337192 -3.387752 8.673686 4.809815 -3.568886 8.619509 5.337192 -4.176061 8.140292 4.809815 -4.204793 8.177126 4.809815 -4.626007 7.821457 4.809815 -4.918807 7.538246 4.809815 -5.330459 7.078129 5.878339 -5.073657 7.078112 5.95784 -4.755406 7.378734 5.95784 -4.064356 7.997066 5.95784 -3.296347 8.51673 5.95784 -2.465364 8.928256 5.95784 -1.586541 9.22415 7.979336 -0.08824235 16.94112 7.855496 -0.08824235 18.26673 7.72437 -0.08824235 19.59165 7.656075 -0.08824235 20.25383 7.58596 -0.08824235 20.91583 7.514027 -0.08824235 21.57762 7.495759 -0.08824235 21.74304 7.477377 -0.08824235 21.90845 7.370319 -0.411726 22.85186 7.440274 -0.08824235 22.23922 7.211302 -0.08824235 24.19634 6.955816 -0.08824235 26.06418 6.770204 -0.08824282 27.18408 6.976333 -0.5193955 25.63024 7.091054 -0.08824235 25.13136 6.438498 -0.4972802 28.16033 6.410623 -0.2977833 28.36717 5.954716 -0.8969662 28.96951 6.503186 -0.8052113 27.67819 1.83966 -2.19501 31.02784 1.905184 -2.808226 30.54377 2.825188 -2.633377 30.47324 5.842165 -0.08824235 29.55855 5.892456 -0.2292674 29.42948 6.16076 -0.08824235 29.02445 4.956505 -0.08824235 30.57374 5.233312 -0.1310495 30.29548 5.391071 -0.08824235 30.13862 3.296534 -0.08824235 31.58801 3.5921 -0.5696616 31.32991 4.036254 -0.477996 31.12729 1.381365 -3.066587 30.33552 1.384732 -3.361448 30.02076 1.980662 -3.350085 29.98466 1.386974 -3.530325 29.81816 1.393729 -3.943052 29.23156 2.064654 -3.811831 29.36057 1.407971 -4.521831 28.00122 2.155622 -4.185884 28.68231 1.401165 -4.281672 28.60204 1.397963 -4.147402 28.87361 1.372302 -1.999091 31.17849 1.374066 -2.235394 31.02416 1.37483 -2.332438 30.95607 1.376745 -2.564413 30.78123 1.379346 -2.860252 30.53094 1.363771 -0.08824336 31.94696 1.365578 -0.748411 31.76638 1.507744 -0.08824235 31.94503 1.743553 -0.7982292 31.73569 2.722634 -0.08824235 31.77261 2.646364 -0.08824235 31.79192 2.670627 -0.7118836 31.61309 2.119141 -0.08824235 31.8937 4.862172 -0.2574213 30.60717 4.475513 -0.08824235 30.95683 4.461473 -0.3735435 30.88557 4.38639 -0.08824235 31.01855 3.855502 -0.08824235 31.33561 5.595377 -0.4232168 29.77233 6.419332 -0.08824235 28.45645 6.619069 -0.08824235 27.85546 6.681744 -0.08824235 27.61163 1.368475 -1.390035 31.50889 1.785401 -1.521119 31.42778 2.762529 -2.047154 30.93617 3.734981 -2.345379 30.27609 6.390044 -0.08824235 28.5298 6.366811 -0.08824235 28.58602 5.920653 -0.5788114 29.22142 5.666288 -1.183909 29.24859 5.627494 -0.8214558 29.53541 5.340101 -1.457193 29.5075 5.296802 -1.05255 29.82756 4.979365 -1.713095 29.74255 4.93185 -1.268946 30.09372 4.588224 -1.948241 29.95056 4.536836 -1.46779 30.33031 4.171598 -2.159757 30.12899 4.116727 -1.646651 30.53445 3.677056 -1.803617 30.70409 2.710644 -1.402936 31.31863 5.260955 -0.6079341 30.09195 4.89251 -0.7809022 30.38383 4.494287 -0.9398416 30.64404 4.071294 -1.082808 30.86942 3.629092 -1.208273 31.05768 5.777426 -0.08824235 29.65231 6.085017 -1.612097 28.00027 5.814654 -1.998507 28.14518 5.505668 -2.366524 28.27635 5.161035 -2.711132 28.39181 4.784684 -3.027791 28.48997 3.064685 -3.950425 28.69303 3.956403 -3.562594 28.63012 4.381356 -3.312627 28.56965 6.46954 -0.6673668 27.92935 6.037669 -1.417876 28.35352 5.99397 -1.178177 28.67847 5.760747 -1.777287 28.5473 5.710989 -1.504251 28.91724 5.445515 -2.11959 28.725 5.389988 -1.814805 29.13777 5.095035 -2.440121 28.88403 5.034108 -2.105605 29.33689 4.713314 -2.734654 29.0222 4.647426 -2.37282 29.51189 4.305158 -2.999589 29.13785 4.23481 -2.613181 29.66066 3.875969 -3.23209 29.22988 3.801709 -2.824117 29.78173 2.977689 -3.592824 29.34169 2.897367 -3.151391 29.93855 -1.439573 -2.468902 30.85548 -1.444087 -2.982178 30.41772 -1.468582 -4.432047 28.24873 -1.46429 -4.27236 28.62232 -1.461421 -4.148274 28.87211 -1.454993 -3.815833 29.42879 -1.448811 -3.400176 29.9759 -1.44832 -3.361458 30.02077 -1.427342 -0.08824336 31.94696 -1.429411 -0.7756451 31.75722 -1.432222 -1.368595 31.51897 -1.435664 -1.935867 31.21718 -1.437776 -2.235427 31.02424 -5.878225 -1.998507 28.14518 -5.56924 -2.366524 28.27635 -5.509087 -2.11959 28.725 -5.042937 -1.713095 29.74255 -5.403673 -1.457193 29.5075 -5.45356 -1.814805 29.13777 -2.593111 -4.406774 27.98101 -2.315334 -4.466189 27.96284 -2.219194 -4.185884 28.68231 -2.128225 -3.811831 29.36057 -1.903231 -2.19501 31.02784 -1.848973 -1.521119 31.42778 -5.295664 -0.08824235 30.30964 -5.296883 -0.1310493 30.29548 -4.925743 -0.2574212 30.60717 -6.793591 -0.08824235 27.39324 -6.833776 -0.08824199 27.18408 -6.786545 -0.3048996 27.24604 -6.45019 -0.08824235 28.5381 -6.662793 -0.08824235 27.92501 -6.474194 -0.2977831 28.36717 -6.683126 -0.08824235 27.85304 -6.502069 -0.4972799 28.16033 -6.743535 -0.08824235 27.61834 -6.533112 -0.6673664 27.92935 -6.566757 -0.805211 27.67819 -5.324527 -0.6079339 30.09195 -5.369163 -0.08824235 30.23261 -5.658949 -0.4232167 29.77233 -5.787003 -0.08824235 29.72795 -5.956027 -0.2292672 29.42948 -4.894724 -0.08824235 30.68247 -4.525045 -0.3735434 30.88557 -4.370967 -0.08824235 31.07191 -4.099826 -0.477996 31.12729 -3.809436 -0.08824235 31.3917 -3.655672 -0.5696616 31.32991 -3.209251 -0.08824235 31.64354 -2.734199 -0.7118836 31.61309 -2.710185 -0.08824235 31.79248 -2.584069 -0.08824235 31.82191 -1.807124 -0.7982292 31.73569 -1.946775 -0.08824235 31.92227 -2.044233 -3.350085 29.98466 -1.968756 -2.808226 30.54377 -2.888759 -2.633377 30.47324 -2.960938 -3.151391 29.93855 -3.798552 -2.345379 30.27609 -3.04126 -3.592824 29.34169 -3.865281 -2.824117 29.78173 -4.298381 -2.61318 29.66066 -4.23517 -2.159757 30.12899 -4.710998 -2.372819 29.51189 -4.651795 -1.948241 29.95056 -5.097679 -2.105605 29.33689 -3.417923 -4.142513 28.00731 -3.2202 -4.218403 28.00496 -3.128257 -3.950424 28.69303 -5.824318 -1.777287 28.5473 -5.77456 -1.504251 28.91724 -5.72986 -1.183909 29.24859 -3.939541 -3.23209 29.22988 -4.368729 -2.999589 29.13785 -4.776885 -2.734654 29.0222 -5.158607 -2.440121 28.88403 -6.148588 -1.612097 28.00027 -6.101241 -1.417875 28.35352 -6.057542 -1.178176 28.67847 -6.018288 -0.896966 28.96951 -5.224606 -2.711132 28.39181 -4.848255 -3.027791 28.48997 -4.444927 -3.312627 28.56965 -4.019974 -3.562594 28.63012 -3.597235 -4.066393 28.00715 -6.052672 -1.9926 27.68009 -5.935208 -2.164308 27.71857 -5.772458 -2.381446 27.76534 -5.454616 -2.750471 27.83935 -5.295188 -2.913428 27.8695 -4.60576 -3.491044 27.95986 -4.316299 -3.684341 27.9823 -4.104982 -3.81027 27.9939 -6.602612 -0.9077997 27.41148 -6.497852 -1.168388 27.47964 -6.198198 -1.758424 27.62566 -6.130749 -1.870232 27.65192 -5.984224 -0.5788112 29.22142 -5.691065 -0.8214557 29.53541 -5.360374 -1.05255 29.82756 -4.956081 -0.7809022 30.38383 -4.995421 -1.268946 30.09372 -4.557858 -0.9398415 30.64404 -4.600407 -1.46779 30.33031 -4.134865 -1.082808 30.86942 -4.180299 -1.646651 30.53445 -3.692663 -1.208273 31.05768 -3.740627 -1.803617 30.70409 -2.774215 -1.402936 31.31863 -2.8261 -2.047154 30.93617 -6.148711 -0.08824235 29.16411 -4.093137 -4.392574 26.44602 -3.336335 -6.881042 16.79677 -8.582077 -1.837235 9.829775 -3.73251 -7.244814 11.92506 -4.62372 -7.036583 11.98063 -7.661159 -4.609586 12.1113 -8.077126 -3.746648 12.11106 -8.43334 -1.927168 12.07391 -8.434952 -1.80632 12.06989 -8.453423 -1.814544 11.80518 -8.334095 -2.842586 12.09822 -7.932721 -1.404987 18.1102 -8.128832 -1.542247 15.97136 -8.201543 -1.74602 15.09803 -8.203745 -1.625598 15.08756 -8.300066 -1.716514 13.88981 -7.62803 -0.9044427 21.10304 -7.734696 -0.9660899 20.10943 -7.940246 -1.292045 18.04531 -7.289168 -0.2453325 24.06692 -7.512574 -0.5644667 22.16166 -7.631871 -0.7859132 21.07985 -6.979023 -0.08824235 26.32166 -7.274873 -0.08824235 24.19634 -7.294049 -0.1282604 24.0375 -2.263277 -4.976768 26.38102 -5.976007 -2.831667 26.23902 -6.254391 -2.439718 26.16242 -6.447891 -2.846451 24.63213 -3.628911 -4.606789 26.44837 -4.294675 -4.813399 24.87682 -4.726213 -4.563998 24.86488 -4.917817 -4.941013 23.28819 -5.328124 -4.650548 23.26897 -5.509453 -4.983685 21.68669 -5.88204 -4.664649 21.66338 -6.052439 -4.953313 20.08093 -6.394466 -4.601348 20.05549 -6.554065 -4.846302 18.47192 -6.861689 -4.465312 18.44668 -7.010024 -4.66633 16.86788 -7.279674 -4.261662 16.84505 -7.417037 -4.419623 15.26957 -3.156245 -4.776296 26.43689 -3.47931 -7.046191 15.17552 -3.611348 -7.167404 13.55213 -4.370681 -6.838644 15.23106 -4.502622 -6.95944 13.60767 -4.972431 -6.783598 13.63289 -5.093346 -6.860517 12.00764 -5.552997 -6.638012 12.03236 -6.384762 -6.083195 12.0719 -5.979575 -6.380816 12.05358 -5.859344 -6.304513 13.67149 -5.432377 -6.56138 13.65452 -5.301011 -6.441383 15.27303 -4.840715 -6.663156 15.2545 -4.698136 -6.499056 16.87398 -4.227839 -6.674064 16.85231 -4.074536 -6.466094 18.46742 -3.182868 -6.672356 18.41186 -4.525575 -4.144959 26.43012 -4.938028 -3.858426 26.40058 -5.137558 -4.275397 24.84047 -5.512439 -3.960207 24.80486 -5.701817 -4.333323 23.23948 -6.046267 -3.98508 23.19958 -6.22523 -4.314418 21.63069 -6.535332 -3.936897 21.58899 -6.703276 -4.221957 20.02198 -6.975383 -3.820382 19.98094 -7.132507 -4.062044 18.41472 -7.402845 -2.969191 19.87876 -7.557147 -3.207264 18.33272 -7.090282 -5.40133 12.09821 -6.752565 -5.758153 12.08666 -6.633393 -5.682648 13.69268 -6.265021 -6.007273 13.68435 -6.134683 -5.888389 15.29322 -5.728434 -6.185032 15.28579 -5.586785 -6.02224 16.89801 -5.158837 -6.277889 16.88945 -5.006295 -6.071292 18.49977 -4.545135 -6.291693 18.48734 -4.381554 -6.04067 20.09702 -3.910614 -6.214341 20.07883 -3.736644 -5.91946 21.68161 -3.018748 -6.419736 20.02324 -2.844548 -6.123843 21.62597 -8.097937 -2.658431 15.17018 -7.823572 -2.311751 18.22977 -7.512199 -1.802949 21.26948 -7.165569 -1.133007 24.2795 -5.314175 -3.545494 26.35891 -5.661413 -3.201965 26.30485 -5.858239 -3.614198 24.75785 -6.171237 -3.241229 24.69997 -6.357767 -3.609702 23.14976 -6.632795 -3.212375 23.09077 -6.808842 -3.537302 21.53894 -7.066647 -2.370187 22.9487 -7.239375 -2.690307 21.41675 -7.394287 -5.016703 12.10645 -7.276504 -4.942149 13.69657 -6.971766 -5.326282 13.69676 -6.84285 -5.208765 15.29179 -6.503717 -5.564415 15.29515 -6.363477 -5.403321 16.89559 -5.993689 -5.726408 16.90003 -5.842471 -5.52172 18.50082 -5.434833 -5.816527 18.50416 -5.27242 -5.567501 20.10668 -4.843226 -5.821196 20.10643 -4.670198 -5.528253 21.70451 -4.207962 -5.746646 21.69809 -4.024269 -5.409178 23.29264 -3.552536 -5.581011 23.27785 -3.358977 -5.19989 24.86315 -2.660179 -5.784235 23.22216 -2.466329 -5.401809 24.80738 -6.885296 -2.009667 24.47039 -7.836809 -3.55952 15.22826 -3.83116 -5.02916 24.87628 -4.487121 -5.192025 23.2961 -5.100112 -5.275808 21.70066 -5.680871 -5.27393 20.09799 -6.213103 -5.199751 18.49004 -6.703474 -5.048644 16.88483 -7.148437 -4.825402 15.28321 -7.544178 -4.535553 13.69215 -7.686217 -0.08824235 20.57162 -8.042908 -0.08824235 16.94112 -8.34818 -0.08824235 13.26174 -8.597326 -0.08824235 9.578129 -8.597326 -0.08824235 7.078129 -8.483146 -0.08824235 7.180051 -8.168599 -0.08824235 7.550877 -8.168599 -0.6977844 7.482397 -8.553288 -0.08824235 7.078129 -8.547695 -0.2113939 7.078094 -8.477173 -0.8719551 7.078065 -8.168599 -1.399552 7.306003 -8.35389 -1.438309 7.078017 -8.168599 -1.782742 7.161715 -8.168599 -1.969029 7.078129 -7.983261 -2.371874 7.078199 -6.925724 -2.26816 8.305826 -6.925724 -2.969094 7.954782 -7.562965 -3.145075 7.078345 -6.925724 -3.664423 7.484299 -6.925724 -4.134725 7.078129 -6.925724 -2.21675 8.327364 -6.925724 -1.421093 8.595258 -6.925724 -0.5966123 8.753589 -6.925724 -0.08824235 8.79496 -5.635664 -5.17794 7.077909 -5.228152 -5.291707 7.077913 -4.804443 -5.330459 7.078129 -6.376843 -4.741667 7.077982 -6.012434 -4.997968 7.078129 -8.565428 -0.08824318 7.078129 -8.590538 -0.08824235 7.078129 -6.699427 -4.425756 7.078042 5.201682 4.642155 28.68221 5.181868 4.679427 28.62958 5.169682 4.684452 28.64187 4.739017 5.01578 27.63524 4.897146 5.099009 27.61245 4.89678 5.155955 27.32065 4.53694 5.014604 27.35438 4.345454 5.05861 27.37851 4.39187 5.037373 27.70315 4.730847 5.048841 27.33403 4.562975 4.994306 27.66684 4.474855 4.998719 28.05454 4.618334 4.958541 28.00355 4.59036 4.943442 28.36084 4.702819 4.908709 28.29702 4.661199 4.908678 28.4949 4.75675 4.877892 28.42596 4.785756 4.845937 28.6679 4.853727 4.823091 28.59372 4.831528 4.822357 28.71547 4.889817 4.802753 28.6404 4.768718 4.96722 27.95762 4.822889 4.908712 28.23777 4.859799 4.87551 28.36111 4.928508 4.82017 28.52269 4.954577 4.800608 28.56817 5.019492 4.754338 28.65289 4.911089 5.023894 27.9213 4.941959 4.943452 28.18735 4.964234 4.901674 28.3042 5.006915 4.837297 28.45784 5.023369 4.816004 28.50148 5.064728 4.768656 28.58413 5.07559 4.75751 28.60025 5.113153 4.795145 28.52141 5.0936 4.848359 28.44285 5.085608 4.873744 28.40194 5.06386 4.954831 28.2586 5.051491 5.010436 28.14937 5.031324 5.122941 27.8982 5.016834 5.233189 27.60144 5.00873 5.319158 27.31634 5.134445 4.751601 28.575 5.125858 4.767263 28.55738 5.118205 4.783413 28.53711 5.257574 4.58889 28.79248 5.200693 4.626662 28.75678 5.22352 4.608504 28.81632 5.178712 4.639107 28.76806 5.1954 4.624573 28.83039 5.155438 4.652315 28.77562 5.165807 4.641359 28.8405 5.123942 4.670212 28.77968 5.125971 4.663755 28.84749 5.075865 4.69753 28.77413 5.065459 4.697343 28.84537 5.001754 4.739552 28.74149 4.972445 4.747961 28.81595 4.978706 4.75259 28.72579 4.943511 4.763461 28.80077 5.227071 4.611792 28.73684 5.182641 4.652127 28.69828 5.166646 4.66099 28.70683 5.149621 4.670804 28.71189 5.126484 4.684654 28.71313 5.091057 4.706794 28.70437 5.036435 4.742763 28.66897 5.15941 4.689836 28.64776 5.148456 4.696497 28.65044 5.133551 4.706814 28.64908 5.11072 4.724943 28.63753 5.145011 4.736279 28.58871 5.151966 4.728938 28.59236 5.157133 4.725144 28.59188 5.162043 4.723067 28.58852 5.167989 4.72293 28.57993 4.332 5.132484 24.55431 4.094648 5.168705 24.59378 4.219744 5.114768 25.63669 4.89309 5.319283 26.01085 4.857601 5.335042 25.58508 4.72647 5.138697 26.01705 4.69164 5.154637 25.59336 4.49429 5.059292 26.03116 4.46048 5.074809 25.61206 4.252655 5.100257 26.04975 4.783641 5.62912 24.51662 4.918426 5.572614 25.58922 4.953886 5.557412 26.01405 4.722769 5.393612 24.51055 4.559319 5.213879 24.52419 3.908841 5.245305 23.55397 4.141263 5.214398 23.50046 4.362976 5.298004 23.45933 4.522687 5.476781 23.44009 4.583445 5.709367 23.44721 4.998527 5.415966 26.90835 4.981938 5.489044 26.48268 4.902853 5.219899 26.90889 4.903032 5.269927 26.48153 4.733062 5.083126 26.91665 4.733634 5.110213 26.48747 4.521479 5.031687 26.93016 4.510495 5.044552 26.49918 4.308386 5.075375 26.94685 4.282028 5.087191 26.51415 7.991858 -0.08824235 16.8177 8.16182 -0.08824235 7.550899 8.234889 -0.08824604 7.475131 8.540534 -0.08824235 7.087223 8.540536 -0.08824235 9.518077 8.134238 -0.08824235 15.18051 7.838373 -0.08824235 18.45389 7.757468 -0.08824235 19.27159 7.673789 -0.08824235 20.089 7.587337 -0.08824235 20.90613 7.543072 -0.08824235 21.31458 7.498113 -0.08824235 21.72296 7.469332 -0.08824235 21.98111 7.79917 4.160254 6.118076 8.16346 3.659591 6.117929 7.067784 4.160254 7.147513 8.163154 3.357546 6.392996 8.162043 0.5348055 7.542771 8.162267 1.152223 7.456823 8.162444 1.623969 7.336422 8.16249 1.754045 7.29439 8.162714 2.330835 7.058022 8.162796 2.537936 6.951521 8.16293 2.85587 6.762875 1.841035 0.4365516 9.673192 1.841035 0.3006758 9.443826 1.841035 -0.08824235 9.674221 -4.804443 -0.7037166 9.625679 -4.804659 -0.08824235 9.674221 4.797667 -0.08824235 9.674221 -4.804443 -4.918807 7.538246 -4.804443 -4.626007 7.821457 -4.804443 -4.204793 8.177126 -4.804443 -3.568886 8.619509 -4.804443 -3.411262 8.714056 -4.804443 -2.552666 9.13926 -4.804443 -2.381929 9.207324 -4.804443 -1.644639 9.444989 -4.804443 -1.106446 9.564442 -6.698826 -0.08824235 9.000346 -6.505729 -0.08824235 9.145462 -6.519772 -0.6380416 9.090926 -6.087677 -0.08824235 9.385869 -5.863162 -0.08824235 9.481109 -5.952467 -0.6758812 9.399029 -4.816591 -0.08824241 9.674198 -5.952467 -4.755406 7.378734 -5.33182 -4.885377 7.505612 -5.33182 -4.176061 8.140292 -5.33182 -3.387752 8.673686 -5.33182 -2.534805 9.096087 -5.33182 -1.632753 9.399806 -5.221461 -0.08824235 9.645471 -5.161636 -0.08824235 9.653193 -5.33182 -0.6980218 9.579307 -4.919915 -0.08824068 9.67224 -5.633261 -0.08824235 9.557722 -5.399477 -0.08824235 9.615077 -5.281043 -0.08824235 9.636547 -6.301778 -0.08824235 9.27408 -6.519772 -1.507564 8.923948 -6.519772 -2.346687 8.641415 -6.519772 -3.14013 8.248479 -6.519772 -3.873445 7.752293 -6.519772 -4.533277 7.161894 -5.952467 -1.586541 9.22415 -5.952467 -2.465364 8.928256 -5.952467 -3.296347 8.51673 -5.952467 -4.064356 7.997066 -4.722769 5.393612 24.51055 -4.783641 5.62912 24.51662 -4.918426 5.572614 25.58922 -4.49429 5.059292 26.03116 -4.46048 5.074809 25.61206 -4.72647 5.138697 26.01705 -4.69164 5.154637 25.59336 -4.89309 5.319283 26.01085 -4.857601 5.335042 25.58508 -4.953886 5.557412 26.01405 -4.094648 5.168705 24.59378 -4.219744 5.114768 25.63669 -4.252655 5.100257 26.04975 -4.332 5.132484 24.55431 -4.559319 5.213879 24.52419 -4.583445 5.709367 23.44721 -4.522687 5.476781 23.44009 -4.362976 5.298004 23.45933 -4.141263 5.214398 23.50046 -3.908841 5.245305 23.55397 -4.308386 5.075375 26.94685 -4.282028 5.087191 26.51415 -4.521479 5.031687 26.93016 -4.510494 5.044552 26.49918 -4.733062 5.083126 26.91665 -4.733632 5.110211 26.48746 -4.902853 5.219899 26.90889 -4.90303 5.269923 26.48152 -4.998527 5.415966 26.90835 -4.981938 5.489044 26.48268 -4.345454 5.05861 27.37851 -4.53694 5.014604 27.35438 -4.730847 5.048841 27.33403 -4.89678 5.155955 27.32065 -5.00873 5.319158 27.31634 -5.201682 4.642155 28.68221 -5.227071 4.611792 28.73684 -5.200693 4.626662 28.75678 -5.016834 5.233189 27.60144 -4.897146 5.099009 27.61245 -5.031324 5.122941 27.8982 -4.911089 5.023894 27.9213 -5.051491 5.010436 28.14937 -4.941959 4.943452 28.18735 -5.06386 4.954831 28.2586 -4.964234 4.901674 28.3042 -5.085608 4.873744 28.40194 -5.006915 4.837297 28.45784 -5.0936 4.848359 28.44285 -5.023369 4.816004 28.50148 -5.113153 4.795145 28.52141 -5.064728 4.768656 28.58413 -5.118205 4.783413 28.53711 -5.07559 4.75751 28.60025 -5.125858 4.767263 28.55738 -5.11072 4.724943 28.63753 -5.134445 4.751601 28.575 -5.145011 4.736279 28.58871 -5.133551 4.706814 28.64908 -5.151966 4.728938 28.59236 -5.148456 4.696497 28.65044 -5.157133 4.725144 28.59188 -5.15941 4.689836 28.64776 -5.162043 4.723067 28.58852 -5.169682 4.684452 28.64187 -5.167989 4.72293 28.57993 -5.181868 4.679427 28.62958 -5.182641 4.652127 28.69828 -5.166646 4.66099 28.70683 -5.149621 4.670804 28.71189 -5.126484 4.684654 28.71313 -5.091057 4.706794 28.70437 -5.036435 4.742763 28.66897 -5.019492 4.754338 28.65289 -4.954577 4.800608 28.56817 -4.928508 4.82017 28.52269 -4.859799 4.87551 28.36111 -4.822889 4.908712 28.23777 -4.768718 4.96722 27.95762 -4.739017 5.01578 27.63524 -5.178712 4.639107 28.76806 -5.155438 4.652315 28.77562 -5.123942 4.670212 28.77968 -5.075865 4.69753 28.77413 -5.001754 4.739552 28.74149 -4.978706 4.75259 28.72579 -4.889817 4.802753 28.6404 -4.853727 4.823091 28.59372 -4.75675 4.877892 28.42596 -4.702819 4.908709 28.29702 -4.618334 4.958541 28.00355 -4.562975 4.994306 27.66684 -4.39187 5.037373 27.70315 -4.474855 4.998719 28.05454 -4.59036 4.943442 28.36084 -4.661199 4.908678 28.4949 -4.785756 4.845937 28.6679 -4.831528 4.822357 28.71547 -4.943511 4.763461 28.80077 -4.972445 4.747961 28.81595 -5.065459 4.697343 28.84537 -5.125971 4.663755 28.84749 -5.165807 4.641359 28.8405 -5.1954 4.624573 28.83039 -5.22352 4.608504 28.81632 -5.257574 4.58889 28.79248 2.526369 5.175535 30.80623 3.236579 4.961684 30.60563 2.490624 5.184874 30.99587 -3.236579 4.961684 30.60563 -2.527187 5.175398 30.80634 -2.490624 5.184874 30.99587 -2.241199 5.245616 30.8704 -1.688473 5.356421 31.28484 -1.782504 5.339851 30.95498 -0.844855 5.464247 31.46221 -1.026139 5.447213 31.05001 0 5.5 31.52036 -0.2612221 5.496588 31.09336 0 5.499998 31.09634 0.2077975 5.497796 31.09444 0.844855 5.464247 31.46221 0.9954622 5.450113 31.05261 1.688473 5.356421 31.28484 1.771881 5.341753 30.95639 2.145709 5.26707 30.88941 2.241125 5.245602 30.87003 -4.862604 4.771477 29.5275 -4.857738 4.741702 29.56633 -4.484885 4.928907 29.93561 -4.857101 4.737802 29.57141 -4.854477 4.704528 29.59206 -4.481842 4.854943 29.96969 -4.853491 4.667412 29.59977 -4.869098 4.789956 29.47452 -4.867965 4.786733 29.48376 -4.464345 4.988085 29.88337 -4.867126 4.784344 29.49061 -0.6869285 5.963276 31.55916 0 5.971604 31.62304 0 5.995923 31.56044 0 5.800218 31.72035 0 5.863906 31.70985 -0.3042767 5.795938 31.71332 -0.6912292 5.849408 31.67096 -3.362143 5.269895 30.8022 -3.283374 5.295079 30.84795 -3.377178 5.307687 30.78828 -2.672056 5.468787 31.15659 -2.756599 5.499691 31.111 -2.095444 5.597734 31.37967 -2.097005 5.658424 31.36921 -1.523992 5.693407 31.54236 -1.405415 5.776831 31.55739 -0.9627055 5.757641 31.64992 -0.7042499 5.777435 31.68275 -3.825206 5.108747 30.50217 -3.953422 5.090054 30.40627 -4.364194 4.890416 30.07639 -4.491527 4.833758 29.96164 -4.853475 4.661661 29.5999 0 5.927935 31.67405 -0.6910601 5.917913 31.62682 -1.405192 5.845813 31.51399 -2.09695 5.728148 31.32702 -2.756983 5.570348 31.0704 -3.37826 5.379398 30.74958 -3.955417 5.16288 30.36975 -1.396975 5.892302 31.44748 -2.085107 5.77642 31.26235 -2.742103 5.620921 31.00816 -3.360955 5.432637 30.69025 -3.936259 5.21902 30.31377 -4.880895 4.796605 29.37473 -4.427344 5.020947 29.82654 -3.9025 5.247827 30.25286 -3.331103 5.457592 30.62572 -2.716922 5.642364 30.94045 -2.065386 5.794856 31.19199 -1.383456 5.908421 31.37512 -0.9215472 5.959476 31.45633 -0.6801823 5.977941 31.48555 0 5.999992 31.52039 4.869098 4.789956 29.47452 4.880895 4.796605 29.37473 4.427344 5.020947 29.82654 0.1745681 5.798753 31.71805 0.7040879 5.777324 31.68277 0.6912292 5.849408 31.67096 0.6910601 5.917913 31.62682 0.6869285 5.963276 31.55916 4.867965 4.786733 29.48376 4.464345 4.988085 29.88337 4.862604 4.771477 29.5275 4.867853 4.785053 29.49094 4.481842 4.854943 29.96969 4.853491 4.667412 29.59977 4.854477 4.704528 29.59206 4.858353 4.742086 29.5667 4.484885 4.928907 29.93561 4.85723 4.737891 29.5715 4.491496 4.833662 29.96167 4.853475 4.661661 29.5999 3.377178 5.307687 30.78828 3.835165 5.105014 30.49508 3.953422 5.090054 30.40627 4.368214 4.888658 30.07286 0.8088719 5.770055 31.67071 1.462036 5.701877 31.55676 1.405415 5.776831 31.55739 2.094635 5.597291 31.37995 2.097005 5.658424 31.36921 2.723239 5.455326 31.13378 2.756599 5.499691 31.111 3.308234 5.287176 30.83365 3.362041 5.269875 30.80223 0.6801823 5.977941 31.48555 0.9215472 5.959476 31.45633 1.396975 5.892302 31.44748 3.936259 5.21902 30.31377 3.9025 5.247827 30.25286 3.360955 5.432637 30.69025 3.331103 5.457592 30.62572 2.742103 5.620921 31.00816 2.716922 5.642364 30.94045 2.085107 5.77642 31.26235 2.065386 5.794856 31.19199 1.383456 5.908421 31.37512 1.405192 5.845813 31.51399 2.09695 5.728148 31.32702 2.756983 5.570348 31.0704 3.37826 5.379398 30.74958 3.955417 5.16288 30.36975 2.792432 5.333982 31.10204 2.619654 5.378622 31.17951 2.600548 5.31233 31.17475 2.080372 5.498623 31.38469 1.775961 5.553703 31.47749 1.764552 5.496403 31.47177 1.519437 5.593165 31.54347 0.8721687 5.664968 31.6626 0.8834546 5.612333 31.65432 0.8567354 5.479485 31.54032 0 5.511063 31.58596 0 5.544246 31.64582 0.8710479 5.53231 31.61285 0 5.570029 31.67237 0 5.594555 31.6903 0 5.656752 31.71562 0.7041797 5.677179 31.68276 0.225416 5.697659 31.71651 0 5.699971 31.72035 2.161832 5.482349 31.35711 2.524075 5.192985 31.0686 3.278663 4.964453 30.67417 3.330292 5.003701 30.73781 2.564809 5.238107 31.13614 3.375991 5.07345 30.7742 3.404237 5.150934 30.7771 1.711784 5.36885 31.36084 1.739987 5.418649 31.43142 -2.798155 5.332206 31.09937 -3.404237 5.150934 30.7771 -3.375991 5.07345 30.7742 -2.600548 5.31233 31.17475 -2.619599 5.378365 31.17953 -1.603521 5.580633 31.52305 -1.77593 5.553504 31.47749 -1.764552 5.496403 31.47177 -2.080402 5.498466 31.38468 -2.189546 5.476486 31.34746 -0.3218585 5.695013 31.71252 -0.7042607 5.676735 31.68276 -0.8834546 5.612333 31.65432 -0.8885903 5.663136 31.6604 -0.9801338 5.655222 31.64734 -0.8710479 5.53231 31.61285 -0.8567354 5.479485 31.54032 -1.711784 5.36885 31.36084 -3.278663 4.964453 30.67417 -3.330292 5.003701 30.73781 -2.564809 5.238107 31.13614 -2.524075 5.192985 31.0686 -1.739987 5.418649 31.43142 7.078166 -0.0881949 25.21474 7.21737 -0.08824235 24.14222 7.126508 0.104874 24.88275 6.936469 -0.08819967 26.17299 6.868191 0.6833459 26.89267 6.777283 -0.08824288 27.12359 6.821067 1.229964 27.24561 6.820416 1.147903 27.25045 6.878383 1.171799 26.81583 6.824418 0.9916682 27.22065 6.825277 0.9751179 27.21424 6.830754 0.8961049 27.17338 6.839698 0.8124499 27.10655 6.857073 0.7173075 26.97631 7.498113 1.660254 21.72296 6.888547 1.660253 26.73899 6.876612 1.652412 26.8292 6.855988 1.598946 26.98446 6.854128 1.591204 26.99842 6.844299 1.539742 27.07211 6.834512 1.464074 27.14532 6.829036 1.403115 27.1862 6.821642 1.255054 27.24133 8.15645 1.660254 14.91285 8.540538 1.660254 9.518077 7.548333 1.660254 21.26637 -6.827284 -0.08824199 27.12359 -6.918191 0.6833459 26.89267 -6.965495 -0.08820617 26.30521 -7.014231 0.4634659 26.16081 -7.267369 -0.08824235 24.14222 -8.206447 1.660254 14.91285 -8.590538 1.660254 9.518077 -8.590538 -0.08824235 9.518077 -7.598332 1.660254 21.26637 -7.548123 -0.08824235 21.72287 -6.928382 1.171799 26.81583 -6.871068 1.229964 27.24561 -6.871642 1.255054 27.24133 -6.879036 1.403115 27.1862 -6.884512 1.464074 27.14532 -6.894299 1.539742 27.07211 -6.905987 1.598946 26.98446 -6.926611 1.652412 26.8292 -6.938547 1.660253 26.73899 -6.907073 0.7173075 26.97631 -6.889698 0.8124498 27.10655 -6.888045 0.8253765 27.11891 -6.880754 0.8961049 27.17338 -6.874417 0.9916682 27.22065 -6.870417 1.147903 27.25045 -8.403985 -0.08824235 12.35046 -8.18424 -0.08824235 15.18046 -7.88838 -0.08824235 18.45382 2.629096 -0.08823424 31.73804 2.012854 -0.08822983 31.84878 -5.496989 -0.08827412 30.02316 -5.877294 -0.08834075 29.53081 6.372452 -0.08868765 28.52919 6.583096 -0.08839291 27.94366 6.646917 -0.08840274 27.71839 -1.658438 -0.08823788 31.88197 -2.330564 -0.08822673 31.80976 1.370553 -0.0882436 31.88723 -1.420553 -0.0882436 31.88723 -5.030616 -0.08824324 30.49855 -4.583862 -0.08837145 30.86019 -4.069788 -0.08839207 31.19031 -3.521233 -0.08825957 31.46045 -2.955893 -0.08823734 31.66363 3.220599 -0.08824259 31.55933 3.785817 -0.08833342 31.31503 4.322384 -0.08841729 31.006 -6.192836 -0.08824419 29.01168 -6.340804 -0.08850139 28.71448 -6.347731 -0.08851891 28.69943 4.798526 -0.08828061 30.65551 5.297482 -0.08828628 30.18852 5.710959 -0.08826524 29.69405 5.723942 -0.08827233 29.67645 6.077955 -0.08829718 29.12942 6.296866 -0.08852732 28.70131 -6.464773 -0.08860945 28.4257 -6.576221 -0.08825534 28.12175 6.754339 -0.08819949 27.24699 6.729796 -0.0881868 27.36835 6.723718 -0.08819717 27.39693 -6.672878 -0.08834409 27.80695 -6.700274 -0.08833581 27.70567 -6.772356 -0.0881803 27.40328 -6.785202 -0.08816838 27.34247 -8.590538 -0.08824217 7.039315 -8.488288 -0.08824789 7.189965 -8.180747 -0.08824235 7.550899 -5.079227 -0.08824235 9.662714 -5.237448 -0.08824235 9.644564 -6.937872 -0.08824235 8.794965 -6.760029 -0.08824235 8.959174 -6.569722 -0.08824235 9.108303 -6.368845 -0.08824235 9.24116 -6.159196 -0.08824235 9.356841 -5.93816 -0.08824235 9.456551 -5.70931 -0.08824235 9.538266 -5.475869 -0.08824235 9.600838 -5.356972 -0.08824235 9.625138 -8.180747 3.661355 6.118076 -7.818094 4.160254 6.118076 -8.180747 3.138208 6.568257 -7.739268 4.160254 6.235899 -6.937872 0.5037307 8.790441 -8.180747 0.5734549 7.539928 -8.180747 1.484004 7.377892 -6.937872 1.348743 8.685358 -6.937872 0.7745007 8.769536 -6.937872 4.160254 7.34358 -6.937872 3.689247 7.702195 -8.180747 2.538403 6.95238 -6.937872 2.956561 8.13609 -8.180747 2.34887 7.050233 -6.937872 2.171491 8.465867 -6.937872 1.989594 8.5249 -3.753912 5.306026 22.81137 -3.984991 5.278536 22.75857 -4.257845 5.834012 21.9575 -4.421139 5.772979 22.70461 -4.36148 5.542019 22.69833 -4.199274 5.604687 21.95202 -4.204152 5.363664 22.71779 -4.044318 5.426777 21.9717 -3.82772 5.34017 22.01214 -3.598041 5.364284 22.06426 1.97963 5.811696 20.21224 2.058671 5.796206 20.23976 2.393667 5.72352 20.39441 4.267955 5.093464 26.28191 2.701267 5.646584 20.60023 3.152815 5.515476 21.33225 3.460846 5.413251 21.61504 3.296425 5.469131 21.28333 3.246172 5.485608 21.20176 3.021617 5.555836 20.90396 2.754859 5.632164 20.64373 3.753912 5.306026 22.81137 3.598041 5.364284 22.06426 3.575647 5.372424 21.96641 5.5045 4.441503 28.56866 5.383459 4.514897 28.68372 5.459979 4.468759 28.63583 5.314891 4.555492 28.84282 4.894917 4.789229 29.35917 1.628095 5.873009 20.12691 1.266713 5.923312 20.09808 0.9202471 5.959596 20.09808 0 6 20.09808 -0.9202471 5.959596 20.09808 -1.266713 5.923312 20.09808 -1.628095 5.873009 20.12691 -1.97963 5.811696 20.21224 -2.058671 5.796206 20.23976 -2.393667 5.72352 20.39441 -2.701267 5.646584 20.60023 -3.021617 5.555836 20.90396 -3.246172 5.485608 21.20176 -2.754859 5.632164 20.64373 -3.296425 5.469131 21.28333 -3.460846 5.413251 21.61504 -3.575647 5.372424 21.96641 -4.267955 5.093464 26.28191 -4.894917 4.789229 29.35917 -5.314891 4.555492 28.84282 -5.383459 4.514897 28.68372 -5.459979 4.468759 28.63583 -5.5045 4.441503 28.56866 4.421139 5.772979 22.70461 4.36148 5.542019 22.69833 3.984991 5.278536 22.75857 3.82772 5.34017 22.01214 4.204152 5.363664 22.71779 4.044318 5.426777 21.9717 4.199274 5.604687 21.95202 4.257845 5.834012 21.9575 5.76482 4.326274 28.0084 5.760289 4.340973 27.99444 5.589877 4.463058 28.18681 5.666759 4.338495 28.33933 5.813889 4.239004 28.11041 5.774084 4.302325 28.03277 5.443775 4.499101 28.46762 5.620469 4.393008 28.26068 5.40528 4.582051 28.37353 5.325086 4.570333 28.57795 5.288954 4.652186 28.47966 5.167984 4.734011 28.56429 5.16792 4.877598 28.34787 5.126662 4.897109 28.36002 5.098462 4.910253 28.34567 5.036774 5.148636 27.85477 5.07934 5.167117 27.86332 5.126507 5.165829 27.86273 5.167772 5.145057 27.85311 5.167623 5.350407 27.32632 5.126352 5.372122 27.33326 5.079224 5.373411 27.33367 5.036714 5.353987 27.32746 5.014306 5.329329 27.31959 4.502925 5.051588 26.26507 4.730629 5.123912 26.25209 4.898923 5.293875 26.24594 4.96927 5.522555 26.24803 4.846287 5.758402 24.9525 4.583445 6.071684 23.44721 5.013043 5.396394 27.09445 5.043406 5.427001 27.10249 5.084385 5.442181 27.10615 5.128102 5.439013 27.10474 5.166149 5.418107 27.09853 4.995734 5.528698 26.48847 5.025964 5.559997 26.49216 5.066718 5.575678 26.49283 5.11022 5.572749 26.49038 5.148177 5.551774 26.48525 7.988296 4.060254 6.118076 7.965324 4.060254 6.118076 7.894696 4.160254 6.118076 8.350758 3.091142 6.34324 8.540536 1.362086 6.931185 8.540536 0.5370756 7.07831 8.478466 2.482197 6.555866 8.53752 1.837497 6.775895 8.540535 1.660256 6.83764 7.128403 4.160254 7.149258 7.029446 4.160254 7.270226 -4.751871 0.3006758 9.443826 -4.751871 0.4365516 9.673192 -4.816591 0.5522398 9.667741 -4.751871 0.8952908 9.64042 -4.816591 1.516593 9.547816 -4.751871 2.076326 9.415142 -4.816591 2.076326 9.415142 -4.816591 2.455538 9.297327 -4.751871 3.202414 8.993807 -4.816591 3.351483 8.920972 -4.816591 4.060254 8.511529 -4.751871 4.060254 8.511529 -4.751871 5.899752 6.126949 -7.894696 4.160254 6.118076 -7.128403 4.160254 7.149258 -6.809328 4.160254 7.500751 -6.53192 0.5224947 9.129796 -6.836282 4.060254 7.549577 -6.53192 2.281364 8.787487 -6.53192 3.109322 8.43969 -6.53192 3.882034 7.982096 -6.53192 1.41367 9.018964 -5.964616 0.5396327 9.439743 -5.343967 0.5496606 9.621095 -5.343967 1.507668 9.501955 -5.343967 2.440434 9.253117 -5.343967 3.330484 8.87924 -5.236988 4.060254 8.476077 -5.964616 3.248846 8.716988 -5.964616 4.058115 8.237746 -5.674119 4.060254 8.361153 -6.764874 4.060254 7.629373 -6.432842 4.060254 7.936964 -6.067822 4.060254 8.181488 -5.964616 1.47297 9.323668 -5.964616 2.381716 9.081237 -4.583445 6.071684 23.44721 -4.846287 5.758402 24.9525 -4.96927 5.522555 26.24803 -4.898923 5.293875 26.24594 -4.730629 5.123912 26.25209 -4.502925 5.051588 26.26507 -4.991941 5.52192 26.48754 -5.043406 5.427001 27.10249 -5.036714 5.353987 27.32746 -5.013043 5.396394 27.09445 -5.014306 5.329329 27.31959 -5.084385 5.442181 27.10615 -5.079224 5.373411 27.33367 -5.04467 5.35958 27.32925 -5.166149 5.418107 27.09853 -5.167623 5.350407 27.32632 -5.128102 5.439013 27.10474 -5.129518 5.371245 27.33298 -5.085715 5.374513 27.33402 -5.148177 5.551774 26.48525 -5.108346 5.573289 26.49054 -5.06286 5.575027 26.4929 -5.021172 5.55663 26.49182 -5.126507 5.165829 27.86273 -5.167772 5.145057 27.85311 -5.16792 4.877598 28.34787 -5.036774 5.148636 27.85477 -5.126662 4.897109 28.36002 -5.167984 4.734011 28.56429 -5.07934 5.167117 27.86332 -5.098462 4.910253 28.34567 -5.288954 4.652186 28.47966 -5.325086 4.570333 28.57795 -5.443775 4.499101 28.46762 -5.40528 4.582051 28.37353 -5.666759 4.338495 28.33933 -5.620469 4.393008 28.26068 -5.81352 4.239407 28.10998 -5.774084 4.302325 28.03277 -5.76482 4.326274 28.0084 -5.589877 4.463058 28.18681 -5.760289 4.340973 27.99444 -5.916116 4.160254 27.92228 -5.94347 4.164105 27.81063 -5.946388 4.160254 27.80893 -5.778436 4.326303 27.97407 -5.894656 4.220409 27.85016 -5.91156 4.164116 27.93057 -5.878001 4.191195 27.99254 -5.847614 4.266384 27.89797 -5.826169 4.230121 28.0881 -5.889699 4.160254 28.03945 -5.832523 4.215263 28.12692 -5.855132 4.160254 28.15528 -4.936623 4.748984 29.4149 -4.956518 4.686646 29.46163 -4.951388 4.612292 29.49179 -5.524203 4.367189 28.71891 -5.749685 4.160254 28.37608 -5.502192 4.426884 28.68045 -5.357065 4.514 28.89051 -5.378537 4.453598 28.93131 -5.522969 4.297925 28.74589 -5.376207 4.383007 28.95934 -4.884935 4.160254 29.38854 -4.942455 4.196611 29.41331 -4.961331 4.160254 29.36911 -4.868174 4.233678 29.48214 -4.866108 4.250311 29.49908 -4.862219 4.286174 29.5306 -4.855311 4.375949 29.58552 -4.993801 4.254925 29.42022 -4.853467 4.445475 29.59991 -5.027012 4.323826 29.40491 -4.864107 4.267703 29.51535 -4.879299 4.160254 29.38852 -4.870297 4.217743 29.46459 -5.03129 4.160254 29.33371 -5.083475 4.160254 29.29819 -5.24367 4.160254 29.13783 -4.876535 4.178646 29.41177 -4.866533 4.247304 29.4956 -4.865052 4.259867 29.50768 -4.863612 4.272814 29.51936 -4.86291 4.279441 29.52504 -4.542396 4.392253 29.7512 -4.152264 4.607017 30.08823 -4.215758 4.653997 30.13332 -4.318521 4.473818 29.84751 -3.289247 4.943379 30.57592 -3.880444 4.972028 30.46257 -3.73039 4.798548 30.39679 -3.777636 4.749293 30.26791 -3.734452 4.768381 30.29766 -3.61287 4.820035 30.37869 -4.80833 4.160254 29.37333 -4.827728 4.160254 29.38247 -4.609642 4.442515 29.78614 -4.492198 4.669648 29.96102 -4.662049 4.516836 29.79082 -4.638838 4.478043 29.79252 -4.3745 4.735149 30.06732 -4.267765 4.727201 30.14848 -4.24431 4.688661 30.1451 -3.838321 4.913533 30.47766 -3.815567 4.875414 30.46895 -3.788594 4.841814 30.45166 -0.4727192 4.938261 30.25515 -0.9703766 4.89265 30.21341 0 4.892761 30.2451 0 5.15796 30.38998 0 5.197507 30.42311 -0.4973149 5.213336 30.43752 0 5.360254 30.61448 0 5.386605 30.65883 -0.5222783 5.40614 30.71275 -4.756264 4.160254 29.3456 -3.597848 4.727859 30.03135 -4.016624 4.531044 29.79619 -4.391366 4.327251 29.53807 -4.605744 4.160254 29.30066 -3.15085 4.90656 30.23564 -3.273525 4.946891 30.5299 -2.767203 5.108952 30.71598 -1.086082 5.393558 30.75595 -0.5290414 5.441569 30.80486 0 5.476834 30.89328 0 4.941045 30.26327 -0.9283816 4.585113 30.14671 -0.8897718 4.236011 30.14986 -0.4628742 4.262429 30.1837 -8.1061e-7 4.287819 30.19615 0 4.594561 30.19615 0 4.646092 30.19734 -2.606362 4.160254 29.77175 -2.169393 4.160254 29.90907 -1.847707 4.41048 29.99197 -1.767024 4.160255 30.0091 -1.260514 4.210036 30.10248 -3.763357 4.319658 29.51467 -4.035978 4.160254 29.33269 -3.915362 4.160254 29.35896 -3.388282 4.160254 29.5085 -3.025472 4.160254 29.62866 -2.812695 4.427487 29.77212 -2.709273 4.160254 29.7367 -2.380656 4.582309 29.92244 -1.929537 4.71246 30.04594 -1.455896 4.817185 30.14369 -2.666093 5.06806 30.41368 -2.160349 5.204318 30.55928 -1.629723 5.314234 30.67415 -1.0208 5.166414 30.39239 -1.531383 5.08884 30.317 -2.029265 4.981277 30.21125 -2.503163 4.847789 30.07753 -2.956571 4.689318 29.91454 -3.373677 4.51363 29.72822 -3.644037 4.160254 29.43049 -3.705286 4.160254 29.41312 -1.072141 5.358298 30.6646 -1.608659 5.279245 30.58406 -2.132151 5.169695 30.47101 -2.630849 5.033867 30.32781 -3.108528 4.872837 30.15284 -3.548608 4.694604 29.95227 -3.96044 4.498231 29.72166 -4.328477 4.294788 29.46894 -4.238685 4.160254 29.29971 -4.514537 4.160254 29.28977 -0.8733401 4.160254 30.15157 0 4.160254 30.19615 0.5501995 4.256436 30.17853 0.8733401 4.160254 30.15157 1.767024 4.160255 30.0091 1.328946 4.20443 30.09195 0.8897062 4.236254 30.1499 2.156117 4.160254 29.91276 2.607232 4.160254 29.77145 1.847707 4.41048 29.99197 4.787979 4.160254 29.36145 4.80833 4.160254 29.37333 4.333321 4.464817 29.83464 0.4973149 5.213336 30.43752 0.9283816 4.585113 30.14671 0.4727192 4.938261 30.25515 0.9703766 4.89265 30.21341 0.5290414 5.441569 30.80486 1.086082 5.393558 30.75595 1.629723 5.314234 30.67415 2.160349 5.204318 30.55928 3.840975 4.720393 30.22362 3.336953 4.926525 30.54849 3.273525 4.946891 30.5299 2.767203 5.108952 30.71598 4.016624 4.531044 29.79619 4.096965 4.594695 30.03104 4.391366 4.327251 29.53807 4.614952 4.160254 29.30233 3.96044 4.498231 29.72166 4.280185 4.160254 29.29516 4.328477 4.294788 29.46894 4.346382 4.160254 29.28983 2.709099 4.160254 29.73676 2.99432 4.160254 29.63926 2.812695 4.427487 29.77212 3.122883 4.160254 29.59573 3.385815 4.160254 29.50929 2.380656 4.582309 29.92244 1.929537 4.71246 30.04594 1.455896 4.817185 30.14369 2.666093 5.06806 30.41368 3.15085 4.90656 30.23564 3.597848 4.727859 30.03135 1.0208 5.166414 30.39239 1.531383 5.08884 30.317 2.029265 4.981277 30.21125 2.503163 4.847789 30.07753 2.956571 4.689318 29.91454 3.373677 4.51363 29.72822 3.763357 4.319658 29.51467 3.646888 4.160254 29.42967 3.847904 4.160254 29.37532 0.5222783 5.40614 30.71275 1.072141 5.358298 30.6646 1.608659 5.279245 30.58406 2.132151 5.169695 30.47101 2.630849 5.033867 30.32781 3.108528 4.872837 30.15284 3.548608 4.694604 29.95227 4.492267 4.670331 29.96097 4.393274 4.725656 30.05071 4.267765 4.727201 30.14848 4.609642 4.442515 29.78614 4.862219 4.286174 29.5306 4.638838 4.478043 29.79252 4.855311 4.375949 29.58552 4.662049 4.516836 29.79082 4.853467 4.445475 29.59991 4.876535 4.178646 29.41177 4.868174 4.233678 29.48214 4.542396 4.392253 29.7512 4.866533 4.247304 29.4956 4.865052 4.259867 29.50768 4.863612 4.272814 29.51936 4.86291 4.279441 29.52504 4.879299 4.160254 29.38852 4.841014 4.160254 29.38608 4.152264 4.607017 30.08823 3.73039 4.798548 30.39679 3.966667 4.935084 30.39901 3.838321 4.913533 30.47766 3.815567 4.875414 30.46895 3.788594 4.841814 30.45166 4.24431 4.688661 30.1451 4.215758 4.653997 30.13332 4.864107 4.267703 29.51535 4.870297 4.217743 29.46459 4.866108 4.250311 29.49908 4.993801 4.254925 29.42022 4.942455 4.196611 29.41331 5.119185 4.160254 29.26951 4.973123 4.160254 29.36419 5.24367 4.160254 29.13783 5.027012 4.323826 29.40491 4.951388 4.612292 29.49179 5.376207 4.383007 28.95934 5.417393 4.160254 28.90123 5.522969 4.297925 28.74589 5.749685 4.160254 28.37608 -5.417393 4.160254 28.90123 4.936623 4.748984 29.4149 4.956518 4.686646 29.46163 5.502192 4.426884 28.68045 5.832523 4.215263 28.12692 5.855132 4.160254 28.15528 5.378537 4.453598 28.93131 5.524203 4.367189 28.71891 5.357065 4.514 28.89051 5.826169 4.230121 28.0881 5.878001 4.191195 27.99254 5.889699 4.160254 28.03945 5.91156 4.164116 27.93057 5.916116 4.160254 27.92228 5.778436 4.326303 27.97407 5.946388 4.160254 27.80893 5.94347 4.164105 27.81063 5.894656 4.220409 27.85016 5.847614 4.266384 27.89797 7.487408 2.479025 21.25973 6.82779 2.479025 26.73097 7.266562 3.403098 21.23565 6.607549 3.403098 26.70187 8.345946 3.109136 9.518077 7.938435 4.160254 9.518077 7.557458 4.160254 14.86348 8.530434 1.99198 9.518077 8.479029 2.479023 9.518077 8.09537 2.479025 14.90782 7.873964 3.403098 14.88957 6.950853 4.160254 21.20123 6.292704 4.160254 26.66027 6.274278 4.160254 26.78869 6.197446 4.160254 27.19179 6.303894 3.958141 27.16633 5.207242 4.160254 29.31656 5.525559 4.002905 29.0091 5.464178 4.160254 28.95336 4.817178 4.160254 29.76299 4.692435 4.03205 29.9802 5.095435 3.792023 29.74 4.376169 4.160254 30.16042 6.669672 0.202739 27.78673 6.494049 0.152161 28.3239 5.722518 -0.06864362 29.68484 4.979751 0.322695 30.59265 4.566229 0.2462767 30.91026 4.124121 0.1774356 31.18704 3.65978 0.1170202 31.4197 3.180003 0.06563186 31.6062 2.201644 -0.008973538 31.83913 2.190609 0.50093 31.92017 1.369785 0.20115 31.94135 2.185745 1.016253 31.95587 1.368984 0.8914989 32.0125 2.187126 1.532747 31.94574 1.369377 1.592178 32.00297 2.194738 2.046181 31.88985 1.370477 2.277692 31.91352 2.208483 2.55234 31.7889 2.228251 3.047021 31.64362 1.372021 2.925819 31.75292 1.373278 3.285306 31.62958 2.253855 3.526238 31.45531 1.37445 3.552845 31.5208 2.285028 3.986209 31.22577 1.378015 4.160255 31.21472 1.95862 4.160254 31.17926 2.772783 3.907472 31.14944 2.526652 4.160254 31.07443 3.258092 3.80592 31.03173 2.967043 4.160254 30.94254 3.734216 3.681736 30.87206 3.505752 4.160254 30.71488 5.463336 3.531532 29.47003 5.846668 3.670788 28.76707 5.910223 4.007658 28.2943 5.766892 4.160254 28.41697 6.179452 3.614169 28.09868 6.239833 3.827617 27.64742 6.007483 4.160254 27.84598 6.1424 4.160254 27.41381 3.20492 2.926637 31.42309 3.186407 2.463516 31.55916 3.653615 1.950714 31.46498 3.683532 2.843717 31.24514 4.118312 1.904937 31.22971 4.146501 2.74623 31.02255 4.560826 1.852775 30.94996 4.587045 2.635148 30.75724 4.974799 1.794872 30.62904 4.998831 2.511839 30.45237 4.010489 4.160254 30.42539 4.19426 3.535738 30.67098 4.631469 3.369379 30.43019 5.03955 3.184709 30.15254 3.228898 3.375286 31.24671 6.619654 1.124845 28.15664 6.621873 1.378111 28.14028 6.457852 1.450803 28.59093 6.630146 1.624316 28.07925 6.468874 1.779121 28.50972 6.644175 1.855533 27.9756 6.487561 2.087372 28.37183 6.663453 2.064417 27.83286 6.513228 2.365751 28.182 6.6873 2.24452 27.65576 6.544961 2.605679 27.94658 6.714905 2.390372 27.45003 6.581672 2.799901 27.67321 6.745349 2.497652 27.22223 6.622136 2.942708 27.37062 6.777678 2.563285 26.97925 6.665086 3.030056 27.04794 5.99783 0.5860308 29.44353 6.0176 0.1013197 29.29803 6.268157 0.2760452 28.8933 5.699584 0.4938511 29.85358 5.690508 1.078182 29.92028 5.348802 1.067316 30.31412 5.354613 1.732032 30.27143 5.37627 2.378017 30.11219 5.412967 2.984293 29.84192 6.694649 0.03170961 27.60107 6.649046 0.4042226 27.93957 6.473339 0.4530344 28.4768 6.251643 0.6807931 29.01491 5.990009 1.089535 29.50104 5.695641 1.665184 29.88256 5.714772 2.235661 29.74186 5.747189 2.771097 29.50305 5.79169 3.254429 29.17441 6.633497 0.6299256 28.05451 6.623577 0.87272 28.12771 6.460123 0.7767831 28.5742 6.454895 1.113029 28.6127 6.245109 1.101206 29.06297 6.248805 1.523536 29.03579 5.994433 1.595339 29.46852 6.262579 1.93401 28.93439 6.010922 2.086919 29.3472 6.285925 2.319339 28.76226 6.038868 2.548339 29.14126 6.317983 2.667252 28.52532 6.077233 2.964896 28.85783 6.357604 2.967037 28.23156 6.12464 3.323774 28.50649 6.403425 3.209655 27.89053 6.453913 3.38801 27.51312 6.507487 3.497085 27.11072 2.691711 0.02360862 31.74584 2.680981 0.5193035 31.82463 2.676252 1.020266 31.85934 2.677595 1.522367 31.84949 2.684996 2.021493 31.79515 2.698359 2.513548 31.697 2.71758 2.994446 31.55574 2.742474 3.460313 31.37263 3.645588 1.03177 31.52392 3.165113 1.025441 31.71553 3.169669 0.5430007 31.6821 3.166406 1.508978 31.70604 3.64682 1.492607 31.51487 3.173535 1.989651 31.6537 5.359076 0.4056286 30.23863 4.968351 1.057102 30.6764 4.553791 1.04769 31.00162 4.110748 1.039211 31.28525 -1.419464 0.4112927 31.97164 -1.41911 1.019908 32.01693 -1.419518 1.658381 31.99786 -1.420535 2.302662 31.90881 -1.422121 2.928183 31.75219 -1.424422 3.532037 31.52989 -1.428015 4.160255 31.21472 -6.795349 2.497652 27.22223 -5.513337 3.531532 29.47003 -5.575559 4.002905 29.0091 -5.896667 3.670788 28.76707 -6.544048 0.152161 28.3239 -6.699047 0.4042226 27.93957 -6.719673 0.202739 27.78673 -6.657549 3.403098 26.70187 -6.353893 3.958141 27.16633 -6.342704 4.160254 26.66027 -6.227078 4.160254 27.27841 -6.744649 0.03170961 27.60107 -2.244738 2.046181 31.88985 -2.258483 2.55234 31.7889 -2.278252 3.047021 31.64362 -2.303854 3.526238 31.45531 -2.335028 3.986209 31.22577 -1.658354 4.160254 31.20916 -2.139228 4.160254 31.16142 -2.240609 0.50093 31.92017 -2.251644 -0.008973538 31.83913 -2.741711 0.02360862 31.74584 -3.230003 0.06563192 31.6062 -3.70978 0.1170202 31.4197 -4.174121 0.1774356 31.18704 -4.61623 0.2462767 30.91026 -5.029751 0.322695 30.59265 -5.749583 0.4938511 29.85358 -5.772518 -0.06864362 29.68484 -6.0676 0.1013197 29.29803 -4.481766 4.160254 30.11541 -4.703868 4.160254 29.92151 -4.742434 4.03205 29.9802 -4.76502 4.160254 29.86384 -5.165934 4.160254 29.43094 -4.681469 3.369379 30.43019 -4.24426 3.535738 30.67098 -4.250673 4.160254 30.29403 -3.784216 3.681736 30.87206 -3.76132 4.160254 30.60665 -3.695588 1.03177 31.52392 -3.219669 0.5430007 31.6821 -3.215113 1.025441 31.71553 -2.730981 0.5193035 31.82463 -2.726252 1.020266 31.85934 -2.235745 1.016253 31.95587 -2.727594 1.522367 31.84949 -3.216407 1.508978 31.70604 -3.69682 1.492607 31.51487 -4.160748 1.039211 31.28525 -3.223535 1.989651 31.6537 -3.703615 1.950714 31.46498 -4.168312 1.904937 31.22971 -4.610826 1.852775 30.94996 -4.603791 1.04769 31.00162 -5.024799 1.794872 30.62904 -5.018351 1.057102 30.6764 -6.680146 1.624316 28.07925 -6.671873 1.378111 28.14028 -6.507852 1.450803 28.59093 -6.669654 1.124845 28.15664 -6.504895 1.113029 28.6127 -6.673577 0.87272 28.12771 -6.510123 0.7767831 28.5742 -6.683497 0.6299256 28.05451 -6.523339 0.4530344 28.4768 -5.960224 4.007658 28.2943 -6.229452 3.614169 28.09868 -6.557487 3.497085 27.11072 -6.289833 3.827617 27.64742 -6.048019 4.160254 27.87231 -5.08955 3.184709 30.15254 -5.145435 3.792023 29.74 -5.048831 2.511839 30.45237 -5.462967 2.984293 29.84192 -5.84169 3.254429 29.17441 -6.17464 3.323774 28.50649 -6.453424 3.209655 27.89053 -6.503912 3.38801 27.51312 -6.672136 2.942708 27.37062 -6.715086 3.030056 27.04794 -6.827679 2.563285 26.97925 -6.87779 2.479025 26.73097 -5.409075 0.4056286 30.23863 -5.398801 1.067316 30.31412 -5.404613 1.732032 30.27143 -5.42627 2.378017 30.11219 -5.764772 2.235661 29.74186 -5.79719 2.771097 29.50305 -6.088868 2.548339 29.14126 -6.127233 2.964896 28.85783 -6.367983 2.667252 28.52532 -6.407604 2.967037 28.23156 -6.594961 2.605679 27.94658 -6.631672 2.799901 27.67321 -6.764905 2.390372 27.45003 -6.737301 2.24452 27.65576 -6.563228 2.365751 28.182 -6.335925 2.319339 28.76226 -6.060923 2.086919 29.3472 -5.745641 1.665184 29.88256 -5.740509 1.078182 29.92028 -6.713453 2.064417 27.83286 -6.694175 1.855533 27.9756 -6.537561 2.087372 28.37183 -6.518875 1.779121 28.50972 -6.312579 1.93401 28.93439 -6.298805 1.523536 29.03579 -6.044433 1.595339 29.46852 -6.29511 1.101206 29.06297 -6.040009 1.089535 29.50104 -6.301643 0.6807931 29.01491 -6.047831 0.5860308 29.44353 -6.318157 0.2760453 28.8933 -2.703758 4.160254 31.04107 -2.822783 3.907472 31.14944 -2.792474 3.460313 31.37263 -2.76758 2.994446 31.55574 -2.74836 2.513548 31.697 -3.254218 4.160254 30.8518 -3.308092 3.80592 31.03173 -3.278898 3.375286 31.24671 -3.25492 2.926637 31.42309 -3.733532 2.843717 31.24514 -4.196501 2.74623 31.02255 -4.637045 2.635148 30.75724 -5.394089 4.160254 29.13146 -5.514393 4.160254 28.95303 -5.809773 4.160254 28.43144 -3.236407 2.463516 31.55916 -2.734996 2.021493 31.79515 -2.237126 1.532747 31.94574 -7.316562 3.403098 21.23565 -7.000853 4.160254 21.20123 -7.607458 4.160254 14.86348 -7.537408 2.479025 21.25973 -8.145369 2.479025 14.90782 -8.529255 2.479046 9.518077 -8.47493 2.781136 9.518077 -7.923964 3.403098 14.88957 -8.306472 3.403093 9.518077 -8.130845 3.859392 9.518077 -7.988434 4.160254 9.518077 -8.590538 0.5310543 7.030819 -8.590538 1.348167 6.885411 -8.590538 1.660254 6.786891 -8.254039 3.552575 6.118065 -8.437329 2.947818 6.345674 -8.474884 2.78123 6.403094 -8.5517 2.312997 6.561108 -7.965324 4.060254 6.118076 -8.038208 4.060254 6.118075 -1.296873 6.171486 19.66506 -1.303949 6.229716 19.63614 -1.745999 6.175205 19.66691 -1.274795 5.98981 19.84808 -1.28438 6.068689 19.74452 -1.704328 6.01351 19.77326 -3.802445 5.349552 21.90502 -4.170489 5.614096 21.83393 -4.229693 5.842539 21.84008 -4.023488 5.661116 21.41142 -4.085371 5.885311 21.41843 -3.814402 5.725039 21.01538 -3.87867 5.943852 21.02037 -3.750799 5.743797 20.91849 -3.815495 5.961113 20.9225 -3.468066 5.823338 20.56664 -3.533198 6.034685 20.56514 -3.673307 5.396424 21.52166 -3.489462 5.460107 21.16212 -3.433501 5.478787 21.07414 -3.18454 5.557952 20.75442 -2.890708 5.643219 20.47719 -2.831882 5.659241 20.43107 -2.495301 5.744285 20.21378 -2.130342 5.823929 20.0518 -2.044414 5.840806 20.02315 -1.662859 5.907224 19.93504 -1.271305 5.961094 19.90674 -2.114009 5.945304 19.86491 -2.20636 5.92795 19.89484 -2.599078 5.845935 20.0645 -2.962134 5.758161 20.29293 -3.025693 5.7416 20.34151 -3.343739 5.65334 20.63413 -3.614093 5.571186 20.97276 -3.674993 5.551768 21.06615 -3.875447 5.485475 21.44851 -4.016642 5.436576 21.85731 -2.177058 6.108137 19.76337 -2.274188 6.091112 19.79477 -2.686988 6.010831 19.97248 -3.068142 5.925207 20.21113 -3.134809 5.909085 20.26181 -3.208287 6.112278 20.26122 -3.197844 6.114648 20.25286 -3.130471 6.129754 20.20066 -2.743775 6.210354 19.95368 -2.322638 6.286502 19.7681 -2.223271 6.302729 19.73508 -1.781341 6.366961 19.63268 -1.327033 6.419661 19.59808 -4.257845 6.3481 21.9575 -4.420988 6.218749 22.70392 0 6.5 19.59808 0 6.25 19.66506 0 6.066987 19.84808 1.274795 5.98981 19.84808 1.28438 6.068689 19.74452 1.296873 6.171486 19.66506 1.303949 6.229716 19.63614 1.327033 6.419661 19.59808 1.271305 5.961094 19.90674 1.662859 5.907224 19.93504 1.704328 6.01351 19.77326 4.229693 5.842539 21.84008 4.170489 5.614096 21.83393 4.085371 5.885311 21.41843 4.023488 5.661116 21.41142 3.878178 5.943988 21.01958 3.814402 5.725039 21.01538 3.750799 5.743797 20.91849 3.815495 5.961113 20.9225 3.533198 6.034685 20.56514 3.468066 5.823338 20.56664 3.208287 6.112278 20.26122 3.134809 5.909085 20.26181 3.197844 6.114648 20.25286 3.130471 6.129754 20.20066 3.068142 5.925207 20.21113 2.743775 6.210354 19.95368 2.686988 6.010831 19.97248 2.322638 6.286502 19.7681 2.274188 6.091112 19.79477 2.223271 6.302729 19.73508 2.177058 6.108137 19.76337 1.781341 6.366961 19.63268 1.745999 6.175205 19.66691 2.114009 5.945304 19.86491 2.20636 5.92795 19.89484 2.599078 5.845935 20.0645 2.962134 5.758161 20.29293 3.025693 5.7416 20.34151 3.343739 5.65334 20.63413 3.614093 5.571186 20.97276 3.674993 5.551768 21.06615 3.875447 5.485475 21.44851 4.016642 5.436576 21.85731 2.044414 5.840806 20.02315 2.130342 5.823929 20.0518 2.495301 5.744285 20.21378 2.831882 5.659241 20.43107 2.890708 5.643219 20.47719 3.18454 5.557952 20.75442 3.433501 5.478787 21.07414 3.489462 5.460107 21.16212 3.673307 5.396424 21.52166 3.802445 5.349552 21.90502 4.420988 6.218749 22.70392 4.257845 6.3481 21.9575 5.555075 4.619215 28.00914 5.618107 4.775323 27.53662 5.497139 5.19792 26.53135 5.683008 4.869236 27.04824 5.747063 4.89976 26.56436 5.905928 4.685451 26.58535 6.189651 4.160254 26.90612 6.233298 4.160254 26.6286 6.042635 4.160254 27.51796 4.856874 5.800333 24.95945 4.884453 5.834219 24.96257 4.923732 5.853559 24.96126 4.967175 5.854642 24.95577 5.006447 5.837261 24.94715 4.593673 6.111577 23.45339 4.61907 6.144552 23.4548 4.655232 6.164889 23.45118 4.695887 6.169061 23.44318 4.733984 6.156345 23.43217 4.529117 6.316924 22.69847 4.489531 6.311464 22.70611 4.430587 6.257947 22.70908 4.454769 6.290657 22.70985 4.3993 6.437879 21.94111 4.566976 6.306133 22.68819 4.323294 6.440178 21.95809 4.352016 6.44663 21.95286 4.36179 6.446829 21.95076 4.305596 6.431237 21.96052 4.266862 6.386579 21.96175 4.271414 6.395473 21.9622 4.289891 6.418979 21.96197 8.069151 4.160254 5.866152 8.121812 4.060254 5.895327 7.128403 4.829033 6.528289 7.128403 4.291558 7.040389 7.977837 4.322231 5.82349 7.128403 4.936932 6.410456 7.725702 4.710577 5.753076 7.128403 5.406076 5.821259 7.406833 5.112723 5.752132 7.667192 4.790782 5.745914 7.988296 4.060254 8.531867 7.938435 4.160254 8.457828 6.720095 4.060254 7.654565 5.007121 4.060254 8.303977 5.044208 4.060254 8.303705 5.465343 4.060254 8.262065 5.884425 4.060254 8.147418 6.156127 4.060254 8.030099 6.279934 4.060254 7.964125 6.644125 4.060254 7.717393 6.673798 4.53336 7.324492 7.023329 5.506052 5.853134 6.673798 5.215098 6.659066 6.721626 5.767977 5.896427 6.673798 5.800088 5.907174 6.155146 6.02997 6.062107 6.592266 5.869802 5.897552 6.238537 6.119658 5.858643 5.867277 6.341554 5.761216 5.592378 6.171529 6.157515 5.77802 6.38929 5.729837 5.007121 6.282838 6.093921 5.007121 6.7205 5.327472 5.388804 6.574004 5.557203 6.155146 4.713036 7.5356 5.592378 4.823679 7.665599 5.007121 6.219328 6.18973 5.007121 5.592053 6.99597 5.007121 4.86104 7.709494 5.007121 5.288287 7.316349 5.592378 5.549075 6.957559 6.155146 5.421793 6.8438 3.470556 6.838388 20.33849 3.784348 6.739926 20.67284 4.174486 6.774768 15.49407 4.075222 6.620805 21.10024 4.269321 6.520918 21.51173 4.451726 6.433351 21.5578 5.249684 5.948446 21.64699 7.589188 4.608353 9.695969 6.544638 4.608353 21.79173 6.81935 4.160254 21.82244 7.418426 4.160254 15.7742 5.954151 5.334158 21.72573 4.310128 6.496845 21.62439 5.044893 6.433351 15.56923 3.819936 6.726931 20.71763 3.258939 6.962769 15.41501 2.629584 6.983281 19.78225 3.019167 6.935785 19.99243 3.112391 6.919569 20.05376 3.697886 6.962769 9.45841 3.68076 6.986829 4.724651 4.926863 6.747146 5.273137 4.615134 6.774768 9.51441 4.477431 6.870142 5.006588 4.04258 6.9492 4.81918 5.487156 6.433351 9.567646 6.288591 5.948446 9.616569 6.996127 5.334158 9.659767 5.844841 5.948446 15.63832 6.551067 5.334158 15.6993 7.143028 4.608353 15.75042 7.865097 4.160254 9.712816 -4.751871 4.060254 8.303977 -5.007121 4.060254 8.303977 -5.044208 4.060254 8.303705 -5.465343 4.060254 8.262065 -5.884425 4.060254 8.147418 -6.720095 4.060254 7.654565 -6.644125 4.060254 7.717393 -6.279934 4.060254 7.964125 -6.156127 4.060254 8.030099 -4.751871 6.066366 6.408202 -4.751871 5.288287 7.316349 -3.133275 6.496527 5.745761 -2.994066 6.498435 5.742452 -2.994066 6.498435 7.137559 -2.515682 6.345283 6.879032 -2.745102 6.452385 7.059824 -2.650032 6.416529 6.330822 -2.815052 6.472008 5.787946 -3.266476 6.476288 5.780627 -3.251122 6.479566 7.105708 -3.494817 6.395622 5.915476 -3.494817 6.395622 6.964005 -3.672225 6.282838 6.093921 -3.705495 6.255199 6.726964 -3.874154 6.066366 6.408202 2.815052 6.472008 5.787946 2.650141 6.416576 6.330413 2.515682 6.345283 6.879032 3.494817 6.395622 6.964005 3.715751 6.246174 6.14962 3.705495 6.255199 6.726964 3.874154 6.066366 6.408202 2.994066 6.498435 5.742452 3.133275 6.496527 5.745761 2.994066 6.498435 7.137559 3.266476 6.476288 5.780627 3.251122 6.479566 7.105708 3.494817 6.395622 5.915476 3.668856 6.285504 6.089828 2.745102 6.452385 7.059824 -8.038269 4.060254 7.609943 -8.121812 4.060254 5.895327 -7.725702 4.710577 5.753076 -7.667192 4.790782 5.745914 -7.128403 4.936932 6.410456 -7.406833 5.112723 5.752132 -7.128403 5.406076 5.821259 -7.128403 4.291558 7.040389 -8.069151 4.160254 5.866152 -7.977837 4.322231 5.82349 -5.007121 5.288287 7.316349 -5.007121 4.86104 7.709494 -5.592378 4.823679 7.665599 -5.388804 6.574004 5.557203 -5.007121 6.7205 5.327472 -5.007121 6.282838 6.093921 -5.77802 6.38929 5.729837 -5.592378 6.171529 6.157515 -5.867277 6.341554 5.761216 -6.238537 6.119658 5.858643 -6.155146 6.02997 6.062107 -6.592266 5.869802 5.897552 -6.673798 5.800088 5.907174 -6.721626 5.767977 5.896427 -6.673798 5.215098 6.659066 -7.023329 5.506052 5.853134 -6.673798 4.53336 7.324492 -6.155146 4.713036 7.5356 -5.007121 6.219328 6.18973 -5.007121 5.592053 6.99597 -5.592378 5.549075 6.957559 -6.155146 5.421793 6.8438 -3.68076 6.986829 4.724651 -4.04258 6.9492 4.81918 -4.477431 6.870142 5.006588 -4.926863 6.747146 5.273137 -1.327033 6.9 19.59808 -4.173714 6.405993 21.65129 -3.208652 6.784899 20.26152 -3.378256 6.741327 20.4089 -3.675844 6.644655 20.73177 -3.709581 6.631896 20.77504 -3.878172 6.561824 21.01957 -3.951471 6.5277 21.14469 -4.135149 6.429629 21.54239 -3.038401 6.821031 20.13409 -1.761216 6.9 19.62966 -2.186256 6.9 19.72375 -2.324527 6.898 19.76877 -2.580067 6.883585 19.87229 -2.949918 6.836953 20.07494 -4.323294 6.440178 21.95809 -4.305596 6.431237 21.96052 -4.220706 6.487536 21.65224 -4.271414 6.395473 21.9622 -4.187691 6.452201 21.65604 -4.264993 6.503684 21.64079 -4.352016 6.44663 21.95286 -4.3993 6.437879 21.94111 -4.149245 6.475387 21.547 -3.965716 6.571727 21.14819 -3.723289 6.67428 20.77661 -3.689426 6.686849 20.73306 -3.390347 6.782136 20.40781 -3.048146 6.860731 20.13061 -2.95897 6.876426 20.07091 -2.585953 6.922323 19.86635 -2.188437 6.938269 19.71646 -4.181736 6.510558 21.54241 -3.995733 6.606273 21.1405 -3.750051 6.708244 20.76579 -3.715734 6.720746 20.72187 -3.412642 6.815547 20.39369 -3.065853 6.893749 20.1139 -2.975483 6.909361 20.05362 -2.597474 6.954978 19.84708 -2.194646 6.970711 19.69569 -4.225107 6.527003 21.52967 -4.035058 6.623898 21.12328 -3.784552 6.727039 20.74474 -3.749594 6.739679 20.70038 -3.441097 6.835504 20.3691 -3.088541 6.914527 20.08675 -2.996721 6.930304 20.02593 -2.612821 6.976419 19.81749 -2.203937 6.992388 19.66461 -4.310128 6.496845 21.62439 -4.269321 6.520918 21.51173 -4.075222 6.620805 21.10024 -3.819936 6.726931 20.71763 -3.784348 6.739926 20.67284 -3.470556 6.838388 20.33849 -3.112391 6.919569 20.05376 -3.019167 6.935785 19.99243 -2.629584 6.983281 19.78225 -1.762111 6.934612 19.62355 -1.765455 6.970711 19.60068 -1.77068 6.993819 19.56496 -1.327033 6.993819 19.53269 -1.327033 6.934612 19.5919 -1.327033 6.938269 19.59046 -1.327033 6.970711 19.56879 -1.327033 6.992388 19.53635 1.327033 6.9 19.59808 4.187691 6.452201 21.65604 4.220706 6.487536 21.65224 4.264993 6.503684 21.64079 3.965716 6.571727 21.14819 4.135149 6.429629 21.54239 4.149245 6.475387 21.547 4.173714 6.405993 21.65129 3.390347 6.782136 20.40781 3.675844 6.644655 20.73177 3.689426 6.686849 20.73306 3.709581 6.631896 20.77504 3.723289 6.67428 20.77661 3.878172 6.561824 21.01957 3.951471 6.5277 21.14469 4.225107 6.527003 21.52967 4.035058 6.623898 21.12328 3.784552 6.727039 20.74474 3.749594 6.739679 20.70038 3.441097 6.835504 20.3691 3.088541 6.914527 20.08675 2.996721 6.930304 20.02593 2.612821 6.976419 19.81749 4.181736 6.510558 21.54241 3.995733 6.606273 21.1405 3.750051 6.708244 20.76579 3.715734 6.720746 20.72187 3.412642 6.815547 20.39369 3.065853 6.893749 20.1139 2.975483 6.909361 20.05362 2.597474 6.954978 19.84708 3.048146 6.860731 20.13061 2.95897 6.876426 20.07091 2.585953 6.922323 19.86635 2.324527 6.898 19.76877 2.580067 6.883585 19.87229 2.949918 6.836953 20.07494 3.038401 6.821031 20.13409 3.208652 6.784899 20.26152 3.378256 6.741327 20.4089 2.186256 6.9 19.72375 2.188437 6.938269 19.71646 2.194646 6.970711 19.69569 2.203937 6.992388 19.66461 1.761216 6.9 19.62966 1.327033 6.993819 19.53269 1.327033 6.992388 19.53635 1.327033 6.970711 19.56879 1.327033 6.934612 19.5919 1.327033 6.938269 19.59046 1.77068 6.993819 19.56496 1.765455 6.970711 19.60068 1.762111 6.934612 19.62355 -4.566976 6.306133 22.68819 -4.733984 6.156345 23.43217 -4.529117 6.316924 22.69847 -4.695887 6.169061 23.44318 -4.489531 6.311464 22.70611 -4.655232 6.164889 23.45118 -4.454769 6.290657 22.70985 -4.61907 6.144552 23.4548 -4.430587 6.257947 22.70908 -4.593673 6.111577 23.45339 -4.856874 5.800333 24.95945 -5.006447 5.837261 24.94715 -4.967175 5.854642 24.95577 -4.923732 5.853559 24.96126 -4.884453 5.834219 24.96257 -5.683008 4.869236 27.04824 -5.47567 5.221631 26.52851 -5.555075 4.619215 28.00914 -5.618107 4.775323 27.53662 -6.111206 4.160254 27.26889 -5.747066 4.899764 26.56437 -5.885955 4.713625 26.58271 -6.233298 4.160254 26.6286 -7.988434 4.160254 7.53011 -7.865097 4.160254 9.712816 -7.418426 4.160254 15.7742 -6.81935 4.160254 21.82244 -4.451726 6.433351 21.5578 -6.996127 5.334158 9.659767 -7.589188 4.608353 9.695969 -5.487156 6.433351 9.567646 -6.288591 5.948446 9.616569 -4.615134 6.774768 9.51441 -3.697886 6.962769 9.45841 -3.258939 6.962769 15.41501 -4.174486 6.774768 15.49407 -5.044893 6.433351 15.56923 -5.249684 5.948446 21.64699 -5.954151 5.334158 21.72573 -6.544638 4.608353 21.79173 -7.143028 4.608353 15.75042 -6.551067 5.334158 15.6993 -5.844841 5.948446 15.63832 -4.05 5.5 17.75362 -4.05 5.187492 17.75362 -4.05 5.5 10.76767 -4.05 5.187492 8.798735 -4.05 5.5 8.10721 -4.05 4.332663 8.798735 4.05 5.5 8.10721 4.05 4.332663 8.798735 4.05 5.187492 8.798735 4.05 5.5 10.76767 4.05 5.187492 17.75362 4.05 5.5 17.75362 3.69899 5.5 19.44157 3.201562 5.5 19.47867 3.973879 5.5 11.15035 3.757107 5.5 11.47477 4.126976 5.5 19.15728 4.357304 5.5 18.698 4.329169 5.5 18.18497 3.201562 5.5 11.75611 3.432683 5.5 11.69155 2.348197 6.212371 7.6852 3.93944 5.957052 7.836451 3.632207 6.31304 7.625564 3.424727 6.427135 7.557974 3.196237 6.489249 7.521178 2.959548 6.495901 7.517238 2.727931 6.446716 7.546375 -2.348197 6.212371 7.6852 -3.424727 6.427135 7.557974 -3.632207 6.31304 7.625564 -2.727931 6.446716 7.546375 -2.959548 6.495901 7.517238 -3.196237 6.489249 7.521178 -3.93944 5.957052 7.836451 -2.092771 5.78933 9.673161 -2.092771 5.78933 10.76767 -2.126121 5.882683 10.76767 -2.155398 5.946863 8.949193 -2.330841 6.194845 10.76767 -2.243734 6.091553 8.284241 -2.727931 6.446716 10.76767 -3.05 6.5 10.76767 -3.196237 6.489249 10.76767 -3.432683 6.42388 10.76767 -3.632207 6.31304 10.76767 -3.757107 6.207107 10.76767 -3.973879 5.882683 10.76767 -3.93944 5.957052 10.76767 2.243734 6.091553 8.284241 3.973879 5.882683 10.76767 3.93944 5.957052 10.76767 3.757107 6.207107 10.76767 3.632207 6.31304 10.76767 3.432683 6.42388 10.76767 3.196237 6.489249 10.76767 3.05 6.5 10.76767 2.727931 6.446716 10.76767 2.330841 6.194845 10.76767 2.092771 5.78933 10.76767 2.092771 5.78933 9.673161 2.126121 5.882683 10.76767 2.155398 5.946863 8.949193 3.453406 5.415845 19.49157 3.69899 5.326875 19.44157 3.930431 5.236617 19.32813 4.126976 5.154951 19.15728 4.27108 5.092074 18.94479 4.357304 5.053214 18.698 4.376731 5.04433 18.43933 4.329169 5.065997 18.18497 4.216358 5.116253 17.9489 -3.69899 5.5 19.44157 -4.126976 5.5 19.15728 -4.357304 5.5 18.698 -3.973879 5.5 11.15035 -3.757107 5.5 11.47477 -3.432683 5.5 11.69155 -4.329169 5.5 18.18497 -3.201562 5.5 19.47867 -3.201562 5.5 11.75611 3.903553 5.882683 11.12122 3.320598 6.42388 11.03826 3.403553 6.42388 10.91411 3.703281 6.207107 11.03826 3.196447 6.42388 11.12122 2.779402 6.42388 11.03826 2.696447 6.42388 10.91411 2.903553 6.42388 11.12122 2.115037 5.784776 10.9792 2.196446 5.882683 11.12122 2.18104 5.770982 11.18176 2.287066 5.747894 11.36473 2.396718 5.882683 11.42095 2.428882 5.715211 11.52125 2.598953 5.673271 11.64318 2.696447 5.882683 11.62122 2.672118 5.654299 11.68057 2.788852 5.62286 11.72511 3.05 5.882683 11.69155 2.99103 5.564976 11.76381 3.403553 5.882683 11.62122 3.194513 5.502254 11.75717 3.050123 5.547226 11.76655 2.396718 6.207107 11.03826 2.55 6.207107 11.26767 2.779402 6.207107 11.42095 3.05 6.207107 11.47477 3.55 6.207107 11.26767 3.703281 5.882683 11.42095 3.320598 6.207107 11.42095 3.05 6.42388 11.15035 1.927662 5.821537 9.52515 1.293337 5.920042 9.07245 0.6541778 5.979602 8.798735 -0.6541778 5.979602 8.798735 -1.291425 5.920279 9.071361 -3.703281 6.207107 11.03826 -2.903553 6.42388 11.12122 -2.779402 6.42388 11.03826 -2.55 6.207107 11.26767 -3.403553 6.42388 10.91411 -3.320598 6.42388 11.03826 -3.196447 6.42388 11.12122 -2.255919 5.754796 11.31949 -2.436224 5.713462 11.52774 -2.396718 5.882683 11.42095 -3.187105 5.504617 11.75821 -3.403553 5.882683 11.62122 -3.05 5.882683 11.69155 -3.050625 5.547074 11.76656 -2.790266 5.622471 11.72555 -2.696447 5.882683 11.62122 -2.67267 5.654153 11.68082 -2.16186 5.775036 11.13585 -3.55 6.207107 11.26767 -3.320598 6.207107 11.42095 -3.05 6.207107 11.47477 -2.196446 5.882683 11.12122 -2.396718 6.207107 11.03826 -2.696447 6.42388 10.91411 -3.903553 5.882683 11.12122 -3.703281 5.882683 11.42095 -2.779402 6.207107 11.42095 -3.05 6.42388 11.15035 -2.114915 5.784801 10.97863 -4.216795 5.116062 17.94957 -4.376728 5.044331 18.43928 -4.329169 5.065997 18.18497 -4.271001 5.092109 18.94495 -4.357304 5.053214 18.698 -3.93079 5.236472 19.32789 -4.126976 5.154951 19.15728 -3.453079 5.415959 19.4916 -3.69899 5.326875 19.44157 3.194513 5.502254 8.798735 -3.187105 5.504617 8.798735 -1.923875 5.822243 8.798735 1.927662 5.821537 8.798735 -2.643773 5.661716 11.26294 -3.629146 5.352883 18.61615 3.629146 5.352883 18.61615</float_array>
          <technique_common>
            <accessor source="#f_distal_pst-mesh-positions-array" count="2691" stride="3">
              <param name="X" type="float"/>
              <param name="Y" type="float"/>
              <param name="Z" type="float"/>
            </accessor>
          </technique_common>
        </source>
        <source id="f_distal_pst-mesh-normals">
          <float_array id="f_distal_pst-mesh-normals-array" count="15546">-0.2895297 -0.1711392 -0.9417452 -0.5154998 -0.4731217 -0.714434 -0.5780539 -0.02747648 -0.815536 -0.4023695 -0.02310466 -0.9151858 -0.1888204 -0.03995263 -0.9811987 -0.1886852 -0.1755807 -0.966214 -0.1888371 -0.1755816 -0.9661841 -0.1891635 -0.2797075 -0.9412656 -0.1063159 -0.07791739 -0.9912749 -0.1000806 -0.007341384 -0.9949523 -0.04241001 0.09586173 -0.9944908 -0.3244353 -0.03847819 -0.9451249 -0.3115962 -0.04150372 -0.9493078 -0.289871 -0.04750943 -0.9558858 -0.2506396 -0.03375577 -0.9674918 -0.3231226 -0.03299814 -0.9457816 -0.1760738 0.0348795 -0.9837589 -0.1380991 -0.002770304 -0.9904146 -0.6668553 -0.02424716 -0.7447926 -0.6338629 -0.0410301 -0.7723563 -0.6182158 -0.03595691 -0.7851856 -0.6060837 -0.03284561 -0.7947224 -0.6731097 -0.4667845 -0.5736162 -0.7037252 -0.4161781 -0.5758184 -0.6121894 -0.422422 -0.668419 -0.1156657 -0.5256775 -0.8427839 -0.2021372 -0.5301694 -0.8234446 -0.0222665 -0.5373335 -0.8430759 -0.1845081 -0.4301429 -0.8837047 -0.09794872 -0.4922723 -0.8649128 -0.09800934 -0.527709 -0.843752 -0.02736699 -0.5038189 -0.8633758 -0.2895401 -0.4408307 -0.8496087 -0.2902707 -0.4963681 -0.8181453 -0.2922297 -0.4997299 -0.8153967 -0.5140997 -0.0288794 -0.8572441 -0.4708573 -0.04515153 -0.8810532 -0.4703653 -0.1577832 -0.8682518 -0.2895369 -0.1711387 -0.941743 -0.2895324 -0.3094325 -0.9057718 -0.5973117 -0.2592692 -0.7589455 -0.123934 -0.3567709 -0.9259346 -0.1189705 -0.3537433 -0.9277456 -0.4703671 -0.2852842 -0.8350855 -0.4703614 -0.4064298 -0.7833104 -0.4703646 -0.4064301 -0.7833082 -0.4706021 -0.5118374 -0.7187185 -0.4337838 -0.445847 -0.7829764 -0.6337385 -0.4441217 -0.6333495 -0.6342358 -0.3879602 -0.6687539 -0.6163799 -0.3626668 -0.6989626 -0.6339625 -0.3370549 -0.69605 -0.6333215 -0.2501819 -0.732334 -0.6110349 -0.2723152 -0.7432905 -0.6342862 -0.2110325 -0.7437382 -0.1236757 -0.4570197 -0.8808164 -0.2895355 -0.4408288 -0.8496112 -0.2895314 -0.3094334 -0.9057719 -0.4703654 -0.285285 -0.8350862 -0.4703665 -0.1577828 -0.8682511 -0.6333188 -0.138368 -0.7614208 -0.6333192 -0.1383683 -0.7614205 2.06679e-6 0.8603664 -0.5096762 0 0.860366 -0.5096767 0 0.8603657 -0.5096774 0 0.8603659 -0.5096769 0 -0.5040147 -0.8636951 0.1089965 -0.5130465 -0.8514124 0 -0.5374646 -0.8432863 1 0 0 1 6.32833e-7 0 1 -2.45798e-7 0 1 5.04986e-7 0 0 1 0 0 1 -2.97617e-7 0 1 2.49116e-7 0 1 4.98233e-7 0 1 0 0 1 1.94133e-7 0 1 0 0.8337618 -0.5472953 0.07286518 0.5620495 -0.7734696 0.2929936 0.6124846 -0.7351361 0.2905813 0.6863391 -0.7258385 0.04579466 0.07500314 -0.9939628 0.08007812 0.04453909 -0.9663461 0.2533602 0.9372626 -0.2891719 0.1947264 0.9735082 -0.1724321 0.1501631 0.9744394 -0.1516211 0.1657679 0.9551157 -0.2360618 0.1789657 0.9473245 -0.2636582 0.1818257 0.9402145 -0.2785891 0.1959207 0.9249437 -0.3170945 0.2095959 0.9866212 -0.1053836 0.1243907 0.9873881 -0.103165 0.1200903 0.9936239 -0.0274074 0.1093633 0.9920728 -0.05636543 0.1123152 0.9947988 -0.01040452 0.1013266 0.9962334 -0.01084429 0.08603155 0.9953661 -0.02507096 0.09283286 0.9974476 -0.01105231 0.07054394 0.9971223 -0.01083993 0.07503157 0.9978736 -0.01088017 0.06426525 0.9967056 -0.04638272 0.06653308 0.9921115 -0.1058644 0.06713938 0.9921388 -0.1055449 0.06723695 0.9782763 -0.1959345 0.0677151 0.9597769 -0.2719167 0.06992542 0.9579045 -0.2789638 0.06780976 0.8983007 -0.4330749 0.07417684 0.9241769 -0.3760256 0.06709665 0.9001337 -0.4296486 0.07184356 0.8884077 -0.4554625 0.0573216 0.8369721 -0.5445428 0.05432438 0.8349301 -0.5475628 0.05537992 0.8119769 -0.5812863 0.05291551 0.226494 -0.9738323 0.01874136 0.227155 -0.9736671 0.01931679 0.6959427 -0.6612604 0.2799975 0.407242 -0.8626903 0.2998658 0.07918012 -0.9534631 0.2909272 0.08009546 -0.9534649 0.2906708 0.1707518 -0.9415448 0.2904089 0.1936797 -0.9376146 0.2887336 0.2278028 -0.9273868 0.2967485 0.29565 -0.9069965 0.2999142 0.4612503 -0.834954 0.3001671 0.4018763 -0.8648592 0.3008556 0.4061846 -0.8741597 0.2661936 0.3224507 -0.9089025 0.2644277 0.3254393 -0.9149543 0.2386379 0.2018582 -0.9514963 0.2321814 0.2030521 -0.9510468 0.2329806 0.05300313 -0.9739616 0.2204306 0.06702214 -0.9782627 0.1962404 0.3466777 -0.8882254 0.3014469 0.3168649 -0.9002887 0.2984579 0.3210182 -0.9092962 0.2648164 0.1973795 -0.9456299 0.2585064 0.198706 -0.9451091 0.2593932 0.06168633 -0.966844 0.2478051 0.05599462 -0.973955 0.2197186 0.4039139 -0.9146652 0.01553189 0.4343306 -0.9002161 0.03111481 0.4327354 -0.8998324 0.05515235 0.5131856 -0.8562112 0.05952417 0.5113065 -0.8551243 0.08560562 0.5867728 -0.8048885 0.0886141 0.5848094 -0.8031636 0.113694 0.6548961 -0.7469283 0.1149322 0.6528836 -0.7446422 0.138748 0.7169381 -0.6833693 0.137863 0.7149041 -0.6806159 0.1602317 0.7733084 -0.6143094 0.1569018 0.7712912 -0.6111801 0.1776765 0.8234686 -0.5407786 0.171634 0.8215004 -0.5373882 0.1906594 0.8873381 -0.4258959 0.1767594 0.5837424 -0.7571979 0.2930806 0.560436 -0.7745132 0.2933276 0.5643038 -0.7828094 0.2622421 0.4889171 -0.8311498 0.2648586 0.491779 -0.8369393 0.240179 0.4117251 -0.8791248 0.2400457 0.4145313 -0.8844094 0.2144387 0.3306868 -0.9196384 0.2119237 0.33341 -0.9243323 0.1856007 0.2099492 -0.9612148 0.1788504 0.210864 -0.9609002 0.1794639 0.07224023 -0.9830123 0.1687253 0.05344814 -0.9873327 0.1493905 0.5163818 -0.8023526 0.2992998 0.4836179 -0.8231948 0.2974293 0.4876057 -0.8317746 0.2653146 0.4075556 -0.8736526 0.2657624 0.4104893 -0.8795977 0.2404301 0.3267139 -0.9145901 0.2382919 0.3295715 -0.919969 0.2122259 0.2060503 -0.9566937 0.2056223 0.2071087 -0.9563119 0.2063338 0.06901133 -0.9783125 0.1952999 0.05925643 -0.9822341 0.1780586 0.5720998 -0.8196241 0.03030264 0.5905495 -0.8059971 0.04024928 0.5890206 -0.8056374 0.06327223 0.6591765 -0.7490361 0.06656783 0.6574398 -0.7480303 0.09068399 0.7214753 -0.6862751 0.09219515 0.7196934 -0.6847123 0.114937 0.7779806 -0.6177977 0.1143341 0.7761939 -0.6157725 0.1354526 0.8281607 -0.544622 0.1324267 0.8264029 -0.5422404 0.1517686 0.8916772 -0.4295377 0.1428612 0.7430229 -0.6117206 0.2715049 0.6976853 -0.6596997 0.2793413 0.7013812 -0.6675663 0.2498393 0.6369769 -0.7269527 0.2565158 0.6396129 -0.7322913 0.2337625 0.5694215 -0.7869883 0.237505 0.5720599 -0.7919574 0.2134266 0.4967213 -0.8409925 0.2144754 0.4993267 -0.8454893 0.1892641 0.419219 -0.8882177 0.1879491 0.42175 -0.8921421 0.1618937 0.3377511 -0.9277747 0.158614 0.3401764 -0.9310604 0.1319341 0.2168142 -0.9681923 0.1248805 0.2174345 -0.9679994 0.1252974 0.07322716 -0.990687 0.1147921 0.06535816 -0.9918623 0.1092594 0.6467713 -0.7068272 0.2865 0.632144 -0.7199189 0.28655 0.6358211 -0.7277805 0.2570354 0.5655525 -0.7820747 0.2617434 0.5683094 -0.7876605 0.2379401 0.4929516 -0.8363646 0.239777 0.4956854 -0.8415144 0.2148246 0.4156144 -0.8839821 0.2141037 0.4182859 -0.8885972 0.1882342 0.33437 -0.9240379 0.1853395 0.3369469 -0.9280296 0.1588325 0.2135385 -0.9650482 0.1519318 0.2143085 -0.964796 0.1524487 0.07074141 -0.9873887 0.1416307 0.06584817 -0.9897136 0.1270084 0.7254194 -0.686622 0.04813647 0.7249107 -0.6871803 0.04783052 0.7234917 -0.6868563 0.06919604 0.7817439 -0.6195026 0.07136738 0.7802005 -0.6186119 0.09277176 0.8320404 -0.5468947 0.09281748 0.8304969 -0.5455427 0.1125084 0.8953353 -0.4319314 0.1086728 0.8569855 -0.4563228 0.2394689 0.8112484 -0.5243465 0.2587214 0.8149437 -0.5321143 0.2296106 0.762299 -0.6010572 0.240064 0.7646265 -0.6057771 0.2199556 0.7059167 -0.6708397 0.227279 0.7083048 -0.675333 0.2054986 0.6440923 -0.7355877 0.2098947 0.6464992 -0.739738 0.1866188 0.576393 -0.7951586 0.1883987 0.5787709 -0.7988539 0.1638804 0.5034216 -0.8484634 0.16333 0.5057431 -0.8516138 0.1377597 0.4255386 -0.8947777 0.1352401 0.4277744 -0.8973129 0.1088057 0.3435932 -0.9332589 0.1047456 0.345715 -0.9351193 0.07767289 0.2224131 -0.9724142 0.07030832 0.2227304 -0.972326 0.07052212 0.05952745 -0.9972802 0.04345971 0.07758659 -0.9951365 0.06069344 0.05170553 -0.9949553 0.08596873 0.2202443 -0.9705109 0.09798562 0.2197729 -0.9706497 0.09766852 0.3431024 -0.9334245 0.1048783 0.3408271 -0.9308472 0.1317592 0.4249127 -0.8950468 0.1354266 0.4225295 -0.891816 0.1616574 0.5026811 -0.8488559 0.163571 0.5002146 -0.8450303 0.1889684 0.5755494 -0.7956945 0.1887153 0.5730344 -0.7913538 0.2130514 0.6431795 -0.7362746 0.2102853 0.6406552 -0.7315248 0.2333072 0.7049573 -0.6716841 0.2277629 0.7024672 -0.6666336 0.2492779 0.7613199 -0.6020622 0.2406513 0.758099 -0.5951886 0.2665268 0.8075776 -0.528839 0.2610511 0.7833426 -0.6194689 0.05130946 0.7831877 -0.6196732 0.05120885 0.7818557 -0.619367 0.07131814 0.8336611 -0.5474418 0.0729171 0.8322347 -0.5466171 0.09271091 0.8970553 -0.4323555 0.09143573 0.9022188 -0.4196621 0.09942346 0.9580227 -0.2709103 0.09380924 0.9578078 -0.2717449 0.09358972 0.9908218 -0.1051204 0.08498197 0.990747 -0.1059898 0.08477467 0.994943 -0.05815929 0.08189004 0.996603 -0.01129359 0.08157819 0.6532715 -0.7558418 0.04404062 0.6606065 -0.7492434 0.04725986 0.6593097 -0.748923 0.06652116 0.723365 -0.6869848 0.0692448 0.7217176 -0.6860336 0.09209579 0.7799816 -0.6188725 0.09287554 0.7783122 -0.6174098 0.1141721 0.8302036 -0.5459548 0.1126748 0.8285503 -0.5440856 0.1321944 0.8938854 -0.4302904 0.1257743 0.8988492 -0.417616 0.1329179 0.9555548 -0.2691902 0.1202156 0.9551713 -0.2706883 0.1198986 0.9892084 -0.1042459 0.1029546 0.9890742 -0.1057894 0.102669 0.9946407 -0.04016232 0.09527385 0.9952255 -0.01105827 0.09697395 0.4953387 -0.8680005 0.03485387 0.5146392 -0.8564613 0.04025763 0.5133391 -0.8561223 0.0594778 0.5888738 -0.8057408 0.06331986 0.5870599 -0.8046897 0.08851778 0.6571711 -0.7482547 0.09078103 0.6552932 -0.7466027 0.1147834 0.7193327 -0.6850652 0.115092 0.7174249 -0.682902 0.1376462 0.7757585 -0.6162721 0.1356745 0.7738583 -0.6136908 0.1566114 0.8259125 -0.5429024 0.1520711 0.8240507 -0.5400095 0.1712608 0.8900322 -0.426993 0.1597487 0.8948506 -0.4143106 0.1661002 0.9526013 -0.2667033 0.1463563 0.952048 -0.2688601 0.1460102 0.9870542 -0.1051689 0.1210932 0.9877876 -0.1077942 0.1124999 0.3180594 -0.9477557 0.02444213 0.3495446 -0.936446 0.02979314 0.348169 -0.936079 0.05034464 0.4325715 -0.8999084 0.05519855 0.4306429 -0.8987944 0.08194833 0.5110076 -0.8552937 0.08569693 0.5089746 -0.8535088 0.1116586 0.5843857 -0.8034512 0.1138405 0.582282 -0.8010628 0.1387301 0.6523561 -0.7450661 0.1389538 0.6502102 -0.7421563 0.1625757 0.7143035 -0.6811809 0.1605091 0.7121472 -0.6778365 0.1827131 0.7706296 -0.6119087 0.1780388 0.7685002 -0.6082333 0.1986451 0.8208126 -0.5382761 0.1911163 0.818754 -0.534397 0.209909 0.8855127 -0.4224656 0.1933654 0.890167 -0.4099256 0.1989065 0.9491815 -0.2634627 0.1721687 0.9484581 -0.266254 0.1718609 0.9772047 -0.1513825 0.1488428 0.969955 -0.1985156 0.140637 0.06429404 -0.9979298 0.00163871 0.133777 -0.9668325 0.2175743 0.07669436 -0.9969336 0.01553803 0.06553089 -0.9978086 0.009145557 0.07705932 -0.9964688 0.03334456 0.2248892 -0.9734362 0.04297626 0.2247243 -0.9734792 0.04286509 0.3480051 -0.9361376 0.05038851 0.3460444 -0.9350048 0.07758533 0.430329 -0.8989363 0.08204019 0.4282428 -0.8971062 0.1086673 0.5085223 -0.8537599 0.1117992 0.5063434 -0.851288 0.1375696 0.5817192 -0.8014368 0.1389315 0.5794773 -0.7983946 0.1636226 0.6495588 -0.7426686 0.1628394 0.6472795 -0.739137 0.1862948 0.7114233 -0.6785034 0.1830575 0.7091462 -0.6745754 0.205085 0.7677341 -0.6090583 0.1990793 0.7655044 -0.6048539 0.219442 0.8179733 -0.5353808 0.2104451 0.8158252 -0.531031 0.2289879 0.8823549 -0.4210344 0.2101902 0.8803866 -0.4167928 0.2262812 0.8898715 -0.3955713 0.2272711 1.56909e-7 -0.9999981 -0.001993656 1.56213e-7 -0.999998 -0.001990079 1.57874e-7 -0.9999386 0.01108515 -8.12165e-6 -0.9999391 0.01104563 2.74841e-5 -0.9992028 0.03992295 -6.90197e-5 -0.9992132 0.03966271 7.02415e-5 -0.9971578 0.07534188 -1.1273e-4 -0.9971928 0.07487756 8.15114e-5 -0.9945075 0.1046655 6.58774e-6 -0.9945359 0.1043953 6.5642e-6 -0.9925398 0.121922 -4.26849e-5 -0.9924948 0.1222873 1.58757e-4 -0.9894256 0.1450413 -1.30442e-4 -0.9893282 0.145704 8.18118e-5 -0.9849207 0.1730067 -0.00204426 -0.9835586 0.1805776 -3.93798e-5 -0.9817075 0.1903957 9.91954e-5 -0.9766417 0.2148742 -5.52191e-5 -0.9767044 0.2145893 5.77811e-5 -0.9684672 0.2491411 -1.09181e-5 -0.9684962 0.2490287 8.98897e-6 -0.959025 0.2833216 0 -0.9590287 0.2833092 -0.9979352 -0.06423002 0 -0.1022673 -0.994757 4.05539e-6 -0.0727775 -0.9972589 -0.01335638 -0.1745682 -0.9846451 0 -0.2558171 -0.9667252 0 -0.3029242 -0.9529435 -0.01164436 -0.3537254 -0.9353494 0 -0.4381347 -0.8989093 0 -0.4912313 -0.8709552 -0.01136034 -0.5283027 -0.8490561 0 -0.6034287 -0.7974171 0 -0.6590127 -0.7520676 -0.009841144 -0.8095896 -0.5869963 0 -0.7993505 -0.6008298 -0.006518721 -0.7445928 -0.667519 0 -0.6820243 -0.7313296 0 -0.8584371 -0.512919 0 -0.9010689 -0.4336748 -0.001083195 -0.9054001 -0.4245291 -0.005084395 -0.9399174 -0.3414021 0 -0.965672 -0.2597647 0 -0.9731177 -0.2301008 -0.009777247 -0.9873104 -0.1588028 0 0 -1 3.49736e-6 1.56132e-7 -1 4.99623e-6 0.9943843 -0.1057834 -0.003123104 0.9947183 -0.1025477 -0.004431784 0.9999405 -0.01091057 0 0.9805258 -0.1963903 0 0.9601145 -0.2796071 0 0.952719 -0.3037303 -0.008632183 0.9262635 -0.3768767 0 0.8898718 -0.4562107 0 0.8703957 -0.4922265 -0.01116049 0.8382099 -0.545348 0 0.8131127 -0.5821063 0 0.7843759 -0.6202854 -7.21607e-4 0.7261232 -0.6872889 -0.01946943 0.7512883 -0.65996 -0.004329025 0.6870611 -0.7265996 0 0.6539049 -0.7565768 0 0.5999369 -0.7999802 -0.01037615 0.5723632 -0.8200003 0 0.4956392 -0.8685286 0 0.4238925 -0.9056789 -0.00779581 0.2271959 -0.973843 -0.00342977 0.2299542 -0.9731908 -0.004577219 0.3181542 -0.9480391 0 0.4039624 -0.9147757 0 0.1370593 -0.9905629 0 0.06429433 -0.9979311 0 0.06430977 -0.99793 4.29439e-6 -0.7591611 0.07267022 -0.6468335 -0.7618213 0.2651875 -0.5910195 -0.7334764 0.2395258 -0.6361131 -0.7511156 0.1589869 -0.6407406 -0.7525045 0.160546 -0.638719 -0.7695166 0.09466284 -0.631572 -0.7668495 0.08144354 -0.6366387 -0.8175421 0.0559464 -0.5731448 1 0 -1.93623e-6 1 -8.73436e-6 -1.50219e-6 1 -4.47183e-6 0 -0.7156162 0.3914381 -0.5785065 -0.7020357 0.46547 -0.5389654 -0.703247 0.3155094 -0.6371009 -0.7103034 0.3448485 -0.6136355 -0.6997327 0.4116376 -0.5838911 -0.7062836 0.05742263 -0.7055963 -0.7096741 0.07865673 -0.7001256 -0.7032138 0.1340828 -0.6982207 -0.7107028 0.1714938 -0.6822694 -0.7030493 0.2269207 -0.673965 -0.7073745 0.2490836 -0.6614974 -0.7066224 0.2896711 -0.6455816 -0.08820682 0.1497417 -0.9847828 -0.3397942 0.07452988 -0.9375422 -0.5151813 0.06362032 -0.8547167 -0.6773188 0.0596739 -0.7332655 -0.1406913 0.7429089 -0.6544406 -0.6286816 0.5185526 -0.5795368 -0.618483 0.5030917 -0.603637 -0.5623709 0.6315605 -0.5337326 -0.6156494 0.06772553 -0.7851046 -0.6419122 0.08396399 -0.7621672 -0.6410791 0.1447398 -0.7537028 -0.6410781 0.1447384 -0.7537041 -0.6410784 0.244897 -0.7273542 -0.6410779 0.2448971 -0.7273544 -0.6410771 0.3405983 -0.6877594 -0.6410781 0.3405961 -0.6877596 -0.6410781 0.4300952 -0.6356391 -0.6410769 0.4300941 -0.6356409 -0.6414679 0.5014249 -0.5805964 -0.1777294 0.07433259 -0.981268 -0.1027452 0.08898985 -0.9907191 -0.08821588 0.09665352 -0.991401 -0.03413021 0.0785529 -0.9963256 -0.1389203 0.2145787 -0.9667767 -0.08804714 0.1878563 -0.9782422 -0.08811306 0.3056095 -0.9480713 -0.1067866 0.3172723 -0.9423031 -0.08824229 0.368866 -0.9252844 -0.08804869 0.4420677 -0.8926497 -0.08803784 0.4420639 -0.8926527 -0.08823102 0.5123799 -0.8542143 -0.1067812 0.5571968 -0.8234862 -0.08810395 0.5688553 -0.817705 -0.08816915 0.642643 -0.7610757 -0.1175499 0.662188 -0.7400603 -0.0882039 0.6925303 -0.7159762 -0.08821582 0.7294611 -0.67831 -0.03562325 0.7447947 -0.6663421 -0.3088135 0.4955157 -0.8118489 -0.4793857 0.6629521 -0.5750511 -0.4791787 0.5852697 -0.6541003 -0.4791783 0.5852708 -0.6540996 -0.4791773 0.4918754 -0.7269442 -0.4791837 0.4918749 -0.7269403 -0.4791826 0.3895208 -0.7865478 -0.4791805 0.389521 -0.7865491 -0.4791827 0.2800735 -0.831831 -0.4791786 0.2800737 -0.8318334 -0.4791796 0.1655304 -0.8619667 -0.4791774 0.1655284 -0.8619684 -0.4799924 0.09620141 -0.871982 -0.4129843 0.0721178 -0.9078783 -0.2720407 0.6958305 -0.6646907 -0.2808187 0.6999835 -0.6566308 -0.2802801 0.6400821 -0.7153587 -0.280283 0.640084 -0.7153558 -0.2802839 0.5379405 -0.7950227 -0.2802781 0.5379396 -0.7950253 -0.2802783 0.426001 -0.8602136 -0.2802779 0.4259995 -0.8602143 -0.2802788 0.3063033 -0.9097375 -0.2802792 0.306307 -0.909736 -0.2802816 0.1810306 -0.9426931 -0.2802792 0.1810297 -0.942694 -0.280851 0.1046319 -0.9540309 -0.2570863 0.09008461 -0.9621806 0.9959292 -0.00166887 0.09012454 0.9963986 0.002443432 0.08475869 0.9971073 0.01182937 0.07508027 0.9965611 0.02607703 0.07865244 0.997183 0.01354992 0.07377326 0.9975265 0.006967782 0.06994658 0.9979382 -7.31647e-6 0.0641818 0.9954642 0.002233207 0.09511142 0.9956644 -6.38167e-4 0.09301602 0.9950298 6.4842e-4 0.09957677 0.9951374 -0.001398503 0.09848743 0.9947235 2.4839e-4 0.1025928 0.9945191 -4.10135e-4 0.104555 0.9944378 1.62361e-4 0.1053258 0.9941447 -2.34947e-4 0.1080573 0.9939553 -0.002009391 0.1097669 0.9938777 -0.002884149 0.1104482 0.9937739 -0.004189074 0.111337 0.9937604 -0.003790915 0.1114714 0.9932118 0.005287349 0.1162 0.9797877 -0.1168155 0.1623899 0.9717916 -0.1682013 0.1653167 0.9939841 0.005191206 0.1094027 0.9862517 -0.06452983 0.1521307 0.9876946 -0.06285578 0.1432088 0.9908557 -0.04360824 0.1276847 0.9910766 -0.04641371 0.1249524 0.9935464 -0.007824301 0.1131566 0.9595036 -0.2115672 0.18599 0.9695639 -0.1391716 0.2014381 0.9696764 -0.1634479 0.181693 0.9876359 -0.06718045 0.141641 0.9851898 -0.1155346 0.1266998 0.9850013 -0.09684973 0.142803 0.8786404 -0.2789913 0.3874983 0.9205101 -0.3068655 0.2418571 0.1737242 -0.5986813 0.7819211 0.8476794 -0.1604934 0.5056496 0.7074398 -0.01816499 0.7065402 0.4404329 -0.1989514 0.8754641 0.05525726 -0.7283889 0.6829322 0.04912942 -0.8165953 0.5751161 0.07660889 -0.9474856 0.3104869 0.07789605 -0.9253858 0.3709357 0.07804262 -0.9254296 0.3707959 0.06640291 -0.8941296 0.4428579 0.04075109 -0.5461485 0.8366967 0.04328078 -0.5735892 0.817999 0.0602284 -0.6145083 0.786608 0.08121204 -0.5994768 0.7962614 0.04521143 -0.644997 0.7628466 0.01292914 -0.263789 0.9644938 0.04257959 -0.2695155 0.9620543 0.2370525 -0.259255 0.9362655 0.1828095 -0.2644208 0.9469226 0.6707865 -0.2350226 0.7034273 0.6117364 -0.1893296 0.7680709 0.5988967 -0.2216805 0.7695328 0.5544311 -0.2272532 0.8006012 0.5237839 -0.2427424 0.8165333 0.5006585 -0.2158794 0.8382942 0.3945809 -0.2840736 0.8738468 0.7960522 -0.2289025 0.5602721 0.9349454 -0.1712532 0.3107244 0.934249 -0.1853435 0.3046749 0.9413447 -0.2352101 0.2419633 0.02111303 -0.4766266 0.8788523 0.06550043 -0.5053658 0.8604157 0.1639257 -0.4936689 0.8540606 0.1736057 -0.5988379 0.7818276 0.340889 -0.5599126 0.7551773 0.9112563 -0.1929125 0.363864 0.9052495 -0.2014424 0.3740915 0.8752897 -0.2495996 0.4142079 0.8720888 -0.2429587 0.4247734 0.8029365 -0.3147993 0.5061565 0.8028362 -0.3147566 0.5063421 0.7464541 -0.3619669 0.5583783 0.7463619 -0.361917 0.5585339 0.683444 -0.4064814 0.6063639 0.6833363 -0.4064413 0.6065122 0.614577 -0.4477586 0.649467 0.6144515 -0.4477292 0.6496061 0.5406562 -0.4852975 0.6871516 0.5405572 -0.4852645 0.6872529 0.4627219 -0.518641 0.7189576 0.4625861 -0.5186142 0.7190643 0.3407719 -0.5600997 0.7550914 0.3317195 -0.4616923 0.8226801 0.1638233 -0.4938088 0.8539994 0.1560509 -0.3794133 0.9119724 0.05679303 -0.3884575 0.9197149 0.02628034 -0.372205 0.9277784 0.8732635 -0.262628 0.4104114 0.8467735 -0.2199866 0.4843355 0.7977598 -0.2595924 0.5442345 0.7976877 -0.2595265 0.5443716 0.7405222 -0.2984839 0.6021083 0.7404276 -0.2984315 0.6022505 0.6767764 -0.3351982 0.6554509 0.6766726 -0.3351536 0.6555808 0.6072331 -0.3692436 0.7035107 0.6071327 -0.3691944 0.7036231 0.53272 -0.4001894 0.7456929 0.532618 -0.400145 0.7457897 0.4542281 -0.4276843 0.7815133 0.4540932 -0.4276384 0.7816169 0.3316134 -0.4618627 0.8226272 0.3243427 -0.3548518 0.8768593 0.1559475 -0.3795484 0.9119339 0.1519947 -0.2906512 0.9446797 0.08085328 -0.2570881 0.9629998 0.7995018 -0.2367163 0.5520528 0.7673801 -0.1986129 0.6096564 0.7368442 -0.2412011 0.6315715 0.7165188 -0.2382736 0.6556116 0.6714111 -0.2576397 0.694859 0.6713435 -0.2575877 0.6949436 0.6013185 -0.2838144 0.746904 0.6012322 -0.2837586 0.7469946 0.5263274 -0.3075919 0.7926958 0.5262134 -0.307532 0.792795 0.447373 -0.3287091 0.8317498 0.4472993 -0.328673 0.8318037 0.3242537 -0.3549952 0.876834 0.3215673 -0.2864395 0.9025225 0.2956924 -0.2598003 0.9192769 0.8506065 -0.441744 0.285186 0.8306272 -0.4680657 0.3016174 0.8064895 -0.5261558 0.2696943 0.7791987 -0.5420343 0.3147196 0.7348598 -0.5931583 0.328853 0.7192075 -0.6044955 0.3425286 0.6887142 -0.6445673 0.3319725 0.6541349 -0.6666974 0.3572427 0.158928 -0.9125717 0.3767691 0.2146614 -0.8952162 0.3905233 0.225319 -0.8881487 0.400529 0.5095431 -0.7766327 0.3704153 0.5056979 -0.7776415 0.3735551 0.2843619 -0.8798974 0.3806824 0.335571 -0.8617655 0.3804633 0.3888506 -0.8287774 0.4023968 0.3927242 -0.8285826 0.3990221 0.4505596 -0.8099361 0.3754991 0.5518438 -0.749879 0.3648973 0.5732674 -0.733191 0.3657808 0.5836778 -0.7232212 0.3691495 0.6028527 -0.7130385 0.3579732 0.6374299 -0.6854723 0.3518678 0.9323046 -0.2774398 0.2320244 0.9577488 -0.177942 0.2259513 0.8896965 -0.3393427 0.3054286 0.8839321 -0.3115662 0.3486986 0.8158895 -0.4074371 0.4102673 0.8158022 -0.4074395 0.4104388 0.7613525 -0.4684891 0.4481746 0.7612571 -0.4684896 0.448336 0.7001602 -0.5261184 0.4826751 0.7000578 -0.5261241 0.4828174 0.6329779 -0.5795634 0.5132694 0.6328588 -0.5795751 0.5134028 0.560617 -0.6281476 0.5395732 0.5604996 -0.6281539 0.5396878 0.484026 -0.6713155 0.5612971 0.4838956 -0.6713162 0.5614088 0.3639095 -0.724904 0.5848796 0.3637647 -0.7248441 0.5850439 0.1983202 -0.7750804 0.5999329 0.1981656 -0.7750092 0.6000762 0.07379293 -0.7969255 0.5995535 0.05337268 -0.7667557 0.6397165 0.07411193 -0.8656789 0.4950835 0.07950109 -0.8683452 0.4895471 0.2124944 -0.8433352 0.4935908 0.2126272 -0.8433768 0.4934625 0.3771691 -0.7887446 0.4854125 0.3772912 -0.7887781 0.4852634 0.4963188 -0.7304865 0.4691025 0.4964176 -0.7304772 0.4690126 0.5721131 -0.683526 0.4532978 0.572228 -0.683503 0.4531872 0.6435859 -0.6306664 0.4336556 0.6436955 -0.6306391 0.4335325 0.7097991 -0.5725077 0.4103903 0.7098909 -0.5724826 0.4102666 0.7699363 -0.5097897 0.3838135 0.7700228 -0.5097677 0.3836692 0.8233504 -0.4433665 0.3542886 0.8234362 -0.44334 0.3541225 0.8897097 -0.3390787 0.3056833 0.8958356 -0.3606026 0.2597007 0.8679989 -0.3547047 0.3475089 0.05022525 -0.6865143 0.7253796 0.07285749 -0.7112574 0.6991457 0.1851277 -0.6930783 0.6966851 0.185281 -0.6931661 0.6965571 0.3515636 -0.6482074 0.6754482 0.3517145 -0.6482967 0.6752839 0.4725898 -0.6003488 0.6451668 0.4727149 -0.6003655 0.6450596 0.5499038 -0.5617511 0.618095 0.5500532 -0.5617635 0.6179508 0.623098 -0.5183089 0.5857515 0.6232182 -0.5183171 0.5856163 0.6911775 -0.4705126 0.5485359 0.6913018 -0.4705198 0.5483732 0.7533507 -0.4189654 0.5068833 0.7534638 -0.4189781 0.5067049 0.8089176 -0.3643693 0.4613972 0.8090243 -0.3643878 0.4611955 0.8786664 -0.2786125 0.3877122 0.883906 -0.3119022 0.3484643 0.942243 -0.1964362 0.2712767 0.9470199 -0.2172194 0.2365775 0.9578986 -0.2077298 0.198189 -0.002489149 -0.6489019 0.760868 0 -0.9435645 0.331189 -0.00293976 -0.9505258 0.3106318 0.00511378 -0.9195315 0.3929833 -3.90438e-4 -0.9285676 0.3711632 2.38636e-4 -0.8955856 0.4448894 4.12843e-5 -0.896418 0.4432096 -7.20148e-6 -0.8585579 0.5127165 -0.004461944 -0.8684592 0.4957406 0.006319403 -0.7962834 0.6048909 -0.005532622 -0.8178662 0.575382 0.00159353 -0.7571074 0.6532886 3.82885e-6 -0.7681429 0.6402785 4.90509e-6 -0.7230152 0.6908322 -0.001913249 -0.7298083 0.6836492 5.79769e-4 -0.6876387 0.7260529 0 -0.2638441 0.9645653 -5.66539e-4 -0.2660722 0.963953 5.88264e-4 -0.3724339 0.9280586 4.83822e-4 -0.3728367 0.9278969 -4.85556e-4 -0.4768378 0.8789912 0.001587569 -0.4696803 0.8828352 -7.77499e-4 -0.5468201 0.8372498 3.23632e-5 -0.5414836 0.8407114 3.00403e-5 -0.5743541 0.818607 -5.63635e-4 -0.5858054 0.8104517 6.42493e-4 -0.6018889 0.7985796 -0.001777887 -0.645897 0.7634226 -0.770007 -0.5097098 0.3837776 -0.6911925 -0.4706031 0.5484393 -0.1700254 -0.910317 0.3773782 -0.05701017 -0.8568716 0.5123682 -0.04452532 -0.585003 0.8098081 -0.02131927 -0.4694654 0.8826935 -0.6700171 -0.2158685 0.7102661 -0.9696868 -0.1581151 0.1862988 -0.9330795 -0.157059 0.3235663 -0.9236334 -0.2807131 0.260963 -0.9344295 -0.1849791 0.3043426 -0.9413924 -0.2346677 0.2423046 -0.9421787 -0.196588 0.2713902 -0.9496064 -0.2316372 0.2111679 -0.9489743 -0.2049981 0.2396323 -0.9473417 -0.2004684 0.249712 -0.7362787 -0.2349904 0.6345654 -0.7538162 -0.2054772 0.6241316 -0.7961341 -0.2302038 0.5596221 -0.6676014 -0.1971365 0.7179455 -0.5994251 -0.2311722 0.7663217 -0.5848865 -0.1978917 0.7866046 -0.5241221 -0.248896 0.8144611 -0.4832401 -0.215604 0.8485245 -0.4442287 -0.2522267 0.859676 -0.3760721 -0.2351523 0.8962551 -0.3217006 -0.289076 0.901634 -0.2764552 -0.2558194 0.9263525 -0.2193045 -0.2619013 0.9398475 -0.1514925 -0.2808653 0.9477155 -0.1493987 -0.278696 0.9486879 -0.03934979 -0.2612023 0.9644818 -0.04577183 -0.265667 0.9629777 -0.0995236 -0.6451882 0.7575139 -0.05397617 -0.7557108 0.6526774 -0.05595052 -0.7131884 0.6987359 -0.1851267 -0.6930785 0.6966853 -0.07380861 -0.9167069 0.3926844 -0.08827751 -0.9240972 0.3718219 -0.07384043 -0.9407207 0.3310472 -0.06593304 -0.7941729 0.6041045 -0.05838346 -0.7987474 0.5988272 -0.1981657 -0.7750095 0.6000757 -0.185281 -0.6931658 0.6965574 -0.3515613 -0.648208 0.6754488 -0.06700038 -0.8932629 0.4445136 -0.07952046 -0.8683429 0.4895479 -0.2124919 -0.8433357 0.4935911 -0.1983203 -0.7750803 0.599933 -0.3637644 -0.7248443 0.5850439 -0.3517164 -0.6482959 0.6752836 -0.4727031 -0.6002972 0.6451319 -0.4725964 -0.6004189 0.6450968 -0.5500362 -0.5616812 0.6180408 -0.5499167 -0.5618384 0.6180044 -0.6232008 -0.5182422 0.5857011 -0.3274274 -0.8648423 0.3805776 -0.2527251 -0.8896774 0.3802684 -0.7612638 -0.4685817 0.4482284 -0.7534412 -0.4188845 0.5068158 -0.7533631 -0.4190694 0.5067793 -0.2253845 -0.8883776 0.399984 -0.2126309 -0.8433763 0.4934618 -0.3771643 -0.7887467 0.4854131 -0.3639092 -0.724904 0.5848798 -0.4840088 -0.6712576 0.5613811 -0.4839033 -0.6713783 0.5613279 -0.5606046 -0.628088 0.5396554 -0.5605103 -0.6282131 0.5396078 -0.6329575 -0.5795027 0.5133629 -0.6328715 -0.5796427 0.513311 -0.7001442 -0.5260455 0.4827778 -0.8233619 -0.4434418 0.3541674 -0.8158702 -0.4073553 0.4103869 -0.8158122 -0.4075319 0.4103271 -0.8090007 -0.3642826 0.4613201 -0.8089321 -0.3644873 0.4612787 -0.7098087 -0.5725616 0.4102987 -0.7098743 -0.5724363 0.4103597 -0.643593 -0.6307211 0.4335656 -0.6436784 -0.6305932 0.4336248 -0.5721224 -0.6835741 0.4532135 -0.5722142 -0.6834583 0.4532722 -0.4963221 -0.7305319 0.4690284 -0.4964125 -0.7304337 0.4690856 -0.3772943 -0.7887777 0.4852616 -0.3884794 -0.8274245 0.4055272 -0.3601768 -0.8476378 0.3895933 -0.8172842 -0.4917985 0.3003017 -0.7915499 -0.5264451 0.3103294 -0.7781183 -0.5374199 0.3251338 -0.7494418 -0.582311 0.3150411 -0.7192113 -0.6045181 0.3424807 -0.7033416 -0.6256876 0.3373806 -0.6550365 -0.6705668 0.3482348 -0.6319305 -0.703333 0.3255559 -0.5839966 -0.7245502 0.366026 -0.536557 -0.7612075 0.3642387 -0.5087568 -0.7734511 0.378074 -0.4901085 -0.7881508 0.3723066 -0.4249464 -0.822916 0.3771336 -0.8743129 -0.2427135 0.420318 -0.8786374 -0.2789933 0.3875038 -0.8786649 -0.2786139 0.3877143 -0.8839102 -0.3118911 0.3484633 -0.8839324 -0.311567 0.3486971 -0.8896954 -0.3393471 0.3054271 -0.8897119 -0.3390759 0.3056801 -0.9488504 -0.2301828 0.216099 -0.9205422 -0.3068335 0.2417757 -0.8892007 -0.3375514 0.3088388 -0.8843453 -0.3831077 0.266762 -0.8486946 -0.4447966 0.2861354 -0.8339495 -0.4629485 0.3003451 -0.8302001 -0.46632 0.3054728 -0.8234171 -0.4432759 0.3542468 -0.7699472 -0.5098541 0.3837059 -0.7613403 -0.4684044 0.4482839 -0.7000649 -0.5262034 0.4827206 -0.6912792 -0.4704375 0.5484722 -0.6231055 -0.5183908 0.5856709 -0.7976887 -0.2596468 0.5443128 -0.7977513 -0.2594792 0.544301 -0.7404336 -0.2985398 0.6021896 -0.7405116 -0.298379 0.6021733 -0.6766806 -0.3352497 0.6555235 -0.6767579 -0.3351079 0.6555162 -0.6071316 -0.3692898 0.703574 -0.607219 -0.3691534 0.7035701 -0.5326231 -0.4002269 0.745742 -0.5327201 -0.400105 0.7457382 -0.4540967 -0.427726 0.7815669 -0.4542145 -0.4275998 0.7815675 -0.3316134 -0.4618626 0.8226273 -0.3317195 -0.4616924 0.82268 -0.1638208 -0.493809 0.8539997 -0.1639258 -0.4936691 0.8540605 -0.06845688 -0.5050876 0.8603488 -0.04047304 -0.5408377 0.8401527 -0.7083833 -0.2034085 0.6758831 -0.7140209 -0.2393994 0.6579225 -0.6713432 -0.2576655 0.6949151 -0.6714016 -0.2575648 0.6948959 -0.6012333 -0.2838448 0.7469611 -0.6013169 -0.2837306 0.7469371 -0.5262106 -0.3076248 0.7927606 -0.5263176 -0.3075035 0.7927367 -0.4472978 -0.3287283 0.8317827 -0.4473654 -0.3286566 0.8317748 -0.3242525 -0.3549962 0.8768342 -0.3243429 -0.354852 0.8768591 -0.1559492 -0.3795483 0.9119336 -0.1560485 -0.3794134 0.9119728 -0.02911806 -0.3902806 0.9202354 -0.06656092 -0.3717365 0.9259491 -0.8342381 -0.1327869 0.5351772 -0.8322887 -0.3829371 0.4008176 -0.8701947 -0.1982827 0.4510489 -0.8736335 -0.2411078 0.4226482 -0.8028482 -0.3148809 0.5062459 -0.8029158 -0.3146805 0.5062634 -0.7463641 -0.3620374 0.558453 -0.7464439 -0.3618524 0.5584662 -0.6833376 -0.4065515 0.6064368 -0.6834335 -0.4063762 0.6064463 -0.6144585 -0.4478238 0.6495342 -0.6145597 -0.4476702 0.6495442 -0.5405561 -0.4853433 0.6871979 -0.5406506 -0.4852209 0.68721 -0.4625921 -0.518691 0.7190051 -0.4627035 -0.5185679 0.7190221 -0.3407717 -0.5600999 0.7550912 -0.340889 -0.5599125 0.7551773 -0.1736057 -0.5988379 0.7818276 -0.1737245 -0.5986815 0.7819209 -0.0162881 -0.6184509 0.7856547 -0.07332414 -0.7206787 0.6893807 -0.3727718 -0.877488 0.301755 -0.06759637 -0.9895329 0.1274967 -0.9961493 -0.06411111 0.05980467 -0.07278412 -0.9973455 0.002111256 -0.1745092 -0.984313 0.02597481 -0.2252205 -0.973629 0.03636598 -0.2556974 -0.9662746 0.03053319 -0.8989574 -0.4333127 0.06415468 -0.8992254 -0.4327877 0.06394302 -0.9974904 -0.01099133 0.0699436 -0.9379095 -0.3406658 0.06536537 -0.9597997 -0.2718178 0.06999886 -0.9635713 -0.2592003 0.06592047 -0.9921945 -0.1058141 0.0659812 -0.9836854 -0.1582248 0.08560323 -0.9975136 -0.04084193 0.0574342 -0.9956493 -0.06617015 0.06560486 -0.9943043 -0.04957211 0.09434902 -0.9962829 -0.01077616 0.08546441 -0.9966515 -0.01118153 0.08099788 -0.9925755 -0.05232137 0.1098011 -0.994907 -0.008582293 0.1004314 -0.9956551 -0.01338964 0.09215098 -0.9907459 -0.05283707 0.1250243 -0.9936884 -0.01036036 0.111697 -0.9941508 -0.01119875 0.1074186 -0.9901775 -0.02345794 0.137835 -0.992415 -0.01060175 0.1224752 -0.9929006 -0.01164269 0.1183766 -0.04277074 -0.9567767 0.2876614 -0.07792085 -0.9967636 0.01976966 -0.08891695 -0.9959059 0.01628881 -0.06030255 -0.99722 0.04377108 -0.7549278 -0.5948385 0.2761366 -0.7979853 -0.540825 0.2659471 -0.8106153 -0.52509 0.2591978 -0.8125786 -0.5295526 0.2434954 -0.3374242 -0.8887254 0.310342 -0.3995212 -0.8623925 0.3109051 -0.4028046 -0.8697865 0.2849912 -0.4856433 -0.82671 0.2840794 -0.4887097 -0.833231 0.2586295 -0.5664821 -0.7832587 0.2561323 -0.5693161 -0.7888987 0.2313402 -0.6414995 -0.7325367 0.2277464 -0.6440799 -0.7372968 0.2038493 -0.7098948 -0.6754183 0.1996486 -0.7122136 -0.6793175 0.1768604 -0.7719354 -0.6118648 0.1724454 -0.7739831 -0.6149348 0.1510144 -0.8269584 -0.5427607 0.1468021 -0.8287343 -0.5450639 0.1269052 -0.07747024 -0.949536 0.3039406 -0.1811453 -0.9376366 0.2966886 -0.191814 -0.9363509 0.2940316 -0.06402921 -0.9947777 0.07948309 -0.2204953 -0.9711852 0.09044933 -0.2209685 -0.9710993 0.09021854 -0.3442726 -0.9337972 0.09746474 -0.3463745 -0.9354779 0.07004314 -0.4312367 -0.8991464 0.07463729 -0.4335109 -0.9001819 0.04172426 -0.4377648 -0.8981512 0.04106724 -0.3535019 -0.9347583 0.03554511 -0.3489863 -0.9364259 0.03626757 -0.3466417 -0.9353709 0.07014858 -0.2233626 -0.972714 0.06274354 -0.2230615 -0.9727736 0.06289148 -0.07447952 -0.9958172 0.05292326 -0.06481254 -0.9946965 0.07986485 -0.6026735 -0.7964214 0.04997706 -0.5896927 -0.805986 0.05146902 -0.5876133 -0.8050135 0.08163231 -0.511634 -0.8556216 0.07837319 -0.5096184 -0.854009 0.1046795 -0.4285039 -0.8978384 0.1013453 -0.4262719 -0.8954556 0.1282643 -0.3410059 -0.9317886 0.124439 -0.3385742 -0.9286286 0.1517119 -0.2152022 -0.965777 0.1447857 -0.2143876 -0.9658998 0.1451747 -0.07425671 -0.9880962 0.1347284 -0.05332916 -0.9872388 0.1500524 -0.5278109 -0.8482677 0.04309952 -0.514142 -0.8564959 0.04552888 -0.5118799 -0.8554652 0.07847499 -0.4309751 -0.8992808 0.07452881 -0.4289058 -0.8976279 0.1015083 -0.3438473 -0.9339712 0.09729778 -0.3415789 -0.9315492 0.1246603 -0.2182466 -0.9687852 0.1175745 -0.2176002 -0.9688926 0.117886 -0.0723623 -0.9915803 0.1073895 -0.06739932 -0.991679 0.1096822 -0.4994936 -0.8098428 0.3076701 -0.5580826 -0.7719634 0.3043292 -0.5611684 -0.7789204 0.279952 -0.6339846 -0.7230524 0.2743334 -0.6368157 -0.729078 0.2508209 -0.7032839 -0.6676441 0.2442196 -0.7058516 -0.6727591 0.2217404 -0.766227 -0.6056936 0.2145497 -0.7685203 -0.6099218 0.1933186 -0.8221269 -0.5380653 0.1859926 -0.8241401 -0.5414459 0.1662211 -0.8901414 -0.4283699 0.1553952 -0.890626 -0.4276011 0.1547344 -0.7433661 -0.6664338 0.05721068 -0.7241036 -0.6872196 0.05833631 -0.7222138 -0.6863206 0.08585715 -0.6577468 -0.7485408 0.08399927 -0.6558827 -0.7470484 0.1083358 -0.5850698 -0.8039199 0.1068004 -0.5829638 -0.8016766 0.1321672 -0.5065279 -0.8522813 0.1305619 -0.5041955 -0.8492509 0.1567164 -0.4226296 -0.8930183 0.1546045 -0.4200764 -0.889183 0.1813549 -0.3343853 -0.9254171 0.1782968 -0.3316258 -0.9207794 0.2054013 -0.2081621 -0.9576803 0.1987892 -0.2070075 -0.9578181 0.1993301 -0.0604813 -0.9803873 0.1875705 -0.06389689 -0.9732515 0.2206781 -0.6812151 -0.7304603 0.04872107 -0.6600731 -0.7493203 0.05312967 -0.657962 -0.7483408 0.08409547 -0.5873833 -0.8051915 0.08153218 -0.5854326 -0.803635 0.1069557 -0.5092299 -0.85426 0.1045224 -0.5070537 -0.8519369 0.1307681 -0.4257184 -0.8957501 0.1280459 -0.4233275 -0.8926408 0.1548753 -0.3378475 -0.9289385 0.1514348 -0.335252 -0.9250405 0.1786236 -0.2118396 -0.9620757 0.1718563 -0.2108533 -0.9622086 0.1723238 -0.07040697 -0.9843595 0.161491 -0.05572551 -0.981114 0.1852298 -0.9894778 -0.1044389 0.1001306 -0.989275 -0.1058031 0.1007004 -0.9876411 -0.1033463 0.1178328 -0.9873257 -0.1052815 0.1187595 -0.9855354 -0.1019777 0.1353542 -0.9850946 -0.104431 0.1366851 -0.9844176 -0.1029229 0.14258 -0.975408 -0.1469442 0.1642764 -0.6347811 -0.7099355 0.3050322 -0.6962568 -0.6590061 0.284495 -0.6985877 -0.6642854 0.2658951 -0.7596797 -0.5978083 0.2559535 -0.7621934 -0.6031584 0.2350775 -0.8165097 -0.5318275 0.2246586 -0.818735 -0.536265 0.2051661 -0.8855381 -0.4242533 0.1892919 -0.8861978 -0.4232853 0.1883696 -0.8567742 -0.5119073 0.06236058 -0.834391 -0.5476934 0.06183695 -0.8326594 -0.5468586 0.08731693 -0.7804771 -0.6191239 0.08683961 -0.7788199 -0.6177986 0.1084644 -0.7199384 -0.685474 0.1086923 -0.718028 -0.6834386 0.1317104 -0.6530743 -0.7456511 0.1322814 -0.6509148 -0.74285 0.1564736 -0.579592 -0.7996407 0.1569969 -0.5771851 -0.7960287 0.1821975 -0.5002501 -0.8464859 0.1822409 -0.4976055 -0.8420386 0.2082304 -0.4155504 -0.8856239 0.2073362 -0.4126883 -0.8803409 0.233855 -0.3265388 -0.9163805 0.2315586 -0.32348 -0.9102871 0.2583374 -0.1999055 -0.9468446 0.2520377 -0.1984189 -0.9469763 0.2527174 -0.04300928 -0.9664216 0.2533366 -0.06675189 -0.9680523 0.2417001 -0.04373115 -0.976131 0.2127342 -0.2028627 -0.9527374 0.2261376 -0.2041794 -0.9526005 0.2255285 -0.3276976 -0.9158589 0.2319847 -0.3306097 -0.9212292 0.2050223 -0.4165244 -0.8850812 0.2076988 -0.4192364 -0.8896446 0.1810342 -0.5010469 -0.8459507 0.1825362 -0.5035356 -0.8496888 0.1564642 -0.5802165 -0.7991388 0.1572447 -0.5824727 -0.8020663 0.1319667 -0.6535316 -0.7452167 0.1324713 -0.6555444 -0.7473665 0.1081898 -0.7202476 -0.6851267 0.108834 -0.7220147 -0.6865419 0.08576148 -0.780656 -0.6188853 0.08693271 -0.7825409 -0.6197797 0.05918741 -0.8084841 -0.5861959 0.05222982 -0.946538 -0.2614746 0.1889365 -0.9525882 -0.2389158 0.1884019 -0.9718589 -0.1633149 0.1697608 -0.8233425 -0.5053521 0.2583145 -0.8409889 -0.4784028 0.2527224 -0.9167875 -0.3416988 0.2067434 -0.8553115 -0.4599483 0.2385165 -0.8806855 -0.4168692 0.2249737 -0.8900549 -0.396245 0.2253717 -0.9251706 -0.3175526 0.2078937 -0.71099 -0.642873 0.2849697 -0.7560972 -0.5932117 0.276436 -0.7587262 -0.5991336 0.2556827 -0.813421 -0.528149 0.2437316 -0.8157476 -0.5330973 0.2244173 -0.8829976 -0.4217347 0.2060462 -0.8837459 -0.4206802 0.204991 -0.9481373 -0.2648566 0.175746 -0.9555174 -0.2480422 0.1595671 -0.949727 -0.2640926 0.1681485 -0.5456684 -0.7822391 0.3005798 -0.6291367 -0.715916 0.3027399 -0.6328336 -0.7241892 0.2739924 -0.6996421 -0.663052 0.2662011 -0.7023246 -0.6687636 0.2439168 -0.7630515 -0.6019671 0.2353471 -0.7654587 -0.6067585 0.2142832 -0.8194134 -0.5351353 0.2054068 -0.8215366 -0.5390467 0.1857592 -0.8879222 -0.4264651 0.1724001 -0.8884927 -0.4255949 0.1716091 -0.9517757 -0.267782 0.1497196 -0.9589183 -0.2499365 0.1341916 -0.953073 -0.2671855 0.1423509 -0.9555092 -0.2708468 0.1168083 -0.9559475 -0.2695313 0.1162635 -0.4340778 -0.8442738 0.3142901 -0.4816052 -0.8214737 0.305348 -0.4843301 -0.8276269 0.2836514 -0.5624042 -0.7778873 0.2803444 -0.5653665 -0.7841861 0.2557597 -0.6378582 -0.7280523 0.2511509 -0.6405673 -0.7334496 0.227432 -0.7067023 -0.6717705 0.2220279 -0.7091481 -0.6762821 0.1993781 -0.7691901 -0.6089966 0.1935712 -0.7713637 -0.612651 0.1722118 -0.8246462 -0.5406072 0.166441 -0.82654 -0.5434505 0.1466056 -0.8921907 -0.429955 0.1383273 -0.9054221 -0.4072652 0.1197748 -0.8935741 -0.4298987 0.1292766 -0.2621229 -0.9125312 0.3139721 -0.3146815 -0.8982639 0.3067535 -0.3175583 -0.9047333 0.2839273 -0.4041758 -0.8689937 0.285468 -0.4073209 -0.8756893 0.2593417 -0.489892 -0.8324124 0.2590279 -0.4928241 -0.8382502 0.2333689 -0.5703107 -0.7880783 0.2316863 -0.5730097 -0.7930512 0.2067121 -0.6448897 -0.7365086 0.2041381 -0.6473358 -0.7406215 0.1801005 -0.7128484 -0.6785869 0.1771075 -0.7150316 -0.6818639 0.1542456 -0.7744625 -0.6142796 0.1512235 -0.77638 -0.61677 0.1297262 -0.8290664 -0.5445192 0.1270743 -0.8307238 -0.5462844 0.1071054 -0.8957716 -0.4321865 0.1039627 -0.064318 -0.9612855 0.2679429 -0.1936935 -0.9405438 0.2790346 -0.1953399 -0.9404234 0.2782917 -0.3189824 -0.9040726 0.2844349 -0.3221815 -0.9108809 0.2578667 -0.4085648 -0.8749787 0.2597833 -0.4115716 -0.8809708 0.233451 -0.4938876 -0.8375208 0.2337394 -0.4966771 -0.842669 0.2078963 -0.5738865 -0.7923337 0.2070308 -0.5764436 -0.7966302 0.1819156 -0.648037 -0.7399435 0.1803655 -0.6503387 -0.743402 0.1562471 -0.715563 -0.6812563 0.1544649 -0.7176058 -0.6839175 0.1315254 -0.7767539 -0.6162625 0.1298996 -0.7785453 -0.6181688 0.1083266 -0.8309687 -0.5458855 0.1072396 -0.8325009 -0.5471143 0.08722573 -0.908717 -0.4083796 0.08636873 -0.8967366 -0.4322307 0.09507989 -0.958108 -0.2718389 0.09018266 -0.9583362 -0.2711184 0.08992534 -0.9909356 -0.1059954 0.08253288 -0.9910362 -0.1052587 0.08226704 -0.9951403 -0.05777472 0.079737 -0.9971668 -0.01081794 0.07444083 -0.9940194 0.002107322 0.109184 -0.9935497 0.01361 0.1125783 -0.9932171 0.02855896 0.1127132 -0.9951968 0.004814028 0.09777647 -0.9951209 0.003034412 0.09861743 -0.9944209 -6.20637e-4 0.1054841 -0.9972608 -9.3981e-4 0.0739597 -0.9967897 0.001423478 0.08005195 -0.9965655 0.00457108 0.08268338 -0.9964449 0.002723276 0.08420449 -0.9958716 -0.00168097 0.09075808 -0.9981721 -6.49596e-6 0.0604375 -0.9977201 0.001010179 0.06748199 -0.9978722 0.006059646 0.06492 -0.9975768 0.002140045 0.06954109 -1 -6.11404e-6 0 -1 -6.98747e-6 0 0.7605975 0.07248234 -0.645165 0.8231937 0.0375508 -0.5665175 0.7925052 0.08463346 -0.6039643 0.7733309 0.0876066 -0.6279208 0.7498006 0.1612964 -0.641703 0.7517529 0.1636958 -0.6388046 0.7330646 0.2396832 -0.6365283 0.7610213 0.2655725 -0.5918765 0.6648899 0.3057808 -0.6814833 0.7417854 0.3003118 -0.5996394 0.7015056 0.3993782 -0.5902432 0.7122926 0.4587647 -0.5312007 0.6870315 0.3733381 -0.6233831 0.7065431 0.312297 -0.6350336 0.7070838 0.2732608 -0.6521971 0.7073757 0.2490824 -0.6614966 0.7030486 0.2269208 -0.6739656 0.7107024 0.1714943 -0.6822696 0.7032135 0.134084 -0.6982208 0.7096742 0.07865709 -0.7001253 0.7062833 0.05742263 -0.7055966 -1.29862e-6 1.47378e-6 -1 -8.22481e-5 -1.46019e-4 -1 9.78308e-6 4.7118e-6 -1 2.87559e-7 -1.17737e-6 -1 -1.01157e-5 -1.38354e-7 -1 -2.73804e-5 -4.93981e-5 -1 -1.44113e-4 -1.82108e-4 -1 8.45739e-5 -7.42448e-5 -1 -2.62588e-5 -1.35006e-4 -1 4.94146e-4 -1.55072e-4 -0.9999999 0 0 -1 -8.67758e-5 -9.84478e-5 -1 3.53688e-4 -7.00557e-5 -1 -5.29712e-4 1.05556e-4 -0.9999999 1.60911e-5 0 -1 -9.18812e-6 0 -1 -4.17521e-4 -2.68135e-5 -1 1.01065e-6 0 -1 -5.21951e-7 0 -1 0 2.8261e-4 -1 5.45453e-5 -2.76184e-4 -1 3.17564e-4 2.11727e-4 -1 4.46362e-7 0 -1 -2.45787e-5 2.77711e-4 -1 -1.76775e-4 5.67226e-5 -1 -2.15658e-4 1.27741e-4 -1 -2.55679e-4 2.62707e-5 -1 9.9361e-5 -2.62665e-4 -1 -2.81263e-6 0 -1 -4.39062e-4 -1.1196e-5 -1 -5.27053e-4 0 -1 -8.16177e-4 -4.1961e-5 -0.9999997 0 2.82589e-4 -1 8.05841e-6 2.82687e-4 -1 2.09693e-4 -1.38902e-4 -1 1.55729e-4 -1.03244e-4 -1 1.16407e-4 2.72402e-5 -1 3.09832e-4 -1.99642e-5 -1 2.24965e-4 1.05291e-4 -1 -9.49352e-5 1.57407e-4 -1 -3.25747e-4 4.59085e-5 -1 -1.90263e-4 -4.27269e-6 -1 0.6039803 0.7397885 0.2965146 -0.4391851 0.8816588 0.1726106 0.2275894 0.9732597 0.03112554 -0.1654416 0.9831578 0.07765251 0.2522053 0.9667711 0.04178988 0.2530975 0.9663214 0.04652637 0.2871287 0.9563476 0.05437254 0.2898349 0.9549977 0.06304955 0.3282204 0.942326 0.06552177 0.3302281 0.9413313 0.06960606 0.3542086 0.9321829 0.07464277 0.3575398 0.9304628 0.08002734 0.3898075 0.9178783 0.07449471 0.3921636 0.9166654 0.07702243 0.4087932 0.9091122 0.0800203 -0.533169 0.8392686 0.1065801 -0.1006301 0.9886848 0.1112474 -0.09184688 0.9833837 0.1565908 -0.02391058 0.993701 0.1094834 0.005613625 0.9790807 0.2033948 0.07236373 0.9865337 0.1466796 0.1119624 0.9674538 0.2269309 0.1339398 0.9750512 0.1770179 0.1791564 0.9515975 0.2497302 0.2160688 0.9580928 0.1880757 0.269822 0.9310127 0.2457873 0.2626605 0.9423127 0.2075006 0.3163138 0.9133318 0.2564579 -0.4266855 0.8741711 0.2318711 -0.3266818 0.9296949 0.1701366 -0.2831695 0.9084292 0.3075248 -0.179566 0.9554466 0.2342601 -0.1204334 0.9272727 0.3544874 -0.08529776 0.9554036 0.2827162 -0.01774573 0.9203958 0.3905852 0.04560524 0.9508537 0.3062636 0.1283363 0.9094986 0.3954013 0.1160894 0.9348405 0.3355545 0.1986984 0.8899826 0.4104265 0.2176199 0.9170637 0.3341192 0.3144931 0.8666345 0.3873485 0.1599326 0.8590335 0.4862953 0.2080332 0.8331003 0.5125098 0.01078742 0.8699645 0.4929963 0.04203367 0.8526199 0.5208383 -0.08121728 0.8833531 0.4616181 -0.04793238 0.8662456 0.4973139 -0.2614445 0.8621961 0.433895 -0.2436999 0.8528696 0.4617615 -0.3855722 0.8430672 0.374929 -0.3710678 0.8359952 0.4042532 -0.572355 0.7641528 0.2974565 -0.5680354 0.7620468 0.3108384 -0.7241795 0.6618603 0.1936624 -0.7190937 0.6594098 0.2192783 -0.8181555 0.5641571 0.1111236 0.3109595 0.7805895 0.5422033 0.2932724 0.7986189 0.5255466 0.2740551 0.8105629 0.5175729 0.5275928 0.8476336 0.05624431 0.5158932 0.8543506 0.06276351 0.517842 0.8533453 0.06034451 0.5082734 0.858801 0.06417936 0.50875 0.8585566 0.06367272 0.499331 0.8638885 0.06607049 0.4979223 0.8645961 0.0674318 0.4869118 0.8707726 0.06835263 0.4820489 0.8731224 0.07270711 0.4682788 0.880746 0.07072198 0.4568731 0.8859462 0.07978945 0.4506937 0.8893547 0.07696479 0.4393571 0.8950524 0.07646226 0.5249819 0.8488849 0.06155216 0.5779249 0.7983601 0.1691865 0.5537536 0.8123778 0.1827553 0.5495244 0.8151805 0.1830401 0.5306479 0.8258817 0.1906105 0.5321964 0.8248598 0.1907176 0.5034161 0.8410407 0.1980476 0.5110321 0.8357602 0.200876 0.4656323 0.8609974 0.2046214 0.4781541 0.8510109 0.2171382 0.4117571 0.8873549 0.2075028 0.4206665 0.8749213 0.2399013 0.36575 0.9055333 0.2150267 0.5711838 0.8009032 0.179731 0.6194583 0.7340288 0.27834 0.5801237 0.7570471 0.3005599 0.5726184 0.7621694 0.3020035 0.5425124 0.7791487 0.3140187 0.5481463 0.7752906 0.3137841 0.4983175 0.803202 0.3264143 0.5165448 0.7899925 0.3302927 0.4377309 0.8336704 0.3367274 0.4636636 0.8110632 0.3566409 0.3531529 0.8713937 0.3405233 0.4130358 0.9068429 0.08389031 0.4351625 0.8972931 0.07415401 0.3250952 0.9234087 0.2040335 0.38481 0.892135 0.2366785 0.2783128 0.8942732 0.3504536 0.3677905 0.8438951 0.3906037 0.2837111 0.8385294 0.4651629 0.3826299 0.7885769 0.4813949 0.487991 0.7443203 0.4559081 0.4776346 0.7503727 0.4569534 0.5347473 0.7235851 0.4364287 0.5431616 0.7186461 0.4341927 0.5607931 0.7100458 0.4258477 0.5969201 0.6890057 0.4110446 0.5821482 0.6959527 0.4204204 0.6532904 0.6546671 0.3802928 0.6152803 0.6701197 0.4151744 0.1560317 0.9872225 0.03234183 -0.7307631 0.6771954 0.08597499 -0.7312958 0.6766709 0.08557498 -0.3196104 0.9455285 0.06184661 -0.3214079 0.9449794 0.06091839 0.1688162 0.9853823 0.02286678 -0.9606323 0.2436188 0.1335493 -0.9652346 0.2455694 0.0895431 -0.9653326 0.2452539 0.08935046 -0.9603016 0.2447608 0.13384 -0.7288672 0.6725614 0.128117 -0.7270424 0.6746762 0.1273631 -0.3247959 0.9412646 0.09235185 -0.3185693 0.9436033 0.09014624 0.1669843 0.9853921 0.03344649 0.1658413 0.9859198 0.02142035 0.1423841 0.9886764 0.0473904 0.1584745 0.9861971 0.04797142 -0.3281956 0.9353272 0.1321011 -0.3184688 0.9385753 0.1328693 -0.7227371 0.6656661 0.1858488 -0.7197601 0.6687059 0.1864879 -0.9501421 0.2421847 0.1964095 -0.9506106 0.2406613 0.1960145 -0.8931677 0.4361432 0.1096835 -0.9402002 0.3383577 0.03921604 -0.6222114 0.7775701 0.09076297 -0.6844716 0.7276487 0.04501247 -0.2321252 0.970774 0.06095755 -0.2803823 0.9592213 0.03578042 0.2025904 0.978968 0.02406018 0.1844276 0.9827223 0.01560145 -0.8129501 0.5617079 0.1536116 -0.8973006 0.4380071 0.0547862 -0.5312799 0.8383153 0.1223496 -0.624485 0.7786784 0.0606504 -0.1651854 0.9830229 0.07987344 -0.2330945 0.9712881 0.04760831 0.2275623 0.9732732 0.03090047 0.2023535 0.9790949 0.020648 0 -1 0 0 -1 -5.8324e-6 0 -1 1.61374e-6 0 -1 6.19548e-6 0 -1 -7.85966e-6 0 -1 5.38607e-6 0 -1 4.71549e-7 0 -1 5.06073e-5 -9.63621e-5 -0.9999997 -7.61727e-4 0 -1 -3.81679e-5 0 -1 -1.61082e-5 0 -1 -3.34934e-7 0 -1 0 0 -1 9.86302e-7 0 -1 -1.38872e-7 0 -1 4.86444e-5 0.001007914 -0.9999991 8.63306e-4 3.63903e-5 -1 1.88517e-5 5.21495e-6 -1 1.20381e-6 0 -1 0 0 -1 -5.31897e-7 0 -1 0 0 -1 -9.83117e-7 0 -1 8.16524e-7 0 -1 2.47106e-7 0 -1 -3.42654e-6 0 -1 -6.9233e-7 0 -1 -3.50022e-6 0 -1 1.55133e-6 0 -1 3.85993e-6 -0.701191 -0.5100499 -0.4981769 -0.7080391 -0.4750872 -0.522468 -0.7074178 -0.008966684 -0.7067388 -0.7037166 -0.02311754 -0.7101046 -0.7089074 -0.09699177 -0.6986007 -0.7024202 -0.1272593 -0.7002934 -0.7087602 -0.1742076 -0.6836014 -0.707008 -0.193043 -0.6803485 -0.7070603 -0.2172085 -0.6729682 -0.7026518 -0.2695769 -0.6584898 -0.7116658 -0.2416704 -0.6596418 -0.7030249 -0.32501 -0.6325541 -0.706703 -0.3083546 -0.6367797 -0.7068496 -0.3607366 -0.6084676 -0.7079525 -0.3544014 -0.6109034 -0.703963 -0.4212722 -0.5718094 -0.706088 -0.4148032 -0.5739147 -0.7070885 -0.4603514 -0.5367518 -1 0 0 -0.003056049 0.07862365 -0.9968998 0 0.1071954 -0.994238 0 0.1071954 -0.994238 0.964746 0.03956317 -0.2601921 -0.001378834 0.07859802 -0.9969055 0 0.7452666 -0.6667666 0 0.7452673 -0.6667659 0 0.6952387 -0.718779 0 0.6952386 -0.718779 0 0.6451568 -0.7640503 0 0.5710754 -0.8208977 0 0.5710759 -0.8208974 0 0.5143882 -0.8575575 0 0.5143862 -0.8575586 0 0.4437915 -0.8961301 0 0.4437911 -0.8961302 0 0.3703118 -0.9289076 0 0.3703104 -0.9289082 0 0.3068026 -0.9517732 0 0.3068025 -0.9517732 0 0.2166798 -0.9762427 0 0.1503278 -0.9886363 1 -2.22099e-6 0 1 -2.49087e-7 0 1 4.61112e-7 0 0.5995513 0.0638228 -0.7977876 0.3895903 0.0690729 -0.9183946 0.001941859 0.07862228 -0.9969027 0.3339489 0.6998932 -0.6313698 0.6433302 0.5004048 -0.5794147 0.06834173 0.7435251 -0.6652067 0.08820426 0.7327481 -0.6747595 0.08820331 0.6925303 -0.7159762 0.1389358 0.6388998 -0.75664 0.0880357 0.6642215 -0.7423339 0.08810395 0.5688553 -0.817705 0.1067812 0.5571968 -0.8234862 0.08823192 0.5123801 -0.8542141 0.08803564 0.4420686 -0.8926506 0.08805102 0.4420635 -0.8926517 0.08824163 0.368866 -0.9252845 0.1067866 0.3172723 -0.9423031 0.08811247 0.3056095 -0.9480713 0.1275492 0.08414417 -0.9882565 0.07817 0.09839057 -0.9920731 0.08817434 0.2158358 -0.9724403 0.11755 0.187281 -0.9752476 0.08820682 0.149742 -0.9847828 0.08820682 0.09158396 -0.9918831 0.01890879 0.07894283 -0.9966998 0.237438 0.0831182 -0.9678401 0.1778553 0.07727789 -0.9810177 0.1476461 0.08024019 -0.98578 0.4611147 0.08632135 -0.883132 0.6698665 0.06022387 -0.7400352 0.6419095 0.08347487 -0.7622232 0.6410815 0.1447387 -0.7537012 0.6410838 0.1447359 -0.7536996 0.641083 0.244894 -0.727351 0.6410774 0.2449002 -0.7273539 0.6419362 0.2962906 -0.7071986 0.6367414 0.3452895 -0.6894459 0.6410772 0.3405973 -0.6877598 0.6410779 0.4300962 -0.6356387 0.6410782 0.4300941 -0.6356397 0.6414892 0.5007743 -0.581134 0.5984086 0.5342418 -0.5970703 0.6044701 0.6173337 -0.503503 0.5321118 0.07010561 -0.8437668 0.4800036 0.1000159 -0.8715465 0.479174 0.1655278 -0.8619703 0.4791769 0.165529 -0.8619685 0.4791748 0.280079 -0.8318337 0.4791795 0.2800732 -0.831833 0.479183 0.3895213 -0.7865474 0.4791802 0.38952 -0.7865499 0.4791812 0.4918746 -0.7269421 0.4791787 0.4918763 -0.7269427 0.4791784 0.5852708 -0.6540995 0.479178 0.5852705 -0.6541 0.4793635 0.5902897 -0.6494373 0.4549512 0.6464948 -0.6124247 0.3150191 0.08416926 -0.9453457 0.2808527 0.1050665 -0.9539827 0.2802791 0.1810299 -0.942694 0.2802824 0.1810294 -0.9426931 0.2802821 0.3063033 -0.9097365 0.2802768 0.3063066 -0.9097369 0.2802771 0.4260019 -0.8602135 0.2802786 0.425999 -0.8602144 0.2802783 0.5379427 -0.7950233 0.2802842 0.5379379 -0.7950243 0.2802851 0.6400811 -0.7153577 0.2802789 0.6400844 -0.7153571 0.28087 0.687421 -0.6697496 0.2048979 0.7339227 -0.6475912 0.9603351 0.2447752 0.1335723 0.3196887 0.9455699 0.06080085 0.3213126 0.9449437 0.06196504 0.7307941 0.6772154 0.0855531 0.7312623 0.6766535 0.08599758 0.9653164 0.2452496 0.08953809 -0.1667497 0.9855129 0.03096669 -0.1660025 0.9858546 0.02310806 -0.1686952 0.9854408 0.02117812 -0.1564225 0.9870762 0.03482228 0.3250295 0.9413341 0.09080708 0.3184092 0.9435092 0.09168535 0.7289557 0.6725859 0.1274831 0.7269653 0.6746402 0.1279923 0.9605988 0.2436049 0.1338156 0.9652508 0.2455741 0.08935517 0.9502065 0.2422193 0.1960551 0.9505464 0.2406294 0.1963648 0.7225584 0.6656028 0.1867684 0.7199203 0.6687868 0.1855775 0.3277349 0.9351744 0.1343088 0.3188224 0.9387637 0.1306718 -0.1431557 0.9883896 0.05091607 -0.1579289 0.9864496 0.04444736 -0.2019066 0.9792984 0.01444309 -0.1849657 0.9824368 0.02461332 0.2339841 0.9716114 0.03496724 0.2788677 0.9584462 0.06011408 0.6252498 0.7789271 0.04832625 0.6819595 0.7264631 0.08475089 0.8974908 0.4380855 0.05090719 0.9368172 0.3368584 0.09434032 -0.2261371 0.9739217 0.01840633 -0.2031461 0.9786253 0.03200376 0.1690272 0.9845463 0.04580748 0.2307727 0.9698408 0.07844078 0.5373798 0.8407374 0.06620824 0.6203174 0.7763963 0.1114229 0.8213364 0.5654003 0.07569086 0.8914566 0.435352 0.1255937 -0.5797215 0.7962123 0.1731158 0.8070266 0.5586392 0.1913908 0.5256942 0.8347991 0.1635727 0.7344791 0.6658923 0.1308742 0.7057166 0.6522045 0.2767553 0.5959927 0.7736538 0.2150642 0.5439236 0.7486618 0.3790155 0.4167648 0.8555858 0.3070505 0.3435125 0.8206456 0.4566618 0.2990732 0.8790306 0.3712957 0.2146373 0.8357809 0.5053723 0.1247066 0.9022845 0.4127119 0.01665729 0.8481301 0.5295262 0.03623348 0.8926855 0.4492213 -0.07236337 0.834037 0.5469425 -0.1046499 0.8846242 0.4544101 -0.2414679 0.8129803 0.5298646 -0.1796562 0.8615792 0.4747684 -0.2932724 0.7986189 0.5255466 -0.2548447 0.8343956 0.488711 -0.4116744 0.7714924 0.4851018 -0.4493514 0.7475106 0.4891945 -0.3960225 0.7933284 0.462381 -0.5245027 0.7216279 0.4518297 -0.4801928 0.7531375 0.4496651 -0.5599933 0.7084695 0.4295097 -0.5433627 0.7195116 0.4325044 -0.5814512 0.6982451 0.4175744 -0.597167 0.6879591 0.4124367 -0.60508 0.6836137 0.4081062 -0.6561134 0.6489443 0.3852097 -0.5997676 0.7459026 0.289669 -0.5733455 0.7607269 0.3042527 -0.5797531 0.7579139 0.2990866 -0.5480871 0.7761097 0.3118564 -0.5425735 0.7786067 0.315255 -0.5189143 0.7921086 0.3213906 -0.4974559 0.8013824 0.3321506 -0.476771 0.8131288 0.3339328 -0.4317268 0.83029 0.3524633 -0.4101638 0.8424265 0.3494044 -0.3290125 0.8672888 0.3735789 -0.3319102 0.8656182 0.3748877 -0.2670285 0.8932625 0.3616322 -0.2791829 0.8867878 0.3683266 -0.1600661 0.9127526 0.3758478 -0.1659891 0.9094755 0.3811852 -0.08685255 0.9322595 0.3512107 -0.09661352 0.9272751 0.3617001 0.04869705 0.9384034 0.3420931 0.04729795 0.9376782 0.3442711 0.1487571 0.9428054 0.2983106 0.1469977 0.9419505 0.3018626 0.3022133 0.9197331 0.2505158 0.3061981 0.9217365 0.2380011 0.4390476 0.8816029 0.1732445 0.4505661 0.8860059 0.1094704 0.1613707 0.9805184 0.1119966 -0.6215178 0.7303955 0.2832634 -0.5683861 0.8040218 0.1746034 -0.5500525 0.8144358 0.184761 -0.5533906 0.8129089 0.1814883 -0.5321729 0.8250418 0.1899949 -0.5306878 0.8257373 0.1911243 -0.5112751 0.8367543 0.1960617 -0.5034487 0.8401847 0.2015668 -0.4822311 0.8521209 0.2033305 -0.4635996 0.8595402 0.2150958 -0.4382988 0.8736038 0.2114492 -0.4009224 0.8865153 0.2309802 -0.3928825 0.8910391 0.2273604 -0.3602449 0.9057419 0.2232832 -0.3573895 0.9072641 0.2216858 -0.2948506 0.9257183 0.2368732 -0.2903652 0.9281694 0.2327871 -0.2464454 0.9437089 0.2206312 -0.2450996 0.9443889 0.2192168 -0.1612997 0.9618504 0.2209664 -0.1562663 0.9645017 0.2128784 -0.09544175 0.9764555 0.1934575 -0.09200453 0.9781396 0.1864885 0.005300462 0.9856217 0.1688843 0.0112546 0.9886287 0.149956 0.09873604 0.9877118 0.1211476 0.1077652 0.9914641 0.07338678 -0.2290327 0.9724199 0.04408705 -0.249503 0.9679794 0.02764594 -0.2556893 0.9648674 0.06044888 -0.2822108 0.9585677 0.03879654 -0.2941603 0.9526431 0.07707679 -0.3204579 0.9459491 0.04987078 -0.3368952 0.9378556 0.08323925 -0.3453224 0.9365389 0.06039214 -0.3647682 0.9265617 0.09180229 -0.3785083 0.9234916 0.06240838 -0.4013409 0.9117912 0.0869624 -0.3981279 0.9146352 0.07026195 -0.421306 0.902292 0.09149128 -0.4234811 0.9033645 0.06779861 -0.4482261 0.8902171 0.08128255 -0.4410942 0.8945167 0.07263535 -0.4636749 0.8821192 0.08289301 -0.4597981 0.8853009 0.06948512 -0.4862481 0.8707396 0.07331717 -0.482334 0.873287 0.06872934 -0.4994517 0.8637244 0.06729388 -0.4978155 0.864732 0.06647026 -0.5081943 0.8588752 0.06381434 -0.5088152 0.8584969 0.06395453 -0.5153961 0.8547558 0.06131464 -0.518221 0.8530339 0.06148427 -0.5234664 0.8500325 0.05854851 -0.5287107 0.8467726 0.05866324 -0.2902837 -0.9569106 -0.007589697 0.2905793 -0.9568156 -0.008216142 0.2378837 -0.97129 0.002674698 0.2205403 -0.9748024 -0.03350216 0.2027554 -0.9791917 -0.008605241 0.1237555 -0.992206 0.01456266 0.1432244 -0.9894435 -0.0220983 0.04066252 -0.9988991 0.02339607 0.06621724 -0.9972745 -0.03254151 0.01305407 -0.9999149 4.30463e-6 -0.01059639 -0.9999439 5.41151e-6 -0.04337459 -0.9989309 -0.0159927 -0.05976194 -0.9981349 0.01247012 -0.1295458 -0.9914826 -0.01342254 -0.1370731 -0.9905161 0.009424686 -0.1969778 -0.9803882 -0.006236553 -0.2212553 -0.9745652 -0.03562158 -0.2243074 -0.9741889 -0.02533978 -0.2379215 -0.9712798 0.002989947 -0.7226864 0.5017691 0.4753443 -0.7229784 0.5012534 0.4754441 -0.7353024 0.3145799 0.6003083 -0.73017 0.1202957 0.6725926 -0.6567914 0.6833455 0.3188481 -0.656512 0.6835927 0.3188935 -0.04493051 0.931189 0.3617574 -0.02509641 0.1626212 0.9863694 -0.05990159 0.3165035 0.9466982 -0.5239604 0.1029537 0.8454976 -0.4930782 0.2603182 0.8301256 -0.4673419 0.0251255 0.8837196 -0.3954516 0.2299283 0.8892419 -0.3909749 0.1465525 0.9086589 -0.2944185 0.1549586 0.9430301 -0.2939907 0.2517532 0.9220574 -0.1989468 0.1072857 0.9741201 -0.1804466 0.3206367 0.9298555 -0.1377267 0.1843228 0.9731683 -0.08310663 0.1757122 0.9809274 -0.561491 0.07998347 0.8236083 -0.6012051 0.275086 0.7502535 -0.5816245 -0.1300951 0.8029871 -0.6842345 0.3577855 0.6354626 -0.6763876 0.02960419 0.7359507 -0.7206774 0.06738018 0.6899883 -0.7102007 0.01389718 0.7038621 -0.0592336 0.4871497 0.8713074 -0.06516772 0.5406033 0.8387499 -0.1854401 0.5325628 0.8258262 -0.1842859 0.5238291 0.8316501 -0.3060553 0.5076792 0.8053522 -0.30417 0.4933456 0.8149177 -0.4175506 0.4706593 0.7772589 -0.4150378 0.4516062 0.7898073 -0.5176591 0.4241776 0.7430359 -0.5146086 0.4011883 0.757777 -0.606384 0.3705379 0.7035624 -0.602822 0.3444021 0.7197172 -0.6837903 0.3120433 0.6595907 -0.6798682 0.283618 0.6762693 -0.7400137 0.2561091 0.6219227 -0.05537879 0.7584963 0.6493202 -0.06151813 0.8307583 0.5532236 -0.1687324 0.8234214 0.5417625 -0.1683301 0.8175738 0.5506705 -0.27895 0.8029339 0.5267677 -0.2791497 0.7933087 0.5410516 -0.3818439 0.7728052 0.5069196 -0.383133 0.7595692 0.525608 -0.4755565 0.7349115 0.4834781 -0.4781047 0.7184351 0.5052396 -0.5599609 0.6911618 0.4568799 -0.5638788 0.6716352 0.4805693 -0.6350035 0.6432622 0.4277667 -0.6400995 0.6212257 0.4520526 -0.6895972 0.5988474 0.4072316 -0.6566801 0.683446 0.3188617 -0.5327947 0.8378635 0.1188057 -0.5389638 0.8321895 0.1303023 -0.5011833 0.8494809 0.1649174 -0.4884127 0.8618111 0.1368749 -0.4376992 0.8820145 0.174556 -0.4275094 0.8919506 0.1471729 -0.3678166 0.9118196 0.1824716 -0.3604683 0.919443 0.1571218 -0.2921409 0.9376586 0.1882821 -0.287642 0.9431526 0.1665096 -0.2111602 0.9584213 0.1919381 -0.209158 0.9620541 0.1752281 -0.1408202 0.9716103 0.1901133 -0.1393539 0.9489769 0.2828839 -0.09730416 0.9777441 0.1858724 -0.04695779 0.9804604 0.1910299 -0.03740155 0.994183 0.1010021 0.5327947 0.8378635 0.1188057 0.0724554 0.1738354 0.9821057 0.06657826 0.486921 0.8709049 0.04493182 0.931189 0.3617574 0.0695216 0.7578119 0.6487588 0.6281042 0.7075333 0.3238548 0.666021 0.6629978 0.3418335 0.73017 0.1202957 0.6725926 0.7359888 0.4148731 0.5349774 0.7100015 0.01381903 0.7040646 0.6002373 0.2646303 0.7547754 0.5867674 -0.1178545 0.8011332 0.6842253 0.3522485 0.6385584 0.6767824 0.02987897 0.7355766 0.72064 0.06690573 0.6900737 0.1249342 0.1820719 0.975316 0.1934688 0.283871 0.9391418 0.1676651 0.1184407 0.9787034 0.2957382 0.215593 0.9306227 0.2840312 0.1552204 0.9461675 0.388965 0.1447595 0.9098083 0.3941023 0.1676176 0.9036526 0.4753128 0.09183108 0.8750113 0.4989272 0.1922052 0.8450614 0.5256935 0.1011489 0.8446392 0.5620092 0.07880258 0.8233686 0.03740155 0.994183 0.1010021 0.04695779 0.9804604 0.1910299 0.09730499 0.9777448 0.1858685 0.1393539 0.9489769 0.2828839 0.5846914 0.7878591 0.1934273 0.5413388 0.8309943 0.1280658 0.5036348 0.8484569 0.1627054 0.4858316 0.8629511 0.1388635 0.4402217 0.8811166 0.1727381 0.424879 0.8929421 0.1487697 0.3702302 0.9111199 0.1810804 0.3579533 0.9202231 0.1583006 0.2942977 0.9371737 0.1873346 0.2854419 0.9436872 0.1672651 0.2128489 0.9581546 0.1914034 0.2074259 0.962358 0.1756178 0.1408202 0.9716103 0.1901133 0.04991716 0.8309788 0.5540601 0.1687245 0.8234226 0.5417633 0.1683339 0.8175729 0.5506708 0.2789498 0.8029341 0.5267674 0.2791495 0.7933077 0.541053 0.3818439 0.7728052 0.5069196 0.3831331 0.7595682 0.5256093 0.4755565 0.7349115 0.4834781 0.4781054 0.7184367 0.5052367 0.5599609 0.6911618 0.4568799 0.563875 0.6716383 0.4805696 0.6350051 0.6432598 0.4277678 0.640099 0.6212242 0.452055 0.695146 0.5960395 0.4018819 0.7075611 0.5264268 0.4714151 0.01438653 0.1626521 0.9865787 0.05978101 0.2807573 0.9579153 0.05855184 0.5408127 0.8391027 0.1854401 0.5325628 0.8258262 0.1842864 0.5238307 0.8316491 0.3060553 0.5076792 0.8053522 0.3041691 0.4933441 0.8149189 0.417551 0.4706577 0.7772597 0.4150374 0.4516063 0.7898073 0.5176591 0.4241776 0.7430359 0.5146026 0.4011904 0.75778 0.606384 0.3705379 0.7035624 0.6028273 0.3444021 0.7197127 0.6837903 0.3120433 0.6595907 0.6798663 0.2836178 0.6762713 0.7371042 0.257541 0.6247799 0.7412217 0.3067891 0.5970519 0.3659521 -0.1711603 0.9147586 0.2638488 -0.1476911 0.95319 0.1670534 -0.1181596 0.9788419 -0.02802962 -0.980304 0.195496 -0.02747911 -0.985702 0.1662423 -0.006407856 -0.87459 0.484821 0.0111382 -0.8093215 0.5872604 0.01653522 -0.7173161 0.6965516 0.02959948 -0.5899167 0.8069215 0.0453633 -0.4651892 0.8840483 0.0452609 -0.3766641 0.9252436 0.1087113 -0.131697 0.9853111 0.05644971 -0.2659363 0.9623364 0.05092936 -0.3012807 0.9521744 0.01579374 -0.1087385 0.993945 0.2569315 -0.2810003 0.9246757 -0.1869839 -0.9631336 0.1934182 -0.205733 -0.9645487 0.1652866 0.01170998 -0.8553144 0.5179771 0.02645307 -0.8385064 0.5442492 0.2369492 -0.5668752 0.7889916 0.2496636 -0.5387696 0.804609 0.4065244 -0.1817196 0.895386 0.3670125 -0.3223057 0.8725944 -0.1353932 -0.9703524 0.2002124 -0.1472887 -0.9732576 0.1762833 0.02682042 -0.8218072 0.5691342 0.01393592 -0.8352898 0.5496334 0.1930796 -0.4993113 0.8446353 0.1815181 -0.521203 0.8339057 0.2511617 -0.3284924 0.9105002 0.325117 -0.1606256 0.9319326 -0.0820648 -0.9757637 0.2028563 -0.08740121 -0.9784964 0.1868309 0.01828598 -0.8099138 0.586264 0.01248908 -0.8193635 0.5731383 0.1207305 -0.4714484 0.8735907 0.1155272 -0.4860451 0.8662642 0.1546235 -0.3046932 0.9398157 0.2261622 -0.141246 0.9637947 -0.4175049 -0.185502 0.8895385 -0.3661546 -0.1718312 0.9145517 -0.231868 -0.1425873 0.9622402 -0.2637776 -0.1480445 0.9531549 -0.2561774 -0.2895762 0.9222357 -0.0631864 -0.2507312 0.9659925 -0.1100146 -0.129044 0.9855174 -0.1289918 -0.1306557 0.9830007 -0.02248412 -0.1087262 0.9938175 -0.04862481 -0.3326699 0.941789 -0.0452609 -0.3766641 0.9252436 -0.0453633 -0.4651892 0.8840483 -0.02959948 -0.5899167 0.8069215 -0.01653522 -0.7173161 0.6965516 -0.0111382 -0.8093215 0.5872604 0.00640583 -0.87459 0.484821 0.08590465 -0.9787108 0.1864014 0.2031629 -0.9653544 0.1637555 -0.3663754 -0.2920346 0.8834506 -0.2340804 -0.5658212 0.7906028 -0.2527215 -0.5395005 0.8031633 -0.008852124 -0.8543041 0.5196981 -0.02956569 -0.8392921 0.5428764 0.1897534 -0.9623565 0.1945865 0.1450857 -0.9737628 0.1753182 0.1377189 -0.9698918 0.2008569 -0.0268265 -0.8218086 0.5691319 -0.01393598 -0.8352916 0.5496305 -0.1930803 -0.4993125 0.8446342 -0.1815189 -0.5212048 0.8339045 -0.2507688 -0.3297382 0.910158 -0.3267288 -0.1616645 0.931189 0.03026962 -0.9856258 0.1662095 0.02574294 -0.9804279 0.1951885 0.08361679 -0.9755893 0.2030616 -0.01827996 -0.8099125 0.5862659 -0.01248908 -0.8193653 0.5731357 -0.1207249 -0.4714496 0.8735908 -0.1155276 -0.4860469 0.8662632 -0.1691725 -0.2251681 0.9595207 -0.1554328 -0.2796219 0.9474451 0.9913212 -0.02696692 0.1286665 0.9892359 0.003844857 0.1462793 0.9893309 -0.0424447 0.1393662 0.9840762 -0.06662416 0.1647885 0.991223 -5.31822e-5 0.1322005 0.9912211 1.692e-4 0.1322146 0.9912199 2.69829e-4 0.1322233 0.9912124 2.99034e-4 0.1322793 0.9912136 3.05568e-4 0.132271 0.991235 1.76146e-4 0.132111 0.9926955 -0.001678705 0.1206359 0.9913615 2.71924e-6 0.1311586 0.9912932 -9.41149e-6 0.1316733 0.9912458 -1.30085e-4 0.1320299 0.9912381 -1.81777e-4 0.1320866 0.9912203 -2.75444e-4 0.1322211 0.9912125 -3.39365e-4 0.1322787 0.9912188 -2.56988e-4 0.1322315 0.9912212 -2.12208e-4 0.132214 0.9912825 4.07832e-5 0.1317538 0.9918196 -6.13865e-4 0.1276463 0.9925076 0.01022046 0.1217544 0.9927443 0.006715357 0.1200574 0.9932087 0.001495599 0.1163374 0.9974736 -0.001800715 0.07101655 0.9974356 0 0.07156938 0.9937225 1.60115e-4 0.1118738 0.9938426 0 0.1108018 0.9940056 0 0.1093298 0.9939947 2.68002e-5 0.1094291 0.9941787 -1.99139e-5 0.1077442 0.9944497 5.05801e-4 0.1052117 0.9947971 0.002803802 0.1018375 0.9951184 0.006697416 0.09846055 0.9953807 0.01186859 0.09527105 0.995597 0.008026242 0.09339326 0.9962397 6.06039e-4 0.08663856 -0.9838752 -0.06619042 0.166158 -0.9882601 -0.0494703 0.1445503 -0.9890998 -0.05124491 0.1380423 -0.9974751 0 0.07101714 -0.9933329 0.001570224 0.1152715 -0.9912226 -1.09786e-4 0.1322034 -0.9912191 -2.65731e-4 0.1322294 -0.9912126 -3.31993e-4 0.1322779 -0.9912205 -2.77994e-4 0.1322187 -0.9912409 -1.59472e-4 0.1320667 -0.9912932 -9.41149e-6 0.1316733 -0.9913594 5.43847e-6 0.131174 -0.9927712 0.008944511 0.1196895 -0.9923261 0.003037393 0.1236114 -0.9914975 -1.61646e-4 0.1301265 -0.9914914 -2.09632e-4 0.1301724 -0.9912824 4.62219e-5 0.1317551 -0.9912353 1.71384e-4 0.1321085 -0.9912143 2.93623e-4 0.1322664 -0.9912133 3.09283e-4 0.1322728 -0.9912135 3.0041e-4 0.1322717 -0.991222 1.59298e-4 0.1322086 -0.9912237 -6.0661e-5 0.1321953 -0.9977036 0.0164144 0.0657134 -0.9969986 -8.15491e-4 0.07741528 -0.9954489 0.001939475 0.09527736 -0.9957328 0.02040815 0.08999854 -0.9946257 -0.001532673 0.1035248 4.01769e-5 1 1.83895e-4 0.001157045 0.9999988 -0.001029133 0.002719879 0.9999948 -0.001744985 -0.01972693 0.9997838 -0.006593286 -0.02259945 0.9997165 -0.007511556 -0.01405376 0.9998931 -0.004025101 -0.02170902 0.9997488 -0.005580246 -2.48895e-6 1 9.32252e-5 2.64382e-6 1 1.29547e-4 1.95296e-5 1 2.32438e-4 -1.9916e-5 1 2.56559e-5 -7.05205e-6 1 -4.89457e-6 0 1 -4.11167e-6 0 1 -4.11168e-6 2.40832e-5 1 -1.04612e-6 6.96836e-4 0.9999996 -5.76979e-4 4.41075e-4 0.9999999 -4.20995e-4 1.65059e-4 1 -2.26869e-4 1.43246e-5 1 -1.54976e-5 7.23779e-4 0.9999997 -5.39676e-4 0.001796841 0.9999955 -0.002416491 0.001218438 0.9999976 -0.001834869 0.001605153 0.9999948 -0.002818524 3.42781e-4 0.9999993 -0.00118649 1.38457e-4 1 -3.30203e-4 -1.42597e-5 1 -6.95482e-5 -2.69531e-5 1 9.00784e-5 -4.70088e-5 1 1.28769e-4 -5.11329e-5 1 2.19134e-4 -4.72503e-5 1 2.99955e-4 2.73761e-5 1 1.41661e-4 3.52553e-5 1 1.39397e-4 4.67852e-5 1 1.08056e-4 -1.44414e-6 1 -4.40046e-6 7.32635e-5 1 -2.02335e-4 -7.90094e-4 0.9999982 -0.001749932 -8.10849e-4 0.9999983 -0.00167936 6.22198e-4 0.9999999 -1.92092e-4 -0.004094421 0.9999909 0.001173436 0.01059663 0.9999309 -0.005103528 0.0164569 0.9998264 -0.008735358 -9.21229e-4 0.9999996 -1.08578e-4 0.03252321 0.9994565 0.005390286 0.01327306 0.9999101 0.001967847 0.05923801 0.9982069 0.008587419 0.02190923 0.999756 0.002817213 0.002504348 0.9999969 2.79276e-4 -0.002057731 0.999992 -0.003445565 -0.002130329 0.9999931 -0.003075838 -0.001804292 0.9999963 -0.002061128 -6.91681e-4 0.9999994 -8.68475e-4 -5.55882e-4 0.9999998 -6.06106e-4 -0.00100398 0.9999991 -0.001002609 -8.06086e-4 0.9999995 -6.31479e-4 -6.87199e-4 0.9999996 -5.4647e-4 -0.001113057 0.9999986 -0.001223564 -8.14313e-4 0.9999995 -5.62526e-4 -8.42885e-4 0.9999995 -5.9079e-4 -0.002715647 0.9999951 -0.001620233 -0.003819406 0.9999896 -0.002490699 -0.01807761 0.9998006 -0.008495986 -0.02030766 0.9997453 -0.009849429 -0.02494484 0.9996358 -0.01030921 -0.02496135 0.9996389 -0.009966135 0.009854257 0.9999412 -0.004544258 0.01869875 0.999809 -0.005691051 7.07776e-4 0.9999998 -2.45558e-4 4.19135e-4 1 -1.18612e-4 0.005087852 0.9999869 5.93782e-4 0.01169604 0.9999291 0.002261281 0.02444243 0.9996885 0.005056321 -0.008890748 0.9999594 -0.001525461 -0.009881675 0.9999498 -0.001721441 0.003637075 0.9999924 -0.001398503 0.004644751 0.9999886 -0.001174807 0.004496812 0.9999893 -0.001157283 0.002163171 0.9999977 -1.50947e-6 -0.003265082 0.9999945 7.26191e-4 -0.003349184 0.999994 9.0364e-4 -0.00407207 0.9999915 7.84139e-4 -0.001122474 0.9999994 -1.20324e-4 -1.53521e-6 1 -1.29483e-7 -0.002174556 0.9999976 4.11058e-4 -0.002287328 0.9999973 3.18372e-4 0 1 0 0 1 0 0 1 0 -6.01201e-5 1 -8.23572e-6 -3.29364e-5 -1 -5.25579e-6 -6.8133e-5 1 4.7426e-5 -4.27246e-4 1 3.3644e-4 -4.08488e-4 1 3.46184e-4 0 1 -1.5272e-5 -2.17111e-5 1 1.88322e-4 0 1 -8.65651e-5 0 1 0 0 1 -5.76962e-7 0 1 8.82394e-7 0 1 -4.34813e-6 0 1 -1.14337e-6 0 1 7.32708e-6 0 1 8.84605e-7 0 1 2.62669e-6 0.6678618 -0.4854734 -0.5641599 0.731378 -0.4750416 -0.4893074 0.7074355 -0.005403101 -0.7067573 0.708895 -0.01169145 -0.7052171 0.7129141 -0.1228598 -0.690405 0.7079276 -0.1024402 -0.6988166 0.7066965 -0.05446505 -0.7054173 0.7127188 -0.4755445 -0.5156446 0.7051454 -0.4295347 -0.5641543 0.7097105 -0.3799338 -0.5932633 0.7038735 -0.3619463 -0.6111932 0.7073227 -0.3242908 -0.6281164 0.7052763 -0.2745554 -0.653609 0.712199 -0.2486987 -0.6564462 0.7082942 -0.2179072 -0.6714431 0.7049881 -0.1722584 -0.6879817 -0.1300773 0.9900423 0.05381703 0.9446606 0.2378724 0.2259048 0.9452716 0.2360419 0.2252689 0.7212649 0.659377 0.2121295 0.7254574 0.6551792 0.2108359 0.333558 0.9306897 0.1501858 0.3430457 0.9274484 0.1488601 -0.1301852 0.9900008 0.05431628 -0.1161795 0.9918078 0.0531004 -0.1440649 0.9880348 0.05507057 0.3334486 0.9306465 0.1506956 0.3239141 0.9337869 0.1520589 0.7211187 0.6593121 0.2128272 0.716885 0.6634858 0.2141555 0.9445951 0.2378458 0.2262071 0.9439843 0.23965 0.2268516 0.1917342 0.9814454 0.001736581 0.1642777 0.9864142 2.07792e-5 0.2120465 0.9772596 -9.46492e-6 0.3568791 0.9340962 0.0100786 0.3497138 0.9368351 0.006355464 0.3457439 0.9383179 0.004562735 0.3453779 0.9384533 0.004418253 0.3460025 0.9382221 0.004650175 0.3476564 0.9376074 0.005239307 0.3510282 0.9363436 0.006320595 0.3508755 0.9364011 0.006282746 0.2420443 0.9702648 9.48551e-4 0.2279105 0.9736822 5.23454e-5 0.2788823 0.9603254 -3.02812e-5 0.3092436 0.9509577 0.006916105 0.3078863 0.95142 0.002496778 0.3015193 0.9534568 -0.002511858 0.2669099 0.9636791 0.009048879 0.2403859 0.9703421 0.02551436 0.3439318 0.9389813 0.005023837 0.3345491 0.9423711 0.003686726 0.3186877 0.9478579 0.001940131 0.3092082 0.9509579 0.008339941 0.3062114 0.9519051 0.01056009 0.512198 0.85882 -0.009019911 0.5188522 0.8548464 0.005501866 0.5051167 0.8630474 -0.00252074 0.5010377 0.8654177 0.003683567 0.498845 0.8665866 0.01347529 0.5021759 0.8646157 0.01609539 0.4964064 0.8680102 0.01179993 0.4911261 0.8710501 0.008188009 0.4851833 0.8744 0.004671216 0.460366 0.8877093 -0.005953371 0.4775748 0.8785893 0.001759707 0.4381757 0.8988662 -0.006461322 0.4668536 0.8842393 0.01298785 0.4602366 0.8877533 0.00874871 0.4533446 0.8913177 0.005607664 0.4465508 0.8947533 0.002985477 0.2685715 0.9623912 -0.04089623 0.3371051 0.9413774 -0.0130009 0.4101848 0.9119959 0.003451347 0.3961814 0.9181719 -8.95589e-4 0.4311578 0.9022765 2.42371e-4 0.438628 0.8986679 0.001263201 0.1716726 0.9851539 6.32251e-4 0.1378762 0.9904495 -1.19464e-4 0.1098917 0.9939436 1.74923e-4 0.1041563 0.994561 -1.44614e-6 0.07627993 0.9970865 1.82096e-6 0.04386311 0.9990374 -6.84613e-4 0.03240203 0.999475 7.36112e-7 -0.03240203 0.999475 7.36112e-7 -0.04386311 0.9990374 -6.84613e-4 -0.07627993 0.9970865 1.79488e-6 -0.1041563 0.994561 -1.44614e-6 -0.1098917 0.9939436 1.749e-4 -0.1378763 0.9904495 -1.19464e-4 -0.1716725 0.9851539 6.32251e-4 -0.1917338 0.9814454 0.001736342 -0.2107504 0.9775356 0.002928197 -0.2390816 0.9709832 0.005644917 -0.1632225 0.9865812 -0.004011869 -0.2975184 0.9547159 8.01562e-4 -0.2279105 0.9736822 5.23777e-5 -0.2598295 0.9656545 6.23963e-7 -0.2750369 0.9614337 6.0869e-5 -0.3093553 0.9509454 0.001504421 -0.3180247 0.9480802 0.002077102 -0.3272148 0.9449456 0.002887308 -0.3460035 0.9382218 0.004650473 -0.3453779 0.9384533 0.004418253 -0.3457419 0.9383187 0.004561603 -0.3295083 0.9441475 0.003127813 -0.3345491 0.9423711 0.003686726 -0.3439318 0.9389812 0.005023717 -0.3508754 0.9364012 0.006282627 -0.3510282 0.9363436 0.006320595 -0.3476558 0.9376076 0.005238592 -0.3961812 0.9181721 -8.95588e-4 -0.4101848 0.9119959 0.003451347 -0.3497145 0.9368348 0.006355643 -0.3568768 0.9340971 0.01007932 -0.2685715 0.9623912 -0.04089623 -0.3371052 0.9413773 -0.0130009 -0.4311578 0.9022765 2.42371e-4 -0.4386287 0.8986675 0.001263201 -0.4465508 0.8947533 0.002985477 -0.453343 0.8913186 0.005606591 -0.4602395 0.8877517 0.00874871 -0.4403044 0.8978405 -0.003812253 -0.4719817 0.8816083 5.82121e-4 -0.4647253 0.8854545 -9.46772e-4 -0.4776545 0.8785467 0.001426935 -0.4851833 0.8744 0.004671216 -0.4997611 0.8661106 0.009557962 -0.4993586 0.8662821 0.01401507 -0.4964154 0.868005 0.01179987 -0.4911261 0.8710501 0.008188009 -0.5010395 0.8654167 0.003683567 -0.5051045 0.8630546 -0.00252074 -0.5188547 0.8548448 0.005501925 -0.5121905 0.8588245 -0.009019792 -0.9444662 0.2377958 0.2267966 0.1292941 0.9903323 0.05024957 0.1170747 0.9914745 0.05720037 -0.3341914 0.9309266 0.1472817 -0.3424034 0.9272114 0.1517859 -0.7216427 0.6595221 0.2103869 -0.7250726 0.6550376 0.2125921 -0.9447876 0.2379205 0.225323 -0.9451428 0.2359959 0.2258563 -0.9441115 0.2397018 0.2262668 -0.7207222 0.6591679 0.2146096 -0.7172725 0.6636353 0.2123875 -0.3327994 0.9303936 0.1536634 -0.3245544 0.9340393 0.1491141 0.1309815 0.9896885 0.05797016 0.1431663 0.9883863 0.05095028 0.766982 0.5500981 0.3303494 0.7231496 0.6683318 0.1743198 0.7120684 0.6450228 0.277316 0.7137072 0.6314195 0.3032024 0.7554171 0.5874795 0.2901945 0.7500323 0.6062909 0.2643163 0.6475396 0.7493795 0.1382855 0.633865 0.7582631 0.1524866 0.6125295 0.7863732 0.08015561 0.6620281 0.677379 0.3207437 0.642503 0.6563475 0.3954718 0.6430107 0.7180226 0.2664225 0.5692172 0.8144253 0.1127091 0.5624123 0.8055825 0.1863579 0.5384662 0.8411015 0.05101394 0.6810728 0.664619 0.3072808 0.6817418 0.6655915 0.3036708 0.5835419 0.8048552 0.1081064 0.5837572 0.8057295 0.100138 0.5229299 0.7475202 0.4095827 0.5231251 0.7396 0.4234763 0.5349768 0.7236597 0.4360235 0.5565447 0.7018494 0.444596 0.5905624 0.671252 0.4479475 0.6492353 0.6207489 0.4395045 0.4933214 0.7248917 0.4807974 0.486529 0.7289521 0.4815792 0.2906571 0.798808 0.5267108 0.2318115 0.8135113 0.5333506 0.009044706 0.8915573 0.4528178 -0.1843649 0.8432139 0.5049752 0.1003255 0.8240532 0.5575582 0.0457201 0.8528111 0.5202144 0.114503 0.8354969 0.5374329 -0.7570319 0.5995528 0.2596909 -0.5293636 0.7575904 0.3818784 -0.4313678 0.8082947 0.4007263 -0.09736883 0.8768448 0.4708105 0.02999383 0.8827484 0.4688879 0.1658347 0.8676036 0.4687888 0.4843869 0.7697359 0.4157837 0.4859496 0.7688976 0.415511 0.4844045 0.8151485 0.3176245 0.4828148 0.8160231 0.317799 0.02994686 0.9313588 0.3628692 0.02865749 0.9314387 0.3627684 -0.4309015 0.8408342 0.3276002 -0.4318528 0.8404456 0.3273446 -0.5507909 0.7777262 0.3029378 -0.7558948 0.6175371 0.217419 -0.8863109 0.435805 0.1566115 0.1765321 0.9841668 0.01588374 0.1849019 0.9824748 0.0235508 -0.3005041 0.9530089 0.03835856 -0.2789304 0.958476 0.0593453 -0.7087914 0.703644 0.05000025 -0.6818996 0.7264043 0.08573186 -0.9548848 0.2933183 0.04647004 -0.9364314 0.3366994 0.09864014 0.1684455 0.9855515 0.01773679 0.1771935 0.9838362 0.02586245 -0.3209572 0.9461167 0.04300808 -0.2986962 0.9521201 0.06517732 -0.7328642 0.6780974 0.0556249 -0.7057795 0.7022467 0.09340798 -0.9678395 0.2464174 0.05064767 -0.9506943 0.291478 0.1059289 -0.9902129 -0.1153814 0.07852101 -0.9905568 0.05122584 0.1271741 -0.9853534 -0.06031066 0.1595038 -0.9829251 0 0.184006 -0.9224115 0.3699555 0.1108607 -0.8863614 0.4423459 0.1367248 -0.7213277 0.6626521 0.2014412 -0.7559061 0.6289754 0.1816479 -0.3554167 0.8921085 0.2789651 -0.432376 0.865795 0.2518932 0.07847511 0.9537819 0.290072 0.02868682 0.959277 0.2810066 0.4972941 0.8316092 0.2472343 0.4833967 0.8399742 0.246518 -0.944608 0.3153465 0.09095251 -0.9104902 0.3978334 0.1128554 -0.7189018 0.6745519 0.1678093 -0.7215447 0.6719168 0.1670362 -0.3541825 0.9115767 0.2087649 -0.3560553 0.9109007 0.2085297 0.07743972 0.974649 0.2099106 0.07740134 0.9746508 0.209917 0.4941347 0.8523706 0.1711586 0.4957666 0.8514447 0.1710481 0 3.66548e-4 -1 3.16136e-4 5.21888e-4 -0.9999998 -0.755023 -0.4410725 -0.4851755 -0.7765994 -0.1934626 -0.5995545 -0.7854409 -0.008817911 -0.6188738 -0.7707258 -0.1572985 -0.6174455 -0.7858175 -0.108577 -0.6088531 -0.7720263 -0.08735835 -0.6295587 -0.7749592 -0.02203488 -0.6316271 -0.7197797 -0.008800923 -0.6941468 -0.7585069 -0.2716384 -0.5923513 -0.773167 -0.2203359 -0.5946975 -0.7751796 -0.1891083 -0.6027724 -0.7904067 -0.2320244 -0.5669409 -0.7670519 -0.2931711 -0.5706857 -0.7553176 -0.3515346 -0.5530995 -0.7887767 -0.3134136 -0.5287752 -0.726028 -0.4078702 -0.5536472 1 -8.97504e-7 -7.84642e-7 1 -4.96821e-6 6.18369e-7 1 1.31355e-6 -7.22463e-7 1 -3.43059e-6 -1.06737e-6 0 1 -3.97065e-6 0 -0.8603655 0.5096776 0 -0.8603657 0.5096773 0 -0.001960754 -0.9999982 0 -0.001960754 -0.9999981 0.001979887 -0.002161741 -0.9999957 0.06604272 -0.01005786 -0.9977661 -0.04330945 -0.07119208 -0.996522 0.2289654 -0.1201286 -0.9659938 -0.36594 -0.174373 -0.9141564 0 -0.2306409 -0.973039 0 -0.2966914 -0.9549735 -0.3289687 -0.3309246 -0.8844596 0.1440168 -0.3832467 -0.9123492 -0.1749254 -0.4924951 -0.8525549 0 -0.4900677 -0.8716844 0 -0.509678 -0.8603653 0 -0.5096801 -0.860364 -4.00945e-4 -0.509701 -0.8603515 4.85093e-7 -0.5096778 -0.8603655 0 -0.509678 -0.8603652 2.3405e-5 -0.5096762 -0.8603664 0 -0.5096778 -0.8603655 5.12611e-6 -0.5096779 -0.8603653 0 1 -6.8132e-6 0 1 -2.1549e-6 0.5516345 -0.004792392 -0.8340722 0.6783715 -0.005613923 -0.7346977 0.6874084 -0.459786 -0.562198 0.6418939 -0.2367008 -0.7293456 0.6410549 -0.2972369 -0.7076008 0.6410505 -0.2972397 -0.7076036 0.6410492 -0.3910791 -0.6603886 0.6410533 -0.3910754 -0.6603868 0.6256648 -0.1894725 -0.7567323 0.6410515 -0.1978282 -0.741564 0.6415252 -0.1112604 -0.7589906 0.626616 -0.09618073 -0.7733705 0.6418546 -0.05902665 -0.7645512 0.641663 -0.01272875 -0.7668812 0.6163316 -0.03902423 -0.7865193 0.4828344 -0.03409463 -0.8750477 0.258627 -0.04623878 -0.96487 0.336253 -0.01104283 -0.941707 0.411198 -0.007076382 -0.9115186 0.1604295 -0.009525477 -0.9870014 0.2002285 -0.01029109 -0.9796953 0.01894587 -0.01007813 -0.9997698 0.05967289 -0.01663714 -0.9980794 0.1138843 -0.03890669 -0.9927319 0.08818995 -0.02191233 -0.9958627 0.08803319 -0.1229321 -0.9885029 0.08803731 -0.1229287 -0.9885029 0.08817303 -0.2297422 -0.9692492 0.1180515 -0.2559576 -0.9594528 0.08820509 -0.2955356 -0.9512512 0.08803689 -0.3857773 -0.9183819 0.08803528 -0.3857799 -0.918381 0.0881313 -0.4915526 -0.8663769 0.07282751 -0.4988864 -0.8636021 0.3464174 -0.477997 -0.8071641 0.7130521 -0.4247199 -0.5578259 0.6722324 -0.431533 -0.6015671 0.6418909 -0.4246307 -0.6384864 0.5920404 -0.4909749 -0.6390867 0.4938246 -0.4612125 -0.7371706 0.2807726 -0.02759122 -0.9593777 0.2802614 -0.1184688 -0.9525853 0.280262 -0.1184653 -0.9525856 0.2802643 -0.2474303 -0.927486 0.2802638 -0.2474296 -0.9274863 0.2802615 -0.3717611 -0.8850126 0.2802626 -0.3717604 -0.8850125 0.2806296 -0.4679686 -0.8380051 0.2207478 -0.4962305 -0.8396581 0.479954 -0.03170984 -0.8767205 0.4791546 -0.1083249 -0.8710204 0.4791553 -0.1083244 -0.8710202 0.4791564 -0.2262416 -0.8480707 0.4791497 -0.2262448 -0.8480736 0.4791532 -0.3399322 -0.8092332 0.4791564 -0.3399286 -0.8092328 0.479155 -0.4472446 -0.7552369 0.4791558 -0.4472451 -0.7552361 0.4602988 -0.2435672 -0.8536978 0.103217 -0.9686064 -0.2261596 0.9829251 0 0.184006 0.9853534 -0.06031066 0.1595038 0.9905568 0.05122572 0.1271737 0.9902129 -0.1153814 0.07852101 0.9518866 0.2919703 0.09308785 0.9397251 0.3381424 0.05076068 0.7065787 0.7026599 0.08375954 0.684152 0.7275486 0.05107831 0.2991169 0.9523748 0.05925774 0.2802522 0.9591785 0.03788584 -0.1770551 0.9839121 0.02384698 -0.1844176 0.982728 0.0153681 0.9643964 0.2448716 0.0998882 0.9544749 0.2931088 0.05536144 0.7303212 0.6769768 0.09128808 0.7084036 0.7035193 0.05678904 0.3193663 0.9453913 0.06511926 0.300243 0.9529169 0.04246801 -0.1690486 0.9852592 0.02620828 -0.176621 0.9841294 0.01715821 0.956657 0.2785074 0.08509463 0.7214482 0.6646632 0.1942561 0.7560183 0.6261367 0.1907594 0.8863614 0.4423459 0.1367248 0.3557094 0.8968263 0.2630086 0.3873336 0.883116 0.2647243 0.5938844 0.7702648 0.2323651 -0.4973033 0.8324992 0.244202 -0.4977732 0.8322681 0.244032 -0.07839 0.9558192 0.2833104 -0.07805335 0.9558255 0.2833823 0.1754208 0.9434809 0.2811964 -0.4857575 0.8568986 0.1725243 -0.4957484 0.8516181 0.1702363 -0.04828405 0.9761101 0.2118437 -0.07737642 0.9749596 0.2084864 0.3994576 0.8929699 0.2074576 0.3560577 0.9113788 0.206426 0.764645 0.6241877 0.1603361 0.7215136 0.6726467 0.164209 0.9144358 0.3888602 0.1122264 0.9224115 0.3699555 0.1108607 -0.4843843 0.7696621 0.4159233 0.5292977 0.7576312 0.3818888 0.7569974 0.5995919 0.2597009 0.8863223 0.435784 0.1566052 0.7558948 0.6175371 0.217419 0.550791 0.7777265 0.3029374 -0.2906571 0.798808 0.5267108 -0.2317203 0.8135343 0.5333551 -0.114503 0.8354969 0.5374329 -0.5350236 0.7236229 0.436027 -0.5704203 0.7265638 0.3830481 -0.5713343 0.686285 0.4501002 -0.6492701 0.6207427 0.4394621 -0.1736146 0.8720797 0.4575316 -0.1157053 0.8351615 0.5376967 0.05667829 0.8433991 0.5342897 -0.02999734 0.879381 0.475173 -0.4859234 0.7689856 0.415379 -0.4865136 0.7289584 0.4815851 -0.4933501 0.7248781 0.4807885 -0.5229299 0.7475202 0.4095827 -0.5231369 0.7395895 0.4234799 0.593172 0.750163 0.292237 0.4309442 0.839654 0.3305578 0.4313678 0.8082947 0.4007263 0.09736835 0.8768461 0.4708082 -0.009044706 0.8915573 0.4528178 0.1843624 0.8432187 0.5049682 -0.4971704 0.808454 0.3149982 -0.4844236 0.8147261 0.3186774 -0.07785141 0.9293852 0.3608079 -0.03000664 0.9305347 0.3649725 0.1748386 0.9174571 0.3573571 0.3868266 0.8592441 0.334761 -0.6775901 0.6365582 0.3683277 -0.644385 0.6872156 0.3354142 -0.6430109 0.7180228 0.2664213 -0.5946835 0.7876011 0.1613563 -0.5531148 0.8234701 0.1263367 -0.5384733 0.8410973 0.05100882 -0.5867569 0.8029166 0.1050776 -0.5804886 0.8077303 0.1029801 -0.68262 0.6636983 0.3058341 -0.6801856 0.6665558 0.3050426 -0.6711095 0.7327154 0.1128725 -0.7008652 0.6846883 0.1999748 -0.7624592 0.5822161 0.2822772 -0.747677 0.6080382 0.2669622 -0.766982 0.5500981 0.3303494 -0.70558 0.6493328 0.2837671 -0.7216076 0.6262771 0.2950585 -0.5941534 0.7983575 0.09801602 -0.6556107 0.7438712 0.1297317 -0.821855 0.5257061 0.2195165 -0.7837789 0.5373415 0.3113759 -0.7487323 0.5923797 0.2974665 -0.8078063 0.5481222 0.2168203 -0.8205851 0.5347018 0.2018268 -0.8162333 0.5396675 0.2062093 -0.7845374 0.5829395 0.2113828 -0.7959619 0.5717614 0.1988311 -0.7592855 0.6181107 0.2035307 -0.7720568 0.606881 0.1887429 -0.5337603 0.7682521 0.3533959 -0.8071554 0.5616011 0.1819462 -0.7293466 0.6702533 0.1371646 -0.926207 0.376944 -0.007343649 -0.7952617 0.5578816 0.2373332 -0.7885171 0.585148 0.1893221 -0.7977196 0.5753569 0.1805765 -0.5640544 0.8168077 0.1211105 -0.6796746 0.6627306 0.3143734 -0.6796283 0.6626766 0.3145874 -0.7509216 0.475262 0.4585227 -0.7440161 0.01313465 0.6680327 -0.7727108 0.2896052 0.5648425 -0.750946 0.4748945 0.4588631 -0.8713372 0.2600317 0.4161192 -0.7273861 0.6623951 0.1792827 -0.7145677 0.6794106 0.1667162 -0.8177811 0.4909557 0.3003274 -0.5946896 0.793684 0.1281023 -0.5963591 0.792737 0.1261901 -0.6098804 0.7801373 0.1393983 -0.6266087 0.7706047 0.116318 -0.6325775 0.7651934 0.1196859 -0.6370892 0.7624825 0.1128624 -0.6410123 0.7592374 0.1125251 -0.8169308 0.4935066 0.2984549 -0.7923802 0.5088965 0.3363897 -0.7923631 0.5089212 0.3363928 -0.7630659 0.5254552 0.3763343 -0.7630185 0.5255768 0.3762601 -0.7526648 0.5315014 0.3885896 -0.6797192 0.6626497 0.3144477 -0.8670552 0.1673403 0.4692681 -0.8426267 0.1823507 0.506684 -0.8437044 0.1738188 0.5078878 -0.8059107 0.1953178 0.5588909 -0.8063529 0.1736845 0.5653572 -0.7738209 0.191504 0.6037611 -0.7901872 0.1044409 0.603901 -0.1700319 -0.724206 0.6682924 -0.3057293 -0.6604501 0.68581 -0.5251752 -0.4143208 0.7433232 -0.7142316 -0.1236339 0.6889035 -0.6810629 -0.1700268 0.7122108 -0.4683939 -0.4988288 0.7292305 -0.4411761 -0.5854808 0.6801294 -0.4647759 -0.5350242 0.7055016 0.003855824 -0.5599405 0.8285239 -0.2050653 -0.7690224 0.605436 -0.2687026 -0.6967287 0.6651076 -0.3439455 -0.6478129 0.6797353 -0.460152 -0.4926933 0.7385889 -0.4966334 -0.4700834 0.7296416 -0.7127579 -0.1937655 0.6741151 -0.6914024 -0.2119643 0.6906765 0.9942559 -0.01423072 -0.1060785 0.9943476 -0.01713079 -0.1047834 0.992406 0.00268507 -0.1229767 0.992986 -0.003971934 -0.1181653 0.991816 0.005009114 -0.1275773 0.992554 -9.54379e-4 -0.1218026 0.9922502 0.00747174 -0.1240313 -0.7298693 0.3193178 -0.604423 -0.1210872 -0.7676507 0.6293253 0.1629234 -0.9066461 0.3891645 0.2306523 -0.9561944 0.1802546 -0.4834419 -0.208064 0.8502902 0.2235834 -0.934978 0.2753666 0.2547859 -0.9507547 0.1764929 0.1881191 -0.8973831 0.3991429 0.1235483 -0.8802239 0.4581941 0.05852407 -0.8647411 0.4987965 -0.1433306 -0.7678159 0.6244317 -0.2925397 -0.6224609 0.7259222 -0.3098765 -0.5997083 0.7377849 -0.2687082 -0.6508845 0.7100319 -0.257583 -0.6631633 0.7027556 -0.1363205 -0.7724528 0.620269 -0.5016059 -0.4230342 0.7546083 -0.7049524 -0.006332099 0.7092264 -0.6747866 -0.1323692 0.7260452 -0.5758698 -0.3114762 0.7558814 -0.4582813 -0.5076059 0.7295989 -0.6041082 -0.1758787 0.7772517 -0.597009 -0.2013701 0.7765504 -0.5048214 -0.3754029 0.7773211 -0.5458055 -0.2921769 0.7853209 -0.3684095 -0.5565277 0.7446821 -0.4189745 -0.4824488 0.7692229 -0.196002 -0.7228274 0.6626491 -0.207163 -0.7299418 0.651359 -0.3211124 -0.5831708 0.7461894 -0.4999635 -0.1395296 0.8547328 -0.383913 -0.4173876 0.8236495 -0.2724714 -0.5793096 0.7682186 -0.261018 -0.5990369 0.7569839 -0.01812738 -0.8575109 0.5141464 -0.05754661 -0.8127256 0.579798 0.2090389 -0.9508783 0.2283268 0.213881 -0.9369502 0.2763681 -0.5555818 -0.1913354 0.8091475 -0.6056964 -0.009612262 0.7956377 -0.4220029 -0.4338182 0.7960625 -0.4615473 -0.3522722 0.8141736 -0.2897813 -0.6114878 0.7362809 -0.337317 -0.5399135 0.771175 -0.06750768 -0.8170317 0.5726273 -0.1160941 -0.764948 0.6335432 0.2229083 -0.9350575 0.2756437 0.1549296 -0.9058575 0.3942321 -0.02843469 -0.4880706 0.8723409 0.001777172 -0.6421841 0.7665484 0.02057397 -0.8595176 0.5106919 0.2045716 -0.9003495 0.3840849 0.2698604 -0.9187155 0.2883356 0.2278212 -0.9225602 0.3114169 0.2334293 -0.898894 0.3708104 0.2138795 -0.9013564 0.3765796 0.1431952 -0.865705 0.4796354 0.2545045 -0.9319314 0.2583242 0.2263333 -0.9389921 0.2589732 0.2333091 -0.9363957 0.2621643 0.3110375 -0.9497972 0.03378075 0.289276 -0.9561566 0.04565298 0.3411754 -0.909501 -0.2375022 0.1918351 -0.9613707 0.1973974 0.1197902 -0.9807006 0.1545211 0.07028734 -0.9837568 0.1651735 0.05610364 -0.9890456 0.1365337 0.04066842 -0.9877549 0.15062 0.01167953 -0.9934883 0.113335 0.02637243 -0.504215 0.8631754 -0.07903188 2.50784e-4 0.9968721 -0.03065353 0.07005798 0.9970719 -0.05318534 1.43694e-7 0.9985847 -0.05293262 -0.02305811 0.9983319 -0.2990888 0.06918519 0.951714 -0.2412354 -0.01135659 0.9704003 -0.1684049 0.01317429 0.9856299 -0.1857226 0.04872697 0.9813933 -0.1264131 -0.005033195 0.991965 -0.1701247 -0.600774 0.7811071 -0.3043397 -0.250979 0.9189054 -0.313633 -0.2430425 0.9179132 -0.248792 -0.2212632 0.942945 -0.3180765 -0.1633398 0.9338883 -0.1922739 -0.2371721 0.9522501 -0.2023856 -0.2251699 0.953068 -0.1519142 -0.2136347 0.9650297 -0.1147391 -0.248288 0.961867 -0.1042646 -0.2243775 0.9689085 -0.03894942 -0.2168727 0.9754226 -0.03202742 -0.1899927 0.981263 0.3333746 -0.9418577 0.04201811 0.2480587 -0.9404771 0.2323143 0.2220138 -0.9492798 0.2226606 0.2394106 -0.9482991 0.2083541 0.1927602 -0.9617616 0.1945723 0.2068147 -0.9614234 0.1813634 0.1676236 -0.9706587 0.1724069 0.1627284 -0.9706519 0.1770722 0.1198245 -0.9806773 0.1546425 -0.01399797 -0.3521643 0.9358336 -0.01105141 -0.5532236 0.8329595 -0.01908743 -0.5536544 0.8325278 -0.02267748 -0.5499911 0.8348626 -0.03402805 -0.5512739 0.8336302 -0.04074275 -0.5454213 0.8371713 -0.05141609 -0.54725 0.8353884 -0.06184488 -0.539376 0.839791 -0.07286077 -0.5419156 0.8372688 -0.08763378 -0.532323 0.8419933 -0.09972083 -0.5358112 0.8384284 -0.1197635 -0.5243702 0.8430259 -0.1369639 -0.530343 0.8366464 -0.1582498 -0.5166488 0.8414458 -0.2520799 -0.5034425 0.826439 -0.1690165 -0.5562207 0.8136658 -0.2222732 -0.5801571 0.7835894 -0.2037736 -0.5777489 0.7903686 -0.005473136 -0.7617681 0.6478268 0.03652679 -0.8169239 0.5755878 0.0237292 -0.8177893 0.5750285 0.02027547 -0.8153671 0.5785893 0.03786832 -0.8133774 0.5805027 0.03128325 -0.8095398 0.5862309 0.04907888 -0.806489 0.5892087 0.03885382 -0.8014863 0.5967497 0.05525368 -0.7977077 0.6005077 0.04065334 -0.7917962 0.609431 0.054744 -0.7877255 0.6135891 0.03483587 -0.7809423 0.623631 0.04666239 -0.7768139 0.6279991 0.020931 -0.7697008 0.6380617 0.0295754 -0.766169 0.6419584 -0.003099918 -0.7586197 0.6515263 0.004089176 -0.7552395 0.6554361 -0.03799611 -0.7506424 0.6596153 -0.09565353 -0.8032929 0.5878528 -0.02214622 -0.7882843 0.6149125 0.00217694 -0.9332701 0.3591687 0.002183258 -0.933282 0.3591379 0.04932785 -0.9309841 0.3617118 0.04795664 -0.9293608 0.3660448 0.08090049 -0.925647 0.3696386 0.07799279 -0.923036 0.376725 0.1095363 -0.9176447 0.382008 0.104512 -0.9140476 0.3919113 0.132785 -0.9075531 0.3983913 0.1249991 -0.9030693 0.4109028 0.1490093 -0.8961458 0.4179942 0.1376693 -0.8907448 0.4331524 0.1572723 -0.883925 0.4403887 0.1418694 -0.877832 0.4574759 0.1560366 -0.8720468 0.4638826 0.1353908 -0.8651179 0.4829498 0.1422666 -0.8619025 0.4867077 0.1157509 -0.8544169 0.506531 0.1228117 -0.850647 0.5111917 0.06387245 -0.8424749 0.534936 -0.1527141 -0.2430913 0.9579066 -0.02689224 -1.65554e-7 0.9996384 -0.05068051 -0.1085993 0.992793 -0.07933437 0.005302011 0.996834 -0.1264094 -0.005016922 0.9919655 0.03200978 2.12199e-7 0.9994876 0.05068004 -0.108031 0.9928549 0.1511618 -0.2793018 0.9482303 0.1303455 -0.006272792 0.9914489 0.08426284 0.003762602 0.9964365 0.2982673 0.06620401 0.9521836 -0.2172327 -0.9023973 0.3721412 0.005475521 -0.7617681 0.6478268 0.03201192 0 0.9994876 0.05350047 0.0350545 0.9979524 0.05293262 -0.02305811 0.9983319 0.01187074 -0.5043554 0.8634147 0.01399856 -0.3521643 0.9358336 0.04102241 -0.1899295 0.9809404 0.0318402 -0.2160008 0.9758739 0.02843624 -0.4880706 0.8723407 -0.009492814 -0.9935115 0.1133357 -0.04150664 -0.9884313 0.1458794 -0.07592856 -0.9912228 0.1082231 -0.05041354 -0.98378 0.1721499 -0.1205714 -0.9812704 0.1502368 -0.1176987 -0.9808906 0.1549215 -0.1623403 -0.9708345 0.1764257 -0.1626805 -0.9706214 0.1772834 -0.1819501 -0.9674599 0.1758282 -0.3278915 -0.9405916 0.08817487 -0.3140691 -0.948857 0.03210943 -0.289276 -0.9561566 0.04565298 -0.3418005 -0.9079573 -0.2424584 -0.192312 -0.961516 0.1962219 -0.2107726 -0.922899 0.3222302 -0.2616299 -0.9052238 0.3348429 -0.1774268 -0.9055625 0.3853266 -0.2887769 -0.8888369 0.3557764 -0.1473639 -0.8900923 0.4313001 -0.01404964 -0.7887679 0.6145307 0.04855543 -0.7962894 0.6029642 0.3137628 -0.2430855 0.9178575 0.3108958 -0.245226 0.9182637 0.3019284 -0.2557314 0.9183904 0.08402985 -2.05704e-4 0.9964632 0.130411 -0.005394339 0.9914454 0.1733937 0.04090631 0.9840027 0.1865245 0.007115125 0.9824246 0.2403215 -0.01104509 0.9706305 0.3127313 -0.2427421 0.9183003 0.2572119 -0.2001313 0.9454045 0.1994233 -0.2334161 0.9517076 0.196725 -0.2239001 0.9545513 0.1240127 -0.2070377 0.9704413 0.1320924 -0.2879195 0.9485009 0.1042617 -0.2243778 0.9689088 -0.1977746 -0.9636852 0.1794328 -0.2016973 -0.9593824 0.1972402 -0.2290924 -0.9515011 0.2053345 -0.2320197 -0.9460006 0.2263841 -0.249502 -0.9399634 0.2328467 -0.2459455 -0.9294808 0.2749116 -0.2638171 -0.917392 0.2979809 -0.001774847 -0.6421841 0.7665484 -0.01834768 -0.551338 0.8340802 0.02212089 -0.5538105 0.8323488 0.01967191 -0.549637 0.835172 0.03916072 -0.5518282 0.833038 0.03569471 -0.544537 0.8379769 0.05867928 -0.5484588 0.8341162 0.05475586 -0.5377047 0.8413534 0.08236354 -0.5440464 0.835003 0.07841902 -0.5296027 0.8446133 0.1116362 -0.5391733 0.8347633 0.1082885 -0.5202786 0.8471032 0.1471316 -0.533793 0.8327168 0.1454465 -0.5174425 0.8432667 0.2036644 -0.5105553 0.8353767 0.2363693 -0.5860067 0.775065 0.2132648 -0.5764579 0.7888057 -0.02057838 -0.8595176 0.5106918 -0.03652954 -0.8169238 0.5755877 -0.02082866 -0.8179645 0.5748915 -0.02314627 -0.8150601 0.5789139 -0.03287142 -0.8139687 0.5799781 -0.03619503 -0.8087262 0.5870708 -0.04203712 -0.8077288 0.5880536 -0.04572558 -0.7999326 0.5983452 -0.04601979 -0.799865 0.5984133 -0.04959905 -0.7892322 0.6120887 -0.04317653 -0.7910826 0.6101837 -0.04593813 -0.7770733 0.6277314 -0.03271424 -0.78167 0.6228337 -0.0342139 -0.7642362 0.6440284 -0.01318705 -0.7727955 0.6345182 -0.01233345 -0.7512703 0.6598796 0.03186988 -0.7715879 0.6353241 0.1449574 -0.6065142 0.7817468 -0.00218141 -0.9332699 0.3591696 -0.002169549 -0.9332832 0.3591347 -0.04848796 -0.9310396 0.3616827 -0.04878926 -0.9292836 0.3661306 -0.07949542 -0.9258258 0.3694956 -0.07938545 -0.9228204 0.3769624 -0.1075366 -0.918015 0.3816863 -0.1064597 -0.9136262 0.3923693 -0.1301462 -0.908193 0.3978033 -0.1275632 -0.9023618 0.4116684 -0.1457285 -0.8971299 0.4170385 -0.1408295 -0.8896753 0.4343328 -0.1533405 -0.8853351 0.4389401 -0.1456226 -0.8763196 0.459193 -0.1514173 -0.8739621 0.4618043 -0.1397652 -0.863079 0.4853457 -0.1368926 -0.8644215 0.4837726 -0.1207376 -0.8517614 0.5098286 -0.1101873 -0.8573302 0.5028359 -0.0278688 -0.8005925 0.5985609 0.6029697 -0.1812489 0.7769019 0.4442251 -0.4987505 0.7442527 0.5176157 -0.4171618 0.7470275 0.5758922 -0.3114702 0.7558668 0.6747866 -0.1323692 0.7260452 0.136321 -0.7724534 0.620268 0.257583 -0.6631633 0.7027556 0.2687082 -0.6508845 0.7100319 0.2925284 -0.6224477 0.725938 0.3098732 -0.5996945 0.7377976 -0.03927725 -0.7859635 0.6170241 0.03041326 -0.8321753 0.5536781 -0.1669382 -0.8882786 0.4278935 -0.1251837 -0.8823589 0.4536208 -0.1600314 -0.9217123 0.353322 -0.2712633 -0.9303634 0.2466581 -0.1875466 -0.9346607 0.3020523 -0.2427548 -0.9541063 0.1753603 -0.2317905 -0.9557898 0.1809396 -0.1864633 -0.9077171 0.375874 -0.1560347 -0.9048878 0.3960193 0.1863139 -0.7165178 0.6722273 0.2048323 -0.7284893 0.6537178 0.3900249 -0.5622062 0.7292494 0.531374 -0.09075915 0.8422615 0.4768958 -0.2058386 0.8545179 0.3839145 -0.4173851 0.8236502 0.2724712 -0.5793104 0.7682181 0.2610365 -0.599038 0.7569766 0.6128925 -0.06163811 0.7877586 0.5362247 -0.2089085 0.8178144 0.4667633 -0.3551031 0.8099592 0.4165424 -0.4314731 0.800202 0.3426854 -0.5428508 0.7667333 0.2840655 -0.609054 0.7405135 0.7049146 -0.00643444 0.709263 0.5980067 -0.1991764 0.7763484 0.5506587 -0.295283 0.7807579 0.4997631 -0.3727109 0.7818717 0.4239313 -0.4856537 0.7644755 0.3631421 -0.553767 0.7493129 0.1316094 -0.7732319 0.6203156 0.1266406 -0.7706145 0.6245923 0.05612444 -0.8120953 0.5808196 0.06840193 -0.8174104 0.5719803 0.006524741 -0.8534845 0.5210773 0.7187383 0.3593691 -0.5952051 -0.9942622 -0.01423084 -0.1060198 -0.9943425 -0.01732766 -0.1047992 -0.9924718 0.002138912 -0.1224547 -0.9928771 -0.003002643 -0.1191052 -0.99163 0.005059301 -0.1290131 -0.992554 -9.54379e-4 -0.1218026 -0.9924414 0.005907356 -0.1225783 0.4789924 -0.5067138 0.7168037 0.450871 -0.5593964 0.6955509 0.2687337 -0.6967344 0.6650891 0.2050653 -0.7690224 0.605436 0.1691764 -0.7387305 0.6524237 0.5251752 -0.4143208 0.7433232 0.4647759 -0.5350242 0.7055016 0.4773627 -0.5055091 0.7187388 0.355944 -0.61628 0.7024976 0.3057933 -0.6604359 0.6857952 0.7205135 -0.1300804 0.6811311 0.7037765 -0.1869236 0.6853892 0.6878386 -0.1750248 0.7044462 0.7003872 -0.1268005 0.7024096 -0.7069564 7.07641e-6 0.7072572 -0.7411896 0 0.6712958 -0.7453276 -0.005398094 0.6666767 -0.4309198 -0.08046305 0.8987958 -0.5010052 -0.005328834 0.8654279 -0.5566841 0.02177089 0.830439 -0.5368306 -0.02734774 0.8432468 -0.6337433 0.03218245 0.7728737 -0.6186667 -0.004823267 0.7856388 -0.6706442 0.001180708 0.7417783 -0.6694162 -6.79309e-5 0.7428877 -0.7069574 2.16171e-4 0.7072561 -0.4877352 0.08637058 0.8687087 -0.4084228 -0.00535506 0.9127771 -0.365384 0.02409636 0.930545 -0.3717506 0.04216271 0.9273748 -0.3226205 -0.001101493 0.9465278 -0.2748708 0.006878852 0.9614566 -0.3091469 0.1192577 0.9435072 -0.257841 0.01643234 0.9660477 -0.1838157 -0.03855568 0.9822043 0.2811042 0.08412224 0.9559832 -0.196525 0.00873804 0.9804599 -0.1411655 -9.25401e-4 0.9899857 -0.1267881 0.01054233 0.9918739 -0.1204291 1.06789e-4 0.9927219 -0.07622164 1.02644e-4 0.9970909 -0.07785189 0.005650043 0.996949 -0.02303087 -0.003921926 0.9997271 -0.02431833 0 0.9997044 0.01315957 0 0.9999135 0.01697832 -0.006710946 0.9998334 0.06722265 0.01860141 0.9975646 0.07031565 -4.95279e-5 0.9975249 0.1143092 -8.81754e-6 0.9934453 0.1187818 -0.005082964 0.9929075 0.1747612 0.02930855 0.9841746 0.1781448 -0.02619642 0.9836555 0.2511323 0.01427674 0.9678476 0.2922022 0.003699898 0.9563494 0.3205441 -8.32083e-4 0.9472333 0.3707844 0.03232699 0.9281563 0.371283 0.05134487 0.9270991 0.4077782 -0.00630927 0.9130593 0.4636791 0.0328074 0.8853957 0.4578185 -0.04591441 0.8878593 0.5033761 -0.004014909 0.8640582 0.5488665 0.01815235 0.835713 0.5427811 -0.05380219 0.8381492 0.633289 0.0535987 0.7720572 0.6298422 -0.008710026 0.7766743 0.670286 0.00220251 0.7420997 0.671622 -2.73845e-6 0.740894 0.7069789 3.0871e-4 0.7072347 0.7069773 2.15934e-6 0.7072364 0.7411896 0 0.6712958 0.7453276 -0.005399107 0.6666767 0.7856576 0.01973587 0.6183468 0.7848836 0.02896672 0.618966 0.8060399 -0.00535649 0.5918369 0.824953 0.005089879 0.5651786 0.8441945 -0.04466539 0.5341728 -0.7815842 0.01709759 0.6235656 -0.7868356 0.02592694 0.616618 -0.8060398 -0.00535649 0.5918372 -0.8249534 0.005092144 0.5651778 -0.8441945 -0.04466539 0.5341728 0.6122077 0.7677115 0.1892638 0.7735168 0.2850303 0.5660649 0.7639309 0.1117156 0.6355544 0.7440207 0.01310938 0.668028 0.7516804 0.4859676 0.4458834 0.76713 0.3831768 0.5144774 0.6796317 0.6626623 0.3146101 0.71548 0.678207 0.1677014 0.6410073 0.7592418 0.1125242 0.7265259 0.6635299 0.1785727 0.8573248 0.312024 0.4094328 0.7861764 0.1849386 0.5896818 0.8049542 0.1744804 0.5671028 0.8073925 0.1945356 0.5570219 0.8424694 0.1745707 0.5096767 0.8438907 0.1816063 0.5048443 0.8757736 0.1615772 0.4548774 0.8179451 0.4908648 0.3000293 0.8167756 0.4936136 0.2987025 0.7923735 0.5089057 0.3363914 0.7923696 0.508912 0.3363912 0.7630556 0.5254671 0.3763383 0.7630285 0.5255649 0.3762569 0.7352764 0.5408647 0.4084535 0.7490209 0.5787874 0.3224483 0.6370803 0.7624896 0.1128642 0.631315 0.7659382 0.1215739 0.6278865 0.7698333 0.1145213 0.6084489 0.7809006 0.1413657 0.5978165 0.7919113 0.1244674 0.5809487 0.8011433 0.1437641 0.5919571 0.7965215 0.1230466 0.7310847 0.6685501 0.1362206 0.9262126 0.3769301 -0.007343709 0.8099102 0.5447824 0.2173887 0.7497649 0.6227259 0.2237523 0.7977243 0.5753521 0.1805713 0.8071554 0.5616011 0.1819462 0.748731 0.5923755 0.297478 0.7837975 0.5373261 0.3113554 0.8218739 0.5256761 0.219518 0.8078043 0.5481246 0.2168216 0.8205851 0.5347018 0.2018268 0.7900028 0.5677639 0.2313868 0.8042685 0.5632721 0.1894116 0.7686274 0.5976192 0.2281744 0.7801771 0.5994009 0.1790038 0.6236156 0.7064059 0.3348049 0.743756 0.6514085 0.1499804 0.9912326 0.07464289 0.1090255 0.9926744 0.07463467 0.095012 0.989928 0.07463759 0.1202996 0.9895938 0.08043664 0.1193065 0.9653106 0.2337339 0.1163789 0.9653106 0.2337337 0.1163787 0.9303296 0.3606802 0.06630629 0.9919937 0.1047008 0.07061332 0.9760513 0.2061474 0.06947839 0.9695991 0.2337417 0.07240462 0.9202539 0.3867418 0.05969589 0.9179838 0.3867635 0.0878629 0.9155455 0.3867725 0.1103793 0.9155462 0.3867707 0.1103792 0.9179839 0.3867633 0.0878629 0.9678784 0.2337296 0.09263843 0.9678782 0.2337305 0.09263861 0.9926742 0.07463765 0.095012 0.9944959 0.07463991 0.07353156 0.9970151 0.03036975 0.07098382 0.8807892 0.4427483 0.1678821 0.723401 0.4634743 0.5117448 0.6388361 0.443497 0.6286485 0.5722241 0.5190207 0.6349623 0.9813143 -0.06101268 0.182482 0.9845 -0.07178848 0.1600193 0.9784889 -0.05829429 0.1978922 0.9529472 -0.1378525 0.2699785 0.9468293 -0.1208382 0.2981818 0.9250224 -0.1834527 0.3326843 0.7898166 -0.1917819 0.5825886 0.8274785 -0.1688207 0.5355174 0.671366 -0.1863301 0.7173205 0.6196284 -0.1555663 0.7693243 0.5417458 -0.2377388 0.8062207 0.5895095 -0.105687 0.8008176 0.4596675 -0.2395483 0.855174 0.4945443 -0.1341651 0.858735 0.3738961 -0.2286638 0.8988407 0.3907984 -0.1723144 0.9042037 0.05974721 -0.02078288 0.9979972 0.07180839 -0.1550433 0.9852945 0.0920251 -0.182806 0.9788327 0.05074626 -0.06854528 0.9963566 0.08431506 -0.1020613 0.9911985 0.06619751 0.01938909 0.9976181 0.07079052 0.01353019 0.9973995 0.07712954 0.1067654 0.9912882 0.0646581 0.1290149 0.9895325 0.08222299 0.1927813 0.9777908 0.05096632 0.2795401 0.9587805 0.08953279 0.2393485 0.9667969 0.07464176 0.3233926 0.9433164 0.08520609 0.3604542 0.9288772 0.08012717 0.3751394 0.9234989 0.07991939 0.44075 0.894065 0.07518696 0.4483793 0.8906756 0.1643336 0.4242642 0.8905023 0.3030111 0.5300457 0.7919822 0.25897 0.4303683 0.8647068 0.3901955 0.5129701 0.7645974 0.3497809 0.4388654 0.8276779 0.7284415 0.4274147 0.5354341 0.8057068 0.4258146 0.4117264 0.8563063 0.4131016 0.3099787 0.8722603 0.4300624 0.2328266 0.8840225 0.4128722 0.2191823 0.8575681 0.4392092 0.267717 0.4358116 0.237633 0.8681008 0.4582819 0.1980048 0.8664709 0.5406395 0.1840202 0.820881 0.5407274 0.184068 0.8208124 0.6185396 0.1683312 0.7675111 0.6186035 0.1683745 0.7674502 0.440966 0.4630756 0.7688369 0.4731951 0.4394891 0.7635022 0.5266688 0.44081 0.7268471 0.5553197 0.4234154 0.715779 0.5720022 0.4241307 0.7020874 0.632227 0.3946043 0.6667657 0.6323643 0.394633 0.6666185 0.2951719 0.4106605 0.8626887 0.4427739 0.3762779 0.8138588 0.379378 0.3570597 0.8535695 0.4646551 0.336533 0.819049 0.4647743 0.3365725 0.8189652 0.5466528 0.3128138 0.7767357 0.546767 0.312857 0.776638 0.6240179 0.2861343 0.7271375 0.6241523 0.2861827 0.7270031 0.9403138 0.01372087 0.3400321 0.9410878 0.05123883 0.3342581 0.9411123 0.05107128 0.3342146 0.9427654 0.08709365 0.3218821 0.9428012 0.08681613 0.3218521 0.945276 0.1200706 0.303375 0.9453105 0.1197316 0.3034013 0.9485222 0.1491501 0.2793921 0.9485504 0.1487826 0.2794922 0.9523901 0.1734343 0.2507464 0.9524085 0.1731169 0.2508956 0.9567369 0.1922444 0.2183957 0.9567489 0.1920016 0.2185566 0.961432 0.2050514 0.1833097 0.9614345 0.2049215 0.1834416 0.9687711 0.215678 0.1223343 0.9680816 0.2335917 0.09084576 0.8657519 -0.1111661 0.4879711 0.8154903 -0.1356374 0.5626528 0.8132367 -0.05351209 0.5794675 0.7546954 -0.06282377 0.6530606 0.7543666 0.03550356 0.6554926 0.6884905 0.04048568 0.7241145 0.6907692 0.1511488 0.7071011 0.6908289 0.1510722 0.7070591 0.6956905 0.2569318 0.670821 0.6957916 0.2567912 0.67077 0.7030533 0.3543065 0.6165899 0.7031727 0.3541157 0.6165633 0.7116193 0.4261986 0.5585274 0.6659334 0.4668886 0.5818486 0.9812191 -0.06794798 0.1805336 0.9812877 -0.06848239 0.1799577 0.9767456 -0.05325925 0.2076815 0.9461109 -0.1286056 0.2972118 0.9434195 -0.0963096 0.317308 0.910411 -0.1359052 0.3907449 0.9077604 -0.08630543 0.4105149 0.8657012 -0.1113129 0.4880275 0.8638493 -0.04389989 0.5018339 0.8132101 -0.05355906 0.5795004 0.8129371 0.03026217 0.5815649 0.7543845 0.03552174 0.655471 0.7563905 0.1326128 0.6405367 0.7564429 0.1325268 0.6404926 0.7607145 0.2254227 0.6086856 0.7607988 0.2252708 0.6086365 0.7671763 0.3108671 0.5610724 0.7672852 0.310648 0.5610448 0.775533 0.3861867 0.4994083 0.7756341 0.3859683 0.4994202 0.7845119 0.4402401 0.4367262 0.7746058 0.4570349 0.4371556 0.9414682 -0.06146162 0.3314518 0.9404441 -0.02419984 0.3390862 0.9062613 -0.03415375 0.4213361 0.9060825 0.01927214 0.4226622 0.8636147 0.02484571 0.5035399 0.8650183 0.0927838 0.4930869 0.865063 0.09266304 0.4930312 0.86805 0.1577028 0.4707643 0.8681102 0.1575096 0.4707181 0.8725767 0.2174746 0.4373955 0.8726472 0.2172264 0.437378 0.8784257 0.2701636 0.3941827 0.8784981 0.2698854 0.3942118 0.8854019 0.3142367 0.3425187 0.8854644 0.3139801 0.3425921 0.8932536 0.3483788 0.2841306 0.893298 0.3481903 0.2842225 0.901726 0.3716695 0.220799 0.9017532 0.3715549 0.2208806 0.940431 -0.02427518 0.3391168 0.940307 0.01368534 0.3400524 0.9060971 0.01930582 0.422629 0.9071834 0.07207566 0.414516 0.9072161 0.07194399 0.4144673 0.9095389 0.1225202 0.3971496 0.9095902 0.1222817 0.3971056 0.9130633 0.1689268 0.371186 0.9131161 0.1686482 0.3711829 0.9176166 0.2098508 0.3375539 0.9176685 0.2095398 0.3376061 0.9230412 0.2440702 0.2973629 0.9230839 0.2437851 0.2974641 0.9291499 0.2705663 0.2519415 0.9291783 0.2703546 0.2520637 0.9357404 0.2886345 0.2026822 0.9357549 0.288513 0.2027881 0.94134 0.2958249 0.1623783 0.9123705 0.386672 0.134406 0.9123513 0.3867571 0.134291 0.9157333 0.3796937 0.1313969 0.9433844 -0.09661245 0.3173201 0.9414951 -0.06127083 0.3314104 0.9077209 -0.08646792 0.4105681 0.906282 -0.03407466 0.4212981 0.8638289 -0.04394662 0.5018649 0.863604 0.02482342 0.5035594 0.8129413 0.03027993 0.5815579 0.8146504 0.1130586 0.5688255 0.8147034 0.1129568 0.5687701 0.8183427 0.1921832 0.5416465 0.8184181 0.1920069 0.5415951 0.823856 0.2650233 0.5010229 0.8239455 0.2647901 0.5009992 0.8309848 0.3292253 0.4484138 0.8310692 0.3289847 0.448434 0.839475 0.3829535 0.3855234 0.8395479 0.3827363 0.3855807 0.8478816 0.4179584 0.3262019 0.8062902 0.4842259 0.3397376 0.169336 -0.288622 0.9423496 0.1953817 -0.1766704 0.9646831 0.1945036 -0.1498599 0.9693867 0.194479 -0.1498708 0.9693899 0.1931959 -0.0659942 0.9789384 0.1931879 -0.06600344 0.9789392 0.1929243 0.01872515 0.981035 0.1929084 0.01872855 0.981038 0.1936464 0.103332 0.9756145 0.1936494 0.1033443 0.9756126 0.1953819 0.1867164 0.9627891 0.1953935 0.1867327 0.9627836 0.1981223 0.2688995 0.9425714 0.1981719 0.2689524 0.9425457 0.2018395 0.3488427 0.9151883 0.2019323 0.3489071 0.9151434 0.2065163 0.4256541 0.881005 0.3704349 -0.06072819 0.9268712 0.3701789 0.01723736 0.9288007 0.370186 0.01725059 0.9287975 0.3708494 0.09509181 0.9238118 0.7585662 -0.1491259 0.6343018 0.7576053 -0.1587114 0.6331232 0.6919717 -0.1577651 0.7044754 0.6888706 -0.0715664 0.7213429 0.6164091 -0.07976531 0.7833756 0.6163854 -0.0797401 0.7833968 0.5383335 -0.08720004 0.8382083 0.5382968 -0.08717525 0.8382346 0.4557245 -0.09380459 0.8851643 0.3724513 0.1718381 0.9120042 0.3708608 0.09510684 0.9238058 0.508054 0.08580011 0.8570411 0.4562417 0.0162537 0.8897075 0.4556868 -0.09378331 0.885186 0.4025936 -0.09745407 0.9101765 0.3716483 -0.1379232 0.9180713 0.2819386 -0.222927 0.9331743 0.2854667 -0.2095404 0.9352015 0.2835494 -0.1445434 0.9480016 0.2835043 -0.1445907 0.9480079 0.2822784 -0.06365764 0.9572182 0.2822586 -0.06366395 0.9572236 0.2819895 0.01806318 0.9592475 0.2819945 0.01807016 0.9592459 0.2826867 0.09967315 0.9540197 0.2827197 0.09968715 0.9540085 0.2843683 0.1801 0.9416468 0.2844172 0.180139 0.9416246 0.2870381 0.2594029 0.9221276 0.2870805 0.2594448 0.9221027 0.2906186 0.3365277 0.8957065 0.9877325 0.07463932 0.1371632 0.9820423 0.07839369 0.1716027 0.9840452 0.08076661 0.1585304 0.9849364 0.08080691 0.1528741 0.9821207 0.07523101 0.1725672 0.9829011 0.07661271 0.1674396 0.9813045 0.06954705 0.1794574 0.9811359 0.06901651 0.1805805 0.9795941 0.05914419 0.192087 0.9795976 0.0591582 0.1920644 0.9782521 0.04752272 0.2019022 0.9782683 0.04761707 0.2018016 0.9769003 0.02998858 0.2115808 0.977458 0.03409731 0.2083585 0.9761388 0.01457905 0.2166578 0.9766054 0.02025008 0.2140837 0.9762635 0.005035996 0.2165278 0.9762834 0.005424022 0.2164286 0.9762863 -0.01616489 0.2158794 0.9765704 -0.009477794 0.2149894 0.9767333 -0.0314151 0.2121444 0.9767606 -0.02429729 0.2129515 0.9775567 -0.03927272 0.2069799 0.9775323 -0.0382201 0.2072917 0.9787781 -0.05340641 0.1978414 0.9786651 -0.05082678 0.1990763 0.9799692 -0.06224179 0.1891729 0.958246 -0.1341675 0.252515 0.9604855 -0.1576571 0.2293725 0.909097 -0.1185951 0.399347 0.9108223 -0.1339076 0.3904759 0.8777691 -0.1672903 0.4489269 0.8680991 -0.1456511 0.4745417 0.8196823 -0.2122125 0.5320591 0.8155435 -0.1355201 0.5626041 0.7573742 -0.1591012 0.6333017 0.7547247 -0.06278401 0.6530305 0.688836 -0.07160562 0.721372 0.6884666 0.04046791 0.7241383 0.6159638 0.04510319 0.7864823 0.6159847 0.04508298 0.7864671 0.537841 0.0493043 0.8416033 0.537859 0.04929184 0.8415926 0.4552078 0.05304306 0.888804 0.4582101 0.1979684 0.8665172 0.3724837 0.210056 0.9039537 0.3784047 0.3210837 0.8681678 0.2906945 0.3365812 0.8956617 0.2951081 0.4106127 0.8627332 0.2065759 0.4257125 0.8809627 0.2177689 0.6116408 0.7605738 0.05696612 0.3560887 0.9327142 0 -0.1666142 0.9860222 -0.003175675 -0.1838291 0.9829531 0.005241215 -0.07421165 0.9972288 -0.003142654 -0.1025263 0.9947254 0.00296241 0.02985602 0.9995499 -0.001508831 0.01360481 0.9999063 0.001434266 0.136917 0.9905816 -5.16001e-4 0.1293885 0.9915938 5.36269e-4 0.2428866 0.9700546 -4.96697e-5 0.2405155 0.9706454 2.69415e-5 0.3245308 0.9458752 -0.002971291 0.3454574 0.9384298 2.07651e-4 0.3766499 0.9263557 -4.3048e-4 0.448419 0.8938233 0 0.4500046 0.8930264 -0.9842351 0.0793479 0.1580675 -0.7756344 0.3859698 0.4994183 -0.94611 -0.1286035 0.2972154 -0.912351 0.3867573 0.1342926 -0.8739503 0.4576968 0.1634767 -0.9609029 -0.1556823 0.2289735 -0.9110123 -0.1352389 0.3895729 -0.08248353 0.1927703 0.9777711 -0.06635403 0.242192 0.9679568 -0.08281135 0.2777657 0.957073 -0.07092469 0.3443608 0.9361546 -0.08117145 0.360764 0.9291182 -0.07852572 0.4466781 0.8912421 -0.07378721 0.4412947 0.8943235 -0.02373099 0.1859221 0.9822779 -0.08909046 0.4320479 0.8974395 -0.07043677 -0.07398462 0.9947689 -0.02067023 0.3510938 0.9361122 -0.07275408 -0.1660184 0.9834352 -0.1033398 -0.2535175 0.9617952 -0.1949867 -0.16417 0.9669687 -0.2191215 -0.2696304 0.9377021 -0.2838358 -0.1523041 0.9467 -0.3721337 -0.3406407 0.863412 -0.3356419 -0.1228904 0.9339392 -0.4595017 -0.2530422 0.8513683 -0.4360451 -0.1602473 0.8855425 -0.5420982 -0.2027291 0.8154941 -0.5319818 -0.1753966 0.828391 -0.6198569 -0.1744265 0.7650836 -0.6196177 -0.1739618 0.7653831 -0.7704873 -0.1541364 0.6185398 -0.8345883 -0.2148578 0.5072462 -0.9582442 -0.1341837 0.2525132 -0.9849382 -0.06853073 0.1587468 -0.5780227 0.4769849 0.6620991 -0.6038528 0.4747611 0.6402841 -0.659513 0.4381681 0.6107795 -0.5725148 0.4238961 0.7018111 -0.555372 0.4247861 0.7149257 -0.5531883 0.4263127 0.7157097 -0.4737727 0.4515045 0.7560973 -0.4828349 0.4423068 0.755801 -0.3704348 -0.06072801 0.9268712 -0.2822684 -0.06366354 0.9572208 -0.2822657 -0.06365799 0.9572219 -0.1931976 -0.06600326 0.9789373 -0.1931961 -0.06599408 0.9789383 -0.07409083 -0.06822502 0.9949151 -0.1929087 0.0187292 0.981038 -0.2820026 0.01806372 0.9592437 -0.2819802 0.0180698 0.9592501 -0.3701867 0.01723593 0.9287975 -0.3701788 0.01725113 0.9288004 -0.4562415 0.01625305 0.8897076 -0.2826982 0.0996887 0.9540147 -0.3708654 0.09509199 0.9238055 -0.3708482 0.09510761 0.9238107 -0.4568923 0.08960455 0.8849976 -0.4832295 0.05184555 0.8739573 -0.537859 0.04929238 0.8415926 -0.5378414 0.04930388 0.8416031 -0.6159849 0.04508358 0.7864668 -0.6159634 0.04510265 0.7864826 -0.07862699 -0.1548186 0.9848091 -0.1944804 -0.1498609 0.9693911 -0.1944999 -0.1498701 0.9693858 -0.2835052 -0.1445465 0.9480144 -0.2835467 -0.1445879 0.9479956 -0.4324458 -0.1324433 0.8918797 -0.3697547 -0.09951394 0.9237848 -0.4556876 -0.09378284 0.8851857 -0.4557247 -0.09380537 0.8851642 -0.5382972 -0.08717477 0.8382343 -0.5383322 -0.08719927 0.8382093 -0.6163849 -0.07973951 0.7833973 -0.6164105 -0.07976472 0.7833746 -0.9410877 0.05124121 0.334258 -0.9403136 0.01372122 0.3400323 -0.9403071 0.01368826 0.3400518 -0.9404311 -0.02428102 0.3391163 -0.9404441 -0.0242027 0.3390858 -0.9414681 -0.06146013 0.3314521 -0.9414948 -0.06127083 0.3314113 -0.956369 -0.1357811 0.2586929 -0.9475618 -0.1321223 0.2909818 -0.9465662 -0.1237494 0.2978234 -0.92661 -0.161518 0.3395674 -0.9800843 -0.06262016 0.1884508 -0.9769814 -0.05400621 0.206375 -0.9811532 -0.06827563 0.180768 -0.9814021 -0.06882786 0.1792002 -0.979346 -0.05952095 0.1932322 -0.9799863 -0.06217253 0.1891074 -0.97875 -0.05189818 0.1983816 -0.9786038 -0.05102413 0.1993269 -0.9774962 -0.0378316 0.2075335 -0.8395482 0.382734 0.3855824 -0.9123681 0.3866783 0.1344045 -0.9017529 0.3715569 0.2208787 -0.8766831 0.4218723 0.2311938 -0.8560602 0.447824 0.2580986 -0.7031713 0.3541163 0.6165646 -0.6957922 0.2567896 0.6707699 -0.703051 0.3543074 0.6165921 -0.7672854 0.3106488 0.5610443 -0.7755337 0.3861871 0.4994068 -0.8310692 0.3289855 0.4484336 -0.8394737 0.3829545 0.3855257 -0.8854658 0.3139768 0.3425917 -0.8932541 0.348379 0.2841294 -0.9291775 0.2703567 0.2520647 -0.9357392 0.288637 0.2026843 -0.9614344 0.2049207 0.1834434 -0.968771 0.215681 0.1223298 -0.9821107 0.07456982 0.17291 -0.6919873 -0.1597551 0.7040113 -0.6888716 -0.07156604 0.7213421 -0.6888374 -0.0716058 0.7213707 -0.6884679 0.04046845 0.7241369 -0.68849 0.0404843 0.724115 -0.690769 0.151147 0.7071018 -0.7564429 0.1325268 0.6404926 -0.7607143 0.2254243 0.6086853 -0.8184189 0.1920039 0.5415951 -0.8238565 0.2650225 0.5010225 -0.8726475 0.2172265 0.4373777 -0.8784259 0.2701619 0.3941833 -0.9176685 0.2095398 0.3376061 -0.9230415 0.2440702 0.297362 -0.9524088 0.1731169 0.2508946 -0.9523898 0.1734382 0.2507445 -0.9485494 0.1487882 0.279493 -0.9176157 0.2098534 0.3375545 -0.9131165 0.1686458 0.3711832 -0.8725756 0.2174766 0.4373966 -0.8681099 0.1575132 0.4707174 -0.818342 0.192184 0.5416471 -0.814702 0.1129598 0.5687713 -0.7563902 0.1326118 0.6405373 -0.7543871 0.03552454 0.6554679 -0.7543647 0.03550201 0.6554949 -0.7546936 -0.06282514 0.6530624 -0.7547271 -0.06278514 0.6530277 -0.7574384 -0.1430888 0.6370344 -0.7027353 -0.1756782 0.6894204 -0.9452766 0.1200668 0.3033748 -0.942802 0.08682173 0.3218488 -0.9095383 0.1225237 0.39715 -0.9072151 0.07194393 0.4144694 -0.8650193 0.09278202 0.4930855 -0.8636157 0.02485042 0.503538 -0.8636046 0.0248233 0.5035584 -0.8638295 -0.04394757 0.5018639 -0.8638504 -0.04389995 0.501832 -0.8657025 -0.111312 0.4880256 -0.8657518 -0.111168 0.487971 -0.8691237 -0.1732491 0.4632588 -0.8921658 -0.08167129 0.4442635 -0.9427663 0.08709174 0.32188 -0.9411128 0.05106842 0.3342138 -0.9071843 0.0720703 0.414515 -0.9060956 0.01930856 0.4226322 -0.9060821 0.01927447 0.4226629 -0.9062608 -0.03415286 0.4213374 -0.906282 -0.03407919 0.4212977 -0.9077211 -0.08646506 0.4105682 -0.9077599 -0.08630585 0.4105161 -0.948523 0.1491385 0.2793955 -0.9453108 0.1197317 0.3034005 -0.9130634 0.1689269 0.3711859 -0.90959 0.122284 0.3971055 -0.8680502 0.1577014 0.4707645 -0.865063 0.09265792 0.4930319 -0.8146513 0.1130555 0.5688249 -0.8129397 0.03028172 0.5815603 -0.8129368 0.03026229 0.5815653 -0.8132123 -0.05355578 0.5794977 -0.813234 -0.05351674 0.5794708 -0.8154877 -0.1356391 0.5626562 -0.8155449 -0.1355167 0.5626028 -0.8138891 -0.1185524 0.5687969 -0.687178 -0.4959563 0.5308613 -0.1790916 0.5120745 0.840063 -0.2098218 0.4670447 0.8589785 -0.206579 0.4256446 0.8809949 -0.2065037 0.4257234 0.8809744 -0.2019232 0.3488337 0.9151733 -0.2018535 0.3489173 0.9151568 -0.1981784 0.2688943 0.9425611 -0.1981068 0.2689582 0.9425578 -0.1953883 0.1867162 0.9627879 -0.2838791 0.4876167 0.8256165 -0.2995584 0.4677938 0.831525 -0.2951675 0.410601 0.8627185 -0.2951102 0.4106727 0.8627038 -0.2906852 0.3365184 0.8956882 -0.2906323 0.3365906 0.8956784 -0.2870777 0.2593982 0.9221165 -0.4646574 0.3365325 0.8190478 -0.4647746 0.3365724 0.8189651 -0.5466549 0.3128138 0.7767343 -0.5467683 0.3128564 0.7766373 -0.6240152 0.2861347 0.7271396 -0.6241508 0.2861831 0.7270042 -0.6322251 0.3946068 0.666766 -0.6323652 0.3946332 0.6666175 -0.6415295 0.4718868 0.6047833 -0.7117441 0.4279179 0.5570517 -0.7179026 0.4306839 0.5469254 -0.729902 0.4262132 0.5344021 -0.7351741 0.4624149 0.4956729 -0.7860004 0.4547779 0.4187847 -0.7806568 0.4417356 0.4420913 -0.8062212 0.425199 0.4113554 -0.8044705 0.4851011 0.342789 -0.8477677 0.4173383 0.3272901 -0.856367 0.4130045 0.3099404 -0.8932996 0.3481863 0.2842221 -0.9017256 0.3716694 0.2208004 -0.935755 0.2885107 0.2027913 -0.9413411 0.295822 0.162377 -0.9680815 0.2335923 0.09084504 -0.3856295 0.4636871 0.7976742 -0.387909 0.4611819 0.7980212 -0.3827676 0.3917387 0.8366779 -0.411809 0.3497205 0.8414921 -0.3784096 0.3210829 0.868166 -0.3750321 0.2474845 0.8933658 -0.2870415 0.25945 0.9221133 -0.2844083 0.1800965 0.9416354 -0.1953919 0.1867328 0.9627839 -0.193646 0.1033318 0.9756146 -0.05620378 0.1072234 0.9926451 -0.08386904 0.1363027 0.9871108 -0.9567371 0.1922425 0.2183963 -0.9828886 0.07669299 0.1674757 -0.9811835 0.06877917 0.1804118 -0.9813763 0.07068938 0.1786156 -0.9795963 0.05915719 0.1920717 -0.979596 0.05914264 0.1920779 -0.9782657 0.04762268 0.201813 -0.9782599 0.04749459 0.2018711 -0.9772841 0.03444612 0.2091157 -0.9771874 0.02951008 0.2103191 -0.9765702 0.02029228 0.2142408 -0.976501 0.01433438 0.215036 -0.9762755 0.00542736 0.2164644 -0.9762873 0.005025506 0.2164211 -0.9763333 -0.009601891 0.216058 -0.976667 -0.01584804 0.214174 -0.9767322 -0.02433139 0.2130784 -0.977543 -0.03819322 0.2072464 -0.9433842 -0.09660482 0.3173229 -0.9434181 -0.09631252 0.3173109 -0.9104117 -0.1359053 0.3907433 -0.9108546 -0.1337486 0.3904553 -0.8984934 -0.1470592 0.4136222 -0.9868362 0.08446359 0.1379139 -0.9848216 0.08174139 0.1531173 -0.9614312 0.205052 0.1833136 -0.9567485 0.192003 0.2185568 -0.9291485 0.2705696 0.2519428 -0.9230837 0.2437884 0.2974624 -0.8854017 0.3142389 0.3425171 -0.8784978 0.2698878 0.3942111 -0.830985 0.3292254 0.4484136 -0.8239443 0.2647923 0.501 -0.7671744 0.3108669 0.5610751 -0.7607977 0.2252719 0.6086374 -0.6956933 0.2569315 0.6708182 -0.6908263 0.1510733 0.7070614 -0.6186031 0.1683747 0.7674505 -0.6185404 0.1683303 0.7675109 -0.5407274 0.1840683 0.8208124 -0.5406395 0.1840202 0.820881 -0.4582823 0.1980054 0.8664706 -0.4582104 0.1979681 0.8665172 -0.4053235 0.2057006 0.8907303 -0.3724513 0.1718385 0.9120042 -0.2843755 0.1801424 0.9416365 -0.2827134 0.0996713 0.9540119 -0.1936472 0.103344 0.975613 -0.1929244 0.01872509 0.981035 -0.06655955 0.01938766 0.9975942 -0.07466101 0.02972328 0.996766 -0.9179837 0.3867636 0.0878629 -0.9155461 0.386771 0.1103795 -0.9155457 0.3867722 0.1103791 -0.9653106 0.2337335 0.1163787 -0.9653109 0.2337322 0.1163789 -0.9926743 0.07463622 0.09501194 -0.994707 0.0744487 0.07082009 -0.9946909 0.07463771 0.07084745 -0.9818026 0.17656 0.06992995 -0.9696002 0.2337419 0.07238912 -0.9629502 0.260816 0.0685721 -0.9312028 0.3584191 0.06631129 -0.9019888 0.4269468 0.06428623 -0.9196416 0.3867788 0.06827551 -0.917984 0.3867631 0.0878629 -0.9678784 0.2337297 0.09263843 -0.9678788 0.2337281 0.09263861 -0.9926745 0.07463318 0.09501183 -0.9900416 0.07463735 0.1193605 -0.9900417 0.0746352 0.1193605 0.7605232 -0.04095745 -0.6480179 0.8231305 -0.009995341 -0.5677644 0.8396029 -0.007453024 -0.5431496 0.6423724 -0.4327523 -0.6325213 0.7522016 -0.4298014 -0.4994634 0.7493363 -0.360409 -0.5555183 0.7481057 -0.3578689 -0.5588093 0.772691 -0.3131096 -0.5521875 0.7723672 -0.2913904 -0.5643939 0.7810351 -0.2451429 -0.57436 0.7672429 -0.2272206 -0.5997576 0.7798472 -0.188441 -0.5969324 0.7787273 -0.1099153 -0.6176589 0.7787273 -0.1099149 -0.6176591 0.7793762 -0.0103873 -0.6264702 1.64012e-5 -7.06634e-6 -1 3.29903e-4 -1.18936e-4 -1 0.007368922 0.4455323 0.8952356 -0.06231558 0.7911817 0.6083982 -0.1167683 0.9915923 0.05576592 0.3402796 0.9263653 0.161423 0.9406309 0.2372433 0.2427533 0.9116842 0.2270521 0.3424608 0.9105259 0.2408133 0.3360831 0.8478449 0.2189192 0.4829425 0.8472204 0.23801 0.4749412 0.7952141 0.220686 0.5647409 0.7993014 0.2277021 0.5561198 0.7389296 0.2081559 0.640823 0.7393881 0.2323445 0.6319189 -0.1160768 0.9914597 0.05944681 -0.120316 0.989845 0.07570272 -0.1146326 0.9899825 0.08242672 -0.1241595 0.9867251 0.1046809 -0.1179494 0.9864073 0.1144053 -0.1232605 0.9847242 0.1229836 -0.1242582 0.9837205 0.129823 -0.1279186 0.9825205 0.135242 -0.1226402 0.9814274 0.1475118 -0.1293089 0.9794571 0.1547359 -0.1257398 0.9778246 0.1674772 -0.1265656 0.9776066 0.168127 -0.129957 0.9762401 0.1733974 -0.128807 0.9765465 0.1725274 -0.1275792 0.9746432 0.1838321 -0.126833 0.9748168 0.1834275 -0.1271393 0.9731227 0.19201 -0.1243184 0.9736824 0.1910178 -0.1266822 0.9729492 0.1931881 -0.1231887 0.9736145 0.192092 -0.1240777 0.9727344 0.1959402 -0.1199125 0.9733858 0.1952977 -0.1198252 0.9734375 0.1950937 -0.09080564 0.8923056 0.442205 -0.05140316 0.8285657 0.5575273 -0.01759344 0.8335638 0.5521432 -0.01419055 0.8314992 0.5553448 0.01734769 0.8378364 0.5456458 0.01946884 0.8377194 0.5457539 0.05272966 0.8439747 0.533785 0.05530714 0.8427718 0.5354222 0.1103742 0.855543 0.5058299 0.1120356 0.8549035 0.5065453 0.1435419 0.8636991 0.4831353 0.1440706 0.8637169 0.4829461 0.177215 0.8721235 0.4560654 0.1777508 0.8719499 0.4561886 0.2302565 0.887542 0.3990628 0.2301124 0.8875852 0.3990499 0.259638 0.8977882 0.3557589 0.2594612 0.8977957 0.3558689 0.2885081 0.9065538 0.3080962 0.2879319 0.9067171 0.3081548 0.324769 0.9194142 0.2218166 0.3241671 0.9195914 0.2219626 0.3403178 0.9263041 0.1616929 0.72103 0.6534675 0.2304257 -0.02584636 0.6093991 0.7924423 0.008000433 0.5509354 0.8345096 0.08995097 0.5633623 0.8212989 0.09883224 0.5538221 0.8267487 0.1562155 0.5654824 0.809831 0.1627826 0.5641425 0.8094721 0.2203646 0.5748988 0.7879917 0.2310432 0.5651397 0.7919825 0.3247084 0.5869805 0.7416323 0.3360648 0.5775681 0.7439595 0.3865451 0.5917114 0.7074323 0.3926489 0.5910984 0.7045775 0.4424846 0.6037943 0.6630533 0.4536437 0.595121 0.6633539 0.5336419 0.6190295 0.5762195 0.5436449 0.6113601 0.5750557 0.5870486 0.6262335 0.5130358 0.5914697 0.62512 0.5093021 0.6314513 0.6374194 0.4415494 0.6390373 0.6313932 0.4392881 0.6913375 0.6495349 0.316476 0.6965745 0.645058 0.3141403 0.7207626 0.6546617 0.2278584 0.9400781 0.2341852 0.2478113 0.64253 0.2032552 0.7388116 0.6245649 0.2280229 0.7469433 0.5805007 0.2124078 0.7860675 0.5599969 0.2066398 0.8023114 0.5679119 0.2137461 0.7948514 0.4892953 0.19264 0.8505763 0.4922441 0.2194635 0.8423369 0.3573105 0.1878969 0.9148901 0.3613764 0.213499 0.9076482 0.2704076 0.1957275 0.9426403 0.2788478 0.2026883 0.938702 0.1871582 0.18471 0.9648078 0.1922463 0.2066877 0.959334 0.0457049 0.1837085 0.9819177 0.05103218 0.2021679 0.9780205 0.9769374 0 0.213526 0.9769374 0 0.213526 0.9769377 0 0.2135248 0.976938 0 0.2135237 -0.01180899 0.1950703 0.9807182 -0.02544087 0.2587106 0.9656199 0.0427702 0.7064726 0.7064469 0.07387304 0.7900378 0.6085911 0.03682875 0.6083549 0.7928102 0.01566469 0.258762 0.9658142 0.06452876 0.4376008 0.896851 0.01180899 0.1950703 0.9807182 -0.04797798 0.7924594 0.6080349 -0.05598568 0.7060097 0.7059858 -0.03683024 0.6083555 0.7928096 -0.02676367 0.4420556 0.8965883 -0.1021548 0.975455 0.195069 0.1021541 0.9754551 0.1950691 0.2353377 0.8673297 0.4385834 0.0431472 0.9827281 0.1799557 0.0583781 0.9642787 0.258377 -0.04237282 0.9650596 0.2585816 -0.05918264 0.9775792 0.2020803 -0.2353377 0.8673297 0.4385834 0.09080564 0.8923056 0.4422051 0.02584636 0.6093989 0.7924424 -0.9413 0.2346105 0.2427183 -0.7216072 0.6536901 0.2279745 -0.9394112 0.2367951 0.2478601 -0.9139255 0.2278085 0.3359218 -0.9082697 0.2399831 0.3427163 -0.8519685 0.2203081 0.4749884 -0.8430216 0.2362856 0.4832017 -0.7951854 0.2207911 0.5647403 -0.7992395 0.2276741 0.5562202 -0.7456288 0.2103094 0.6323034 -0.7324863 0.230277 0.6406532 -0.6425315 0.2032549 0.7388104 -0.6245681 0.2280225 0.7469407 -0.5805007 0.2124078 0.7860675 -0.5692177 0.209158 0.795138 -0.5586258 0.2112825 0.8020581 -0.4986982 0.1951929 0.8445116 -0.4824811 0.217269 0.8485318 -0.3668839 0.1902168 0.9106118 -0.3514481 0.211629 0.9119744 -0.2798868 0.1976439 0.9394682 -0.2692807 0.2008829 0.9418779 -0.1959583 0.1864974 0.9627145 -0.1831797 0.2053821 0.9613863 -0.05326855 0.1849942 0.9812949 -0.04329782 0.2013356 0.978565 -0.007369399 0.4455323 0.8952356 -0.008000612 0.5509353 0.8345096 -0.09575718 0.5640971 0.8201373 -0.09328627 0.5525885 0.8282172 -0.1618942 0.5665369 0.8079767 -0.1571769 0.5629777 0.8113887 -0.226212 0.5758748 0.7856185 -0.2255626 0.5636762 0.7946009 -0.3301896 0.588067 0.7383442 -0.3309907 0.5760393 0.7474115 -0.3915005 0.5929921 0.7036248 -0.387766 0.5897448 0.7084058 -0.4471181 0.6048612 0.6589601 -0.4494023 0.5936788 0.6675201 -0.5372545 0.6199472 0.5718594 -0.5403634 0.610135 0.5794332 -0.5898768 0.6271336 0.5086738 -0.5887043 0.6241561 0.5136696 -0.6336576 0.6380136 0.437512 -0.6370651 0.630574 0.4433109 -0.6925127 0.6498427 0.3132582 -0.6955529 0.6445936 0.3173411 -0.7201551 0.6544705 0.230315 -0.3402108 0.9263474 0.1616705 0.06231772 0.7911816 0.6083981 0.05140465 0.8285657 0.5575273 0.01538312 0.8338558 0.5517681 0.01627475 0.8310464 0.5559649 -0.01914978 0.838165 0.5450806 -0.01770508 0.8373609 0.5463637 -0.05407953 0.8442074 0.5332818 -0.05407422 0.8424465 0.5360598 -0.1111271 0.8556912 0.5054142 -0.111369 0.8547063 0.507025 -0.1439387 0.8638058 0.4828264 -0.143667 0.8636074 0.4832621 -0.1774178 0.8721709 0.4558957 -0.1775773 0.871888 0.4563744 -0.2302114 0.887529 0.3991177 -0.2301506 0.8876015 0.3989917 -0.2595424 0.8977596 0.3559011 -0.2595508 0.8978277 0.3557229 -0.2883619 0.906513 0.308353 -0.2880489 0.9067693 0.3078917 -0.3246504 0.9193871 0.2221028 -0.3242525 0.9196319 0.2216699 -0.3403921 0.9263195 0.1614485 0.1174961 0.991313 0.0591036 0.1152077 0.9917539 0.05613648 0.1214432 0.9893648 0.08005499 0.1128334 0.9905297 0.07822918 0.1264203 0.9858616 0.1099767 0.1148483 0.9873405 0.1094015 0.1265668 0.9836207 0.1283405 0.1207211 0.9848396 0.1245688 0.1314981 0.9812984 0.1405767 0.1181659 0.9826954 0.1426417 0.1335325 0.9781546 0.1593198 0.1207073 0.9791381 0.1634581 0.1312034 0.97635 0.1718328 0.1251869 0.9774945 0.1698025 0.1330273 0.9754145 0.1756997 0.1227654 0.975744 0.181252 0.1303151 0.9740037 0.1852971 0.1232913 0.9738841 0.190654 0.12712 0.9731258 0.1920071 0.1238278 0.9734943 0.1922903 0.1249322 0.9732841 0.1926395 0.1222232 0.9730269 0.1956532 0.1198052 0.9733998 0.1952937 0.1199358 0.9734264 0.1950812 -0.9769382 0 0.2135222 -0.9769374 0 0.213526 -0.9769374 0 0.2135261 -0.9769374 0 0.2135259 0.7674964 0.5485235 0.3317702 0.7057688 0.5995849 0.377344 0.6888915 0.6041085 0.4006013 0.691147 0.5898222 0.4176428 0.7141098 0.6522988 0.2540737 0.7262234 0.6048418 0.3267506 0.6992506 0.6457791 0.3066235 0.713624 0.6039417 0.3549582 0.73498 0.5741951 0.3607 0.6969416 0.7046568 0.1331588 0.7256153 0.6682668 0.1640182 0.751123 0.6451192 0.1401268 0.7884801 0.5984138 0.1421274 0.8172741 0.5488143 0.1756871 0.8363626 0.5321611 0.1315384 0.723147 0.6633358 0.1924687 0.7266687 0.6502634 0.2216083 0.814717 0.5396959 0.2120485 0.8100123 0.5531713 0.1946319 0.7773546 0.5578867 0.2906583 0.7815545 0.5641286 0.2663301 0.7798509 0.5559374 0.2876917 0.7971615 0.5445854 0.2606922 0.7988919 0.5435981 0.2574352 0.8131492 0.5163079 0.2687277 0.8209257 0.502347 0.2715299 -0.9443817 0.3145556 0.09590691 -0.9643764 0.2449492 0.09989112 -0.9653163 0.2206196 0.1396118 -0.9960036 -0.0221911 0.08651351 -0.7711018 0.6111504 0.1785978 -0.7175416 0.6710302 0.1866885 -0.4277024 0.8820359 0.1976953 -0.3547803 0.913554 0.1988722 -0.001937329 0.9839029 0.178694 0.07587629 0.9819414 0.1733035 0.4243564 0.8968014 0.1251757 0.4923219 0.8628118 0.1147832 -0.9542683 0.2120302 0.2107493 -0.9557026 0.2065333 0.2097058 -0.7712345 0.5831164 0.2552896 -0.7610704 0.5957676 0.2565791 -0.4543406 0.8533684 0.2556115 -0.4203517 0.8709951 0.2543071 -0.05852776 0.9756148 0.2115428 0.001309037 0.9791165 0.2032958 0.3476593 0.9284744 0.1306461 0.4227944 0.8991107 0.1133362 -0.05943709 0.9764919 0.2071976 -0.09325581 0.9727856 0.2121124 -0.4517552 0.8509746 0.2678798 -0.9482622 0.1997504 0.2467762 -0.9470253 0.2044169 0.2477034 -0.7748494 0.5661978 0.2811201 0.2978979 0.9492874 0.1005513 0.3021547 0.9456638 0.1200944 0.3433171 0.9326721 0.1107084 -0.17878 0.9622306 0.2053045 -0.09742659 0.9763531 0.192984 0.01595497 0.9857123 0.1676809 0.2572153 0.9601585 0.1092517 -0.4106948 0.8789281 0.2425185 -0.4767088 0.8419129 0.252847 -0.4732037 0.8389104 0.2689007 -0.7658399 0.5777854 0.2822291 -0.9503572 0.1959946 0.2416763 -0.9492109 0.2005219 0.2424659 -0.8641238 0.4289889 0.2631705 -0.777226 0.5682184 0.2702734 -0.7559252 0.5968165 0.2690491 -0.5790572 0.7726399 0.2602314 -0.7020828 -0.5136143 -0.4932344 -0.7034005 -0.4903125 -0.5146082 -0.7194683 -0.4432998 -0.5346501 -0.7109566 -0.5021454 -0.492332 -0.7072017 -0.5099306 -0.4897311 -0.7069118 -0.5237232 -0.4753839 -0.7072376 -0.5214021 -0.4774462 -0.706619 -0.5413864 -0.4556208 -0.6995221 -0.5590392 -0.4451339 -0.7004296 -0.5578507 -0.4451978 -0.7026702 -0.5526242 -0.4481754 0.9162632 0.4005769 0 0.9477631 0.3185788 0.01589578 0.8949243 0.446218 0 0.9323296 0.3614577 0.01048588 0.9362071 0.3514483 -5.72936e-4 0.9784154 0.2066475 3.11806e-4 0.9787063 0.2052658 3.40639e-5 0.9944761 0.1049638 -7.644e-5 0.9959058 0.09036189 -0.002517282 0.9995361 0.03044378 8.67638e-4 0.9998552 0.0170201 -1.05332e-6 0 -0.9999994 0.00110495 0 -1 2.22648e-6 0 -1 4.46387e-7 0 -1 -3.78918e-6 0 -1 5.9309e-6 -0.6337845 -0.5335752 -0.5600133 -0.6823045 -0.5719165 -0.4553813 -0.6340495 -0.5976277 -0.4907367 -0.6106411 -0.6224592 -0.4895529 -0.4649944 -0.629719 -0.6222815 -0.4585403 -0.7284397 -0.5090348 -0.3470222 -0.7973819 -0.4937184 -0.2902706 -0.7898681 -0.5402327 -0.2512999 -0.8140689 -0.523584 -0.03481918 -0.8678679 -0.4955735 -0.2900209 -0.5876655 -0.7553393 -0.2151862 -0.5787602 -0.7865949 -0.07829564 -0.6056575 -0.7918642 -0.6343489 -0.4934186 -0.5950964 -0.6502348 -0.5424486 -0.531925 -0.6139138 -0.4958572 -0.614195 -0.5706683 -0.4847207 -0.6628602 -0.556113 -0.4884296 -0.6724395 -0.4993169 -0.5347941 -0.681673 -0.4697593 -0.5463799 -0.693394 -0.4711113 -0.5452353 -0.6933778 -0.3908238 -0.5561788 -0.7334317 -0.3253592 -0.5712875 -0.7535065 -0.1462421 -0.8222272 -0.5500506 -0.1114265 -0.8651946 -0.4888992 -0.09801256 -0.8294905 -0.5498538 -0.0977894 -0.7854746 -0.6111195 -0.1477541 -0.6696962 -0.7277883 -0.09797215 -0.7221801 -0.6847316 -0.09778827 -0.7854756 -0.6111183 -0.2896623 -0.7554216 -0.5877363 -0.2896598 -0.7554216 -0.5877376 -0.4705345 -0.6964264 -0.5418373 -0.4705355 -0.696426 -0.5418368 -0.5553972 -0.6563404 -0.5106381 -0.572283 -0.7227761 -0.3874104 -0.6343519 -0.570127 -0.5220662 -0.6242407 -0.5456849 -0.559063 -0.4705325 -0.6163393 -0.6314468 -0.4705368 -0.6163376 -0.6314453 -0.2896625 -0.6685503 -0.6849351 -0.2896592 -0.6685485 -0.6849383 -0.09779179 -0.6951465 -0.7121855 -0.0978232 -0.5959575 -0.7970353 -0.005852758 -0.5960569 -0.802921 0.2729454 0.9616497 0.02703166 0.4292862 0.9030141 0.01670175 0.570864 0.8180862 0.06963682 0.8804656 0.4720091 0.04458719 0.8785521 0.4755866 0.04431122 0.8653226 0.4993116 0.04364407 0.8339773 0.5498545 0.04628294 0.8422429 0.5373732 0.04309254 0.8469637 0.5249904 0.08389133 0.65077 0.7557163 0.07342553 0.8403582 0.5322573 0.1024715 0.8447142 0.524995 0.104107 0.7950766 0.5988143 0.0963065 0.768568 0.6334398 0.08976209 0.7582874 0.6456202 0.09041595 0.6773028 0.7307627 0.085128 0.7061704 0.7049797 0.06577986 0.4242894 0.9046592 0.03962618 0.4273115 0.9028412 0.04777717 0.5134637 0.8560031 0.06011551 0.5082255 0.8604001 0.03766387 0.5256145 0.849073 0.05295681 0.3624431 0.9314011 0.03357064 0.31862 0.9476326 0.02176719 0.3464007 0.9376398 0.028952 0.0579164 0.9983062 0.005530178 0.03989183 0.9992035 0.001055657 0.114702 0.9933292 0.01186412 0.1997737 0.9797075 0.01624017 0.1665809 0.9859994 0.007487654 0.2078703 0.9780023 0.01736164 0.05802488 0.998306 0.004276096 0.05798894 0.9983054 0.004864394 0.03454434 0.9994017 0.001761853 0.3051372 0.9521702 0.0162267 0.2569863 0.966333 0.01259499 0.1999098 0.9797053 0.01462119 0.1746492 0.984579 0.01009672 0.1022291 0.9947499 0.004686057 0.5070194 0.8614175 0.02985817 0.4645918 0.8851706 0.02504819 0.3636313 0.9313903 0.01686614 0.4157091 0.9088175 0.03516739 0.347536 0.9374451 0.02038627 0.5728616 0.8183127 0.04684281 0.5164409 0.8559846 0.02406877 0.6183463 0.7851749 0.03388738 0.6537107 0.7557166 0.03943276 0.6582382 0.7518168 0.03865289 0.805284 0.5913127 0.04321175 0.7772055 0.6276831 0.04433673 0.7724615 0.6334443 0.04529285 0.7292423 0.6832035 0.03793048 0.6947582 0.7182704 0.03739905 0.4057672 0.9130925 0.04019093 0.5144743 0.8559904 0.05095869 0.5144751 0.8559899 0.05095857 0.6517389 0.7556912 0.06455463 0.6517393 0.7556908 0.06455463 0.7700452 0.6334137 0.07627266 0.7700443 0.6334148 0.07627254 0.8469644 0.5249893 0.08389157 0.8488072 0.5249896 0.06254965 0.0580247 0.998306 0.004275798 0.1999033 0.979705 0.01473098 0.1999034 0.979705 0.01473098 0.363029 0.9313939 0.02675205 0.3630288 0.9313938 0.02675187 0.5155948 0.8559899 0.0379945 0.515594 0.8559903 0.03799474 0.6531575 0.7556908 0.04813182 0.6531577 0.7556908 0.04813194 0.7717202 0.6334146 0.05686897 0.7717196 0.6334152 0.05686891 0.8488072 0.5249894 0.06254982 0.8496412 0.5250189 0.04965066 0 -1 -8.87453e-6 0 -1 1.82106e-6 0 -1 1.67971e-5 0 -1 1.50593e-5 0 -1 4.33877e-6 -1 4.12258e-7 0 -1 -2.95134e-7 0 0.0137034 -0.9999061 0 -0.4305806 -0.9024755 -0.01176351 -0.1740507 -0.9844008 0.02571904 -0.2686166 -0.9631013 -0.01676994 -0.1460441 -0.9892781 0 0.1467983 -0.9890767 -0.01332759 0.07300692 -0.9973302 0.001621127 0.3322988 -0.9431731 -0.001516878 0.325685 -0.9454784 0 0.5364957 -0.8439032 0 0.5598568 -0.828562 -0.006751954 0.7379249 -0.6748185 0.009319663 0 -0.9948198 -0.1016542 0 -0.991662 -0.1288672 -1.20019e-6 -0.9916607 -0.1288763 9.27332e-7 -0.9948188 -0.101665 -0.5521038 -0.8337692 0.003226101 -0.748266 -0.6633925 -0.002921938 -0.0137034 -0.9999061 0 -0.1467985 -0.9890766 -0.01332765 -0.07300686 -0.9973301 0.001621186 -0.3322988 -0.9431729 -0.001516878 -0.325685 -0.9454784 0 -0.5346815 -0.8450537 0 -0.6230529 -0.7817618 -0.02556705 0.1304654 -0.9895463 -0.06145709 0.231546 -0.972824 0 0.3255945 -0.9445339 -0.04294282 -7.54785e-6 -0.8603576 0.5096911 0 0.8603631 -0.5096817 0 0.8603658 -0.5096772 0 0.8603634 -0.5096811 0 0.8603656 -0.5096775 0 0.8603678 -0.5096738 -4.47269e-6 0.8603644 -0.5096794 1.83728e-6 0.860367 -0.5096751 1.2374e-6 0.8603678 -0.5096737 -3.25544e-7 0.8603594 -0.5096879 -4.10259e-7 0.8603646 -0.5096791 -5.8008e-7 0.8603666 -0.5096758 2.9004e-7 0.8603662 -0.5096765 4.10259e-7 0.8603646 -0.5096791 3.25545e-7 0.8603616 -0.509684 -1.24873e-6 0.8603687 -0.5096724 0 -1 -4.77841e-7 0.7026683 -0.5526267 -0.4481753 0.7004296 -0.5578507 -0.4451978 0.6995216 -0.55904 -0.4451335 0.7194683 -0.4432998 -0.5346501 0.7002944 -0.498623 -0.5108452 0.7084594 -0.5003633 -0.4977168 0.7052609 -0.5138938 -0.4883854 0.7059561 -0.5124804 -0.4888659 0.7071968 -0.5237616 -0.4749174 0.7066189 -0.5413866 -0.4556208 0.09794312 -0.6738736 -0.7323261 0.03481918 -0.8678679 -0.4955735 0.1462421 -0.8222272 -0.5500506 0.1114267 -0.8651948 -0.4888988 0.2512999 -0.8140689 -0.523584 0.316832 -0.7720245 -0.5509952 0.2897306 -0.8263013 -0.4829931 0.4585406 -0.7284402 -0.5090339 0.4649944 -0.629719 -0.6222815 0.572283 -0.7227761 -0.3874104 0.6334992 -0.5404548 -0.5537034 0.6337665 -0.6051296 -0.481828 0.6739417 -0.5516318 -0.4914316 0.5891906 -0.4771728 -0.6520434 0.5560656 -0.5114745 -0.6551221 0.5464859 -0.5144965 -0.6607924 0.4697591 -0.5463806 -0.6933937 0.4711118 -0.5452348 -0.6933778 0.3908238 -0.5561783 -0.7334321 0.3253594 -0.5712872 -0.7535067 0.2900207 -0.5876653 -0.7553393 0.2151863 -0.5787599 -0.7865951 0.0782957 -0.6056578 -0.791864 0.09782373 -0.5959579 -0.797035 0.005852758 -0.5960547 -0.8029226 0.09778654 -0.7854753 -0.611119 0.09801256 -0.8294905 -0.5498538 0.09779077 -0.7854748 -0.6111189 0.2896608 -0.755422 -0.5877366 0.2896621 -0.7554211 -0.5877372 0.4705349 -0.6964265 -0.5418369 0.470534 -0.6964269 -0.5418371 0.5553978 -0.6563404 -0.5106376 0.610641 -0.6224591 -0.4895531 0.09797215 -0.7221801 -0.6847317 0.1264386 -0.6928883 -0.7098727 0.2896621 -0.6685487 -0.6849369 0.2896595 -0.6685501 -0.6849366 0.4705342 -0.6163392 -0.6314457 0.4705352 -0.6163377 -0.6314464 0.6335001 -0.5404541 -0.553703 0.6343656 -0.5063659 -0.584101 0.6467676 -0.4868063 -0.5871212 0.04735082 -0.8674175 -0.495323 -0.03760099 -0.8843355 -0.4653354 0.02645248 -0.8975953 -0.4400262 -0.04552352 -0.864502 -0.5005638 -0.02338647 -0.9008133 -0.4335764 0.007491469 -0.9014214 -0.4328778 0.01827442 -0.9029386 -0.429381 0 -0.9011076 -0.4335955 0 -0.9011084 -0.4335941 0.0258516 -0.9052363 -0.4241216 -0.002121686 -0.9023807 -0.4309347 -0.0258516 -0.9052363 -0.4241216 0.0021227 -0.9023809 -0.4309343 -0.007155001 -0.902934 -0.4297197 0.02065163 -0.8969064 -0.441738 -0.01827454 -0.902939 -0.4293803 0.03760081 -0.8843356 -0.4653354 -0.02645248 -0.8975955 -0.4400257 -0.01961213 -0.8948287 -0.4459788 0.02248829 -0.8550466 -0.5180633 -0.02215218 -0.8843044 -0.4663853 0 -0.6267062 -0.7792558 -0.2324214 -0.5797491 -0.7809426 0 -0.8235486 -0.5672459 0 -0.6771295 -0.7358639 0 -0.7256712 -0.6880418 -0.08676159 -0.7565308 -0.6481772 0.05254465 -0.7881665 -0.6132151 -0.002024412 -0.820284 -0.5719529 0 -0.8335066 -0.5525096 0 -0.8683935 -0.4958759 -0.1012864 -0.755488 -0.6472858 0.1661816 -0.7782828 -0.6055244 0 -0.8191789 -0.5735381 6.76883e-4 -0.820824 -0.5711809 -1.66439e-4 -0.8334991 -0.5525211 1.65313e-5 -0.8354543 -0.54956 -2.2791e-4 -0.870397 -0.4923504 0.02858597 -0.888415 -0.4581503 0 -0.5960737 -0.8029299 0.1495316 -0.6196601 -0.7704945 0.07593518 0 0.9971128 0.9455407 0.01500976 0.325158 0.9646009 -0.007509708 0.2636072 0.972441 0 0.233149 0.6559192 1.7745e-5 0.7548313 0.6814934 0.01235687 0.73172 0.7370775 -0.01221543 0.6756978 0.7863554 0.01518547 0.6175878 0.7833392 0.01293063 0.6214601 0.824023 -0.005569458 0.5665291 0.8401718 2.37969e-5 0.5423204 0.8628403 -4.12542e-5 0.5054767 0.8866852 0.01214247 0.4622143 0.9088943 -0.01181429 0.4168593 0.9419292 0.009696781 0.3356717 0.6247581 -1.03515e-5 0.7808184 0.6125196 -3.3787e-4 0.7904554 0.5996063 -0.002792656 0.8002904 0.5368003 0.009746611 0.8436531 0.07253801 0.002910554 0.9973615 0.2161424 -0.002629697 0.9763583 0.2250949 0.004531562 0.9743263 0.3096327 -0.001151025 0.9508556 0.3153588 -6.7615e-5 0.9489725 0.3754525 1.42096e-4 0.9268417 0.4012231 0.01316243 0.9158858 0.4815652 -0.01115781 0.8763392 0.5530624 0.02076441 0.8328812 0.404183 0.8736636 0.2708287 0.9249196 0.2352848 0.298605 0.6802062 0.664638 0.3091534 0.1746379 0.9588196 0.2239792 -0.2092374 0.9705847 0.1191012 0.9217303 0.248166 0.2980386 0.8993458 0.2340741 0.3693053 0.8984863 0.2397293 0.3677666 0.8637058 0.2203761 0.4532623 0.8580402 0.2415928 0.4532109 0.8141095 0.2207068 0.5371353 0.8272256 0.06613147 0.5579646 0.7701878 0.2270226 0.5960466 0.7383934 0.2151373 0.6391331 0.7388385 0.2183497 0.6375274 0.6896564 0.2007421 0.6957562 0.6846514 0.2213877 0.694435 0.6123688 0.2018291 0.7643753 0.6268857 0.01784324 0.778907 0.5576071 0.2073503 0.8037912 0.5193216 0.2003211 0.8307687 0.5195833 0.2038632 0.8297427 0.4527211 0.1927037 0.8705797 0.4517217 0.2018779 0.8690184 0.358846 0.1945009 0.9129069 0.3517502 0.02676415 0.9357112 0.3011273 0.1949716 0.933439 0.6782398 0.6669209 0.308557 0.6581878 0.6549054 0.3713325 0.6575582 0.6558428 0.3707932 0.6287015 0.6386987 0.4436199 0.6257844 0.6422838 0.4425668 0.5706251 0.6165493 0.5424519 0.568074 0.6200119 0.5411813 0.5325644 0.6074245 0.5894156 0.5325359 0.6077598 0.5890957 0.497475 0.5945881 0.6316515 0.4958089 0.5972742 0.6304262 0.4286833 0.5791112 0.6934413 0.4281479 0.580253 0.6928173 0.3841236 0.5725681 0.724303 0.3841058 0.5727538 0.7241656 0.3420003 0.5654824 0.7505102 0.3424188 0.5641663 0.7513094 0.272952 0.558515 0.7832998 0.2735078 0.5552032 0.7854571 0.2780008 0.9307875 0.2373824 0.2620663 0.9216443 0.2861698 0.2643555 0.9204072 0.2880396 0.2477848 0.9103456 0.3314722 0.2583706 0.9054617 0.3367249 0.2278596 0.8913258 0.3919417 0.2387005 0.8852541 0.3991835 0.2208495 0.8789147 0.4227701 0.2214012 0.8778837 0.4246195 0.2067037 0.8724133 0.4429095 0.2164521 0.8654198 0.4518817 0.1905663 0.8584608 0.4761614 0.19827 0.8512754 0.4858179 0.1840543 0.8487457 0.4957366 0.1848285 0.8468115 0.4987474 0.1742401 0.8450419 0.5055141 0.1788043 0.8384567 0.5148004 0.1634324 0.837213 0.5218852 0.1658158 0.831429 0.5303122 -0.1934401 0.972901 0.1266674 -0.1957384 0.971512 0.1336075 -0.1901015 0.9718999 0.1388244 -0.1912887 0.9711962 0.14208 -0.1656873 0.9734153 0.1581466 -0.1646942 0.9738744 0.1563477 -0.1389569 0.9742563 0.1775265 -0.1346881 0.9758592 0.1719243 -0.1333192 0.9751418 0.1769871 -0.125002 0.9780837 0.166514 -0.1028613 0.9761933 0.1909613 -0.08242982 0.9816744 0.1718165 -0.06532585 0.9782754 0.1967486 -0.04687148 0.9818257 0.1839065 -0.04513603 0.9806136 0.1906826 -0.0225805 0.9841045 0.1761493 -0.01315093 0.9802915 0.1971187 0.02818429 0.9836022 0.1781358 0.03258103 0.9805021 0.1937889 0.07142746 0.1751652 0.9819447 0.2120057 0.1945182 0.9577142 0.2110583 0.1751917 0.9616457 0.1838772 0.5381683 0.8225353 0.1798565 0.5545653 0.812471 0.1167433 0.8415965 0.5273391 0.1221327 0.8308297 0.5429602 0.04226708 0.9806935 0.1909288 0.03639513 0.9843561 0.1723906 0.01279073 0.984342 0.1758049 0.01278871 0.984343 0.175799 0.0714361 0.1753211 0.9819162 0.06754106 0.3655342 0.9283443 0.05941516 0.5381705 0.8407393 0.06037735 0.5544133 0.8300486 0.03917962 0.8415923 0.5386903 0.0384835 0.8308421 0.555176 0.02647483 0.9309685 0.3641384 0 0 1 -0.8523606 0.4204131 0.3110214 -0.5703482 0.7658583 0.2969245 -0.1746333 0.9588209 0.2239773 0.2566197 0.9606163 0.1065953 0.01200556 0.988673 0.1496051 -0.4087927 0.8775054 0.2507444 -0.7489716 0.5916802 0.2982551 -0.8646364 0.2208812 0.4512376 -0.8977445 0.2392899 0.3698585 -0.9000835 0.2345046 0.3672291 -0.9212107 0.2478051 0.2999393 -0.9400281 0.188931 0.2839937 -0.6909613 0.2012084 0.6943254 -0.7375081 0.2178545 0.6392349 -0.7397134 0.2156399 0.637435 -0.7701869 0.2270221 0.596048 -0.8272256 0.06613147 0.5579646 -0.8141095 0.2207068 0.5371353 -0.8570704 0.2410918 0.4553079 0.1926478 0.9733712 0.1242392 0.1966328 0.9709635 0.1362549 0.1890878 0.9724694 0.1361955 0.1923347 0.9705772 0.1448702 0.1642006 0.9740993 0.1554632 0.1661916 0.9731822 0.1590504 0.137009 0.9749926 0.1749795 0.1365759 0.975158 0.1743959 0.1313772 0.9758466 0.1745382 0.1268607 0.9774492 0.168818 0.1006073 0.976835 0.1888692 0.08436959 0.9811916 0.1736233 0.0630536 0.9787365 0.19519 0.04881584 0.9814665 0.185312 0.04312002 0.9809621 0.1893516 0.02432322 0.9838671 0.1772395 0.01120907 0.9804856 0.1962711 -0.2754201 0.9294284 0.2455742 -0.2616775 0.9214063 0.2872897 -0.2647827 0.9206341 0.2869201 -0.2473274 0.9100419 0.3326452 -0.2590007 0.9057116 0.3355672 -0.2271875 0.8909811 0.3931137 -0.2395526 0.885537 0.3980437 -0.2200781 0.8786141 0.423796 -0.222193 0.8781775 0.4235972 -0.2058702 0.8720738 0.4439648 -0.2174617 0.8656793 0.4508991 -0.1896752 0.858193 0.4769992 -0.1993137 0.8514578 0.4850709 -0.1830169 0.8485396 0.496473 -0.1858983 0.8469896 0.4980466 -0.1733115 0.8448776 0.5061078 -0.1798327 0.8385345 0.5143152 -0.6781259 0.6668342 0.3089944 -0.6583435 0.6550023 0.3708852 -0.6574025 0.655748 0.3712365 -0.6288905 0.6388199 0.443177 -0.6255628 0.6421867 0.4430209 -0.5708366 0.616666 0.5420967 -0.5678201 0.6199258 0.5415463 -0.5326967 0.6075069 0.5892111 -0.5323976 0.6076751 0.5893079 -0.497683 0.5946587 0.6314211 -0.4955685 0.5972235 0.6306632 -0.4288002 0.5791493 0.6933373 -0.4280191 0.5802261 0.6929194 -0.3841924 0.5725679 0.7242667 -0.384024 0.5727592 0.7242048 -0.3418539 0.5654554 0.7505971 -0.3425762 0.5641779 0.751229 -0.3588527 0.1944992 0.9129046 -0.4509664 0.2018247 0.8694229 -0.4534443 0.1928286 0.8701756 -0.5185062 0.2036882 0.8304592 -0.5203849 0.2005174 0.8300558 -0.5576114 0.2073541 0.8037872 -0.6268841 0.0178433 0.7789083 -0.6123688 0.2018291 0.7643753 -0.6832613 0.2210071 0.6959238 -0.3011178 0.1949722 0.9334421 -0.3517538 0.02676308 0.93571 -0.2738556 0.555182 0.7853509 -0.2726223 0.5584952 0.7834285 -0.1667241 0.831411 0.5300557 -0.1625842 0.8371484 0.5222537 -0.03400522 0.9805318 0.1933941 -0.02686035 0.983533 0.1787216 -0.972441 0 0.233149 -0.9646009 -0.007509708 0.2636072 -0.9455406 0.01500976 0.3251582 -0.9419292 0.009696781 0.3356717 -0.8885558 -0.02308493 0.4581875 -0.9054573 0.0228542 0.4238215 -0.8628453 0 0.5054682 -0.8400856 0 0.542454 -0.824023 -0.005569458 0.5665291 -0.7833392 0.01293063 0.6214601 -0.5996095 -0.002792835 0.800288 -0.5368003 0.009746611 0.8436531 -0.7863459 0.01518571 0.6176 -0.7370768 -0.01221507 0.6756987 -0.6814934 0.01235711 0.73172 -0.6559192 1.7745e-5 0.7548313 -0.6247581 -1.03515e-5 0.7808184 -0.6125169 -3.37871e-4 0.7904573 -0.07253372 0 0.9973661 -0.07561767 0.002793192 0.997133 -0.2161424 -0.002629697 0.9763583 -0.2250975 0.004531562 0.9743258 -0.3096345 -0.001151025 0.950855 -0.3153548 -6.76879e-5 0.9489738 -0.3754504 1.42096e-4 0.9268426 -0.4012202 0.01316255 0.9158872 -0.4815666 -0.01115804 0.8763385 -0.5530628 0.02076351 0.8328809 0 0.984421 0.1758278 0 0.9844281 0.1757882 0 0.9313032 0.3642451 0 0.555442 0.8315554 0 0.8314511 0.555598 0 0.9314272 0.3639279 0 0.1757672 0.9844319 0 0.3664385 0.9304423 0 0.3663138 0.9304914 -0.01279342 0.9843416 0.1758067 -0.04226708 0.9806933 0.1909297 -0.03639507 0.9843538 0.1724038 -0.1184486 0.841535 0.5270568 -0.1203047 0.8307704 0.5434586 -0.1821611 0.5382214 0.8228822 -0.1817218 0.5546348 0.8120083 -0.2120071 0.1945192 0.9577136 -0.2110539 0.1751916 0.9616466 -0.07144576 0.1751698 0.9819425 -0.07141774 0.1753166 0.9819183 -0.01278603 0.9843434 0.175797 -0.02647483 0.9309685 0.3641384 -0.03746348 0.8415284 0.5389123 -0.04038095 0.830786 0.5551252 -0.061136 0.538223 0.8405823 -0.0584793 0.554482 0.8301386 -0.06754106 0.3655342 0.9283443 -0.3026579 0.9452119 0.1223632 -0.3428111 0.9331185 0.1084924 0.09283232 0.9724402 0.2138747 0.05983847 0.9768318 0.2054728 0.4729177 0.8386667 0.2701611 0.452018 0.851223 0.2666443 0.7746655 0.5660681 0.2818872 0.7660034 0.577932 0.2814847 0.9482082 0.1996935 0.2470299 0.9470766 0.2044782 0.2474564 -0.2102587 0.9697716 0.1238329 -0.2966237 0.950272 0.09485578 0.1778402 0.9614992 0.2095052 0.09810483 0.9768908 0.1898941 0.4106948 0.8789281 0.2425185 0.4767024 0.8419163 0.2528476 0.691088 0.6729011 0.263821 0.777226 0.5682184 0.2702734 0.9382197 0.2444204 0.2449543 0.9492617 0.2005652 0.242231 0.9653185 0.2206106 0.1396116 0.9563845 0.2774872 0.09126669 -0.4246457 0.8963725 0.1272501 -0.483866 0.8676137 0.1145439 0.001710474 0.98358 0.1804648 -0.04664969 0.9835307 0.1746177 0.4275389 0.8817791 0.199189 0.4000133 0.8948236 0.1981928 0.770996 0.6109243 0.1798242 0.7631774 0.6204672 0.1805015 0.9944547 -0.07437652 0.07435053 0.9767773 0.1930355 0.09297126 -0.3481251 0.9279885 0.1328389 -0.4225119 0.899509 0.1112083 0.05814576 0.9752864 0.2131562 -0.001075148 0.9794386 0.2017403 0.4540953 0.853191 0.2566373 0.4205225 0.8711979 0.2533277 0.7711555 0.5830259 0.2557346 0.7611283 0.5958744 0.2561597 0.9543013 0.2120343 0.2105959 0.9556718 0.2065281 0.2098514 -0.7231468 0.663336 0.1924686 -0.6947666 0.706705 0.133669 -0.7186266 0.5860514 0.3743256 -0.7081763 0.6211813 0.3355894 -0.7226586 0.6218224 0.3018304 -0.7228823 0.6089051 0.3266128 -0.7057688 0.5995849 0.377344 -0.6888908 0.6041092 0.4006016 -0.6911033 0.589853 0.4176716 -0.7815494 0.5641327 0.2663362 -0.7773349 0.5579091 0.2906679 -0.7674964 0.5485235 0.3317702 -0.7841507 0.5839712 0.2099654 -0.7828058 0.5522043 0.2868546 -0.8101084 0.5368363 0.2356507 -0.8056932 0.539003 0.2456308 -0.8216553 0.5118655 0.2507519 -0.7256436 0.668323 0.1636636 -0.7492188 0.6473507 0.1400291 -0.786589 0.6009165 0.1420467 -0.7141098 0.6522988 0.2540737 -0.7266687 0.6502634 0.2216083 -0.8054816 0.552882 0.2133567 -0.8181968 0.5481456 0.1734657 -0.8303255 0.5343144 0.1583282 0 1 -1.6006e-6 0 1 2.0933e-6 0 1 -5.48282e-6 0 1 4.13462e-6 0 1 -1.70763e-6 0 1 1.41306e-6 0 1 1.22932e-6 1.67557e-6 1 5.21176e-7 0 1 -3.86741e-6 0 1 2.79278e-6 0 1 -3.70359e-6 0 1 1.71477e-6 0 1 5.16036e-6 0 1 -3.61821e-6 0 1 3.11981e-6 0 1 -2.21767e-6 0 1 1.63915e-6 0 1 2.0508e-6 0 1 -1.81538e-6 0 1 9.55872e-7 0 1 1.12669e-6 2.54946e-6 1 2.51624e-7 0 1 3.10222e-7 -1.125e-6 1 0 0 1 -1.50423e-6 0 1 -1.00101e-6 0 1 -5.00238e-7 -4.06745e-6 1 -3.84594e-6 9.54218e-7 1 9.02253e-7 0 1 8.33792e-7 0 1 -4.07485e-7 0 1 -1.6131e-7 0 1 1.64285e-7 0 1 0 0 1 -1.61272e-6 0 1 2.01878e-7 0 1 -6.8523e-7 -1.65064e-7 1 6.85787e-7 -2.12122e-6 1 0 0 1 -4.25055e-7 0 1 -2.55289e-7 0 1 7.35185e-7 0 1 -7.28317e-7 0 1 2.89717e-7 0 1 -7.15762e-7 0 1 4.29115e-7 0 1 -1.46546e-6 0 1 1.14033e-5 0 1 -4.68188e-6 0 1 -4.82407e-7 0 1 7.71143e-7 0 1 1.13977e-6 0 1 -2.67128e-6 0 1 9.92827e-7 0 1 2.77982e-6 -0.9038575 0.4278337 0 -0.8937809 0.4484874 0.003848612 -0.9982347 0.05939328 0 -0.9972051 0.07463699 0.003377974 -0.986892 0.1613751 -0.001570999 -0.9842121 0.1769938 -9.15777e-6 -0.9652227 0.2614293 -6.23607e-6 -0.9748697 0.2226231 0.008262634 -0.9331772 0.3591796 -0.01305365 -0.9561172 0.2928695 0.008214771 -0.9175003 0.3977264 -0.002646267 -0.9202873 0.3912433 -3.76171e-5 -0.4242894 0.9046592 0.03962618 -0.8788016 0.4752626 0.04281878 -0.880176 0.4727234 0.04269647 -0.8655689 0.4990268 0.04198789 -0.8338876 0.5499283 0.04701703 -0.6947579 0.7182707 0.03739881 -0.7292423 0.6832035 0.03793048 -0.7724615 0.6334444 0.04529291 -0.7772055 0.6276831 0.04433673 -0.8052833 0.5913135 0.04321169 -0.4645907 0.8851712 0.02504789 -0.5070194 0.8614175 0.02985817 -0.5159631 0.8560082 0.03212755 -0.5745092 0.8179622 0.02961444 -0.6538327 0.7557139 0.03740775 -0.6181244 0.7847695 0.04537749 -0.658239 0.7518162 0.03865301 -0.4208552 0.9068734 0.02148455 -0.3632153 0.9314023 0.02375853 -0.3475356 0.9374452 0.02038627 -0.1022292 0.9947499 0.004686057 -0.1746492 0.984579 0.01009672 -0.1999098 0.9797053 0.01462119 -0.2569863 0.966333 0.01259499 -0.3051374 0.9521701 0.01622635 -0.05802464 0.998306 0.004276096 -0.05807608 0.9983054 0.003680169 -0.03890365 0.9992361 0.003714799 -0.2729453 0.9616498 0.02703189 -0.2078703 0.9780023 0.01736164 -0.1998426 0.9797065 0.01543736 -0.1622059 0.9866531 0.01431292 -0.114702 0.9933292 0.01186412 -0.3096292 0.9503929 0.02971887 -0.3624811 0.9314021 0.03313302 -0.346401 0.9376397 0.02895218 -0.5152379 0.8559273 0.0437982 -0.4613527 0.885654 0.05263751 -0.4273115 0.9028412 0.04777717 -0.7016034 0.7073017 0.08646982 -0.6605991 0.7467047 0.07772445 -0.6507702 0.7557162 0.07342547 -0.570864 0.8180862 0.06963682 -0.5256145 0.849073 0.05295681 -0.7563672 0.6478523 0.09053248 -0.7685684 0.6334396 0.08976089 -0.7932371 0.6013224 0.09584534 -0.8403236 0.5403688 0.04310387 -0.8497358 0.5250178 0.04801535 -0.8488072 0.5249896 0.06254971 -0.8386938 0.534915 0.1022683 -0.8446558 0.5249929 0.104591 -0.8469632 0.5249911 0.08389145 -0.7700446 0.6334144 0.07627254 -0.7700449 0.6334142 0.07627266 -0.6517388 0.7556914 0.06455445 -0.6517394 0.7556907 0.06455463 -0.5144743 0.8559904 0.05095845 -0.5144751 0.85599 0.05095869 -0.4237647 0.9047992 0.04197406 -0.3928522 0.9188272 0.03773182 -0.03454434 0.9994017 0.001761853 -0.05798894 0.9983054 0.004864394 -0.05802494 0.998306 0.004275798 -0.1999031 0.979705 0.01473098 -0.1999036 0.9797049 0.01473098 -0.3630289 0.9313938 0.02675187 -0.3630288 0.9313939 0.02675199 -0.5155943 0.85599 0.03799462 -0.5155946 0.8559899 0.03799474 -0.653158 0.7556905 0.04813188 -0.6531569 0.7556914 0.04813188 -0.7717196 0.6334152 0.05686897 -0.7717204 0.6334143 0.05686897 -0.8488072 0.5249894 0.06254971 -0.8469648 0.5249885 0.08389139 1 7.32798e-7 0 1 -5.73525e-7 0 -1 -1.14705e-6 0 0 -1 -3.30924e-7 -2.47816e-6 0.5096773 0.8603658 5.86872e-7 0.5096818 0.8603631 0 0.5096775 0.8603657 -1.83821e-6 0.5096817 0.8603631 0 0.5096773 0.8603657 6.12431e-6 0.5096725 0.8603685 -4.3214e-6 0.5096836 0.8603621 1.83821e-6 0.5096817 0.8603631 0 0.5096833 0.8603621 -6.12431e-6 0.5096725 0.8603685 -4.42315e-7 0.5096759 0.8603666 0 0.5096783 0.860365 0 0.5096787 0.8603649 2.89119e-6 0.5096773 0.8603658 0 0.5096796 0.8603644 -4.05935e-6 0.5096804 0.860364 -0.9417109 -0.3364234 0 -0.9328474 -0.3602646 0.002303481 -0.8362013 -0.5483912 -0.005892157 -0.8392381 -0.5437214 -0.006821572 -0.7578157 -0.6524685 5.56975e-4 -0.5356282 -0.8444522 -0.001785278 -0.5251742 -0.8509948 0 -0.2077239 -0.9781875 0 -0.1632236 -0.9865837 -0.003297984 0.02812874 -0.9996022 0.002043426 0.07332098 -0.9973084 0 0.2623252 -0.9649795 0 0.266469 -0.9638435 -3.17027e-4 0.4819348 -0.8762071 3.05472e-4 0.4856194 -0.8741703 0 0.6468252 -0.7626384 0 0.7594329 -0.6505334 0.00825572 0.9807854 -0.1950897 0 0.9726975 -0.2320107 0.005541801 0.9074223 -0.4202201 0 0.8080069 -0.589173 0 0 -0.9802616 -0.197705 0 -0.9802619 -0.1977037 -0.9807854 -0.1950897 0 -0.9726975 -0.2320107 0.005541861 -0.9074223 -0.4202201 0 -0.8080069 -0.589173 0 -0.7594329 -0.6505334 0.00825572 -0.6468252 -0.7626384 0 -0.4818578 -0.8762495 0 -0.4856199 -0.8741701 3.16658e-4 -0.262275 -0.9649932 -3.28589e-4 -0.26647 -0.9638432 0 -0.02809476 -0.9996052 0 -0.07332092 -0.997303 0.003298223 0.2071768 -0.9782931 -0.004531502 0.1632242 -0.9865891 0 0.5356296 -0.8444531 0 0.5246731 -0.8513017 -0.00188589 0.9417109 -0.3364234 0 0.9328469 -0.3602656 0.002303481 0.8362013 -0.5483912 -0.005892157 0.8392378 -0.5437218 -0.006821572 0.7578153 -0.6524691 5.56881e-4 -0.06963008 -0.351483 -0.9336014 -0.1994985 0 -0.9798982 -0.4401341 0 -0.8979321 -0.5488655 -0.1264105 -0.8262972 -0.6560487 0 -0.7547187 -0.8276308 0 -0.5612729 -0.8908813 -0.0819863 -0.4467762 -0.9440417 0 -0.3298262 -0.9971917 0 -0.0748918 -0.9958021 -0.0734573 0.05461078 -0.9829633 0 0.1838022 -0.9022704 0 0.4311707 -0.8363221 -0.08711564 0.5412727 -0.7612313 0 0.6484806 0 -1 0 -0.9626362 -0.1914836 -0.1914827 -0.4681395 -0.8264366 -0.3128064 -0.1652663 -0.9800469 -0.1104319 -0.1104331 -0.9800472 -0.165264 0.1652666 -0.9800471 -0.11043 0.1104331 -0.9800472 -0.165264 0.936428 -0.3345375 -0.1057713 0.9024685 -0.2947322 -0.3141396 0.7794748 -0.3781713 -0.4994052 0.7597385 -0.4063222 -0.5076416 0.6835675 -0.2739004 -0.6765458 0.4736586 -0.3837776 -0.7926932 0.5250564 -0.3268484 -0.7858027 0.3815886 -0.2703518 -0.8839118 0.2791705 -0.2692666 -0.9217154 0.1856729 -0.3071742 -0.9333647 0.1155779 -0.2406425 -0.9637079 -0.18957 -0.2363938 -0.9529855 -0.1302604 -0.2163772 -0.9675811 -0.02029657 -0.2181536 -0.9757034 -0.06938862 -0.9438263 -0.3230746 0.4681442 -0.8264389 -0.3127937 0.4681316 -0.8264433 -0.312801 0.3127945 -0.826444 -0.4681345 0.3128145 -0.8264384 -0.4681311 0.109831 -0.8264396 -0.5522089 0.6954386 -0.5481277 -0.4646733 0.6954465 -0.5481225 -0.4646676 0.4646742 -0.5481196 -0.6954444 0.4646765 -0.5481209 -0.6954419 0.1631812 -0.5481193 -0.8203276 0.1631544 -0.5481367 -0.8203212 -0.1631795 -0.5481346 -0.8203176 0.8656882 -0.4700359 -0.1721928 0.8248825 -0.5409687 -0.1640787 0.8174037 -0.5491212 -0.1741185 0.5333715 -0.8408908 -0.09174811 0.5859182 -0.8103702 -3.98048e-4 0.1620858 -0.9797045 -0.1179292 -0.2660944 -0.9624926 -0.05293154 -0.4833719 -0.8701191 -0.09614896 -0.5232814 -0.8311758 -0.1879454 -0.6415351 -0.7564039 -0.1276165 -0.7977666 -0.5817089 -0.1586925 -0.3128076 -0.8264468 -0.4681207 -0.4681414 -0.8264407 -0.312793 -0.6954429 -0.5481309 -0.464663 -0.8105831 -0.5510668 -0.1981931 -0.8929957 -0.413529 -0.1776298 -0.5452982 -0.1914882 -0.8160774 -0.2639464 -0.1937416 -0.9448792 -0.2139595 -0.2222275 -0.9512288 -0.8160819 -0.1914762 -0.5452955 -0.545289 -0.1914691 -0.8160879 -0.464675 -0.5481187 -0.6954446 -0.1631568 -0.5481178 -0.8203334 -0.1098274 -0.8264364 -0.5522145 0.1098361 -0.826438 -0.5522104 0.03877526 -0.9800474 -0.1949458 -0.9626368 -0.1914807 -0.1914825 -0.8160868 -0.1914809 -0.5452865 -0.6954434 -0.5481203 -0.4646747 -0.4646776 -0.5481206 -0.6954413 -0.3127982 -0.8264395 -0.4681402 -0.1098431 -0.8264427 -0.5522019 -0.03877508 -0.9800475 -0.194945 -1.80871e-6 -0.9771349 -0.2126209 9.94652e-7 -0.9771351 -0.2126197 1.24284e-6 -0.9771353 -0.2126188 -7.62398e-7 -0.9771343 -0.2126229 0 -0.9771348 -0.2126207 0 -0.9771354 -0.2126182 3.06047e-7 -0.9771346 -0.2126216 -7.23232e-7 -0.977135 -0.2126203 -7.54138e-7 -0.9771351 -0.21262 0.7977666 -0.5817087 -0.1586933 0.4833717 -0.8701189 -0.09615069 -0.110433 -0.9800468 -0.1652659 0.1652664 -0.9800472 -0.1104298 -0.7061166 -0.2526046 -0.6615061 0.249413 -0.3748177 -0.8929194 0.1905618 -0.214464 -0.9579622 -0.09023576 -0.2170733 -0.9719758 -0.1856653 -0.3072736 -0.9333335 -0.2781147 -0.2693914 -0.9219981 -0.7564811 -0.483214 -0.4407274 0.6415352 -0.756404 -0.1276152 0.5232814 -0.8311758 -0.1879454 0.4681454 -0.8264378 -0.3127946 0.4681323 -0.8264427 -0.3128015 -0.4681402 -0.8264409 -0.3127945 -0.4681393 -0.8264393 -0.3127999 -0.1652667 -0.9800468 -0.1104322 0.8929957 -0.413529 -0.1776298 0.8105831 -0.5510668 -0.1981931 0.695439 -0.5481271 -0.4646735 0.6954488 -0.5481221 -0.4646647 0.4646754 -0.5481184 -0.6954445 0.4646769 -0.5481197 -0.6954424 0.1631544 -0.5481365 -0.8203214 -0.1631795 -0.5481349 -0.8203174 0.2660944 -0.9624925 -0.05293321 0.06938809 -0.9438279 -0.3230699 -0.4200596 -0.4121534 -0.8085045 -0.5357292 -0.2648419 -0.8017812 -0.464674 -0.5481192 -0.6954448 -0.1631569 -0.548117 -0.8203338 -0.1098273 -0.8264367 -0.552214 0.03877508 -0.9800475 -0.194945 -0.1620846 -0.979705 -0.1179274 -0.5355587 -0.8443365 -0.01651984 -0.5562264 -0.8252297 -0.09802281 -0.8231724 -0.539844 -0.1759423 -0.8203247 -0.5481262 -0.1631724 -0.9256116 -0.3306735 -0.1841145 -0.8307349 -0.5478022 -0.09895616 0.1408092 -0.2650275 -0.9539043 0.260399 -0.1936557 -0.9458805 0.5452823 -0.1914886 -0.8160879 0.5453044 -0.1914697 -0.8160776 0.8160856 -0.1914754 -0.5452903 0.8160833 -0.1914815 -0.5452916 0.962637 -0.1914807 -0.191482 0.9626363 -0.1914829 -0.1914832 -0.8993306 -0.3282167 -0.2889259 -0.7865772 -0.3241485 -0.5255705 -0.6954412 -0.5481215 -0.4646766 -0.4646772 -0.5481218 -0.6954407 -0.3127979 -0.8264397 -0.4681397 -0.1098433 -0.8264421 -0.5522028 -0.03877526 -0.9800474 -0.1949458 0.7614855 0 0.648182 0.8363261 -0.08707964 0.5412725 0.9958023 -0.07345485 0.05461102 0.982959 0 0.1838251 0.902446 0 0.4308031 0.8908799 -0.08199822 -0.4467767 0.9440137 0 -0.3299065 0.9971936 0 -0.07486641 0.5488792 -0.1263413 -0.8262987 0.6562046 0 -0.7545831 0.827579 0 -0.5613495 0.0696147 -0.351957 -0.9334239 0.1993613 0 -0.9799261 0.4403086 0 -0.8978465 -6.46447e-7 0 -1 2.52352e-7 0 -1 -1.68413e-7 0 -1 7.63875e-7 0 -1 -7.89103e-7 0 -1 -0.3042206 0.9526017 0 -0.2317613 0.9727048 -0.01149487 -0.2310287 0.9729093 -0.008560538 -0.2282356 0.9736012 -0.003056347 -0.2256314 0.9742128 0 -0.2791629 0.9602187 -0.006941795 -0.2957717 0.9550158 -0.02154093 -0.2603244 0.965521 -5.23796e-4 -0.2428312 0.9700683 7.64549e-4 -0.2322485 0.9726234 -0.008032441 -0.3407418 0.9401566 7.90325e-4 -0.3171215 0.948374 -0.004553318 -0.3253466 0.9455949 0 -0.3825 0.9238498 -0.01397329 -0.3773996 0.9260116 -0.008491575 -0.3627815 0.9318733 -0.001333415 -0.3829374 0.9237471 0.007086455 -0.3808771 0.9246203 -0.003152787 -0.3817186 0.9241986 -0.01216107 -0.3449554 0.9386191 -2.21338e-4 -0.345633 0.9383698 0 -0.3612775 0.932455 -0.002521038 -0.3835996 0.9234443 0.0101006 -0.3855823 0.9225935 0.01214736 -0.2777621 0.9606499 0 -0.2461525 0.969202 -0.007514655 -0.2438359 0.9697588 -0.01059544 -0.1561313 0.9877114 0.007018923 -0.1226789 0.9898776 -0.07136082 0.3657593 0.9307096 0 0.3835909 0.923448 0.01009744 0.3808701 0.9246233 -0.003152132 0.3829423 0.9237451 0.00708419 0.3855829 0.9225933 0.01214504 0.3171368 0.9483689 -0.004545807 0.3407567 0.9401513 7.90276e-4 0.3627631 0.9318805 -0.001332163 0.3773936 0.9260142 -0.008482336 0.3824989 0.9238503 -0.01397055 0.3817191 0.9241984 -0.01216119 0.3253466 0.9455949 0 0.3420463 0.9396824 -0.001167535 0.302659 0.9529976 -0.01389807 0.3453025 0.9384915 0 0.2973707 0.9547622 0 0.2349745 0.9719507 -0.009946525 0.2442576 0.969684 -0.00715959 0.253445 0.9673365 -0.005094707 0.2440767 0.969744 -0.004812896 0.2340912 0.9721626 -0.010073 0.2313512 0.9728046 -0.01130902 0.2613167 0.9652466 -0.003556132 0.2754948 0.9613016 -0.001428306 0.2877038 0.9577193 -5.15403e-4 0.1228603 0.9898447 -0.07150363 0.1534515 0.9881563 0 0.2443861 0.9696781 0 0.2238112 0.9739015 -0.03774142 0.2521463 0.9676892 0</float_array>
          <technique_common>
            <accessor source="#f_distal_pst-mesh-normals-array" count="5182" stride="3">
              <param name="X" type="float"/>
              <param name="Y" type="float"/>
              <param name="Z" type="float"/>
            </accessor>
          </technique_common>
        </source>
        <source id="f_distal_pst-mesh-map-0">
          <float_array id="f_distal_pst-mesh-map-0-array" count="32244">0.396377 0.6804981 0.3966987 0.6709548 0.4140723 0.6712993 0.4496858 0.6874595 0.44967 0.6906442 0.4423937 0.6912062 0.3800393 0.6917925 0.3800512 0.6894348 0.3958548 0.6895027 0.3800695 0.6850154 0.3800917 0.6777677 0.396377 0.6804981 0.381482 0.670286 0.3967115 0.6703617 0.3966987 0.6709548 0.3966987 0.6709548 0.3967115 0.6703617 0.414102 0.6707063 0.3966987 0.6709548 0.414102 0.6707063 0.4140723 0.6712993 0.4140723 0.6712993 0.414102 0.6707063 0.4218956 0.6709558 0.381482 0.670286 0.3801095 0.6670722 0.3803279 0.6647912 0.3803279 0.6647912 0.3801095 0.6670722 0.380111 0.6651746 0.3803279 0.6647912 0.380111 0.6651746 0.3801125 0.6613658 0.3800917 0.6777677 0.3800932 0.6771184 0.396377 0.6804981 0.396377 0.6804981 0.3800932 0.6771184 0.3800947 0.676468 0.396377 0.6804981 0.3800947 0.676468 0.3966987 0.6709548 0.3966987 0.6709548 0.3800947 0.676468 0.3801056 0.670882 0.3966987 0.6709548 0.3801056 0.670882 0.381482 0.670286 0.381482 0.670286 0.3801056 0.670882 0.380108 0.668965 0.381482 0.670286 0.380108 0.668965 0.3801095 0.6670722 0.3951518 0.6976231 0.3800057 0.69756 0.3800324 0.6930922 0.3951518 0.6976231 0.3800324 0.6930922 0.3958548 0.6895027 0.3958548 0.6895027 0.3800324 0.6930922 0.3800364 0.6924448 0.3958548 0.6895027 0.3800364 0.6924448 0.3800393 0.6917925 0.4513093 0.6962244 0.4512792 0.7001691 0.4496335 0.696568 0.4496335 0.696568 0.4512792 0.7001691 0.4390579 0.6992305 0.4496335 0.696568 0.4390579 0.6992305 0.44967 0.6906442 0.4497382 0.6654493 0.4497313 0.6723797 0.4463989 0.6727738 0.4463989 0.6727738 0.4497313 0.6723797 0.4497283 0.6741424 0.4469142 0.6630741 0.4497387 0.6632664 0.4497382 0.6654493 0.431123 0.6647874 0.4416146 0.6653319 0.4463989 0.6727738 0.4497382 0.6654493 0.4463989 0.6727738 0.4469142 0.6630741 0.4469142 0.6630741 0.4463989 0.6727738 0.4416146 0.6653319 0.4469142 0.6630741 0.4416146 0.6653319 0.4417579 0.6627538 0.4296156 0.6814299 0.4463989 0.6727738 0.4448723 0.6822734 0.4448723 0.6822734 0.4463989 0.6727738 0.4497283 0.6741424 0.4448723 0.6822734 0.4497283 0.6741424 0.449711 0.6809388 0.3800512 0.6894348 0.3800695 0.6850154 0.3958548 0.6895027 0.3958548 0.6895027 0.3800695 0.6850154 0.396377 0.6804981 0.3958548 0.6895027 0.396377 0.6804981 0.4133293 0.6808339 0.4133293 0.6808339 0.396377 0.6804981 0.4140723 0.6712993 0.4133293 0.6808339 0.4140723 0.6712993 0.4307628 0.6719099 0.4307628 0.6719099 0.4140723 0.6712993 0.4218956 0.6709558 0.4307628 0.6719099 0.4218956 0.6709558 0.431123 0.6647874 0.431123 0.6647874 0.4218956 0.6709558 0.4223101 0.6644272 0.4121233 0.689825 0.4296156 0.6814299 0.4277526 0.6903967 0.4277526 0.6903967 0.4296156 0.6814299 0.4448723 0.6822734 0.4277526 0.6903967 0.4448723 0.6822734 0.4423937 0.6912062 0.4423937 0.6912062 0.4448723 0.6822734 0.449711 0.6809388 0.4423937 0.6912062 0.449711 0.6809388 0.4496858 0.6874595 0.44967 0.6906442 0.4390579 0.6992305 0.4423937 0.6912062 0.4423937 0.6912062 0.4390579 0.6992305 0.4340724 0.6989228 0.4423937 0.6912062 0.4340724 0.6989228 0.4277526 0.6903967 0.4277526 0.6903967 0.4340724 0.6989228 0.4252453 0.6984666 0.4277526 0.6903967 0.4252453 0.6984666 0.4121233 0.689825 0.4121233 0.689825 0.4252453 0.6984666 0.4149172 0.6980618 0.4121233 0.689825 0.4149172 0.6980618 0.4105004 0.6979269 0.431123 0.6647874 0.4463989 0.6727738 0.4307628 0.6719099 0.4307628 0.6719099 0.4463989 0.6727738 0.4296156 0.6814299 0.4307628 0.6719099 0.4296156 0.6814299 0.4133293 0.6808339 0.4133293 0.6808339 0.4296156 0.6814299 0.4121233 0.689825 0.4133293 0.6808339 0.4121233 0.689825 0.3958548 0.6895027 0.3958548 0.6895027 0.4121233 0.689825 0.4105004 0.6979269 0.3958548 0.6895027 0.4105004 0.6979269 0.3951518 0.6976231 0.8119115 0.363931 0.8185214 0.3645638 0.811918 0.3717106 0.811918 0.3717106 0.8185214 0.3645638 0.8185318 0.3766735 0.811918 0.3717106 0.8185318 0.3766735 0.8085091 0.3717106 0.8085091 0.3717106 0.8185318 0.3766735 0.8085135 0.3766735 0.4417579 0.6627538 0.4417579 0.6620016 0.4469142 0.6630741 0.4469142 0.6630741 0.4417579 0.6620016 0.4497387 0.6625131 0.4469142 0.6630741 0.4497387 0.6625131 0.4497387 0.6632664 0.2999561 0.9448235 0.3123616 0.9240232 0.3186084 0.9239693 0.3186084 0.9239693 0.3186084 0.9999532 0.3131551 1 0.3000252 0.9539946 0.2999561 0.9448235 0.3030043 0.9557126 0.3030043 0.9557126 0.2999561 0.9448235 0.3186084 0.9239693 0.3030043 0.9557126 0.3186084 0.9239693 0.3067374 0.9813921 0.3067374 0.9813921 0.3186084 0.9239693 0.3131551 1 0.09750932 0.201905 0.06838124 0.3674942 0.08996421 0.2013692 0.08996421 0.2013692 0.06838124 0.3674942 0.07573169 0.2698925 0.08996421 0.2013692 0.07573169 0.2698925 0.08257722 0.1997716 0.1570773 0.1997716 0.1639395 0.2698925 0.1496907 0.2013692 0.1496907 0.2013692 0.1639395 0.2698925 0.1713137 0.3674942 0.1496907 0.2013692 0.1713137 0.3674942 0.1421456 0.201905 0.1421456 0.201905 0.1713137 0.3674942 0.1753802 0.445186 0.1421456 0.201905 0.1753802 0.445186 0.09750932 0.201905 0.09750932 0.201905 0.1753802 0.445186 0.06433349 0.445186 0.09750932 0.201905 0.06433349 0.445186 0.06838124 0.3674942 0.1246563 0.5291119 0.1314781 0.5286664 0.1321979 0.5547261 0.5599224 0.4432564 0.5619273 0.4431458 0.5587446 0.4886144 0.5546129 0.4436563 0.5578691 0.4433923 0.5518245 0.4888376 0.5225022 0.7483128 0.5210724 0.7482565 0.5225081 0.7259628 0.5795159 0.6494338 0.5919358 0.653425 0.5893568 0.6884554 0.5967557 0.4901053 0.6085867 0.4796981 0.6047805 0.5141092 0.1952054 0.7766812 0.1952133 0.7997775 0.1940336 0.8001449 0.1918271 0.7537348 0.1952015 0.7436698 0.1952015 0.7490917 0.1952015 0.7490917 0.195204 0.7715101 0.1918271 0.7537348 0.1918271 0.7537348 0.195204 0.7715101 0.1952054 0.7766812 0.1918271 0.7537348 0.1952054 0.7766812 0.1771356 0.757612 0.1771356 0.757612 0.1952054 0.7766812 0.1940336 0.8001449 0.1771356 0.757612 0.1940336 0.8001449 0.1896755 0.8015038 0.1802842 0.7039822 0.1952074 0.70095 0.1952019 0.7308563 0.1714249 0.653788 0.1866495 0.6514702 0.1952074 0.6994212 0.1952103 0.6896643 0.1952074 0.6994212 0.1925993 0.6754498 0.1925993 0.6754498 0.1952074 0.6994212 0.1866495 0.6514702 0.1925993 0.6754498 0.1866495 0.6514702 0.1886568 0.6511741 0.1826205 0.6016196 0.1831462 0.6069993 0.1805989 0.6018103 0.1805989 0.6018103 0.1831462 0.6069993 0.1872364 0.641276 0.1787882 0.538249 0.1792457 0.5518845 0.1772166 0.551969 0.1772166 0.551969 0.1792457 0.5518845 0.1803292 0.572649 0.1764934 0.5038496 0.1785253 0.5038462 0.1787882 0.538249 0.1787882 0.538249 0.1772166 0.551969 0.1764934 0.5038496 0.1764934 0.5038496 0.1772166 0.551969 0.1618359 0.552712 0.1764934 0.5038496 0.1618359 0.552712 0.1610978 0.5040811 0.1610978 0.5040811 0.1618359 0.552712 0.1596937 0.5041208 0.1596937 0.5041208 0.1618359 0.552712 0.1466627 0.5536375 0.1596937 0.5041208 0.1466627 0.5536375 0.1459083 0.5046901 0.1321979 0.5547261 0.1314781 0.5286664 0.1466627 0.5536375 0.1459083 0.5046901 0.1466627 0.5536375 0.1415942 0.5049391 0.1415942 0.5049391 0.1466627 0.5536375 0.1314781 0.5286664 0.1415942 0.5049391 0.1314781 0.5286664 0.1314262 0.5056792 0.1314262 0.5056792 0.1314781 0.5286664 0.1251162 0.506263 0.1251162 0.506263 0.1314781 0.5286664 0.1246563 0.5291119 0.1251162 0.506263 0.1246563 0.5291119 0.1246024 0.5063155 0.5582832 0.7288457 0.5732696 0.7299075 0.5569695 0.7491398 0.5569695 0.7491398 0.5732696 0.7299075 0.5720127 0.7492834 0.1632701 0.8098377 0.1575041 0.8116883 0.1445264 0.7665297 0.5721105 0.4428604 0.5784388 0.4428915 0.5738012 0.4887173 0.6126403 0.4452967 0.6085867 0.4796981 0.5984715 0.4438776 0.5984715 0.4438776 0.6085867 0.4796981 0.5967557 0.4901053 0.5984715 0.4438776 0.5967557 0.4901053 0.5958456 0.4436777 0.5958456 0.4436777 0.5967557 0.4901053 0.581743 0.4890453 0.5958456 0.4436777 0.581743 0.4890453 0.587886 0.4432001 0.587886 0.4432001 0.581743 0.4890453 0.5832553 0.4430118 0.5683776 0.4429128 0.5721105 0.4428604 0.5660041 0.4885717 0.5660041 0.4885717 0.5721105 0.4428604 0.5738012 0.4887173 0.5660041 0.4885717 0.5738012 0.4887173 0.5705261 0.5149692 0.5705261 0.5149692 0.5738012 0.4887173 0.5784606 0.5153244 0.5705261 0.5149692 0.5784606 0.5153244 0.5753347 0.5417608 0.5753347 0.5417608 0.5784606 0.5153244 0.5934683 0.5163844 0.5753347 0.5417608 0.5934683 0.5163844 0.5903375 0.5428188 0.5903375 0.5428188 0.5934683 0.5163844 0.6012021 0.5487416 0.5903375 0.5428188 0.6012021 0.5487416 0.5998494 0.562515 0.5784388 0.4428915 0.5832553 0.4430118 0.5738012 0.4887173 0.5738012 0.4887173 0.5832553 0.4430118 0.581743 0.4890453 0.5738012 0.4887173 0.581743 0.4890453 0.5784606 0.5153244 0.5784606 0.5153244 0.581743 0.4890453 0.5967557 0.4901053 0.5784606 0.5153244 0.5967557 0.4901053 0.5934683 0.5163844 0.5934683 0.5163844 0.5967557 0.4901053 0.6047805 0.5141092 0.5934683 0.5163844 0.6047805 0.5141092 0.6012021 0.5487416 0.5549784 0.7491126 0.5412928 0.7488641 0.5503877 0.7282574 0.5503877 0.7282574 0.5412928 0.7488641 0.5426618 0.7276576 0.5503877 0.7282574 0.5426618 0.7276576 0.5445535 0.700897 0.5445535 0.700897 0.5426618 0.7276576 0.5373795 0.7003884 0.5445535 0.700897 0.5373795 0.7003884 0.5394461 0.6737075 0.5394461 0.6737075 0.5373795 0.7003884 0.5326228 0.6733134 0.5394461 0.6737075 0.5326228 0.6733134 0.5348573 0.6467568 0.5348573 0.6467568 0.5326228 0.6733134 0.5286496 0.6465316 0.5348573 0.6467568 0.5286496 0.6465316 0.5310457 0.6201185 0.1194812 0.6358696 0.1166008 0.6094881 0.1254058 0.6348514 0.1194812 0.6358696 0.1254058 0.6348514 0.1289738 0.6610324 0.1289738 0.6610324 0.1254058 0.6348514 0.1353425 0.6598502 0.1289738 0.6610324 0.1353425 0.6598502 0.1395949 0.6858584 0.1395949 0.6858584 0.1353425 0.6598502 0.1463124 0.6845 0.1395949 0.6858584 0.1463124 0.6845 0.1512267 0.7102409 0.1512267 0.7102409 0.1463124 0.6845 0.1654079 0.7071329 0.5578691 0.4433923 0.5599224 0.4432564 0.5518245 0.4888376 0.5518245 0.4888376 0.5599224 0.4432564 0.5587446 0.4886144 0.5518245 0.4888376 0.5587446 0.4886144 0.5554957 0.5147498 0.5554957 0.5147498 0.5587446 0.4886144 0.5627409 0.514775 0.5554957 0.5147498 0.5627409 0.514775 0.5596329 0.5411318 0.5596329 0.5411318 0.5627409 0.514775 0.5674077 0.5413764 0.5596329 0.5411318 0.5674077 0.5413764 0.5644548 0.5678768 0.5644548 0.5678768 0.5674077 0.5413764 0.5723754 0.5682903 0.5644548 0.5678768 0.5723754 0.5682903 0.569583 0.5949363 0.569583 0.5949363 0.5723754 0.5682903 0.5873742 0.5693483 0.569583 0.5949363 0.5873742 0.5693483 0.5845784 0.5959962 0.5845784 0.5959962 0.5873742 0.5693483 0.5978628 0.5835351 0.5845784 0.5959962 0.5978628 0.5835351 0.5947731 0.6184335 0.5619273 0.4431458 0.5683776 0.4429128 0.5587446 0.4886144 0.5587446 0.4886144 0.5683776 0.4429128 0.5660041 0.4885717 0.5587446 0.4886144 0.5660041 0.4885717 0.5627409 0.514775 0.5627409 0.514775 0.5660041 0.4885717 0.5705261 0.5149692 0.5627409 0.514775 0.5705261 0.5149692 0.5674077 0.5413764 0.5674077 0.5413764 0.5705261 0.5149692 0.5753347 0.5417608 0.5674077 0.5413764 0.5753347 0.5417608 0.5723754 0.5682903 0.5723754 0.5682903 0.5753347 0.5417608 0.5903375 0.5428188 0.5723754 0.5682903 0.5903375 0.5428188 0.5873742 0.5693483 0.5873742 0.5693483 0.5903375 0.5428188 0.5998494 0.562515 0.5873742 0.5693483 0.5998494 0.562515 0.5978628 0.5835351 0.5377668 0.7487826 0.5272697 0.7484817 0.5354937 0.727081 0.5354937 0.727081 0.5272697 0.7484817 0.5286862 0.7265064 0.5354937 0.727081 0.5286862 0.7265064 0.530565 0.699905 0.530565 0.699905 0.5286862 0.7265064 0.5243785 0.6994683 0.530565 0.699905 0.5243785 0.6994683 0.5264264 0.6729815 0.114434 0.5830644 0.1129829 0.5566023 0.1203892 0.5822917 0.114434 0.5830644 0.1203892 0.5822917 0.1225427 0.6085922 0.1225427 0.6085922 0.1203892 0.5822917 0.1289535 0.6076866 0.1225427 0.6085922 0.1289535 0.6076866 0.1317977 0.633807 0.1317977 0.633807 0.1289535 0.6076866 0.1385697 0.6327509 0.1317977 0.633807 0.1385697 0.6327509 0.1420898 0.6586432 0.1420898 0.6586432 0.1385697 0.6327509 0.1564068 0.656203 0.1664819 0.8088127 0.1632701 0.8098377 0.1503004 0.7649078 0.1503004 0.7649078 0.1632701 0.8098377 0.1445264 0.7665297 0.1503004 0.7649078 0.1445264 0.7665297 0.1381092 0.7406365 0.5423051 0.5151827 0.545516 0.4892337 0.5485929 0.5148876 0.5423051 0.5151827 0.5485929 0.5148876 0.5455145 0.541091 0.5455145 0.541091 0.5485929 0.5148876 0.552401 0.5410386 0.5455145 0.541091 0.552401 0.5410386 0.5494698 0.5674225 0.5494698 0.5674225 0.552401 0.5410386 0.5566893 0.5675837 0.5494698 0.5674225 0.5566893 0.5675837 0.5539118 0.594152 0.5539118 0.594152 0.5566893 0.5675837 0.5616683 0.5944956 0.5539118 0.594152 0.5616683 0.5944956 0.5590578 0.6211474 0.5590578 0.6211474 0.5616683 0.5944956 0.5669675 0.6216172 0.5590578 0.6211474 0.5669675 0.6216172 0.5645259 0.6483739 0.5645259 0.6483739 0.5669675 0.6216172 0.5819599 0.6226772 0.5645259 0.6483739 0.5819599 0.6226772 0.5795159 0.6494338 0.5795159 0.6494338 0.5819599 0.6226772 0.5938349 0.629656 0.5795159 0.6494338 0.5938349 0.629656 0.5919358 0.653425 0.5515226 0.443965 0.5546129 0.4436563 0.545516 0.4892337 0.545516 0.4892337 0.5546129 0.4436563 0.5518245 0.4888376 0.545516 0.4892337 0.5518245 0.4888376 0.5485929 0.5148876 0.5485929 0.5148876 0.5518245 0.4888376 0.5554957 0.5147498 0.5485929 0.5148876 0.5554957 0.5147498 0.552401 0.5410386 0.552401 0.5410386 0.5554957 0.5147498 0.5596329 0.5411318 0.552401 0.5410386 0.5596329 0.5411318 0.5566893 0.5675837 0.5566893 0.5675837 0.5596329 0.5411318 0.5644548 0.5678768 0.5566893 0.5675837 0.5644548 0.5678768 0.5616683 0.5944956 0.5616683 0.5944956 0.5644548 0.5678768 0.569583 0.5949363 0.5616683 0.5944956 0.569583 0.5949363 0.5669675 0.6216172 0.5669675 0.6216172 0.569583 0.5949363 0.5845784 0.5959962 0.5669675 0.6216172 0.5845784 0.5959962 0.5819599 0.6226772 0.5819599 0.6226772 0.5845784 0.5959962 0.5947731 0.6184335 0.5819599 0.6226772 0.5947731 0.6184335 0.5938349 0.629656 0.112186 0.5078456 0.1181595 0.5070405 0.1122483 0.5301267 0.1122483 0.5301267 0.1181595 0.5070405 0.1182169 0.5296006 0.1122483 0.5301267 0.1182169 0.5296006 0.1189466 0.5559525 0.1189466 0.5559525 0.1182169 0.5296006 0.1253815 0.5553245 0.1189466 0.5559525 0.1253815 0.5553245 0.1268143 0.5815244 0.1268143 0.5815244 0.1253815 0.5553245 0.1336208 0.5807727 0.1268143 0.5815244 0.1336208 0.5807727 0.1357452 0.6067824 0.1357452 0.6067824 0.1336208 0.5807727 0.1501571 0.6050159 0.1797921 0.8046011 0.1784681 0.805018 0.1631303 0.761379 0.1631303 0.761379 0.1784681 0.805018 0.1565303 0.7631829 0.1631303 0.761379 0.1565303 0.7631829 0.1501932 0.7375431 0.1501932 0.7375431 0.1565303 0.7631829 0.1439217 0.7391334 0.1501932 0.7375431 0.1439217 0.7391334 0.1382352 0.7132038 0.1382352 0.7132038 0.1439217 0.7391334 0.1323887 0.7145864 0.1382352 0.7132038 0.1323887 0.7145864 0.1273775 0.6884389 0.5363474 0.567473 0.5392455 0.5412813 0.5425991 0.5673856 0.5363474 0.567473 0.5425991 0.5673856 0.5398463 0.5937967 0.5398463 0.5937967 0.5425991 0.5673856 0.5467036 0.593921 0.5398463 0.5937967 0.5467036 0.593921 0.5441114 0.6204524 0.5441114 0.6204524 0.5467036 0.593921 0.5513092 0.6207514 0.5441114 0.6204524 0.5513092 0.6207514 0.5488794 0.6474285 0.5488794 0.6474285 0.5513092 0.6207514 0.5566207 0.6478749 0.5488794 0.6474285 0.5566207 0.6478749 0.5543619 0.6746413 0.5543619 0.6746413 0.5566207 0.6478749 0.5622632 0.6751713 0.5543619 0.6746413 0.5622632 0.6751713 0.5601813 0.7020036 0.5601813 0.7020036 0.5622632 0.6751713 0.5772516 0.6762312 0.5601813 0.7020036 0.5772516 0.6762312 0.5751683 0.7030636 0.5870422 0.7234566 0.5751683 0.7030636 0.5893568 0.6884554 0.5893568 0.6884554 0.5751683 0.7030636 0.5772516 0.6762312 0.5893568 0.6884554 0.5772516 0.6762312 0.5795159 0.6494338 0.5795159 0.6494338 0.5772516 0.6762312 0.5622632 0.6751713 0.5795159 0.6494338 0.5622632 0.6751713 0.5645259 0.6483739 0.5645259 0.6483739 0.5622632 0.6751713 0.5566207 0.6478749 0.5645259 0.6483739 0.5566207 0.6478749 0.5590578 0.6211474 0.5590578 0.6211474 0.5566207 0.6478749 0.5513092 0.6207514 0.5590578 0.6211474 0.5513092 0.6207514 0.5539118 0.594152 0.5539118 0.594152 0.5513092 0.6207514 0.5467036 0.593921 0.5539118 0.594152 0.5467036 0.593921 0.5494698 0.5674225 0.5494698 0.5674225 0.5467036 0.593921 0.5425991 0.5673856 0.5494698 0.5674225 0.5425991 0.5673856 0.5455145 0.541091 0.5455145 0.541091 0.5425991 0.5673856 0.5392455 0.5412813 0.5455145 0.541091 0.5392455 0.5412813 0.5423051 0.5151827 0.1381092 0.7406365 0.1323887 0.7145864 0.1439217 0.7391334 0.1381092 0.7406365 0.1439217 0.7391334 0.1503004 0.7649078 0.1503004 0.7649078 0.1439217 0.7391334 0.1565303 0.7631829 0.1503004 0.7649078 0.1565303 0.7631829 0.1664819 0.8088127 0.1664819 0.8088127 0.1565303 0.7631829 0.1784681 0.805018 0.1181595 0.5070405 0.1246024 0.5063155 0.1182169 0.5296006 0.1182169 0.5296006 0.1246024 0.5063155 0.1246563 0.5291119 0.1182169 0.5296006 0.1246563 0.5291119 0.1253815 0.5553245 0.1253815 0.5553245 0.1246563 0.5291119 0.1321979 0.5547261 0.1253815 0.5553245 0.1321979 0.5547261 0.1336208 0.5807727 0.1336208 0.5807727 0.1321979 0.5547261 0.1466627 0.5536375 0.1336208 0.5807727 0.1466627 0.5536375 0.1501571 0.6050159 0.1501571 0.6050159 0.1466627 0.5536375 0.1618359 0.552712 0.1501571 0.6050159 0.1618359 0.552712 0.1652745 0.603343 0.1652745 0.603343 0.1618359 0.552712 0.1772166 0.551969 0.1652745 0.603343 0.1772166 0.551969 0.1805989 0.6018103 0.1805989 0.6018103 0.1772166 0.551969 0.1803292 0.572649 0.1805989 0.6018103 0.1803292 0.572649 0.1826205 0.6016196 0.5272697 0.7484817 0.5225022 0.7483128 0.5286862 0.7265064 0.5286862 0.7265064 0.5225022 0.7483128 0.5225081 0.7259628 0.5286862 0.7265064 0.5225081 0.7259628 0.5243785 0.6994683 0.1129829 0.5566023 0.1122483 0.5301267 0.1189466 0.5559525 0.1129829 0.5566023 0.1189466 0.5559525 0.1203892 0.5822917 0.1203892 0.5822917 0.1189466 0.5559525 0.1268143 0.5815244 0.1203892 0.5822917 0.1268143 0.5815244 0.1289535 0.6076866 0.1289535 0.6076866 0.1268143 0.5815244 0.1357452 0.6067824 0.1289535 0.6076866 0.1357452 0.6067824 0.1385697 0.6327509 0.1385697 0.6327509 0.1357452 0.6067824 0.1501571 0.6050159 0.1385697 0.6327509 0.1501571 0.6050159 0.1564068 0.656203 0.1564068 0.656203 0.1501571 0.6050159 0.1652745 0.603343 0.1564068 0.656203 0.1652745 0.603343 0.1714249 0.653788 0.1714249 0.653788 0.1652745 0.603343 0.1805989 0.6018103 0.1714249 0.653788 0.1805989 0.6018103 0.1866495 0.6514702 0.1866495 0.6514702 0.1805989 0.6018103 0.1872364 0.641276 0.1866495 0.6514702 0.1872364 0.641276 0.1886568 0.6511741 0.5412928 0.7488641 0.5377668 0.7487826 0.5426618 0.7276576 0.5426618 0.7276576 0.5377668 0.7487826 0.5354937 0.727081 0.5426618 0.7276576 0.5354937 0.727081 0.5373795 0.7003884 0.5373795 0.7003884 0.5354937 0.727081 0.530565 0.699905 0.5373795 0.7003884 0.530565 0.699905 0.5326228 0.6733134 0.5326228 0.6733134 0.530565 0.699905 0.5264264 0.6729815 0.5326228 0.6733134 0.5264264 0.6729815 0.5286496 0.6465316 0.1166008 0.6094881 0.114434 0.5830644 0.1225427 0.6085922 0.1166008 0.6094881 0.1225427 0.6085922 0.1254058 0.6348514 0.1254058 0.6348514 0.1225427 0.6085922 0.1317977 0.633807 0.1254058 0.6348514 0.1317977 0.633807 0.1353425 0.6598502 0.1353425 0.6598502 0.1317977 0.633807 0.1420898 0.6586432 0.1353425 0.6598502 0.1420898 0.6586432 0.1463124 0.6845 0.1463124 0.6845 0.1420898 0.6586432 0.1564068 0.656203 0.1463124 0.6845 0.1564068 0.656203 0.1654079 0.7071329 0.1654079 0.7071329 0.1564068 0.656203 0.1714249 0.653788 0.1654079 0.7071329 0.1714249 0.653788 0.1802842 0.7039822 0.1802842 0.7039822 0.1714249 0.653788 0.1952074 0.6994212 0.1802842 0.7039822 0.1952074 0.6994212 0.1952074 0.70095 0.5569695 0.7491398 0.5549784 0.7491126 0.5582832 0.7288457 0.5582832 0.7288457 0.5549784 0.7491126 0.5503877 0.7282574 0.5582832 0.7288457 0.5503877 0.7282574 0.5522834 0.7014445 0.5522834 0.7014445 0.5503877 0.7282574 0.5445535 0.700897 0.5522834 0.7014445 0.5445535 0.700897 0.5466266 0.6741443 0.5466266 0.6741443 0.5445535 0.700897 0.5394461 0.6737075 0.5466266 0.6741443 0.5394461 0.6737075 0.5416905 0.6470596 0.5416905 0.6470596 0.5394461 0.6737075 0.5348573 0.6467568 0.5416905 0.6470596 0.5348573 0.6467568 0.5372668 0.6202389 0.5372668 0.6202389 0.5348573 0.6467568 0.5310457 0.6201185 0.5372668 0.6202389 0.5310457 0.6201185 0.5336108 0.5937793 0.1230709 0.6621729 0.1194812 0.6358696 0.1289738 0.6610324 0.1230709 0.6621729 0.1289738 0.6610324 0.1332542 0.6871771 0.1332542 0.6871771 0.1289738 0.6610324 0.1395949 0.6858584 0.1332542 0.6871771 0.1395949 0.6858584 0.1445437 0.7117488 0.1445437 0.7117488 0.1395949 0.6858584 0.1512267 0.7102409 0.1445437 0.7117488 0.1512267 0.7102409 0.1568366 0.7358866 0.1568366 0.7358866 0.1512267 0.7102409 0.1654079 0.7071329 0.1568366 0.7358866 0.1654079 0.7071329 0.1771356 0.757612 0.1771356 0.757612 0.1654079 0.7071329 0.1802842 0.7039822 0.1771356 0.757612 0.1802842 0.7039822 0.1918271 0.7537348 0.1918271 0.7537348 0.1802842 0.7039822 0.1952019 0.7308563 0.1918271 0.7537348 0.1952019 0.7308563 0.1952015 0.7436698 0.5854993 0.7493242 0.5735725 0.7492932 0.5857256 0.7453776 0.5857256 0.7453776 0.5735725 0.7492932 0.5720127 0.7492834 0.5857256 0.7453776 0.5720127 0.7492834 0.5870422 0.7234566 0.5870422 0.7234566 0.5720127 0.7492834 0.5732696 0.7299075 0.5870422 0.7234566 0.5732696 0.7299075 0.5751683 0.7030636 0.5751683 0.7030636 0.5732696 0.7299075 0.5582832 0.7288457 0.5751683 0.7030636 0.5582832 0.7288457 0.5601813 0.7020036 0.5601813 0.7020036 0.5582832 0.7288457 0.5522834 0.7014445 0.5601813 0.7020036 0.5522834 0.7014445 0.5543619 0.6746413 0.5543619 0.6746413 0.5522834 0.7014445 0.5466266 0.6741443 0.5543619 0.6746413 0.5466266 0.6741443 0.5488794 0.6474285 0.5488794 0.6474285 0.5466266 0.6741443 0.5416905 0.6470596 0.5488794 0.6474285 0.5416905 0.6470596 0.5441114 0.6204524 0.5441114 0.6204524 0.5416905 0.6470596 0.5372668 0.6202389 0.5441114 0.6204524 0.5372668 0.6202389 0.5398463 0.5937967 0.5398463 0.5937967 0.5372668 0.6202389 0.5336108 0.5937793 0.5398463 0.5937967 0.5336108 0.5937793 0.5363474 0.567473 0.1273775 0.6884389 0.1230709 0.6621729 0.1332542 0.6871771 0.1273775 0.6884389 0.1332542 0.6871771 0.1382352 0.7132038 0.1382352 0.7132038 0.1332542 0.6871771 0.1445437 0.7117488 0.1382352 0.7132038 0.1445437 0.7117488 0.1501932 0.7375431 0.1501932 0.7375431 0.1445437 0.7117488 0.1568366 0.7358866 0.1501932 0.7375431 0.1568366 0.7358866 0.1631303 0.761379 0.1631303 0.761379 0.1568366 0.7358866 0.1771356 0.757612 0.1631303 0.761379 0.1771356 0.757612 0.1797921 0.8046011 0.1797921 0.8046011 0.1771356 0.757612 0.1896755 0.8015038 0.6879985 0.7453776 0.6882253 0.7493242 0.5857256 0.7453776 0.5857256 0.7453776 0.6882253 0.7493242 0.5854993 0.7493242 0.6879985 0.7453776 0.5857256 0.7453776 0.6866735 0.7233363 0.6866735 0.7233363 0.5857256 0.7453776 0.5870422 0.7234566 0.6866735 0.7233363 0.5870422 0.7234566 0.6843396 0.6880924 0.6843396 0.6880924 0.5870422 0.7234566 0.5893568 0.6884554 0.6843396 0.6880924 0.5893568 0.6884554 0.6817429 0.6528543 0.6817429 0.6528543 0.5893568 0.6884554 0.5919358 0.653425 0.6817429 0.6528543 0.5919358 0.653425 0.6798902 0.629656 0.5919358 0.653425 0.5938349 0.629656 0.6798902 0.629656 0.6798902 0.629656 0.5938349 0.629656 0.5947731 0.6184335 0.6798902 0.629656 0.5947731 0.6184335 0.6788913 0.6177114 0.6788913 0.6177114 0.5947731 0.6184335 0.5978628 0.5835351 0.6788913 0.6177114 0.5978628 0.5835351 0.6758123 0.5829527 0.6758123 0.5829527 0.5978628 0.5835351 0.5998494 0.562515 0.6758123 0.5829527 0.5998494 0.562515 0.6724913 0.5483573 0.6724913 0.5483573 0.5998494 0.562515 0.6012021 0.5487416 0.6724913 0.5483573 0.6012021 0.5487416 0.6689347 0.5139132 0.6689347 0.5139132 0.6012021 0.5487416 0.6047805 0.5141092 0.6689347 0.5139132 0.6047805 0.5141092 0.6651532 0.479667 0.6651532 0.479667 0.6047805 0.5141092 0.6085867 0.4796981 0.6651532 0.479667 0.6085867 0.4796981 0.6611109 0.4452967 0.6611109 0.4452967 0.6085867 0.4796981 0.6126403 0.4452967 0.9533658 0.758289 0.9534947 0.7985764 0.9416583 0.7983958 0.6882258 0.7905899 0.6882253 0.7493242 0.7071108 0.7905104 0.7071108 0.7905104 0.6882253 0.7493242 0.7017113 0.7492834 0.7017113 0.7492834 0.7071098 0.7492446 0.7071108 0.7905104 0.7071108 0.7905104 0.7071098 0.7492446 0.7167571 0.7491398 0.7071108 0.7905104 0.7167571 0.7491398 0.7252804 0.7902735 0.7167571 0.7491398 0.7252794 0.7490078 0.7252804 0.7902735 0.7252804 0.7902735 0.7252794 0.7490078 0.7324396 0.7488641 0.7252804 0.7902735 0.7324396 0.7488641 0.7418646 0.7898911 0.7324396 0.7488641 0.7418636 0.7486234 0.7418646 0.7898911 0.7418646 0.7898911 0.7418636 0.7486234 0.7464677 0.7484817 0.7418646 0.7898911 0.7464677 0.7484817 0.7562415 0.7893728 0.9060162 0.7553674 0.9061456 0.7956547 0.8933073 0.7533271 0.8933073 0.7533271 0.9061456 0.7956547 0.8911112 0.7931524 0.8933073 0.7533271 0.8911112 0.7931524 0.8909823 0.7528651 0.7562404 0.748107 0.7562415 0.7893728 0.7464677 0.7484817 0.9060162 0.7553674 0.906446 0.7554237 0.9061456 0.7956547 0.9061456 0.7956547 0.906446 0.7554237 0.9208317 0.7569553 0.9061456 0.7956547 0.9208317 0.7569553 0.9231794 0.7974213 0.9208317 0.7569553 0.92305 0.757134 0.9231794 0.7974213 0.9231794 0.7974213 0.92305 0.757134 0.935961 0.7579066 0.9231794 0.7974213 0.935961 0.7579066 0.9416583 0.7983958 0.9416583 0.7983958 0.935961 0.7579066 0.9415289 0.7581084 0.9416583 0.7983958 0.9415289 0.7581084 0.9533658 0.758289 0.6882258 0.7905899 0.5854998 0.7905899 0.6882253 0.7493242 0.6882253 0.7493242 0.5854998 0.7905899 0.5854993 0.7493242 0.1610978 0.5040811 0.1597337 0.4632506 0.1764934 0.5038496 0.1764934 0.5038496 0.1597337 0.4632506 0.1785654 0.4629759 0.1764934 0.5038496 0.1785654 0.4629759 0.1785253 0.5038462 0.1610978 0.5040811 0.1596937 0.5041208 0.1597337 0.4632506 0.1597337 0.4632506 0.1596937 0.5041208 0.1459083 0.5046901 0.1597337 0.4632506 0.1459083 0.5046901 0.1416343 0.4640688 0.1459083 0.5046901 0.1415942 0.5049391 0.1416343 0.4640688 0.1416343 0.4640688 0.1415942 0.5049391 0.1314262 0.5056792 0.1416343 0.4640688 0.1314262 0.5056792 0.1251568 0.4653928 0.1251568 0.4653928 0.1314262 0.5056792 0.1251162 0.506263 0.1251568 0.4653928 0.1251162 0.506263 0.1246024 0.5063155 0.1246024 0.5063155 0.1181595 0.5070405 0.1251568 0.4653928 0.1251568 0.4653928 0.1181595 0.5070405 0.112186 0.5078456 0.1251568 0.4653928 0.112186 0.5078456 0.1108827 0.4671778 0.5210724 0.7482565 0.5225022 0.7483128 0.5225031 0.7895785 0.5225031 0.7895785 0.5225022 0.7483128 0.5272697 0.7484817 0.5225031 0.7895785 0.5272697 0.7484817 0.5377678 0.7900483 0.5272697 0.7484817 0.5377668 0.7487826 0.5377678 0.7900483 0.5377678 0.7900483 0.5377668 0.7487826 0.5412928 0.7488641 0.5377678 0.7900483 0.5412928 0.7488641 0.5549789 0.7903783 0.5720127 0.7492834 0.5735734 0.7905589 0.5569695 0.7491398 0.5569695 0.7491398 0.5735734 0.7905589 0.5549789 0.7903783 0.5569695 0.7491398 0.5549789 0.7903783 0.5549784 0.7491126 0.5549784 0.7491126 0.5549789 0.7903783 0.5412928 0.7488641 0.5720127 0.7492834 0.5735725 0.7492932 0.5735734 0.7905589 0.5735734 0.7905589 0.5735725 0.7492932 0.5854993 0.7493242 0.5735734 0.7905589 0.5854993 0.7493242 0.5854998 0.7905899 0.3695957 0.7204787 0.379855 0.7203661 0.3798111 0.7260541 0.3481678 0.7211747 0.3513104 0.7210301 0.3572711 0.7242769 0.3572711 0.7242769 0.3513104 0.7210301 0.3577726 0.7207806 0.3572711 0.7242769 0.3577726 0.7207806 0.3674352 0.726386 0.3674352 0.726386 0.3577726 0.7207806 0.3695957 0.7204787 0.3674352 0.726386 0.3695957 0.7204787 0.3733717 0.7271034 0.3733717 0.7271034 0.3695957 0.7204787 0.3798111 0.7260541 0.7560211 0.9443657 0.7560211 0.9508554 0.7550202 0.9506261 0.2079449 0.4635869 0.2079054 0.5038476 0.2015199 0.4629769 0.2015199 0.4629769 0.2079054 0.5038476 0.1785253 0.5038462 0.2015199 0.4629769 0.1785253 0.5038462 0.1785654 0.4629759 0.3314551 0.6992023 0.3220494 0.7074091 0.3197047 0.7000216 0.3197047 0.7000216 0.3220494 0.7074091 0.311746 0.7007301 0.3441532 0.6985559 0.3481678 0.7211747 0.3314551 0.6992023 0.3314551 0.6992023 0.3481678 0.7211747 0.3355735 0.7151897 0.3314551 0.6992023 0.3355735 0.7151897 0.3220494 0.7074091 0.3800057 0.6977599 0.379855 0.7203661 0.3714513 0.697826 0.3714513 0.697826 0.379855 0.7203661 0.3695957 0.7204787 0.3714513 0.697826 0.3695957 0.7204787 0.3575665 0.6980938 0.3575665 0.6980938 0.3695957 0.7204787 0.3577726 0.7207806 0.3575665 0.6980938 0.3577726 0.7207806 0.3441532 0.6985559 0.3441532 0.6985559 0.3577726 0.7207806 0.3513104 0.7210301 0.3441532 0.6985559 0.3513104 0.7210301 0.3481678 0.7211747 0.3629754 0.6615464 0.3697558 0.6614435 0.3698456 0.670188 0.3800961 0.6761797 0.3800848 0.6806204 0.3701964 0.680701 0.3800739 0.6838983 0.3800438 0.6911247 0.3707952 0.6905627 0.380026 0.694518 0.3800057 0.6977599 0.3714513 0.697826 0.2991735 0.6737861 0.2931565 0.6764292 0.2918151 0.6695105 0.3162216 0.6928786 0.311746 0.7007301 0.3050537 0.6939094 0.3050537 0.6939094 0.311746 0.7007301 0.3051663 0.6955013 0.3050537 0.6939094 0.3051663 0.6955013 0.3001221 0.6899628 0.3800438 0.6911247 0.380026 0.694518 0.3707952 0.6905627 0.3707952 0.6905627 0.380026 0.694518 0.3714513 0.697826 0.3707952 0.6905627 0.3714513 0.697826 0.3561521 0.6908461 0.3561521 0.6908461 0.3714513 0.697826 0.3575665 0.6980938 0.3561521 0.6908461 0.3575665 0.6980938 0.3420055 0.6913324 0.3420055 0.6913324 0.3575665 0.6980938 0.3441532 0.6985559 0.3420055 0.6913324 0.3441532 0.6985559 0.3286144 0.6920148 0.3286144 0.6920148 0.3441532 0.6985559 0.3314551 0.6992023 0.3286144 0.6920148 0.3314551 0.6992023 0.3162216 0.6928786 0.3162216 0.6928786 0.3314551 0.6992023 0.3197047 0.7000216 0.3162216 0.6928786 0.3197047 0.7000216 0.311746 0.7007301 0.3698456 0.670188 0.380109 0.6682584 0.3801036 0.6722351 0.380109 0.6682584 0.3698456 0.670188 0.3801115 0.6648243 0.3801115 0.6648243 0.3698456 0.670188 0.3697558 0.6614435 0.3801115 0.6648243 0.3697558 0.6614435 0.3801125 0.6613658 0.3629754 0.6615464 0.3698456 0.670188 0.3539096 0.6617502 0.3539096 0.6617502 0.3698456 0.670188 0.3541043 0.6704928 0.3539096 0.6617502 0.3541043 0.6704928 0.3414818 0.6621589 0.3414818 0.6621589 0.3541043 0.6704928 0.3388969 0.6710159 0.3414818 0.6621589 0.3388969 0.6710159 0.338602 0.6622763 0.338602 0.6622763 0.3388969 0.6710159 0.3241111 0.663014 0.3241111 0.663014 0.3388969 0.6710159 0.3245014 0.6717488 0.3241111 0.663014 0.3245014 0.6717488 0.3214486 0.663179 0.3214486 0.663179 0.3245014 0.6717488 0.3111793 0.6726776 0.3214486 0.663179 0.3111793 0.6726776 0.3107006 0.6639497 0.3107006 0.6639497 0.3111793 0.6726776 0.303574 0.6645699 0.303574 0.6645699 0.3111793 0.6726776 0.2991735 0.6737861 0.303574 0.6645699 0.2991735 0.6737861 0.2986157 0.6650649 0.2986157 0.6650649 0.2991735 0.6737861 0.2918151 0.6695105 0.2986157 0.6650649 0.2918151 0.6695105 0.2916368 0.6658696 0.3001221 0.6899628 0.2959558 0.6834256 0.3050537 0.6939094 0.3050537 0.6939094 0.2959558 0.6834256 0.3013443 0.684206 0.3050537 0.6939094 0.3013443 0.684206 0.3162216 0.6928786 0.3162216 0.6928786 0.3013443 0.684206 0.3130409 0.6831266 0.3162216 0.6928786 0.3130409 0.6831266 0.3286144 0.6920148 0.3286144 0.6920148 0.3130409 0.6831266 0.3260196 0.682221 0.3286144 0.6920148 0.3260196 0.682221 0.3420055 0.6913324 0.3420055 0.6913324 0.3260196 0.682221 0.3400446 0.6815076 0.3420055 0.6913324 0.3400446 0.6815076 0.3561521 0.6908461 0.3561521 0.6908461 0.3400446 0.6815076 0.3548601 0.680998 0.3561521 0.6908461 0.3548601 0.680998 0.3707952 0.6905627 0.3707952 0.6905627 0.3548601 0.680998 0.3701964 0.680701 0.3707952 0.6905627 0.3701964 0.680701 0.3800739 0.6838983 0.3800739 0.6838983 0.3701964 0.680701 0.3800848 0.6806204 0.2959558 0.6834256 0.2931565 0.6764292 0.3013443 0.684206 0.3013443 0.684206 0.2931565 0.6764292 0.2991735 0.6737861 0.3013443 0.684206 0.2991735 0.6737861 0.3130409 0.6831266 0.3130409 0.6831266 0.2991735 0.6737861 0.3111793 0.6726776 0.3130409 0.6831266 0.3111793 0.6726776 0.3260196 0.682221 0.3260196 0.682221 0.3111793 0.6726776 0.3245014 0.6717488 0.3260196 0.682221 0.3245014 0.6717488 0.3400446 0.6815076 0.3400446 0.6815076 0.3245014 0.6717488 0.3388969 0.6710159 0.3400446 0.6815076 0.3388969 0.6710159 0.3548601 0.680998 0.3548601 0.680998 0.3388969 0.6710159 0.3541043 0.6704928 0.3548601 0.680998 0.3541043 0.6704928 0.3701964 0.680701 0.3701964 0.680701 0.3541043 0.6704928 0.3698456 0.670188 0.3701964 0.680701 0.3698456 0.670188 0.3800961 0.6761797 0.3800961 0.6761797 0.3698456 0.670188 0.3801036 0.6722351 0.1872364 0.641276 0.1831462 0.6069993 0.2078452 0.6255396 0.2078452 0.6255396 0.1831462 0.6069993 0.1826205 0.6016196 0.2078452 0.6255396 0.1826205 0.6016196 0.2079054 0.5038476 0.2079054 0.5038476 0.1826205 0.6016196 0.1803292 0.572649 0.1803292 0.572649 0.1792457 0.5518845 0.2079054 0.5038476 0.2079054 0.5038476 0.1792457 0.5518845 0.1787882 0.538249 0.2079054 0.5038476 0.1787882 0.538249 0.1785253 0.5038462 0.1872364 0.641276 0.2078452 0.6255396 0.1886568 0.6511741 0.1886568 0.6511741 0.2078452 0.6255396 0.2078372 0.6475056 0.1886568 0.6511741 0.2078372 0.6475056 0.1925993 0.6754498 0.2078372 0.6475056 0.2078298 0.6694779 0.1925993 0.6754498 0.1925993 0.6754498 0.2078298 0.6694779 0.2078264 0.6804661 0.1925993 0.6754498 0.2078264 0.6804661 0.1952103 0.6896643 0.1952103 0.6896643 0.2078264 0.6804661 0.2078229 0.6914557 0.1952103 0.6896643 0.2078229 0.6914557 0.2078199 0.7024462 0.2078199 0.7024462 0.207819 0.7051941 0.1952103 0.6896643 0.1952103 0.6896643 0.207819 0.7051941 0.2078185 0.707942 0.1952103 0.6896643 0.2078185 0.707942 0.2023741 0.7236197 0.2023741 0.7236197 0.2078185 0.707942 0.207817 0.7134377 0.2023741 0.7236197 0.207817 0.7134377 0.2078096 0.7459784 0.2078066 0.7771228 0.2078081 0.7958731 0.2005604 0.7699794 0.1952015 0.7490917 0.2005604 0.7699794 0.195204 0.7715101 0.1952074 0.6994212 0.1952103 0.6896643 0.2023741 0.7236197 0.1952015 0.7490917 0.1952015 0.7436698 0.2078096 0.7459784 0.2078096 0.7459784 0.1952015 0.7436698 0.1952019 0.7308563 0.2078096 0.7459784 0.1952019 0.7308563 0.2023741 0.7236197 0.2023741 0.7236197 0.1952019 0.7308563 0.1952074 0.70095 0.2023741 0.7236197 0.1952074 0.70095 0.1952074 0.6994212 0.2078081 0.7958731 0.1952133 0.7997775 0.2005604 0.7699794 0.2005604 0.7699794 0.1952133 0.7997775 0.1952054 0.7766812 0.2005604 0.7699794 0.1952054 0.7766812 0.195204 0.7715101 0.1952015 0.7490917 0.2078096 0.7459784 0.2005604 0.7699794 0.2005604 0.7699794 0.2078096 0.7459784 0.2078071 0.7615509 0.2005604 0.7699794 0.2078071 0.7615509 0.2078066 0.7771228 0.2009482 0.812623 0.2043029 0.8160712 0.1942648 0.827004 0.1896755 0.8015038 0.1940336 0.8001449 0.1957706 0.8045865 0.5370052 0.8600581 0.5267604 0.8587507 0.5297093 0.8435252 0.2078679 0.836902 0.205493 0.8346725 0.2078427 0.8274116 0.2079449 0.8556087 0.2072004 0.8503997 0.207906 0.8474597 0.5723546 0.8362634 0.5642942 0.8312616 0.5658636 0.8238334 0.6131185 0.4037475 0.6130598 0.4091462 0.603038 0.4097344 0.6130213 0.4126075 0.6129052 0.422576 0.6016225 0.4203552 0.6126403 0.4452967 0.5984715 0.4438776 0.6126621 0.4432836 0.6126621 0.4432836 0.5984715 0.4438776 0.60009 0.4318087 0.6126621 0.4432836 0.60009 0.4318087 0.6127777 0.4332006 0.6127777 0.4332006 0.60009 0.4318087 0.6128325 0.428625 0.5402795 0.8678465 0.5363274 0.8677456 0.5370052 0.8600581 0.5370052 0.8600581 0.5363274 0.8677456 0.5347049 0.8677009 0.5370052 0.8600581 0.5347049 0.8677009 0.5267604 0.8587507 0.5267604 0.8587507 0.5347049 0.8677009 0.5308281 0.8675878 0.5267604 0.8587507 0.5308281 0.8675878 0.5258882 0.8674281 0.5723072 0.8683483 0.5612301 0.8682328 0.5723072 0.8659698 0.5723072 0.8659698 0.5612301 0.8682328 0.5603962 0.8619766 0.5723294 0.8458266 0.572327 0.8470952 0.561864 0.8466104 0.561864 0.8466104 0.572327 0.8470952 0.5723134 0.8558489 0.2072004 0.8503997 0.2079449 0.8556087 0.2051091 0.8563799 0.5696448 0.8099532 0.5724945 0.8083803 0.5724413 0.8165012 0.5696448 0.8099532 0.5724413 0.8165012 0.5676532 0.8166992 0.5676532 0.8166992 0.5724413 0.8165012 0.5724329 0.8180018 0.5676532 0.8166992 0.5724329 0.8180018 0.5658636 0.8238334 0.5658636 0.8238334 0.5724329 0.8180018 0.5723892 0.8269156 0.5658636 0.8238334 0.5723892 0.8269156 0.5723546 0.8362634 0.205493 0.8346725 0.2078679 0.836902 0.202257 0.8409845 0.2078249 0.8175101 0.2043029 0.8160712 0.207813 0.8072092 0.207813 0.8072092 0.2043029 0.8160712 0.2009482 0.812623 0.207813 0.8072092 0.2009482 0.812623 0.2078106 0.8030738 0.550476 0.8680644 0.5402795 0.8678465 0.5482821 0.8611413 0.5482821 0.8611413 0.5402795 0.8678465 0.5370052 0.8600581 0.5482821 0.8611413 0.5370052 0.8600581 0.5395031 0.8447759 0.5395031 0.8447759 0.5370052 0.8600581 0.5297093 0.8435252 0.5395031 0.8447759 0.5297093 0.8435252 0.5345789 0.8284099 0.2078249 0.8175101 0.2078264 0.8187788 0.2043029 0.8160712 0.2043029 0.8160712 0.2078264 0.8187788 0.2078284 0.8197533 0.2043029 0.8160712 0.2078284 0.8197533 0.1942648 0.827004 0.1942648 0.827004 0.2078284 0.8197533 0.1996148 0.8312034 0.1942648 0.827004 0.1996148 0.8312034 0.1894651 0.8322532 0.1894651 0.8322532 0.1996148 0.8312034 0.1955602 0.837035 0.1894651 0.8322532 0.1955602 0.837035 0.1848991 0.8372626 0.1848991 0.8372626 0.1955602 0.837035 0.1917036 0.8425987 0.1848991 0.8372626 0.1917036 0.8425987 0.18063 0.8419644 0.18063 0.8419644 0.1917036 0.8425987 0.188099 0.8478188 0.18063 0.8419644 0.188099 0.8478188 0.1767132 0.8462969 0.1767132 0.8462969 0.188099 0.8478188 0.1847929 0.8526279 0.5413022 0.8141692 0.549329 0.8151947 0.5377206 0.8211316 0.5377206 0.8211316 0.549329 0.8151947 0.5462929 0.822227 0.5377206 0.8211316 0.5462929 0.822227 0.5345789 0.8284099 0.5345789 0.8284099 0.5462929 0.822227 0.5436299 0.829566 0.5345789 0.8284099 0.5436299 0.829566 0.5395031 0.8447759 0.5395031 0.8447759 0.5436299 0.829566 0.5502837 0.8458111 0.5395031 0.8447759 0.5502837 0.8458111 0.5482821 0.8611413 0.5482821 0.8611413 0.5502837 0.8458111 0.5603962 0.8619766 0.5482821 0.8611413 0.5603962 0.8619766 0.550476 0.8680644 0.550476 0.8680644 0.5603962 0.8619766 0.5612301 0.8682328 0.2078284 0.8197533 0.2078427 0.8274116 0.1996148 0.8312034 0.1996148 0.8312034 0.2078427 0.8274116 0.205493 0.8346725 0.1996148 0.8312034 0.205493 0.8346725 0.1955602 0.837035 0.1955602 0.837035 0.205493 0.8346725 0.202257 0.8409845 0.1955602 0.837035 0.202257 0.8409845 0.1917036 0.8425987 0.1917036 0.8425987 0.202257 0.8409845 0.1991806 0.8470064 0.1917036 0.8425987 0.1991806 0.8470064 0.188099 0.8478188 0.188099 0.8478188 0.1991806 0.8470064 0.1963062 0.852656 0.5527056 0.8085623 0.5608724 0.8093475 0.549329 0.8151947 0.549329 0.8151947 0.5608724 0.8093475 0.5581636 0.816044 0.549329 0.8151947 0.5581636 0.816044 0.5462929 0.822227 0.5462929 0.822227 0.5581636 0.816044 0.5557284 0.8231335 0.5462929 0.822227 0.5557284 0.8231335 0.5436299 0.829566 0.5436299 0.829566 0.5557284 0.8231335 0.5535926 0.8305235 0.5436299 0.829566 0.5535926 0.8305235 0.5502837 0.8458111 0.5502837 0.8458111 0.5535926 0.8305235 0.561864 0.8466104 0.5502837 0.8458111 0.561864 0.8466104 0.5603962 0.8619766 0.5603962 0.8619766 0.561864 0.8466104 0.5723134 0.8558489 0.5603962 0.8619766 0.5723134 0.8558489 0.5723072 0.8659698 0.2078679 0.836902 0.2078733 0.838589 0.202257 0.8409845 0.202257 0.8409845 0.2078733 0.838589 0.207906 0.8474597 0.202257 0.8409845 0.207906 0.8474597 0.1991806 0.8470064 0.1991806 0.8470064 0.207906 0.8474597 0.2072004 0.8503997 0.1991806 0.8470064 0.2072004 0.8503997 0.1963062 0.852656 0.1963062 0.852656 0.2072004 0.8503997 0.2051091 0.8563799 0.5608724 0.8093475 0.5696448 0.8099532 0.5581636 0.816044 0.5581636 0.816044 0.5696448 0.8099532 0.5676532 0.8166992 0.5581636 0.816044 0.5676532 0.8166992 0.5557284 0.8231335 0.5557284 0.8231335 0.5676532 0.8166992 0.5658636 0.8238334 0.5557284 0.8231335 0.5658636 0.8238334 0.5535926 0.8305235 0.5535926 0.8305235 0.5658636 0.8238334 0.5642942 0.8312616 0.5535926 0.8305235 0.5642942 0.8312616 0.561864 0.8466104 0.561864 0.8466104 0.5642942 0.8312616 0.5723546 0.8362634 0.561864 0.8466104 0.5723546 0.8362634 0.5723294 0.8458266 0.1797921 0.8046011 0.1822396 0.8108476 0.1784681 0.805018 0.1784681 0.805018 0.1822396 0.8108476 0.1757676 0.8138605 0.1784681 0.805018 0.1757676 0.8138605 0.1664819 0.8088127 0.1664819 0.8088127 0.1757676 0.8138605 0.1696088 0.8167404 0.1664819 0.8088127 0.1696088 0.8167404 0.1632701 0.8098377 0.1632701 0.8098377 0.1696088 0.8167404 0.1638477 0.819449 0.1632701 0.8098377 0.1638477 0.819449 0.1575041 0.8116883 0.1575041 0.8116883 0.1638477 0.819449 0.1585609 0.8219498 0.5984715 0.4438776 0.5958456 0.4436777 0.60009 0.4318087 0.60009 0.4318087 0.5958456 0.4436777 0.587886 0.4432001 0.60009 0.4318087 0.587886 0.4432001 0.5848032 0.431469 0.5698088 0.4322397 0.5683776 0.4429128 0.5626639 0.4330667 0.5626639 0.4330667 0.5683776 0.4429128 0.5619273 0.4431458 0.587886 0.4432001 0.5832553 0.4430118 0.5848032 0.431469 0.5848032 0.431469 0.5832553 0.4430118 0.5784388 0.4428915 0.5848032 0.431469 0.5784388 0.4428915 0.5698088 0.4322397 0.5698088 0.4322397 0.5784388 0.4428915 0.5721105 0.4428604 0.5698088 0.4322397 0.5721105 0.4428604 0.5683776 0.4429128 0.5619273 0.4431458 0.5599224 0.4432564 0.5626639 0.4330667 0.5626639 0.4330667 0.5599224 0.4432564 0.5578691 0.4433923 0.5626639 0.4330667 0.5578691 0.4433923 0.5558826 0.4341849 0.5558826 0.4341849 0.5578691 0.4433923 0.5546129 0.4436563 0.5558826 0.4341849 0.5546129 0.4436563 0.5515226 0.443965 0.1940336 0.8001449 0.1952133 0.7997775 0.1957706 0.8045865 0.1957706 0.8045865 0.1952133 0.7997775 0.1980882 0.8087729 0.1957706 0.8045865 0.1980882 0.8087729 0.1855053 0.8167356 0.1855053 0.8167356 0.1980882 0.8087729 0.1895357 0.8221522 0.1855053 0.8167356 0.1895357 0.8221522 0.1794873 0.8205628 0.1794873 0.8205628 0.1895357 0.8221522 0.184078 0.8267292 0.1794873 0.8205628 0.184078 0.8267292 0.1737608 0.8242187 0.1737608 0.8242187 0.184078 0.8267292 0.178886 0.8310991 0.1737608 0.8242187 0.178886 0.8310991 0.1684048 0.8276533 0.1684048 0.8276533 0.178886 0.8310991 0.1740295 0.835202 0.1684048 0.8276533 0.1740295 0.835202 0.1634895 0.830821 0.1634895 0.830821 0.1740295 0.835202 0.1695737 0.8389841 0.5570846 0.4251967 0.5581952 0.4168648 0.5639469 0.4234709 0.5639469 0.4234709 0.5581952 0.4168648 0.5651326 0.414574 0.5639469 0.4234709 0.5651326 0.414574 0.5711635 0.422112 0.5711635 0.422112 0.5651326 0.414574 0.5724149 0.4127221 0.5711635 0.422112 0.5724149 0.4127221 0.5862685 0.4205163 0.5862685 0.4205163 0.5724149 0.4127221 0.5876222 0.4103595 0.5862685 0.4205163 0.5876222 0.4103595 0.6016225 0.4203552 0.6016225 0.4203552 0.5876222 0.4103595 0.603038 0.4097344 0.6016225 0.4203552 0.603038 0.4097344 0.6130213 0.4126075 0.6130213 0.4126075 0.603038 0.4097344 0.6130598 0.4091462 0.6129052 0.422576 0.6128325 0.428625 0.6016225 0.4203552 0.6016225 0.4203552 0.6128325 0.428625 0.60009 0.4318087 0.6016225 0.4203552 0.60009 0.4318087 0.5862685 0.4205163 0.5862685 0.4205163 0.60009 0.4318087 0.5848032 0.431469 0.5862685 0.4205163 0.5848032 0.431469 0.5711635 0.422112 0.5711635 0.422112 0.5848032 0.431469 0.5698088 0.4322397 0.5711635 0.422112 0.5698088 0.4322397 0.5639469 0.4234709 0.5639469 0.4234709 0.5698088 0.4322397 0.5626639 0.4330667 0.5639469 0.4234709 0.5626639 0.4330667 0.5570846 0.4251967 0.5570846 0.4251967 0.5626639 0.4330667 0.5558826 0.4341849 0.1634895 0.830821 0.1585609 0.8219498 0.1684048 0.8276533 0.1684048 0.8276533 0.1585609 0.8219498 0.1638477 0.819449 0.1684048 0.8276533 0.1638477 0.819449 0.1737608 0.8242187 0.1737608 0.8242187 0.1638477 0.819449 0.1696088 0.8167404 0.1737608 0.8242187 0.1696088 0.8167404 0.1794873 0.8205628 0.1794873 0.8205628 0.1696088 0.8167404 0.1757676 0.8138605 0.1794873 0.8205628 0.1757676 0.8138605 0.1855053 0.8167356 0.1855053 0.8167356 0.1757676 0.8138605 0.1822396 0.8108476 0.1855053 0.8167356 0.1822396 0.8108476 0.1957706 0.8045865 0.1957706 0.8045865 0.1822396 0.8108476 0.1797921 0.8046011 0.1957706 0.8045865 0.1797921 0.8046011 0.1896755 0.8015038 0.5258882 0.8674281 0.5224456 0.8673039 0.5267604 0.8587507 0.6043106 0.4001328 0.6131185 0.4037475 0.603038 0.4097344 0.6043106 0.4001328 0.603038 0.4097344 0.5888391 0.4011753 0.5888391 0.4011753 0.603038 0.4097344 0.5876222 0.4103595 0.5297093 0.8435252 0.5210726 0.8420843 0.5345789 0.8284099 0.5345789 0.8284099 0.5210726 0.8420843 0.5265971 0.8270777 0.5345789 0.8284099 0.5265971 0.8270777 0.5377206 0.8211316 0.5377206 0.8211316 0.5265971 0.8270777 0.5301609 0.8198698 0.173197 0.8502061 0.1655724 0.8423988 0.1767132 0.8462969 0.1767132 0.8462969 0.1655724 0.8423988 0.1695737 0.8389841 0.1767132 0.8462969 0.1695737 0.8389841 0.18063 0.8419644 0.18063 0.8419644 0.1695737 0.8389841 0.1740295 0.835202 0.18063 0.8419644 0.1740295 0.835202 0.1848991 0.8372626 0.1848991 0.8372626 0.1740295 0.835202 0.178886 0.8310991 0.1848991 0.8372626 0.178886 0.8310991 0.1894651 0.8322532 0.1894651 0.8322532 0.178886 0.8310991 0.184078 0.8267292 0.1894651 0.8322532 0.184078 0.8267292 0.1942648 0.827004 0.1942648 0.827004 0.184078 0.8267292 0.1895357 0.8221522 0.1942648 0.827004 0.1895357 0.8221522 0.2009482 0.812623 0.2009482 0.812623 0.1895357 0.8221522 0.1980882 0.8087729 0.2009482 0.812623 0.1980882 0.8087729 0.2078106 0.8030738 0.2078106 0.8030738 0.1980882 0.8087729 0.1952133 0.7997775 0.2078106 0.8030738 0.1952133 0.7997775 0.2078081 0.7958731 0.5324283 0.9141319 0.5238578 0.9140023 0.5258882 0.8674281 0.6611109 0.4452967 0.6126403 0.4452967 0.6610403 0.4391351 0.6610403 0.4391351 0.6126403 0.4452967 0.6126621 0.4432836 0.6610403 0.4391351 0.6126621 0.4432836 0.6609691 0.432859 0.6609691 0.432859 0.6126621 0.4432836 0.6127777 0.4332006 0.6609691 0.432859 0.6127777 0.4332006 0.6609217 0.4286503 0.6609217 0.4286503 0.6127777 0.4332006 0.6128325 0.428625 0.6609217 0.4286503 0.6128325 0.428625 0.6608155 0.4192312 0.6608155 0.4192312 0.6128325 0.428625 0.6129052 0.422576 0.6608155 0.4192312 0.6129052 0.422576 0.6607142 0.409915 0.6607142 0.409915 0.6129052 0.422576 0.6130213 0.4126075 0.6607142 0.409915 0.6130213 0.4126075 0.6607063 0.4091462 0.6607063 0.4091462 0.6130213 0.4126075 0.6130598 0.4091462 0.6607063 0.4091462 0.6130598 0.4091462 0.6606371 0.4023323 0.6606371 0.4023323 0.6130598 0.4091462 0.6131185 0.4037475 0.5238578 0.9140023 0.5224456 0.8673039 0.5258882 0.8674281 0.5723072 0.8683483 0.5723114 0.9144415 0.5612301 0.8682328 0.5612301 0.8682328 0.5723114 0.9144415 0.5607779 0.9143862 0.5612301 0.8682328 0.5607779 0.9143862 0.550476 0.8680644 0.550476 0.8680644 0.5607779 0.9143862 0.5508396 0.9143207 0.550476 0.8680644 0.5508396 0.9143207 0.5402795 0.8678465 0.5402795 0.8678465 0.5508396 0.9143207 0.5413417 0.9142363 0.5402795 0.8678465 0.5413417 0.9142363 0.5363274 0.8677456 0.5363274 0.8677456 0.5413417 0.9142363 0.5363311 0.9141809 0.5363274 0.8677456 0.5363311 0.9141809 0.5347049 0.8677009 0.5347049 0.8677009 0.5363311 0.9141809 0.5324283 0.9141319 0.5347049 0.8677009 0.5324283 0.9141319 0.5308281 0.8675878 0.5308281 0.8675878 0.5324283 0.9141319 0.5258882 0.8674281 0.9505566 0.4491832 0.9444635 0.4459373 0.948612 0.4384925 0.9555485 0.4204076 0.9597444 0.4255132 0.9537338 0.4316456 0.6799525 0.4435379 0.6752807 0.4438776 0.6736657 0.4318087 0.6609217 0.4286503 0.6608155 0.4192312 0.6721381 0.4203552 0.5324283 0.9141319 0.5363311 0.9141809 0.5370112 0.9218693 0.5413417 0.9142363 0.5508396 0.9143207 0.5482878 0.9211603 0.9827572 0.4122251 0.9820374 0.4124561 0.9800187 0.406079 0.9824143 0.4646726 0.9824119 0.4681902 0.9787811 0.4670158 0.9824682 0.4449744 0.9824296 0.4556282 0.9789456 0.4478126 0.9789456 0.4478126 0.9824296 0.4556282 0.9824267 0.4568609 0.9789456 0.4478126 0.9824267 0.4568609 0.975593 0.4512428 0.975593 0.4512428 0.9824267 0.4568609 0.9824193 0.4608638 0.975593 0.4512428 0.9824193 0.4608638 0.9727345 0.455073 0.9727345 0.455073 0.9824193 0.4608638 0.9824143 0.4646726 0.9727345 0.455073 0.9824143 0.4646726 0.9704188 0.4592409 0.9704188 0.4592409 0.9824143 0.4646726 0.9787811 0.4670158 0.9740204 0.4158262 0.982737 0.4137335 0.9770327 0.4221974 0.9770327 0.4221974 0.982737 0.4137335 0.9826253 0.4233855 0.9770327 0.4221974 0.9826253 0.4233855 0.9802138 0.4288075 0.9827572 0.4122251 0.9800187 0.406079 0.9828699 0.404757 0.9828699 0.404757 0.9800187 0.406079 0.9781838 0.4001328 0.5724945 0.9711167 0.5676673 0.9651055 0.5724388 0.9626479 0.5724388 0.9626479 0.5676673 0.9651055 0.5658762 0.958195 0.5724388 0.9626479 0.5658762 0.958195 0.5723932 0.9535229 0.5723932 0.9535229 0.5658762 0.958195 0.5643053 0.9509536 0.5723932 0.9535229 0.5643053 0.9509536 0.5723568 0.9437277 0.5723568 0.9437277 0.5643053 0.9509536 0.5618724 0.935867 0.5723568 0.9437277 0.5618724 0.935867 0.5723351 0.9355549 0.5723351 0.9355549 0.5618724 0.935867 0.5723309 0.933486 0.5723309 0.933486 0.5618724 0.935867 0.5604016 0.9206138 0.5723309 0.933486 0.5604016 0.9206138 0.5723158 0.9230079 0.5723158 0.9230079 0.5604016 0.9206138 0.5607779 0.9143862 0.5723158 0.9230079 0.5607779 0.9143862 0.5723114 0.9144415 0.5324283 0.9141319 0.5370112 0.9218693 0.5238578 0.9140023 0.6607142 0.409915 0.6607063 0.4091462 0.6707281 0.4097344 0.6707281 0.4097344 0.6607063 0.4091462 0.6694623 0.4001328 0.6707281 0.4097344 0.6694623 0.4001328 0.6849359 0.4011753 0.6609691 0.432859 0.6736657 0.4318087 0.6610403 0.4391351 0.6610403 0.4391351 0.6736657 0.4318087 0.6752807 0.4438776 0.6610403 0.4391351 0.6752807 0.4438776 0.6611109 0.4452967 0.6608155 0.4192312 0.6607142 0.409915 0.6721381 0.4203552 0.6721381 0.4203552 0.6607142 0.409915 0.6707281 0.4097344 0.6721381 0.4203552 0.6707281 0.4097344 0.6861468 0.4103595 0.6861468 0.4103595 0.6707281 0.4097344 0.6849359 0.4011753 0.6861468 0.4103595 0.6849359 0.4011753 0.7002386 0.4042309 0.6609691 0.432859 0.6609217 0.4286503 0.6736657 0.4318087 0.6736657 0.4318087 0.6609217 0.4286503 0.6721381 0.4203552 0.6736657 0.4318087 0.6721381 0.4203552 0.6874946 0.4205163 0.6874946 0.4205163 0.6721381 0.4203552 0.6861468 0.4103595 0.6874946 0.4205163 0.6861468 0.4103595 0.7013581 0.4127221 0.7013581 0.4127221 0.6861468 0.4103595 0.7002386 0.4042309 0.7013581 0.4127221 0.7002386 0.4042309 0.7086433 0.414574 0.7086433 0.414574 0.7002386 0.4042309 0.7075831 0.4065313 0.9406633 0.4189982 0.948284 0.4112312 0.9445766 0.4229021 0.9445766 0.4229021 0.948284 0.4112312 0.9517127 0.4156262 0.9445766 0.4229021 0.9517127 0.4156262 0.9489514 0.4271361 0.6938263 0.4429206 0.6905004 0.4430118 0.6889555 0.431469 0.6889555 0.431469 0.6905004 0.4430118 0.6799525 0.4435379 0.9542734 0.442511 0.9537338 0.4316456 0.9588615 0.4363746 0.9588615 0.4363746 0.9537338 0.4316456 0.9597444 0.4255132 0.9588615 0.4363746 0.9597444 0.4255132 0.9642457 0.4308788 0.6799525 0.4435379 0.6736657 0.4318087 0.6889555 0.431469 0.6889555 0.431469 0.6736657 0.4318087 0.6874946 0.4205163 0.6889555 0.431469 0.6874946 0.4205163 0.7026045 0.422112 0.7026045 0.422112 0.6874946 0.4205163 0.7013581 0.4127221 0.7026045 0.422112 0.7013581 0.4127221 0.7098241 0.4234709 0.7098241 0.4234709 0.7013581 0.4127221 0.7086433 0.414574 0.9341695 0.4276699 0.9406633 0.4189982 0.9384959 0.4310263 0.9384959 0.4310263 0.9406633 0.4189982 0.9445766 0.4229021 0.9384959 0.4310263 0.9445766 0.4229021 0.9433296 0.4346488 0.9433296 0.4346488 0.9445766 0.4229021 0.9489514 0.4271361 0.9433296 0.4346488 0.9489514 0.4271361 0.948612 0.4384925 0.9569723 0.4525105 0.9542734 0.442511 0.9602355 0.4466498 0.9602355 0.4466498 0.9542734 0.442511 0.9588615 0.4363746 0.9602355 0.4466498 0.9588615 0.4363746 0.9642635 0.4412589 0.9642635 0.4412589 0.9588615 0.4363746 0.9642457 0.4308788 0.9642635 0.4412589 0.9642457 0.4308788 0.96899 0.4364328 0.948612 0.4384925 0.9444635 0.4459373 0.9433296 0.4346488 0.9433296 0.4346488 0.9444635 0.4459373 0.9387765 0.4428138 0.9433296 0.4346488 0.9387765 0.4428138 0.9384959 0.4310263 0.9384959 0.4310263 0.9387765 0.4428138 0.9335708 0.4398553 0.7166899 0.4251967 0.7178884 0.4341849 0.7098241 0.4234709 0.7098241 0.4234709 0.7178884 0.4341849 0.7111037 0.4330667 0.7098241 0.4234709 0.7111037 0.4330667 0.7026045 0.422112 0.7026045 0.422112 0.7111037 0.4330667 0.7039548 0.4322397 0.7026045 0.422112 0.7039548 0.4322397 0.6889555 0.431469 0.6889555 0.431469 0.7039548 0.4322397 0.6968425 0.4428701 0.6889555 0.431469 0.6968425 0.4428701 0.6938263 0.4429206 0.9506223 0.4573132 0.9477722 0.456261 0.9505566 0.4491832 0.9505566 0.4491832 0.9477722 0.456261 0.944172 0.4549099 0.9505566 0.4491832 0.944172 0.4549099 0.9444635 0.4459373 0.9444635 0.4459373 0.944172 0.4549099 0.938068 0.4525532 0.9444635 0.4459373 0.938068 0.4525532 0.9387765 0.4428138 0.9387765 0.4428138 0.938068 0.4525532 0.935379 0.4514836 0.9387765 0.4428138 0.935379 0.4514836 0.9335708 0.4398553 0.7178884 0.4341849 0.7254059 0.4443475 0.7138076 0.4432545 0.7178884 0.4341849 0.7138076 0.4432545 0.7111037 0.4330667 0.7111037 0.4330667 0.7138076 0.4432545 0.7089378 0.4430177 0.7111037 0.4330667 0.7089378 0.4430177 0.7039548 0.4322397 0.7039548 0.4322397 0.7089378 0.4430177 0.7053831 0.4429128 0.7039548 0.4322397 0.7053831 0.4429128 0.6968425 0.4428701 0.9824682 0.4449744 0.9789456 0.4478126 0.96899 0.4364328 0.96899 0.4364328 0.9789456 0.4478126 0.975593 0.4512428 0.96899 0.4364328 0.975593 0.4512428 0.9642635 0.4412589 0.9642635 0.4412589 0.975593 0.4512428 0.9727345 0.455073 0.9642635 0.4412589 0.9727345 0.455073 0.9602355 0.4466498 0.9602355 0.4466498 0.9727345 0.455073 0.9704188 0.4592409 0.9602355 0.4466498 0.9704188 0.4592409 0.9569723 0.4525105 0.9787811 0.4670158 0.9686956 0.463667 0.9704188 0.4592409 0.9704188 0.4592409 0.9686956 0.463667 0.964345 0.4621819 0.9704188 0.4592409 0.964345 0.4621819 0.9569723 0.4525105 0.9569723 0.4525105 0.964345 0.4621819 0.9545149 0.4587245 0.9569723 0.4525105 0.9545149 0.4587245 0.9526558 0.4580528 0.9526558 0.4580528 0.9506223 0.4573132 0.9569723 0.4525105 0.9569723 0.4525105 0.9506223 0.4573132 0.9505566 0.4491832 0.9569723 0.4525105 0.9505566 0.4491832 0.9542734 0.442511 0.9542734 0.442511 0.9505566 0.4491832 0.948612 0.4384925 0.9542734 0.442511 0.948612 0.4384925 0.9537338 0.4316456 0.9537338 0.4316456 0.948612 0.4384925 0.9489514 0.4271361 0.9537338 0.4316456 0.9489514 0.4271361 0.9555485 0.4204076 0.9555485 0.4204076 0.9489514 0.4271361 0.9517127 0.4156262 0.9802138 0.4288075 0.9743376 0.4322552 0.9770327 0.4221974 0.9770327 0.4221974 0.9743376 0.4322552 0.9703378 0.4261246 0.9770327 0.4221974 0.9703378 0.4261246 0.9740204 0.4158262 0.9740204 0.4158262 0.9703378 0.4261246 0.966546 0.4202076 0.9740204 0.4158262 0.966546 0.4202076 0.9712182 0.4097771 0.9712182 0.4097771 0.966546 0.4202076 0.963014 0.4145857 0.9712182 0.4097771 0.963014 0.4145857 0.9686635 0.4041319 0.9686635 0.4041319 0.963014 0.4145857 0.9597884 0.4093306 0.5581777 0.965534 0.5493431 0.9660902 0.555741 0.9586527 0.555741 0.9586527 0.5493431 0.9660902 0.5463057 0.9592462 0.555741 0.9586527 0.5463057 0.9592462 0.553604 0.951437 0.553604 0.951437 0.5463057 0.9592462 0.5436415 0.9520635 0.553604 0.951437 0.5436415 0.9520635 0.5502921 0.9363896 0.5502921 0.9363896 0.5436415 0.9520635 0.5395117 0.9370681 0.5502921 0.9363896 0.5395117 0.9370681 0.5482878 0.9211603 0.5482878 0.9211603 0.5395117 0.9370681 0.5370112 0.9218693 0.5482878 0.9211603 0.5370112 0.9218693 0.5413417 0.9142363 0.5413417 0.9142363 0.5370112 0.9218693 0.5363311 0.9141809 0.9827572 0.4122251 0.982737 0.4137335 0.9820374 0.4124561 0.9820374 0.4124561 0.982737 0.4137335 0.9740204 0.4158262 0.9820374 0.4124561 0.9740204 0.4158262 0.9800187 0.406079 0.9800187 0.406079 0.9740204 0.4158262 0.9712182 0.4097771 0.9800187 0.406079 0.9712182 0.4097771 0.9781838 0.4001328 0.9781838 0.4001328 0.9712182 0.4097771 0.9686635 0.4041319 0.5676673 0.9651055 0.5581777 0.965534 0.5658762 0.958195 0.5658762 0.958195 0.5581777 0.965534 0.555741 0.9586527 0.5658762 0.958195 0.555741 0.9586527 0.5643053 0.9509536 0.5643053 0.9509536 0.555741 0.9586527 0.553604 0.951437 0.5643053 0.9509536 0.553604 0.951437 0.5618724 0.935867 0.5618724 0.935867 0.553604 0.951437 0.5502921 0.9363896 0.5618724 0.935867 0.5502921 0.9363896 0.5604016 0.9206138 0.5604016 0.9206138 0.5502921 0.9363896 0.5482878 0.9211603 0.5604016 0.9206138 0.5482878 0.9211603 0.5607779 0.9143862 0.5607779 0.9143862 0.5482878 0.9211603 0.5508396 0.9143207 0.9826253 0.4233855 0.9825354 0.4337888 0.9802138 0.4288075 0.9802138 0.4288075 0.9825354 0.4337888 0.9824682 0.4449744 0.9802138 0.4288075 0.9824682 0.4449744 0.9743376 0.4322552 0.9743376 0.4322552 0.9824682 0.4449744 0.96899 0.4364328 0.9743376 0.4322552 0.96899 0.4364328 0.9703378 0.4261246 0.9703378 0.4261246 0.96899 0.4364328 0.9642457 0.4308788 0.9703378 0.4261246 0.9642457 0.4308788 0.966546 0.4202076 0.966546 0.4202076 0.9642457 0.4308788 0.9597444 0.4255132 0.966546 0.4202076 0.9597444 0.4255132 0.963014 0.4145857 0.963014 0.4145857 0.9597444 0.4255132 0.9555485 0.4204076 0.963014 0.4145857 0.9555485 0.4204076 0.9597884 0.4093306 0.9597884 0.4093306 0.9555485 0.4204076 0.9517127 0.4156262 0.9597884 0.4093306 0.9517127 0.4156262 0.9569086 0.4045085 0.9569086 0.4045085 0.9517127 0.4156262 0.948284 0.4112312 0.5463057 0.9592462 0.5377337 0.9599636 0.5436415 0.9520635 0.5436415 0.9520635 0.5377337 0.9599636 0.5345908 0.9528206 0.5436415 0.9520635 0.5345908 0.9528206 0.5395117 0.9370681 0.5395117 0.9370681 0.5345908 0.9528206 0.5297182 0.9378868 0.5395117 0.9370681 0.5297182 0.9378868 0.5370112 0.9218693 0.5370112 0.9218693 0.5297182 0.9378868 0.5267663 0.922726 0.5370112 0.9218693 0.5267663 0.922726 0.5238578 0.9140023 0.6606371 0.4023323 0.6694623 0.4001328 0.6607063 0.4091462 0.6938263 0.4429206 0.6968425 0.4428701 0.7051805 0.4688639 0.6798902 0.629656 0.6788913 0.6177114 0.692439 0.629856 0.9533238 0.7541793 0.9533658 0.758289 0.9415289 0.7581084 0.7017113 0.7492834 0.6882253 0.7493242 0.6879985 0.7453776 0.7017113 0.7492834 0.6991008 0.71052 0.7071098 0.7492446 0.7071098 0.7492446 0.6991008 0.71052 0.7140902 0.70946 0.7071098 0.7492446 0.7140902 0.70946 0.7167571 0.7491398 0.9068936 0.7140007 0.9212664 0.7155362 0.906446 0.7554237 0.906446 0.7554237 0.9212664 0.7155362 0.9208317 0.7569553 0.9517448 0.7174717 0.9537763 0.7175436 0.9536459 0.7218765 0.9208317 0.7569553 0.9212664 0.7155362 0.92305 0.757134 0.92305 0.757134 0.9212664 0.7155362 0.9363839 0.7166991 0.92305 0.757134 0.9363839 0.7166991 0.935961 0.7579066 0.935961 0.7579066 0.9363839 0.7166991 0.9517448 0.7174717 0.935961 0.7579066 0.9517448 0.7174717 0.9415289 0.7581084 0.9415289 0.7581084 0.9517448 0.7174717 0.9536459 0.7218765 0.9415289 0.7581084 0.9536459 0.7218765 0.9533238 0.7541793 0.9603783 0.6183869 0.9581161 0.6535648 0.9547111 0.6678973 0.9547111 0.6678973 0.9581161 0.6535648 0.9567357 0.6680778 0.9547111 0.6678973 0.9567357 0.6680778 0.9552367 0.6877275 0.9687405 0.569059 0.9677199 0.585457 0.9603783 0.6183869 0.9603783 0.6183869 0.9677199 0.585457 0.9622779 0.6194624 0.9603783 0.6183869 0.9622779 0.6194624 0.9581161 0.6535648 0.9797816 0.5200767 0.9744404 0.5515856 0.9687405 0.569059 0.9687405 0.569059 0.9744404 0.5515856 0.9707331 0.5694493 0.9687405 0.569059 0.9707331 0.5694493 0.9677199 0.585457 0.9824084 0.4826158 0.9824208 0.5179432 0.9797816 0.5200767 0.9797816 0.5200767 0.9824208 0.5179432 0.9817498 0.5205717 0.9797816 0.5200767 0.9817498 0.5205717 0.9744404 0.5515856 0.6744023 0.4703412 0.6651532 0.479667 0.6611109 0.4452967 0.7017113 0.7492834 0.6879985 0.7453776 0.6991008 0.71052 0.6991008 0.71052 0.6879985 0.7453776 0.6866735 0.7233363 0.6991008 0.71052 0.6866735 0.7233363 0.6843396 0.6880924 0.938068 0.4525532 0.944172 0.4549099 0.9366136 0.4802378 0.944172 0.4549099 0.9477722 0.456261 0.9366136 0.4802378 0.9366136 0.4802378 0.9477722 0.456261 0.9431163 0.4824935 0.9366136 0.4802378 0.9431163 0.4824935 0.9362924 0.5078505 0.6905004 0.4430118 0.6938263 0.4429206 0.6973716 0.4689745 0.6973716 0.4689745 0.6938263 0.4429206 0.7051805 0.4688639 0.6973716 0.4689745 0.7051805 0.4688639 0.7085677 0.4950575 0.7085677 0.4950575 0.7051805 0.4688639 0.7158268 0.4950808 0.7085677 0.4950575 0.7158268 0.4950808 0.719047 0.5213677 0.719047 0.5213677 0.7158268 0.4950808 0.7259498 0.5214841 0.719047 0.5213677 0.7259498 0.5214841 0.7289976 0.5478311 0.7289976 0.5478311 0.7259498 0.5214841 0.7352656 0.5479962 0.7289976 0.5478311 0.7352656 0.5479962 0.7381301 0.574316 0.9012318 0.5797069 0.9060601 0.5535929 0.9070389 0.5813706 0.9012318 0.5797069 0.9070389 0.5813706 0.9029491 0.6074653 0.9029491 0.6074653 0.9070389 0.5813706 0.9092552 0.6089989 0.9029491 0.6074653 0.9092552 0.6089989 0.905908 0.6349771 0.905908 0.6349771 0.9092552 0.6089989 0.9126245 0.636334 0.905908 0.6349771 0.9126245 0.636334 0.9100046 0.662221 0.6611109 0.4452967 0.6752807 0.4438776 0.6744023 0.4703412 0.6744023 0.4703412 0.6752807 0.4438776 0.6799525 0.4435379 0.6744023 0.4703412 0.6799525 0.4435379 0.6894214 0.4692792 0.6817429 0.6528543 0.6948426 0.656731 0.6970628 0.68361 0.6970628 0.68361 0.6948426 0.656731 0.7098349 0.6556711 0.6970628 0.68361 0.7098349 0.6556711 0.7120537 0.68255 0.7120537 0.68255 0.7098349 0.6556711 0.719956 0.6820123 0.7120537 0.68255 0.719956 0.6820123 0.7219895 0.7088932 0.7219895 0.7088932 0.719956 0.6820123 0.7297214 0.7083302 0.7219895 0.7088932 0.7297214 0.7083302 0.7252794 0.7490078 0.7252794 0.7490078 0.7297214 0.7083302 0.7324396 0.7488641 0.7252794 0.7490078 0.7167571 0.7491398 0.7219895 0.7088932 0.7219895 0.7088932 0.7167571 0.7491398 0.7140902 0.70946 0.7219895 0.7088932 0.7140902 0.70946 0.7120537 0.68255 0.7120537 0.68255 0.7140902 0.70946 0.6991008 0.71052 0.7120537 0.68255 0.6991008 0.71052 0.6970628 0.68361 0.6970628 0.68361 0.6991008 0.71052 0.6843396 0.6880924 0.6970628 0.68361 0.6843396 0.6880924 0.6817429 0.6528543 0.7464677 0.7484817 0.7418636 0.7486234 0.7437139 0.7072955 0.7437139 0.7072955 0.7418636 0.7486234 0.7368975 0.7078042 0.7437139 0.7072955 0.7368975 0.7078042 0.7348753 0.6810455 0.7348753 0.6810455 0.7368975 0.7078042 0.7276929 0.6815018 0.7348753 0.6810455 0.7276929 0.6815018 0.725484 0.6547043 0.725484 0.6547043 0.7276929 0.6815018 0.7177412 0.6551625 0.725484 0.6547043 0.7177412 0.6551625 0.7153441 0.6283185 0.7153441 0.6283185 0.7177412 0.6551625 0.7074334 0.6287961 0.7153441 0.6283185 0.7074334 0.6287961 0.7048559 0.6019928 0.7048559 0.6019928 0.7074334 0.6287961 0.692439 0.629856 0.7048559 0.6019928 0.692439 0.629856 0.6898586 0.6030527 0.6898586 0.6030527 0.692439 0.629856 0.6788913 0.6177114 0.6898586 0.6030527 0.6788913 0.6177114 0.6758123 0.5829527 0.7418636 0.7486234 0.7324396 0.7488641 0.7368975 0.7078042 0.7368975 0.7078042 0.7324396 0.7488641 0.7297214 0.7083302 0.7368975 0.7078042 0.7297214 0.7083302 0.7276929 0.6815018 0.7276929 0.6815018 0.7297214 0.7083302 0.719956 0.6820123 0.7276929 0.6815018 0.719956 0.6820123 0.7177412 0.6551625 0.7177412 0.6551625 0.719956 0.6820123 0.7098349 0.6556711 0.7177412 0.6551625 0.7098349 0.6556711 0.7074334 0.6287961 0.7074334 0.6287961 0.7098349 0.6556711 0.6948426 0.656731 0.7074334 0.6287961 0.6948426 0.656731 0.692439 0.629856 0.692439 0.629856 0.6948426 0.656731 0.6817429 0.6528543 0.692439 0.629856 0.6817429 0.6528543 0.6798902 0.629656 0.7053831 0.4429128 0.7089378 0.4430177 0.7124549 0.468957 0.7124549 0.468957 0.7089378 0.4430177 0.7193933 0.4692463 0.7124549 0.468957 0.7193933 0.4692463 0.7227469 0.4952846 0.7227469 0.4952846 0.7193933 0.4692463 0.7290534 0.4956554 0.7227469 0.4952846 0.7290534 0.4956554 0.7322366 0.521752 0.9116093 0.5275448 0.9178645 0.5016384 0.9173531 0.5294492 0.9116093 0.5275448 0.9173531 0.5294492 0.9118375 0.5553769 0.9118375 0.5553769 0.9173531 0.5294492 0.9180858 0.5571842 0.9118375 0.5553769 0.9180858 0.5571842 0.9133182 0.583042 0.9133182 0.583042 0.9180858 0.5571842 0.9199829 0.5847018 0.9133182 0.583042 0.9199829 0.5847018 0.9159485 0.6105092 0.9159485 0.6105092 0.9199829 0.5847018 0.9341596 0.5879225 0.9159485 0.6105092 0.9341596 0.5879225 0.9301855 0.613394 0.8933073 0.7533271 0.8909823 0.7528651 0.8937692 0.7121157 0.8937692 0.7121157 0.8909823 0.7528651 0.8878811 0.7110655 0.8937692 0.7121157 0.8878811 0.7110655 0.8891069 0.6847515 0.7478975 0.6802651 0.7499013 0.7068277 0.7417001 0.6806282 0.7478975 0.6802651 0.7417001 0.6806282 0.7395085 0.653988 0.7395085 0.653988 0.7417001 0.6806282 0.7326738 0.6543161 0.7395085 0.653988 0.7326738 0.6543161 0.7302925 0.6275925 0.7302925 0.6275925 0.7326738 0.6543161 0.7230938 0.6279089 0.7302925 0.6275925 0.7230938 0.6279089 0.7205291 0.6011872 0.7205291 0.6011872 0.7230938 0.6279089 0.7127716 0.6015444 0.7205291 0.6011872 0.7127716 0.6015444 0.7100217 0.5748013 0.7100217 0.5748013 0.7127716 0.6015444 0.7021006 0.5752207 0.7100217 0.5748013 0.7021006 0.5752207 0.6991764 0.5485611 0.6991764 0.5485611 0.7021006 0.5752207 0.6870998 0.5762806 0.6991764 0.5485611 0.6870998 0.5762806 0.6841716 0.549621 0.6841716 0.549621 0.6870998 0.5762806 0.6724913 0.5483573 0.6841716 0.549621 0.6724913 0.5483573 0.6689347 0.5139132 0.7562404 0.748107 0.7464677 0.7484817 0.7499013 0.7068277 0.7499013 0.7068277 0.7464677 0.7484817 0.7437139 0.7072955 0.7499013 0.7068277 0.7437139 0.7072955 0.7417001 0.6806282 0.7417001 0.6806282 0.7437139 0.7072955 0.7348753 0.6810455 0.7417001 0.6806282 0.7348753 0.6810455 0.7326738 0.6543161 0.7326738 0.6543161 0.7348753 0.6810455 0.725484 0.6547043 0.7326738 0.6543161 0.725484 0.6547043 0.7230938 0.6279089 0.7230938 0.6279089 0.725484 0.6547043 0.7153441 0.6283185 0.7230938 0.6279089 0.7153441 0.6283185 0.7127716 0.6015444 0.7127716 0.6015444 0.7153441 0.6283185 0.7048559 0.6019928 0.7127716 0.6015444 0.7048559 0.6019928 0.7021006 0.5752207 0.7021006 0.5752207 0.7048559 0.6019928 0.6898586 0.6030527 0.7021006 0.5752207 0.6898586 0.6030527 0.6870998 0.5762806 0.6870998 0.5762806 0.6898586 0.6030527 0.6758123 0.5829527 0.6870998 0.5762806 0.6758123 0.5829527 0.6724913 0.5483573 0.9547111 0.6678973 0.9393995 0.6663385 0.9603783 0.6183869 0.9603783 0.6183869 0.9393995 0.6663385 0.9451611 0.6160418 0.9603783 0.6183869 0.9451611 0.6160418 0.9687405 0.569059 0.9687405 0.569059 0.9451611 0.6160418 0.9536617 0.5659355 0.9687405 0.569059 0.9536617 0.5659355 0.9797816 0.5200767 0.9797816 0.5200767 0.9536617 0.5659355 0.9648855 0.5161825 0.9797816 0.5200767 0.9648855 0.5161825 0.9824084 0.4826158 0.9824084 0.4826158 0.9648855 0.5161825 0.9824119 0.4681902 0.7138076 0.4432545 0.7254059 0.4443475 0.7257216 0.469718 0.9248226 0.4758815 0.935379 0.4514836 0.9304874 0.4780247 0.9248226 0.4758815 0.9304874 0.4780247 0.9235707 0.5036612 0.9235707 0.5036612 0.9304874 0.4780247 0.9297423 0.5057423 0.9235707 0.5036612 0.9297423 0.5057423 0.9235653 0.5313944 0.9235653 0.5313944 0.9297423 0.5057423 0.9301583 0.5333551 0.9235653 0.5313944 0.9301583 0.5333551 0.9247169 0.5589954 0.9247169 0.5589954 0.9301583 0.5333551 0.9441839 0.5372415 0.9247169 0.5589954 0.9441839 0.5372415 0.9388235 0.5625499 0.906446 0.7554237 0.9060162 0.7553674 0.9068936 0.7140007 0.9068936 0.7140007 0.9060162 0.7553674 0.900136 0.713098 0.9068936 0.7140007 0.900136 0.713098 0.9013464 0.6870461 0.9013464 0.6870461 0.900136 0.713098 0.8949875 0.6859259 0.9013464 0.6870461 0.8949875 0.6859259 0.8969237 0.6597555 0.8969237 0.6597555 0.8949875 0.6859259 0.8910549 0.6584588 0.8969237 0.6597555 0.8910549 0.6584588 0.8937272 0.6321622 0.7433591 0.6272042 0.7457167 0.6537337 0.7371376 0.6273537 0.7433591 0.6272042 0.7371376 0.6273537 0.7345952 0.6007892 0.7345952 0.6007892 0.7371376 0.6273537 0.7277378 0.6009387 0.7345952 0.6007892 0.7277378 0.6009387 0.7250077 0.5743141 0.7250077 0.5743141 0.7277378 0.6009387 0.7177877 0.5744946 0.7250077 0.5743141 0.7177877 0.5744946 0.7148792 0.5479127 0.7148792 0.5479127 0.7177877 0.5744946 0.7071039 0.5481709 0.7148792 0.5479127 0.7071039 0.5481709 0.7040166 0.5216161 0.7040166 0.5216161 0.7071039 0.5481709 0.6960816 0.5219792 0.7040166 0.5216161 0.6960816 0.5219792 0.6928284 0.4955486 0.6928284 0.4955486 0.6960816 0.5219792 0.681073 0.5230391 0.6928284 0.4955486 0.681073 0.5230391 0.6778147 0.4966086 0.6651532 0.479667 0.6778147 0.4966086 0.6689347 0.5139132 0.6689347 0.5139132 0.6778147 0.4966086 0.681073 0.5230391 0.6689347 0.5139132 0.681073 0.5230391 0.6841716 0.549621 0.6841716 0.549621 0.681073 0.5230391 0.6960816 0.5219792 0.6841716 0.549621 0.6960816 0.5219792 0.6991764 0.5485611 0.6991764 0.5485611 0.6960816 0.5219792 0.7071039 0.5481709 0.6991764 0.5485611 0.7071039 0.5481709 0.7100217 0.5748013 0.7100217 0.5748013 0.7071039 0.5481709 0.7177877 0.5744946 0.7100217 0.5748013 0.7177877 0.5744946 0.7205291 0.6011872 0.7205291 0.6011872 0.7177877 0.5744946 0.7277378 0.6009387 0.7205291 0.6011872 0.7277378 0.6009387 0.7302925 0.6275925 0.7302925 0.6275925 0.7277378 0.6009387 0.7371376 0.6273537 0.7302925 0.6275925 0.7371376 0.6273537 0.7395085 0.653988 0.7395085 0.653988 0.7371376 0.6273537 0.7457167 0.6537337 0.7395085 0.653988 0.7457167 0.6537337 0.7478975 0.6802651 0.8891069 0.6847515 0.8910549 0.6584588 0.8949875 0.6859259 0.8891069 0.6847515 0.8949875 0.6859259 0.8937692 0.7121157 0.8937692 0.7121157 0.8949875 0.6859259 0.900136 0.713098 0.8937692 0.7121157 0.900136 0.713098 0.8933073 0.7533271 0.8933073 0.7533271 0.900136 0.713098 0.9060162 0.7553674 0.9502271 0.512067 0.9686956 0.463667 0.9648855 0.5161825 0.9648855 0.5161825 0.9686956 0.463667 0.9787811 0.4670158 0.9648855 0.5161825 0.9787811 0.4670158 0.9824119 0.4681902 0.9477722 0.456261 0.9506223 0.4573132 0.9431163 0.4824935 0.9431163 0.4824935 0.9506223 0.4573132 0.9526558 0.4580528 0.9431163 0.4824935 0.9526558 0.4580528 0.9362924 0.5078505 0.9362924 0.5078505 0.9526558 0.4580528 0.9545149 0.4587245 0.9362924 0.5078505 0.9545149 0.4587245 0.9502271 0.512067 0.9502271 0.512067 0.9545149 0.4587245 0.964345 0.4621819 0.9502271 0.512067 0.964345 0.4621819 0.9686956 0.463667 0.935379 0.4514836 0.938068 0.4525532 0.9304874 0.4780247 0.9304874 0.4780247 0.938068 0.4525532 0.9366136 0.4802378 0.9304874 0.4780247 0.9366136 0.4802378 0.9297423 0.5057423 0.9297423 0.5057423 0.9366136 0.4802378 0.9362924 0.5078505 0.9297423 0.5057423 0.9362924 0.5078505 0.9301583 0.5333551 0.9301583 0.5333551 0.9362924 0.5078505 0.9502271 0.512067 0.9301583 0.5333551 0.9502271 0.512067 0.9441839 0.5372415 0.9441839 0.5372415 0.9502271 0.512067 0.9648855 0.5161825 0.9441839 0.5372415 0.9648855 0.5161825 0.9388235 0.5625499 0.9388235 0.5625499 0.9648855 0.5161825 0.9536617 0.5659355 0.7089378 0.4430177 0.7138076 0.4432545 0.7193933 0.4692463 0.7193933 0.4692463 0.7138076 0.4432545 0.7257216 0.469718 0.7193933 0.4692463 0.7257216 0.469718 0.7290534 0.4956554 0.9178645 0.5016384 0.9248226 0.4758815 0.9235707 0.5036612 0.9178645 0.5016384 0.9235707 0.5036612 0.9173531 0.5294492 0.9173531 0.5294492 0.9235707 0.5036612 0.9235653 0.5313944 0.9173531 0.5294492 0.9235653 0.5313944 0.9180858 0.5571842 0.9180858 0.5571842 0.9235653 0.5313944 0.9247169 0.5589954 0.9180858 0.5571842 0.9247169 0.5589954 0.9199829 0.5847018 0.9199829 0.5847018 0.9247169 0.5589954 0.9388235 0.5625499 0.9199829 0.5847018 0.9388235 0.5625499 0.9341596 0.5879225 0.9341596 0.5879225 0.9388235 0.5625499 0.9536617 0.5659355 0.9341596 0.5879225 0.9536617 0.5659355 0.9301855 0.613394 0.9301855 0.613394 0.9536617 0.5659355 0.9451611 0.6160418 0.9301855 0.613394 0.9451611 0.6160418 0.924331 0.6644321 0.924331 0.6644321 0.9451611 0.6160418 0.9393995 0.6663385 0.6968425 0.4428701 0.7053831 0.4429128 0.7051805 0.4688639 0.7051805 0.4688639 0.7053831 0.4429128 0.7124549 0.468957 0.7051805 0.4688639 0.7124549 0.468957 0.7158268 0.4950808 0.7158268 0.4950808 0.7124549 0.468957 0.7227469 0.4952846 0.7158268 0.4950808 0.7227469 0.4952846 0.7259498 0.5214841 0.7259498 0.5214841 0.7227469 0.4952846 0.7322366 0.521752 0.7259498 0.5214841 0.7322366 0.521752 0.7352656 0.5479962 0.9060601 0.5535929 0.9116093 0.5275448 0.9118375 0.5553769 0.9060601 0.5535929 0.9118375 0.5553769 0.9070389 0.5813706 0.9070389 0.5813706 0.9118375 0.5553769 0.9133182 0.583042 0.9070389 0.5813706 0.9133182 0.583042 0.9092552 0.6089989 0.9092552 0.6089989 0.9133182 0.583042 0.9159485 0.6105092 0.9092552 0.6089989 0.9159485 0.6105092 0.9126245 0.636334 0.9126245 0.636334 0.9159485 0.6105092 0.9301855 0.613394 0.9126245 0.636334 0.9301855 0.613394 0.9100046 0.662221 0.9100046 0.662221 0.9301855 0.613394 0.924331 0.6644321 0.6799525 0.4435379 0.6905004 0.4430118 0.6894214 0.4692792 0.6894214 0.4692792 0.6905004 0.4430118 0.6973716 0.4689745 0.6894214 0.4692792 0.6973716 0.4689745 0.7007707 0.4952147 0.7007707 0.4952147 0.6973716 0.4689745 0.7085677 0.4950575 0.7007707 0.4952147 0.7085677 0.4950575 0.7118023 0.5214104 0.7118023 0.5214104 0.7085677 0.4950575 0.719047 0.5213677 0.7118023 0.5214104 0.719047 0.5213677 0.7221111 0.547802 0.7221111 0.547802 0.719047 0.5213677 0.7289976 0.5478311 0.7221111 0.547802 0.7289976 0.5478311 0.7318789 0.5742558 0.7318789 0.5742558 0.7289976 0.5478311 0.7381301 0.574316 0.7318789 0.5742558 0.7381301 0.574316 0.7408311 0.6007465 0.8971174 0.6059239 0.9012318 0.5797069 0.9029491 0.6074653 0.8971174 0.6059239 0.9029491 0.6074653 0.8995797 0.6335794 0.8995797 0.6335794 0.9029491 0.6074653 0.905908 0.6349771 0.8995797 0.6335794 0.905908 0.6349771 0.9032698 0.6610135 0.9032698 0.6610135 0.905908 0.6349771 0.9100046 0.662221 0.9032698 0.6610135 0.9100046 0.662221 0.9080951 0.6881002 0.9080951 0.6881002 0.9100046 0.662221 0.924331 0.6644321 0.6651532 0.479667 0.6744023 0.4703412 0.6778147 0.4966086 0.6778147 0.4966086 0.6744023 0.4703412 0.6894214 0.4692792 0.6778147 0.4966086 0.6894214 0.4692792 0.6928284 0.4955486 0.6928284 0.4955486 0.6894214 0.4692792 0.7007707 0.4952147 0.6928284 0.4955486 0.7007707 0.4952147 0.7040166 0.5216161 0.7040166 0.5216161 0.7007707 0.4952147 0.7118023 0.5214104 0.7040166 0.5216161 0.7118023 0.5214104 0.7148792 0.5479127 0.7148792 0.5479127 0.7118023 0.5214104 0.7221111 0.547802 0.7148792 0.5479127 0.7221111 0.547802 0.7250077 0.5743141 0.7250077 0.5743141 0.7221111 0.547802 0.7318789 0.5742558 0.7250077 0.5743141 0.7318789 0.5742558 0.7345952 0.6007892 0.7345952 0.6007892 0.7318789 0.5742558 0.7408311 0.6007465 0.7345952 0.6007892 0.7408311 0.6007465 0.7433591 0.6272042 0.8937272 0.6321622 0.8971174 0.6059239 0.8995797 0.6335794 0.8937272 0.6321622 0.8995797 0.6335794 0.8969237 0.6597555 0.8969237 0.6597555 0.8995797 0.6335794 0.9032698 0.6610135 0.8969237 0.6597555 0.9032698 0.6610135 0.9013464 0.6870461 0.9013464 0.6870461 0.9032698 0.6610135 0.9080951 0.6881002 0.9013464 0.6870461 0.9080951 0.6881002 0.9068936 0.7140007 0.9068936 0.7140007 0.9080951 0.6881002 0.924331 0.6644321 0.9068936 0.7140007 0.924331 0.6644321 0.9212664 0.7155362 0.9212664 0.7155362 0.924331 0.6644321 0.9393995 0.6663385 0.9212664 0.7155362 0.9393995 0.6663385 0.9363839 0.7166991 0.9363839 0.7166991 0.9393995 0.6663385 0.9547111 0.6678973 0.9363839 0.7166991 0.9547111 0.6678973 0.9517448 0.7174717 0.9517448 0.7174717 0.9547111 0.6678973 0.9552367 0.6877275 0.9517448 0.7174717 0.9552367 0.6877275 0.9537763 0.7175436 0.9707331 0.5694493 0.9744404 0.5515856 0.9824726 0.5778511 0.9824726 0.5778511 0.9744404 0.5515856 0.9817498 0.5205717 0.9824726 0.5778511 0.9817498 0.5205717 0.9824208 0.5179432 0.9825428 0.637656 0.9622779 0.6194624 0.9824726 0.5778511 0.9824726 0.5778511 0.9622779 0.6194624 0.9677199 0.585457 0.9824726 0.5778511 0.9677199 0.585457 0.9707331 0.5694493 0.9537763 0.7175436 0.9552367 0.6877275 0.9826322 0.6980589 0.9826322 0.6980589 0.9552367 0.6877275 0.9567357 0.6680778 0.9826322 0.6980589 0.9567357 0.6680778 0.9825428 0.637656 0.9825428 0.637656 0.9567357 0.6680778 0.9581161 0.6535648 0.9825428 0.637656 0.9581161 0.6535648 0.9622779 0.6194624 0.9827404 0.7583279 0.9533658 0.758289 0.9533238 0.7541793 0.9827404 0.7583279 0.9533238 0.7541793 0.9826322 0.6980589 0.9826322 0.6980589 0.9533238 0.7541793 0.9536459 0.7218765 0.9826322 0.6980589 0.9536459 0.7218765 0.9537763 0.7175436 0.9827404 0.7583279 0.9828699 0.7986152 0.9533658 0.758289 0.9533658 0.758289 0.9828699 0.7986152 0.9534947 0.7985764 0.02112501 0.9668978 0.01572406 0.9671861 0.0162329 0.9570671 0.02264863 0.9668148 0.02112501 0.9668978 0.02253597 0.9647828 0.02253597 0.9647828 0.02112501 0.9668978 0.02202516 0.9538728 0.02112501 0.9668978 0.0162329 0.9570671 0.02202516 0.9538728 0.02202516 0.9538728 0.0162329 0.9570671 0.01843833 0.9453215 0.02202516 0.9538728 0.01843833 0.9453215 0.02173858 0.9445032 0.02173858 0.9445032 0.01843833 0.9453215 0.02044022 0.9388599 0.02173858 0.9445032 0.02044022 0.9388599 0.02163684 0.9357059 0.3413929 0.4557583 0.3481678 0.4527192 0.3513104 0.4525746 0.003934085 0.9316757 0.009041547 0.9197713 0.02188086 0.9161625 0.02188086 0.9161625 0.009041547 0.9197713 0.01614004 0.9078407 0.02188086 0.9161625 0.01614004 0.9078407 0.02240163 0.8996844 0.02188086 0.9161625 0.02166646 0.9290171 0.003934085 0.9316757 0.003934085 0.9316757 0.02166646 0.9290171 0.02044022 0.9388599 0.003934085 0.9316757 0.02044022 0.9388599 0.00362873 0.932545 0.00362873 0.932545 0.02044022 0.9388599 0.01843833 0.9453215 0.00362873 0.932545 0.01843833 0.9453215 4.94048e-7 0.9459296 4.94048e-7 0.9459296 0.01843833 0.9453215 0.0162329 0.9570671 0.3575665 0.4704722 0.3695957 0.4520242 0.3714513 0.4702033 0.3714513 0.4702033 0.3695957 0.4520242 0.379855 0.4519106 0.3714513 0.4702033 0.379855 0.4519106 0.3800057 0.4701373 0.2825493 0.6980405 0.2710987 0.6831179 0.2931565 0.6764292 0.2655955 0.4999602 0.2749468 0.4837728 0.2942019 0.4942868 0.2931565 0.6764292 0.2710987 0.6831179 0.2918151 0.6695105 0.2918151 0.6695105 0.2710987 0.6831179 0.2630417 0.6662977 0.2918151 0.6695105 0.2630417 0.6662977 0.2916368 0.6658696 0.2931565 0.6764292 0.2959558 0.6834256 0.2825493 0.6980405 0.2825493 0.6980405 0.2959558 0.6834256 0.3001221 0.6899628 0.2825493 0.6980405 0.3001221 0.6899628 0.2969018 0.7103666 0.2942019 0.4942868 0.2922884 0.5009794 0.2655955 0.4999602 0.2655955 0.4999602 0.2922884 0.5009794 0.2916368 0.5079389 0.2655955 0.4999602 0.2916368 0.5079389 0.2598206 0.5177006 0.2875401 0.4697442 0.301539 0.4821169 0.2749468 0.4837728 0.2749468 0.4837728 0.301539 0.4821169 0.2972284 0.4880999 0.2749468 0.4837728 0.2972284 0.4880999 0.2942019 0.4942868 0.3733717 0.7271034 0.3504177 0.7270859 0.3674352 0.726386 0.3674352 0.726386 0.3504177 0.7270859 0.3572711 0.7242769 0.338564 0.4464149 0.3504177 0.4456791 0.3570927 0.449683 0.2630417 0.6662977 0.2586477 0.6481312 0.2916368 0.6658696 0.2916368 0.6658696 0.2586477 0.6481312 0.257879 0.6364806 0.2916368 0.6658696 0.257879 0.6364806 0.2916368 0.5079389 0.2916368 0.5079389 0.257879 0.6364806 0.257879 0.5361447 0.2916368 0.5079389 0.257879 0.5361447 0.2598206 0.5177006 0.3797978 0.4462246 0.3797978 0.4464236 0.3777267 0.4465149 0.3001221 0.6899628 0.3051663 0.6955013 0.2969018 0.7103666 0.2969018 0.7103666 0.3051663 0.6955013 0.311746 0.7007301 0.2969018 0.7103666 0.311746 0.7007301 0.3134381 0.7195129 0.3134381 0.7195129 0.311746 0.7007301 0.3220494 0.7074091 0.3134381 0.7195129 0.3220494 0.7074091 0.3315742 0.7251747 0.3315742 0.7251747 0.3220494 0.7074091 0.3355735 0.7151897 0.3315742 0.7251747 0.3355735 0.7151897 0.3504177 0.7270859 0.3504177 0.7270859 0.3355735 0.7151897 0.3481678 0.7211747 0.3504177 0.7270859 0.3481678 0.7211747 0.3572711 0.7242769 0.3570927 0.449683 0.3504177 0.4456791 0.3666175 0.4476641 0.3666175 0.4476641 0.3504177 0.4456791 0.3797978 0.4457005 0.3666175 0.4476641 0.3797978 0.4457005 0.3777267 0.4465149 0.3777267 0.4465149 0.3797978 0.4457005 0.3797978 0.4458121 0.3777267 0.4465149 0.3797978 0.4458121 0.3797978 0.4462246 0.3570927 0.449683 0.3481678 0.4527192 0.338564 0.4464149 0.338564 0.4464149 0.3481678 0.4527192 0.3413929 0.4557583 0.338564 0.4464149 0.3413929 0.4557583 0.3199961 0.4506896 0.3199961 0.4506896 0.3413929 0.4557583 0.3283895 0.4626527 0.3199961 0.4506896 0.3283895 0.4626527 0.3028013 0.4585518 0.3028013 0.4585518 0.3283895 0.4626527 0.311746 0.4731084 0.3028013 0.4585518 0.311746 0.4731084 0.2875401 0.4697442 0.2875401 0.4697442 0.311746 0.4731084 0.3068515 0.4768221 0.2875401 0.4697442 0.3068515 0.4768221 0.301539 0.4821169 0.2073353 0.04692894 0.2070013 0.04785686 0.2067963 0.04766464 0.1995491 0.06477701 0.2022071 0.06529533 0.2022007 0.07018738 0.1961515 0.06938952 0.1929298 0.0690692 0.1937105 0.06369769 0.1994118 0.06978356 0.1961515 0.06938952 0.1965888 0.06421989 0.1961515 0.06938952 0.1937105 0.06369769 0.1965888 0.06421989 0.1965888 0.06421989 0.1937105 0.06369769 0.1951061 0.05785828 0.1965888 0.06421989 0.1951061 0.05785828 0.19752 0.05862706 0.19752 0.05862706 0.1951061 0.05785828 0.1970492 0.05272948 0.19752 0.05862706 0.1970492 0.05272948 0.1989409 0.05371755 0.1989409 0.05371755 0.1970492 0.05272948 0.1982409 0.05046784 0.1989409 0.05371755 0.1982409 0.05046784 0.1998485 0.05154722 0.1998485 0.05154722 0.1982409 0.05046784 0.2003366 0.04751521 0.1998485 0.05154722 0.2003366 0.04751521 0.2014803 0.0486955 0.2014803 0.0486955 0.2003366 0.04751521 0.2011063 0.04669404 0.2014803 0.0486955 0.2011063 0.04669404 0.2020875 0.04789376 0.2022007 0.07018738 0.1994118 0.06978356 0.1995491 0.06477701 0.1995491 0.06477701 0.1994118 0.06978356 0.1965888 0.06421989 0.1995491 0.06477701 0.1965888 0.06421989 0.2000491 0.05939579 0.2000491 0.05939579 0.1965888 0.06421989 0.19752 0.05862706 0.2000491 0.05939579 0.19752 0.05862706 0.2009606 0.05469208 0.2009606 0.05469208 0.19752 0.05862706 0.1989409 0.05371755 0.2009606 0.05469208 0.1989409 0.05371755 0.2015816 0.05260717 0.2015816 0.05260717 0.1989409 0.05371755 0.1998485 0.05154722 0.2015816 0.05260717 0.1998485 0.05154722 0.2027382 0.04985636 0.2027382 0.04985636 0.1998485 0.05154722 0.2014803 0.0486955 0.2027382 0.04985636 0.2014803 0.0486955 0.2031769 0.04907596 0.2031769 0.04907596 0.2014803 0.0486955 0.2020875 0.04789376 0.2031769 0.04907596 0.2020875 0.04789376 0.2042692 0.0476045 0.2022071 0.06529533 0.1995491 0.06477701 0.2024422 0.06009078 0.2024422 0.06009078 0.1995491 0.06477701 0.2000491 0.05939579 0.2024422 0.06009078 0.2000491 0.05939579 0.2029625 0.05558121 0.2029625 0.05558121 0.2000491 0.05939579 0.2009606 0.05469208 0.2029625 0.05558121 0.2009606 0.05469208 0.203338 0.05358749 0.203338 0.05358749 0.2009606 0.05469208 0.2015816 0.05260717 0.203338 0.05358749 0.2015816 0.05260717 0.2040563 0.0509532 0.2040563 0.0509532 0.2015816 0.05260717 0.2027382 0.04985636 0.2040563 0.0509532 0.2027382 0.04985636 0.2043335 0.05019801 0.2043335 0.05019801 0.2027382 0.04985636 0.2031769 0.04907596 0.2043335 0.05019801 0.2031769 0.04907596 0.2050296 0.04875761 0.2050296 0.04875761 0.2031769 0.04907596 0.2042692 0.0476045 0.2050296 0.04875761 0.2042692 0.0476045 0.2052129 0.04847419 0.2052129 0.04847419 0.2058438 0.04983502 0.2050296 0.04875761 0.2050296 0.04875761 0.2058438 0.04983502 0.2055143 0.05121719 0.2050296 0.04875761 0.2055143 0.05121719 0.2043335 0.05019801 0.2043335 0.05019801 0.2055143 0.05121719 0.2053794 0.05193352 0.2043335 0.05019801 0.2053794 0.05193352 0.2040563 0.0509532 0.2040563 0.0509532 0.2053794 0.05193352 0.2050123 0.05443 0.2040563 0.0509532 0.2050123 0.05443 0.203338 0.05358749 0.203338 0.05358749 0.2050123 0.05443 0.2048033 0.05632084 0.203338 0.05358749 0.2048033 0.05632084 0.2029625 0.05558121 0.2029625 0.05558121 0.2048033 0.05632084 0.2044629 0.06064212 0.2029625 0.05558121 0.2044629 0.06064212 0.2024422 0.06009078 0.2024422 0.06009078 0.2044629 0.06064212 0.2042174 0.06570887 0.8220081 0.8371787 0.8245861 0.8425347 0.8222829 0.8423541 0.8222829 0.8423541 0.8245861 0.8425347 0.8251187 0.8473471 0.8222829 0.8423541 0.8251187 0.8473471 0.8223234 0.8471549 0.2062025 0.04887992 0.2060582 0.04919636 0.2052129 0.04847419 0.2052129 0.04847419 0.2060582 0.04919636 0.2059288 0.04955738 0.2052129 0.04847419 0.2059288 0.04955738 0.2058438 0.04983502 0.208276 0.04502451 0.207319 0.04567676 0.2077029 0.04466539 0.2077029 0.04466539 0.207319 0.04567676 0.2069489 0.04551178 0.2077029 0.04466539 0.2069489 0.04551178 0.2072296 0.04446351 0.2072296 0.04446351 0.2069489 0.04551178 0.2065572 0.04541087 0.2072296 0.04446351 0.2065572 0.04541087 0.2067316 0.04432564 0.2067316 0.04432564 0.2065572 0.04541087 0.206027 0.04537588 0.2067316 0.04432564 0.206027 0.04537588 0.2060611 0.04424995 0.2060611 0.04424995 0.206027 0.04537588 0.2052178 0.04551374 0.2060611 0.04424995 0.2052178 0.04551374 0.2050429 0.04434311 0.2050429 0.04434311 0.2052178 0.04551374 0.2039709 0.04612326 0.2050429 0.04434311 0.2039709 0.04612326 0.2034777 0.04491388 0.2034777 0.04491388 0.2039709 0.04612326 0.203583 0.04640281 0.2034777 0.04491388 0.203583 0.04640281 0.2029907 0.04518955 0.208276 0.04502451 0.2077627 0.04597771 0.207319 0.04567676 0.207319 0.04567676 0.2077627 0.04597771 0.2070147 0.04668045 0.207319 0.04567676 0.2070147 0.04668045 0.2069489 0.04551178 0.2069489 0.04551178 0.2070147 0.04668045 0.2067454 0.04655617 0.2069489 0.04551178 0.2067454 0.04655617 0.2065572 0.04541087 0.2065572 0.04541087 0.2067454 0.04655617 0.2064594 0.04649019 0.2065572 0.04541087 0.2064594 0.04649019 0.206027 0.04537588 0.206027 0.04537588 0.2064594 0.04649019 0.2060695 0.04649406 0.206027 0.04537588 0.2060695 0.04649406 0.2052178 0.04551374 0.2052178 0.04551374 0.2060695 0.04649406 0.2054737 0.04667657 0.2052178 0.04551374 0.2054737 0.04667657 0.2039709 0.04612326 0.2039709 0.04612326 0.2054737 0.04667657 0.2045543 0.04731911 0.2039709 0.04612326 0.2045543 0.04731911 0.203583 0.04640281 0.2077627 0.04597771 0.2073353 0.04692894 0.2070147 0.04668045 0.2070147 0.04668045 0.2073353 0.04692894 0.2067963 0.04766464 0.2070147 0.04668045 0.2067963 0.04766464 0.2067454 0.04655617 0.2067454 0.04655617 0.2067963 0.04766464 0.2066234 0.04757732 0.2067454 0.04655617 0.2066234 0.04757732 0.2064594 0.04649019 0.2064594 0.04649019 0.2066234 0.04757732 0.2064391 0.0475443 0.2064594 0.04649019 0.2064391 0.0475443 0.2060695 0.04649406 0.2060695 0.04649406 0.2064391 0.0475443 0.2061882 0.04758507 0.2060695 0.04649406 0.2061882 0.04758507 0.2054737 0.04667657 0.2054737 0.04667657 0.2061882 0.04758507 0.2058042 0.04780638 0.2054737 0.04667657 0.2058042 0.04780638 0.2045543 0.04731911 0.2011063 0.04669404 0.2029907 0.04518955 0.2020875 0.04789376 0.2020875 0.04789376 0.2029907 0.04518955 0.203583 0.04640281 0.2020875 0.04789376 0.203583 0.04640281 0.2042692 0.0476045 0.2042692 0.0476045 0.203583 0.04640281 0.2045543 0.04731911 0.2042692 0.0476045 0.2045543 0.04731911 0.2052129 0.04847419 0.2052129 0.04847419 0.2045543 0.04731911 0.2058042 0.04780638 0.2052129 0.04847419 0.2058042 0.04780638 0.2062025 0.04887992 0.2062025 0.04887992 0.2058042 0.04780638 0.2061882 0.04758507 0.2062025 0.04887992 0.2061882 0.04758507 0.2063808 0.04862755 0.2063808 0.04862755 0.2061882 0.04758507 0.2064391 0.0475443 0.2063808 0.04862755 0.2064391 0.0475443 0.2064979 0.04855376 0.2064979 0.04855376 0.2064391 0.0475443 0.2066234 0.04757732 0.2064979 0.04855376 0.2066234 0.04757732 0.2065848 0.04855573 0.2065848 0.04855573 0.2066234 0.04757732 0.2067963 0.04766464 0.2065848 0.04855573 0.2067963 0.04766464 0.2066674 0.04860812 0.9521228 0.9779815 0.9521228 0.9790473 0.9519153 0.9789153 0.2354429 0.9795656 0.2355756 0.978758 0.2355756 0.9796782 0.192708 0.1155977 0.1887156 0.1150115 0.1908183 0.09778457 0.8209815 0.8684177 0.8198937 0.8753325 0.8178493 0.8683323 0.8178493 0.8683323 0.8198937 0.8753325 0.8167713 0.8752122 0.1993391 0.09157639 0.1987537 0.09856498 0.1954357 0.09120756 0.1954357 0.09120756 0.1987537 0.09856498 0.1948675 0.09811848 0.1954357 0.09120756 0.1948675 0.09811848 0.1913711 0.09097266 0.8213807 0.8934369 0.8198937 0.8753325 0.8238895 0.8758062 0.8238895 0.8758062 0.8198937 0.8753325 0.8209815 0.8684177 0.8238895 0.8758062 0.8209815 0.8684177 0.8249833 0.8689108 0.8213807 0.8934369 0.8174125 0.8930001 0.8198937 0.8753325 0.8198937 0.8753325 0.8174125 0.8930001 0.8143208 0.8927866 0.8198937 0.8753325 0.8143208 0.8927866 0.8167713 0.8752122 0.1987537 0.09856498 0.1965295 0.1162326 0.192708 0.1155977 0.1987537 0.09856498 0.192708 0.1155977 0.1948675 0.09811848 0.1948675 0.09811848 0.192708 0.1155977 0.1908183 0.09778457 0.1948675 0.09811848 0.1908183 0.09778457 0.1913711 0.09097266 0.1855912 0.1322287 0.1887156 0.1150115 0.1895006 0.1330537 0.1895006 0.1330537 0.1887156 0.1150115 0.192708 0.1155977 0.1895006 0.1330537 0.192708 0.1155977 0.1932283 0.1338749 0.1932283 0.1338749 0.192708 0.1155977 0.1965295 0.1162326 0.812227 0.9105998 0.8143208 0.8927866 0.8152832 0.9109104 0.8152832 0.9109104 0.8143208 0.8927866 0.8174125 0.8930001 0.8152832 0.9109104 0.8174125 0.8930001 0.8192049 0.9113219 0.8192049 0.9113219 0.8174125 0.8930001 0.8213807 0.8934369 0.8254497 0.8541494 0.8253272 0.8611767 0.8221169 0.8538542 0.8221169 0.8538542 0.8253272 0.8611767 0.8216268 0.8607769 0.2023019 0.07706338 0.2023049 0.08417236 0.1994493 0.07670038 0.1994493 0.07670038 0.2023049 0.08417236 0.1994592 0.08379769 0.1994493 0.07670038 0.1994592 0.08379769 0.1958917 0.07638782 0.1958917 0.07638782 0.1994592 0.08379769 0.1957079 0.08349096 0.1958917 0.07638782 0.1957079 0.08349096 0.1923074 0.07618981 0.1923074 0.07618981 0.1957079 0.08349096 0.1918647 0.08332014 0.8251187 0.8473471 0.8254497 0.8541494 0.8223234 0.8471549 0.8223234 0.8471549 0.8254497 0.8541494 0.8221169 0.8538542 0.2022007 0.07018738 0.2023019 0.07706338 0.1994118 0.06978356 0.1994118 0.06978356 0.2023019 0.07706338 0.1994493 0.07670038 0.1994118 0.06978356 0.1994493 0.07670038 0.1961515 0.06938952 0.1961515 0.06938952 0.1994493 0.07670038 0.1958917 0.07638782 0.1961515 0.06938952 0.1958917 0.07638782 0.1929298 0.0690692 0.1929298 0.0690692 0.1958917 0.07638782 0.1923074 0.07618981 0.8704857 0.1608514 0.8704239 0.1628984 0.8708621 0.04101818 0.8704239 0.1628984 0.8704857 0.1608514 0.8699423 0.1848698 0.815462 0.04604178 0.8180538 0.0453788 0.8193936 0.04505264 0.8193936 0.04505264 0.8180538 0.0453788 0.8235012 0.04357582 0.8193936 0.04505264 0.8235012 0.04357582 0.8232349 0.04374957 0.8235012 0.04357582 0.8241271 0.04332399 0.8232349 0.04374957 0.8232349 0.04374957 0.8241271 0.04332399 0.8247511 0.04306334 0.8232349 0.04374957 0.8247511 0.04306334 0.8274862 0.04188889 0.8274862 0.04188889 0.8247511 0.04306334 0.8315967 0.03951472 0.8274862 0.04188889 0.8315967 0.03951472 0.8305745 0.04023879 0.8305745 0.04023879 0.8315967 0.03951472 0.8356548 0.03671973 0.8305745 0.04023879 0.8356548 0.03671973 0.8372061 0.03564912 0.8085093 0.04700607 0.8123688 0.04657077 0.812019 0.04663968 0.812019 0.04663968 0.8123688 0.04657077 0.8142719 0.04624658 0.812019 0.04663968 0.8142719 0.04624658 0.815462 0.04604178 0.815462 0.04604178 0.8142719 0.04624658 0.8161576 0.04585152 0.815462 0.04604178 0.8161576 0.04585152 0.8180538 0.0453788 0.8356548 0.03671973 0.8377782 0.03500556 0.8372061 0.03564912 0.8372061 0.03564912 0.8377782 0.03500556 0.8383602 0.03450131 0.8372061 0.03564912 0.8383602 0.03450131 0.8402222 0.03296387 0.8383602 0.03450131 0.8389357 0.03398692 0.8402222 0.03296387 0.8402222 0.03296387 0.8389357 0.03398692 0.8428313 0.03003495 0.8402222 0.03296387 0.8428313 0.03003495 0.8430349 0.03002041 0.8430349 0.03002041 0.8428313 0.03003495 0.8623868 0.008067429 0.8428313 0.03003495 0.8621827 0.008081972 0.8623868 0.008067429 0.8623868 0.008067429 0.8621827 0.008081972 0.863317 0.006748318 0.8623868 0.008067429 0.863317 0.006748318 0.8671118 0.001759767 0.8671118 0.001759767 0.863317 0.006748318 0.8679774 0 0.8671118 0.001759767 0.8679774 0 0.8678973 4.72216e-4 0.8678973 4.72216e-4 0.8679774 0 0.8709031 0.04002135 0.8678973 4.72216e-4 0.8709031 0.04002135 0.8708621 0.04101818 0.8708621 0.04101818 0.8709031 0.04002135 0.8709031 0.1337283 0.8708621 0.04101818 0.8709031 0.1337283 0.8704857 0.1608514 0.8704857 0.1608514 0.8698805 0.1879715 0.8699423 0.1848698 0.8699423 0.1848698 0.8698805 0.1879715 0.8695074 0.2015294 0.8699423 0.1848698 0.8695074 0.2015294 0.8693375 0.2068383 0.8693375 0.2068383 0.8695074 0.2015294 0.8690875 0.2150864 0.8693375 0.2068383 0.8690875 0.2150864 0.8689887 0.2178211 0.8689887 0.2178211 0.8690875 0.2150864 0.8686206 0.2286418 0.8689887 0.2178211 0.8686206 0.2286418 0.8686093 0.2288034 0.8686093 0.2288034 0.8686206 0.2286418 0.8683702 0.2354193 0.8686093 0.2288034 0.8683702 0.2354193 0.8681992 0.2397843 0.8681992 0.2397843 0.8683702 0.2354193 0.8681073 0.2421958 0.8681992 0.2397843 0.8681073 0.2421958 0.868092 0.2425292 0.868092 0.2425292 0.8681073 0.2421958 0.8679828 0.2452742 0.8679828 0.2452742 0.8681073 0.2421958 0.8679354 0.2464802 0.8679828 0.2452742 0.8679354 0.2464802 0.8677585 0.2507641 0.4511305 0.7167854 0.4427103 0.7227636 0.4512555 0.7029587 0.4512555 0.7029587 0.4427103 0.7227636 0.4376642 0.7222706 0.379855 0.7201662 0.3800057 0.69756 0.3903324 0.7201924 0.3903324 0.7201924 0.3800057 0.69756 0.3951518 0.6976231 0.3903324 0.7201924 0.3951518 0.6976231 0.4007054 0.7203555 0.4007054 0.7203555 0.3951518 0.6976231 0.4105004 0.6979269 0.4007054 0.7203555 0.4105004 0.6979269 0.408624 0.7205758 0.408624 0.7205758 0.4105004 0.6979269 0.4149172 0.6980618 0.408624 0.7205758 0.4149172 0.6980618 0.4108067 0.7206525 0.4108067 0.7206525 0.4149172 0.6980618 0.4204782 0.7210795 0.4204782 0.7210795 0.4149172 0.6980618 0.4252453 0.6984666 0.4204782 0.7210795 0.4252453 0.6984666 0.4239484 0.7212707 0.4239484 0.7212707 0.4252453 0.6984666 0.4340724 0.6989228 0.4239484 0.7212707 0.4340724 0.6989228 0.4292722 0.7216095 0.4292722 0.7216095 0.4340724 0.6989228 0.4390579 0.6992305 0.4292722 0.7216095 0.4390579 0.6992305 0.4376642 0.7222706 0.4376642 0.7222706 0.4390579 0.6992305 0.4512792 0.7001691 0.4376642 0.7222706 0.4512792 0.7001691 0.4512555 0.7029587 0.2392098 0.9370982 0.2354432 0.9348774 0.2392098 0.9284297 0.3629754 0.6615464 0.3697558 0.5035127 0.3801125 0.5034312 0.3801125 0.5034312 0.3801125 0.612599 0.3629754 0.6615464 0.3629754 0.6615464 0.3801125 0.612599 0.3801125 0.6611669 0.7553027 0.8550985 0.7553027 0.8720179 0.7550202 0.86182 0.3697558 0.6614435 0.3801125 0.6611669 0.3801125 0.6613658 0.2330925 0.4629759 0.2330234 0.6218109 0.2261225 0.4629818 0.2261225 0.4629818 0.2330234 0.6218109 0.2260543 0.6218166 0.2986157 0.6650649 0.2986157 0.5071342 0.303574 0.6645699 0.303574 0.6645699 0.2986157 0.5071342 0.303574 0.5066392 0.303574 0.6645699 0.303574 0.5066392 0.3107006 0.6639497 0.3107006 0.6639497 0.303574 0.5066392 0.3107006 0.5060189 0.3107006 0.6639497 0.3107006 0.5060189 0.3214486 0.663179 0.3214486 0.663179 0.3107006 0.5060189 0.3214486 0.5052483 0.3214486 0.663179 0.3214486 0.5052483 0.3241111 0.663014 0.3241111 0.663014 0.3214486 0.5052483 0.3241111 0.5050832 0.3241111 0.663014 0.3241111 0.5050832 0.338602 0.6622763 0.338602 0.6622763 0.3241111 0.5050832 0.338602 0.5043455 0.338602 0.6622763 0.338602 0.5043455 0.3414818 0.6621589 0.3414818 0.6621589 0.338602 0.5043455 0.3414818 0.5042281 0.3414818 0.6621589 0.3414818 0.5042281 0.3539096 0.6617502 0.3539096 0.6617502 0.3414818 0.5042281 0.3539096 0.5038195 0.3539096 0.6617502 0.3539096 0.5038195 0.3629754 0.6615464 0.3629754 0.6615464 0.3539096 0.5038195 0.3629754 0.5036156 0.3629754 0.6615464 0.3629754 0.5036156 0.3697558 0.5035127 0.4210227 0.9834632 0.4229899 0.9757005 0.436264 0.9833322 0.436264 0.9833322 0.4229899 0.9757005 0.4290924 0.9593841 0.436264 0.9833322 0.4290924 0.9593841 0.436264 0.9461669 0.3800305 0.4735025 0.3800482 0.4764193 0.3707952 0.4762775 0.3800774 0.4828634 0.3800888 0.4863839 0.3701964 0.4850541 0.3801125 0.5032361 0.3801125 0.5034312 0.3697558 0.5035127 0.9297858 0.2849146 0.9297097 0.2911495 0.9251803 0.2898882 0.02264863 0.8948288 0.02240163 0.8996844 0.01614004 0.9078407 0.2330234 0.6218109 0.2330925 0.6288116 0.2260543 0.6218166 0.2986157 0.5071342 0.2922884 0.5009794 0.2991735 0.4985285 0.2986157 0.5071342 0.2991735 0.4985285 0.303574 0.5066392 0.303574 0.5066392 0.2991735 0.4985285 0.3107006 0.5060189 0.3107006 0.5060189 0.2991735 0.4985285 0.3111793 0.497421 0.3107006 0.5060189 0.3111793 0.497421 0.3214486 0.5052483 0.3214486 0.5052483 0.3111793 0.497421 0.3245014 0.4964911 0.3214486 0.5052483 0.3245014 0.4964911 0.3241111 0.5050832 0.3241111 0.5050832 0.3245014 0.4964911 0.338602 0.5043455 0.338602 0.5043455 0.3245014 0.4964911 0.3388969 0.4957593 0.338602 0.5043455 0.3388969 0.4957593 0.3414818 0.5042281 0.3414818 0.5042281 0.3388969 0.4957593 0.3541043 0.4952351 0.3414818 0.5042281 0.3541043 0.4952351 0.3539096 0.5038195 0.380109 0.4966357 0.3801095 0.4976044 0.3698456 0.4949313 0.3698456 0.4949313 0.3801095 0.4976044 0.3801119 0.5015414 0.3539096 0.5038195 0.3541043 0.4952351 0.3629754 0.5036156 0.3629754 0.5036156 0.3541043 0.4952351 0.3698456 0.4949313 0.3629754 0.5036156 0.3698456 0.4949313 0.3697558 0.5035127 0.3697558 0.5035127 0.3698456 0.4949313 0.3801119 0.5015414 0.3697558 0.5035127 0.3801119 0.5015414 0.3801125 0.5032361 0.3800981 0.4900257 0.380105 0.4937646 0.3698456 0.4949313 0.3698456 0.4949313 0.380105 0.4937646 0.3801075 0.4956729 0.3698456 0.4949313 0.3801075 0.4956729 0.380109 0.4966357 0.3800774 0.4828634 0.3701964 0.4850541 0.380064 0.4795428 0.3800057 0.4701373 0.3800305 0.4735025 0.3714513 0.4702033 0.3714513 0.4702033 0.3800305 0.4735025 0.3707952 0.4762775 0.3714513 0.4702033 0.3707952 0.4762775 0.3575665 0.4704722 0.3575665 0.4704722 0.3707952 0.4762775 0.3561521 0.476561 0.3575665 0.4704722 0.3561521 0.476561 0.3441532 0.4709332 0.3441532 0.4709332 0.3561521 0.476561 0.3420055 0.4770473 0.3441532 0.4709332 0.3420055 0.4770473 0.3432856 0.4709711 0.3432856 0.4709711 0.3420055 0.4770473 0.3314551 0.4715797 0.3314551 0.4715797 0.3420055 0.4770473 0.3286144 0.4777287 0.3314551 0.4715797 0.3286144 0.4777287 0.3197047 0.4723989 0.3197047 0.4723989 0.3286144 0.4777287 0.3162216 0.4785935 0.01614004 0.9078407 0.01245248 0.9045575 0.02264863 0.8948288 0.3068515 0.4768221 0.3162216 0.4785935 0.3050537 0.4796243 0.9264559 0.3821673 0.9251803 0.3790535 0.9264559 0.3768041 0.3800482 0.4764193 0.380064 0.4795428 0.3707952 0.4762775 0.3707952 0.4762775 0.380064 0.4795428 0.3701964 0.4850541 0.3707952 0.4762775 0.3701964 0.4850541 0.3561521 0.476561 0.3561521 0.476561 0.3701964 0.4850541 0.3548601 0.4853501 0.3561521 0.476561 0.3548601 0.4853501 0.3420055 0.4770473 0.3420055 0.4770473 0.3548601 0.4853501 0.3400446 0.4858597 0.3420055 0.4770473 0.3400446 0.4858597 0.3286144 0.4777287 0.3286144 0.4777287 0.3400446 0.4858597 0.3260196 0.4865741 0.3286144 0.4777287 0.3260196 0.4865741 0.3162216 0.4785935 0.3162216 0.4785935 0.3260196 0.4865741 0.3130409 0.4874787 0.3162216 0.4785935 0.3130409 0.4874787 0.3050537 0.4796243 0.3050537 0.4796243 0.3130409 0.4874787 0.3013443 0.4885591 0.3050537 0.4796243 0.3013443 0.4885591 0.301539 0.4821169 0.9297858 0.2971908 0.9251803 0.2898882 0.9297097 0.2911495 0.3800888 0.4863839 0.3800981 0.4900257 0.3701964 0.4850541 0.3701964 0.4850541 0.3800981 0.4900257 0.3698456 0.4949313 0.3701964 0.4850541 0.3698456 0.4949313 0.3548601 0.4853501 0.3548601 0.4853501 0.3698456 0.4949313 0.3541043 0.4952351 0.3548601 0.4853501 0.3541043 0.4952351 0.3400446 0.4858597 0.3400446 0.4858597 0.3541043 0.4952351 0.3388969 0.4957593 0.3400446 0.4858597 0.3388969 0.4957593 0.3260196 0.4865741 0.3260196 0.4865741 0.3388969 0.4957593 0.3245014 0.4964911 0.3260196 0.4865741 0.3245014 0.4964911 0.3130409 0.4874787 0.3130409 0.4874787 0.3245014 0.4964911 0.3111793 0.497421 0.3130409 0.4874787 0.3111793 0.497421 0.3013443 0.4885591 0.3013443 0.4885591 0.3111793 0.497421 0.2991735 0.4985285 0.3013443 0.4885591 0.2991735 0.4985285 0.2942019 0.4942868 0.5008263 0.9166716 0.4943414 0.9114695 0.5008263 0.9099339 0.8979247 0.325382 0.9018661 0.3248754 0.9044125 0.3425798 0.0442667 0.09120756 0.04483586 0.09811848 0.04036027 0.09157639 0.04036027 0.09157639 0.04483586 0.09811848 0.04094672 0.09856498 0.8984987 0.3503741 0.897398 0.3434417 0.9015549 0.3500887 0.9015549 0.3500887 0.897398 0.3434417 0.9004433 0.3431233 0.9015549 0.3500887 0.9004433 0.3431233 0.90553 0.3495276 0.05098873 0.1150115 0.04483586 0.09811848 0.04888361 0.09778457 0.04888361 0.09778457 0.04483586 0.09811848 0.0442667 0.09120756 0.04888361 0.09778457 0.0442667 0.09120756 0.04832977 0.09097266 0.05098873 0.1150115 0.0469973 0.1155977 0.04483586 0.09811848 0.04483586 0.09811848 0.0469973 0.1155977 0.04317289 0.1162326 0.04483586 0.09811848 0.04317289 0.1162326 0.04094672 0.09856498 0.897398 0.3434417 0.894909 0.3257897 0.8979247 0.325382 0.897398 0.3434417 0.8979247 0.325382 0.9004433 0.3431233 0.9004433 0.3431233 0.8979247 0.325382 0.9044125 0.3425798 0.9004433 0.3431233 0.9044125 0.3425798 0.90553 0.3495276 0.8996844 0.3069942 0.9018661 0.3248754 0.8957884 0.3074756 0.8957884 0.3074756 0.9018661 0.3248754 0.8979247 0.325382 0.8957884 0.3074756 0.8979247 0.325382 0.8928073 0.3079785 0.8928073 0.3079785 0.8979247 0.325382 0.894909 0.3257897 0.04647558 0.1338749 0.04317289 0.1162326 0.05020564 0.1330537 0.05020564 0.1330537 0.04317289 0.1162326 0.0469973 0.1155977 0.05020564 0.1330537 0.0469973 0.1155977 0.0541141 0.1322287 0.0541141 0.1322287 0.0469973 0.1155977 0.05098873 0.1150115 0.04739105 0.07618981 0.04783475 0.08332014 0.04380822 0.07638782 0.04380822 0.07638782 0.04783475 0.08332014 0.04399353 0.08349096 0.04380822 0.07638782 0.04399353 0.08349096 0.04024863 0.07670038 0.04024863 0.07670038 0.04399353 0.08349096 0.04023921 0.08379769 0.04024863 0.07670038 0.04023921 0.08379769 0.03739053 0.07706338 0.03739053 0.07706338 0.04023921 0.08379769 0.0373876 0.08417236 0.9027683 0.3648385 0.9022387 0.3578208 0.9060577 0.3644308 0.9060577 0.3644308 0.9022387 0.3578208 0.9059045 0.3573296 0.04676711 0.0690692 0.04739105 0.07618981 0.04354739 0.06938952 0.04354739 0.06938952 0.04739105 0.07618981 0.04380822 0.07638782 0.04354739 0.06938952 0.04380822 0.07638782 0.04028564 0.06978356 0.04028564 0.06978356 0.04380822 0.07638782 0.04024863 0.07670038 0.04028564 0.06978356 0.04024863 0.07670038 0.03749328 0.07018738 0.03749328 0.07018738 0.04024863 0.07670038 0.03739053 0.07706338 0.9030163 0.3716349 0.9027683 0.3648385 0.9057602 0.3713088 0.9057602 0.3713088 0.9027683 0.3648385 0.9060577 0.3644308 0.03237247 0.04692894 0.03194564 0.04597771 0.03238928 0.04567676 0.9030163 0.3716349 0.9057602 0.3713088 0.9052504 0.3761736 0.04028564 0.06978356 0.03749328 0.07018738 0.03748738 0.06529533 0.9030163 0.3716349 0.9052504 0.3761736 0.9030025 0.3764978 0.9030025 0.3764978 0.9052504 0.3761736 0.9043799 0.3813199 0.03748738 0.06529533 0.0352301 0.06064212 0.03725367 0.06009078 0.03725367 0.06009078 0.0352301 0.06064212 0.03489214 0.05632084 0.03725367 0.06009078 0.03489214 0.05632084 0.03673541 0.05558121 0.03673541 0.05558121 0.03489214 0.05632084 0.03468513 0.05443 0.03673541 0.05558121 0.03468513 0.05443 0.03636145 0.05358749 0.03636145 0.05358749 0.03468513 0.05443 0.03432053 0.05193352 0.03636145 0.05358749 0.03432053 0.05193352 0.03564459 0.0509532 0.03564459 0.0509532 0.03432053 0.05193352 0.03418666 0.05121719 0.03564459 0.0509532 0.03418666 0.05121719 0.03536838 0.05019801 0.03536838 0.05019801 0.03418666 0.05121719 0.03385859 0.04983502 0.03536838 0.05019801 0.03385859 0.04983502 0.03467327 0.04875761 0.03467327 0.04875761 0.03385859 0.04983502 0.0337736 0.04955738 0.03467327 0.04875761 0.0337736 0.04955738 0.034491 0.04847419 0.034491 0.04847419 0.0337736 0.04955738 0.03364515 0.04919636 0.034491 0.04847419 0.03364515 0.04919636 0.03390061 0.04780638 0.03364515 0.04919636 0.03350138 0.04887992 0.03390061 0.04780638 0.03390061 0.04780638 0.03350138 0.04887992 0.03332406 0.04862755 0.03390061 0.04780638 0.03332406 0.04862755 0.03351718 0.04758507 0.03351718 0.04758507 0.03332406 0.04862755 0.03320693 0.04855376 0.03351718 0.04758507 0.03320693 0.04855376 0.03326672 0.0475443 0.03326672 0.0475443 0.03320693 0.04855376 0.03311997 0.04855573 0.03326672 0.0475443 0.03311997 0.04855573 0.03308242 0.04757732 0.03308242 0.04757732 0.03311997 0.04855573 0.03303748 0.04860812 0.03308242 0.04757732 0.03303748 0.04860812 0.03290951 0.04766464 0.03290951 0.04766464 0.03303748 0.04860812 0.0329377 0.04874789 0.7884089 0.7772949 0.7891475 0.7780454 0.7890596 0.7782876 0.03290951 0.04766464 0.032705 0.04785686 0.03269213 0.04668045 0.03290951 0.04766464 0.03269213 0.04668045 0.03308242 0.04757732 0.03308242 0.04757732 0.03269213 0.04668045 0.03296089 0.04655617 0.03308242 0.04757732 0.03296089 0.04655617 0.03326672 0.0475443 0.03326672 0.0475443 0.03296089 0.04655617 0.03324747 0.04649019 0.03326672 0.0475443 0.03324747 0.04649019 0.03351718 0.04758507 0.03351718 0.04758507 0.03324747 0.04649019 0.03363627 0.04649406 0.03351718 0.04758507 0.03363627 0.04649406 0.03390061 0.04780638 0.03390061 0.04780638 0.03363627 0.04649406 0.0342316 0.04667657 0.03390061 0.04780638 0.0342316 0.04667657 0.034491 0.04847419 0.034491 0.04847419 0.0342316 0.04667657 0.03514957 0.04731911 0.034491 0.04847419 0.03514957 0.04731911 0.03467327 0.04875761 0.03467327 0.04875761 0.03514957 0.04731911 0.03543412 0.0476045 0.03467327 0.04875761 0.03543412 0.0476045 0.03536838 0.05019801 0.03536838 0.05019801 0.03543412 0.0476045 0.03652548 0.04907596 0.03536838 0.05019801 0.03652548 0.04907596 0.03564459 0.0509532 0.03564459 0.0509532 0.03652548 0.04907596 0.0369637 0.04985636 0.03564459 0.0509532 0.0369637 0.04985636 0.03636145 0.05358749 0.03636145 0.05358749 0.0369637 0.04985636 0.0381183 0.05260717 0.03636145 0.05358749 0.0381183 0.05260717 0.03673541 0.05558121 0.03673541 0.05558121 0.0381183 0.05260717 0.03873878 0.05469208 0.03673541 0.05558121 0.03873878 0.05469208 0.03725367 0.06009078 0.03725367 0.06009078 0.03873878 0.05469208 0.03964936 0.05939579 0.03725367 0.06009078 0.03964936 0.05939579 0.03748738 0.06529533 0.03748738 0.06529533 0.03964936 0.05939579 0.04014831 0.06477701 0.03748738 0.06529533 0.04014831 0.06477701 0.04028564 0.06978356 0.04028564 0.06978356 0.04014831 0.06477701 0.04354739 0.06938952 0.032705 0.04785686 0.03237247 0.04692894 0.03269213 0.04668045 0.03269213 0.04668045 0.03237247 0.04692894 0.03238928 0.04567676 0.03269213 0.04668045 0.03238928 0.04567676 0.03296089 0.04655617 0.03296089 0.04655617 0.03238928 0.04567676 0.03275835 0.04551178 0.03296089 0.04655617 0.03275835 0.04551178 0.03324747 0.04649019 0.03324747 0.04649019 0.03275835 0.04551178 0.03314965 0.04541087 0.03324747 0.04649019 0.03314965 0.04541087 0.03363627 0.04649406 0.03363627 0.04649406 0.03314965 0.04541087 0.03367924 0.04537588 0.03363627 0.04649406 0.03367924 0.04537588 0.0342316 0.04667657 0.0342316 0.04667657 0.03367924 0.04537588 0.034487 0.04551374 0.0342316 0.04667657 0.034487 0.04551374 0.03514957 0.04731911 0.03514957 0.04731911 0.034487 0.04551374 0.0357325 0.04612326 0.03514957 0.04731911 0.0357325 0.04612326 0.03543412 0.0476045 0.03543412 0.0476045 0.0357325 0.04612326 0.03612035 0.04640281 0.03543412 0.0476045 0.03612035 0.04640281 0.03652548 0.04907596 0.03652548 0.04907596 0.03612035 0.04640281 0.03761434 0.04789376 0.03652548 0.04907596 0.03761434 0.04789376 0.0369637 0.04985636 0.0369637 0.04985636 0.03761434 0.04789376 0.03822106 0.0486955 0.0369637 0.04985636 0.03822106 0.0486955 0.0381183 0.05260717 0.0381183 0.05260717 0.03822106 0.0486955 0.03985142 0.05154722 0.0381183 0.05260717 0.03985142 0.05154722 0.03873878 0.05469208 0.03873878 0.05469208 0.03985142 0.05154722 0.04075795 0.05371755 0.03873878 0.05469208 0.04075795 0.05371755 0.03964936 0.05939579 0.03964936 0.05939579 0.04075795 0.05371755 0.04217839 0.05862706 0.03964936 0.05939579 0.04217839 0.05862706 0.04014831 0.06477701 0.04014831 0.06477701 0.04217839 0.05862706 0.04310917 0.06421989 0.04014831 0.06477701 0.04310917 0.06421989 0.04354739 0.06938952 0.04354739 0.06938952 0.04310917 0.06421989 0.04676711 0.0690692 0.04676711 0.0690692 0.04310917 0.06421989 0.04598599 0.06369769 0.04598599 0.06369769 0.04310917 0.06421989 0.04217839 0.05862706 0.04598599 0.06369769 0.04217839 0.05862706 0.04459029 0.05785828 0.04459029 0.05785828 0.04217839 0.05862706 0.04075795 0.05371755 0.04459029 0.05785828 0.04075795 0.05371755 0.04264819 0.05272948 0.04264819 0.05272948 0.04075795 0.05371755 0.03985142 0.05154722 0.04264819 0.05272948 0.03985142 0.05154722 0.04145753 0.05046784 0.04145753 0.05046784 0.03985142 0.05154722 0.03822106 0.0486955 0.04145753 0.05046784 0.03822106 0.0486955 0.03936326 0.04751521 0.03936326 0.04751521 0.03822106 0.0486955 0.03761434 0.04789376 0.03936326 0.04751521 0.03761434 0.04789376 0.03859406 0.04669404 0.03859406 0.04669404 0.03761434 0.04789376 0.03612035 0.04640281 0.03859406 0.04669404 0.03612035 0.04640281 0.03671175 0.04518955 0.03671175 0.04518955 0.03612035 0.04640281 0.0357325 0.04612326 0.03671175 0.04518955 0.0357325 0.04612326 0.03622508 0.04491388 0.03622508 0.04491388 0.0357325 0.04612326 0.034487 0.04551374 0.03622508 0.04491388 0.034487 0.04551374 0.03466194 0.04434311 0.03466194 0.04434311 0.034487 0.04551374 0.03367924 0.04537588 0.03466194 0.04434311 0.03367924 0.04537588 0.03364467 0.04424995 0.03364467 0.04424995 0.03367924 0.04537588 0.03314965 0.04541087 0.03364467 0.04424995 0.03314965 0.04541087 0.03297525 0.04432564 0.03297525 0.04432564 0.03314965 0.04541087 0.03275835 0.04551178 0.03297525 0.04432564 0.03275835 0.04551178 0.03247821 0.04446351 0.03247821 0.04446351 0.03275835 0.04551178 0.03238928 0.04567676 0.03247821 0.04446351 0.03238928 0.04567676 0.03200542 0.04466539 0.03200542 0.04466539 0.03238928 0.04567676 0.03194564 0.04597771 0.03200542 0.04466539 0.03194564 0.04597771 0.03143328 0.04502451 0.6054351 0.9307211 0.6089567 0.9424557 0.6022416 0.930131 0.6089567 0.835514 0.6054351 0.8472325 0.6022416 0.8478368 0.6022416 0.8478368 0.6054351 0.8472325 0.6043087 0.8519567 0.6022416 0.8478368 0.6043087 0.8519567 0.5972656 0.8610879 0.5972656 0.8610879 0.6043087 0.8519567 0.6028226 0.8595345 0.5972656 0.8610879 0.6028226 0.8595345 0.5942103 0.8750244 0.5942103 0.8750244 0.6028226 0.8595345 0.6011508 0.8720295 0.5942103 0.8750244 0.6011508 0.8720295 0.5932104 0.8889817 0.5932104 0.8889817 0.6011508 0.8720295 0.6003879 0.8846662 0.6003879 0.8846662 0.6003326 0.8889817 0.5932104 0.8889817 0.5932104 0.8889817 0.6003326 0.8889817 0.6003682 0.8924148 0.5932104 0.8889817 0.6003682 0.8924148 0.5942103 0.9029395 0.5942103 0.9029395 0.6003682 0.8924148 0.6011033 0.9054277 0.5942103 0.9029395 0.6011033 0.9054277 0.5972656 0.9168774 0.6011033 0.9054277 0.602795 0.9182557 0.5972656 0.9168774 0.5972656 0.9168774 0.602795 0.9182557 0.6039727 0.9244319 0.5972656 0.9168774 0.6039727 0.9244319 0.6022416 0.930131 0.6022416 0.930131 0.6039727 0.9244319 0.6043166 0.9260082 0.6022416 0.930131 0.6043166 0.9260082 0.6054351 0.9307211 0.7875438 0.7936754 0.7880453 0.7943194 0.7847949 0.8016237 0.7847949 0.8016237 0.7880453 0.7943194 0.788111 0.7944036 0.788111 0.7944036 0.7886708 0.7947467 0.7860395 0.8021854 0.7860395 0.8021854 0.7886708 0.7947467 0.7892947 0.7948751 0.7872326 0.7927976 0.7872869 0.7929508 0.7837905 0.8008556 0.7837905 0.8008556 0.7872869 0.7929508 0.7873269 0.7930644 0.1082702 0.001949489 0.1198225 9.12886e-4 0.1198225 0.001984417 0.9546285 0.2908103 0.953556 0.2908151 0.9546997 0.2857887 0.9546997 0.2857887 0.953556 0.2908151 0.9537946 0.2794179 0.9634197 0.2357143 0.9630027 0.2369942 0.9627819 0.2354726 0.9627819 0.2354726 0.9630027 0.2369942 0.9601243 0.2469456 0.9627819 0.2354726 0.9601243 0.2469456 0.9595982 0.2455707 0.9595982 0.2455707 0.9601243 0.2469456 0.9579866 0.2563642 0.9595982 0.2455707 0.9579866 0.2563642 0.9569644 0.2563429 0.9569644 0.2563429 0.9579866 0.2563642 0.9564002 0.2657256 0.9569644 0.2563429 0.9564002 0.2657256 0.9549996 0.2676765 0.9549996 0.2676765 0.9564002 0.2657256 0.955335 0.2749447 0.9549996 0.2676765 0.955335 0.2749447 0.9537946 0.2794179 0.9537946 0.2794179 0.955335 0.2749447 0.9550065 0.2791975 0.9537946 0.2794179 0.9550065 0.2791975 0.9546997 0.2857887 0.9634197 0.2357143 0.9627819 0.2354726 0.9660875 0.2282069 0.7815851 0.8131515 0.7781085 0.8193888 0.7819364 0.8111396 0.7555379 0.9265765 0.7550197 0.9245454 0.7555379 0.917178 0.7854105 0.8043325 0.7819364 0.8111396 0.7860395 0.8021854 0.7854105 0.8043325 0.7860395 0.8021854 0.7863987 0.8020209 0.7863987 0.8020209 0.7860395 0.8021854 0.7892947 0.7948751 0.7863987 0.8020209 0.7892947 0.7948751 0.7893916 0.7948772 0.953556 0.2908151 0.952474 0.2908312 0.9537946 0.2794179 0.9537946 0.2794179 0.952474 0.2908312 0.9526365 0.2794407 0.9537946 0.2794179 0.9526365 0.2794407 0.9549996 0.2676765 0.9549996 0.2676765 0.9526365 0.2794407 0.9538331 0.2676998 0.9549996 0.2676765 0.9538331 0.2676998 0.9569644 0.2563429 0.9569644 0.2563429 0.9538331 0.2676998 0.9557861 0.2563633 0.9569644 0.2563429 0.9557861 0.2563633 0.9595982 0.2455707 0.9595982 0.2455707 0.9557861 0.2563633 0.9584041 0.2455828 0.9595982 0.2455707 0.9584041 0.2455828 0.9627819 0.2354726 0.9627819 0.2354726 0.9584041 0.2455828 0.9615705 0.2354722 0.7781085 0.8193888 0.7769011 0.8187598 0.7819364 0.8111396 0.7819364 0.8111396 0.7769011 0.8187598 0.7807106 0.8105427 0.7819364 0.8111396 0.7807106 0.8105427 0.7860395 0.8021854 0.7860395 0.8021854 0.7807106 0.8105427 0.7847949 0.8016237 0.7860395 0.8021854 0.7847949 0.8016237 0.788111 0.7944036 0.1198235 4.8532e-7 0.1198225 9.12886e-4 0.1082015 7.59525e-4 0.1082015 7.59525e-4 0.1198225 9.12886e-4 0.1082702 0.001949489 0.1082015 7.59525e-4 0.1082702 0.001949489 0.09619319 0.002487242 0.09619319 0.002487242 0.1082702 0.001949489 0.09633052 0.003661692 0.09619319 0.002487242 0.09633052 0.003661692 0.08456182 0.005356431 0.08456182 0.005356431 0.09633052 0.003661692 0.08475989 0.006501793 0.08456182 0.005356431 0.08475989 0.006501793 0.07346498 0.009299159 0.07346498 0.009299159 0.08475989 0.006501793 0.07371395 0.01040959 0.07346498 0.009299159 0.07371395 0.01040959 0.06302028 0.01423782 0.06302028 0.01423782 0.07371395 0.01040959 0.06331032 0.01530551 0.06302028 0.01423782 0.06331032 0.01530551 0.05331867 0.02010434 0.05331867 0.02010434 0.06331032 0.01530551 0.05363982 0.02112156 0.7807106 0.8105427 0.7797572 0.8097091 0.7847949 0.8016237 0.7847949 0.8016237 0.7797572 0.8097091 0.7837905 0.8008556 0.7847949 0.8016237 0.7837905 0.8008556 0.7875438 0.7936754 0.7875438 0.7936754 0.7837905 0.8008556 0.7873269 0.7930644 0.03776305 0.03581702 0.03796118 0.03416693 0.04538571 0.02878379 0.04538571 0.02878379 0.03796118 0.03416693 0.04476374 0.02779179 0.04538571 0.02878379 0.04476374 0.02779179 0.05420744 0.02217179 0.05420744 0.02217179 0.04476374 0.02779179 0.05363982 0.02112156 0.05420744 0.02217179 0.05363982 0.02112156 0.06381225 0.01641011 0.06381225 0.01641011 0.05363982 0.02112156 0.06331032 0.01530551 0.06381225 0.01641011 0.06331032 0.01530551 0.07413738 0.01155883 0.07413738 0.01155883 0.06331032 0.01530551 0.07371395 0.01040959 0.07413738 0.01155883 0.07371395 0.01040959 0.08509141 0.007689833 0.08509141 0.007689833 0.07371395 0.01040959 0.08475989 0.006501793 0.08509141 0.007689833 0.08475989 0.006501793 0.09655779 0.004876971 0.09655779 0.004876971 0.08475989 0.006501793 0.09633052 0.003661692 0.09655779 0.004876971 0.09633052 0.003661692 0.1043247 0.003632605 0.1043247 0.003632605 0.09633052 0.003661692 0.1082702 0.001949489 0.1043247 0.003632605 0.1082702 0.001949489 0.1083838 0.003184139 0.1083838 0.003184139 0.1082702 0.001949489 0.1198225 0.001984417 0.1083838 0.003184139 0.1198225 0.001984417 0.1198225 0.00265032 0.2017377 0.03416693 0.2019358 0.03581702 0.1943033 0.02878379 0.9546528 0.293694 0.955008 0.3024555 0.9537941 0.3022483 0.9526356 0.3022653 0.952474 0.2908312 0.953556 0.2908151 0.1198225 0.001984417 0.1198225 9.12886e-4 0.1313759 0.001949489 0.1313759 0.001949489 0.1198225 9.12886e-4 0.1198235 4.8532e-7 0.2017377 0.03416693 0.1943033 0.02878379 0.2017185 0.03400969 0.08556222 0.8652316 0.08188444 0.8584643 0.08211284 0.8578543 0.08331966 0.8666007 0.08013391 0.859667 0.08075815 0.8595388 0.08138984 0.8591151 0.08456391 0.8660367 0.08131933 0.8591962 0.0829609 0.8664464 0.08003711 0.8596693 0.08013391 0.859667 0.9627794 0.3470161 0.9661463 0.3547162 0.9663854 0.3567104 0.9663854 0.3567104 0.9661463 0.3547162 0.9697252 0.3637155 0.0873208 0.8749977 0.08389663 0.868558 0.08331966 0.8666007 0.08331966 0.8666007 0.08389663 0.868558 0.0829609 0.8664464 0.08331966 0.8666007 0.0829609 0.8664464 0.08013391 0.859667 0.955008 0.3024555 0.9551286 0.3041915 0.9537941 0.3022483 0.9537941 0.3022483 0.9551286 0.3041915 0.9562589 0.3150311 0.9537941 0.3022483 0.9562589 0.3150311 0.9549981 0.3140954 0.9549981 0.3140954 0.9562589 0.3150311 0.9579926 0.3255601 0.9549981 0.3140954 0.9579926 0.3255601 0.956963 0.3256043 0.956963 0.3256043 0.9579926 0.3255601 0.9603452 0.3360561 0.956963 0.3256043 0.9603452 0.3360561 0.9595957 0.3366172 0.9595957 0.3366172 0.9603452 0.3360561 0.9631307 0.3458567 0.9595957 0.3366172 0.9631307 0.3458567 0.9627794 0.3470161 0.9627794 0.3470161 0.9631307 0.3458567 0.9634172 0.3467599 0.9627794 0.3470161 0.9634172 0.3467599 0.9661463 0.3547162 0.1198225 0.00265032 0.1198225 0.001984417 0.1312622 0.003184139 0.1312622 0.003184139 0.1198225 0.001984417 0.1313759 0.001949489 0.1312622 0.003184139 0.1313759 0.001949489 0.1353218 0.003632605 0.1353218 0.003632605 0.1313759 0.001949489 0.143319 0.003661692 0.2017165 0.03388738 0.2017185 0.03400969 0.1949258 0.02779179 0.1949258 0.02779179 0.2017185 0.03400969 0.1943033 0.02878379 0.1949258 0.02779179 0.1943033 0.02878379 0.1860393 0.02112156 0.1860393 0.02112156 0.1943033 0.02878379 0.1854712 0.02217179 0.1860393 0.02112156 0.1854712 0.02217179 0.1763589 0.01530551 0.1763589 0.01530551 0.1854712 0.02217179 0.1758565 0.01641011 0.1763589 0.01530551 0.1758565 0.01641011 0.1659469 0.01040959 0.1659469 0.01040959 0.1758565 0.01641011 0.1655235 0.01155883 0.1659469 0.01040959 0.1655235 0.01155883 0.1548945 0.006501793 0.1548945 0.006501793 0.1655235 0.01155883 0.1545625 0.007689833 0.1548945 0.006501793 0.1545625 0.007689833 0.143319 0.003661692 0.143319 0.003661692 0.1545625 0.007689833 0.1430912 0.004876971 0.143319 0.003661692 0.1430912 0.004876971 0.1353218 0.003632605 0.1198235 4.8532e-7 0.131446 7.59525e-4 0.1313759 0.001949489 0.1313759 0.001949489 0.131446 7.59525e-4 0.1434578 0.002487242 0.1313759 0.001949489 0.1434578 0.002487242 0.143319 0.003661692 0.143319 0.003661692 0.1434578 0.002487242 0.1550942 0.005356431 0.143319 0.003661692 0.1550942 0.005356431 0.1548945 0.006501793 0.1548945 0.006501793 0.1550942 0.005356431 0.1661984 0.009299159 0.1548945 0.006501793 0.1661984 0.009299159 0.1659469 0.01040959 0.1659469 0.01040959 0.1661984 0.009299159 0.176651 0.01423782 0.1659469 0.01040959 0.176651 0.01423782 0.1763589 0.01530551 0.1763589 0.01530551 0.176651 0.01423782 0.1863625 0.02010434 0.1763589 0.01530551 0.1863625 0.02010434 0.1860393 0.02112156 0.08949333 0.8735267 0.08854609 0.8743964 0.08456391 0.8660367 0.08949333 0.8735267 0.08456391 0.8660367 0.08556222 0.8652316 0.08556222 0.8652316 0.08456391 0.8660367 0.08138984 0.8591151 0.08556222 0.8652316 0.08138984 0.8591151 0.08188444 0.8584643 0.9546285 0.2908103 0.9546528 0.293694 0.953556 0.2908151 0.953556 0.2908151 0.9546528 0.293694 0.9537941 0.3022483 0.953556 0.2908151 0.9537941 0.3022483 0.9526356 0.3022653 0.9526356 0.3022653 0.9537941 0.3022483 0.9549981 0.3140954 0.9526356 0.3022653 0.9549981 0.3140954 0.9538322 0.3141114 0.9538322 0.3141114 0.9549981 0.3140954 0.956963 0.3256043 0.9538322 0.3141114 0.956963 0.3256043 0.9557842 0.3256227 0.9557842 0.3256227 0.956963 0.3256043 0.9595957 0.3366172 0.9557842 0.3256227 0.9595957 0.3366172 0.9584016 0.3366419 0.9584016 0.3366419 0.9595957 0.3366172 0.9627794 0.3470161 0.9584016 0.3366419 0.9627794 0.3470161 0.9615679 0.3470515 0.9615679 0.3470515 0.9627794 0.3470161 0.9663854 0.3567104 0.9615679 0.3470515 0.9663854 0.3567104 0.9651553 0.3567599 0.08854609 0.8743964 0.0873208 0.8749977 0.08331966 0.8666007 0.08854609 0.8743964 0.08331966 0.8666007 0.08456391 0.8660367 0.08456391 0.8660367 0.08331966 0.8666007 0.08075815 0.8595388 0.08456391 0.8660367 0.08075815 0.8595388 0.08131933 0.8591962 0.9623812 0.3372136 0.9616416 0.3343245 0.9627556 0.3340115 0.9596526 0.3253228 0.9587395 0.3202527 0.959702 0.3200673 0.958085 0.3159857 0.9568948 0.3052408 0.9577786 0.3054315 0.5942103 0.9029395 0.5928863 0.903136 0.5932104 0.8889817 0.5932104 0.8889817 0.5928863 0.903136 0.5920998 0.8889817 0.5920998 0.8889817 0.5928863 0.903136 0.5910682 0.8889817 0.5910682 0.8889817 0.5928863 0.903136 0.5916334 0.9033719 0.5910682 0.8889817 0.5916334 0.9033719 0.5906057 0.8889812 0.958493 0.2908335 0.9591185 0.3052461 0.9580829 0.2908253 0.9580829 0.2908253 0.9591185 0.3052461 0.9577786 0.3054315 0.9580829 0.2908253 0.9577786 0.3054315 0.9570405 0.2908132 0.9568948 0.3052408 0.9566922 0.3024575 0.9577786 0.3054315 0.9577786 0.3054315 0.9566922 0.3024575 0.9563528 0.2945351 0.9577786 0.3054315 0.9563528 0.2945351 0.9570405 0.2908132 0.9570405 0.2908132 0.9563528 0.2945351 0.9563143 0.2908108 0.9596526 0.3253228 0.959702 0.3200673 0.9599223 0.3266812 0.6010164 0.9306833 0.6022416 0.930131 0.6089567 0.9424557 0.6089567 0.9424557 0.6078026 0.9431511 0.6010164 0.9306833 0.6010164 0.9306833 0.6078026 0.9431511 0.6067078 0.9440038 0.6010164 0.9306833 0.6067078 0.9440038 0.5998504 0.9313559 0.9639987 0.3334393 0.9678844 0.3462663 0.9667164 0.3470039 0.9639987 0.3334393 0.9667164 0.3470039 0.9627556 0.3340115 0.9627556 0.3340115 0.9667164 0.3470039 0.9654136 0.3474689 0.9627556 0.3340115 0.9654136 0.3474689 0.9623812 0.3372136 0.5972656 0.9168774 0.6022416 0.930131 0.595981 0.9172627 0.595981 0.9172627 0.6022416 0.930131 0.6010164 0.9306833 0.595981 0.9172627 0.6010164 0.9306833 0.5947597 0.9177281 0.5947597 0.9177281 0.6010164 0.9306833 0.5998504 0.9313559 0.9610043 0.3196805 0.9639987 0.3334393 0.959702 0.3200673 0.959702 0.3200673 0.9639987 0.3334393 0.9627556 0.3340115 0.959702 0.3200673 0.9627556 0.3340115 0.9599223 0.3266812 0.9599223 0.3266812 0.9627556 0.3340115 0.9616416 0.3343245 0.5942103 0.9029395 0.5972656 0.9168774 0.5928863 0.903136 0.5928863 0.903136 0.5972656 0.9168774 0.595981 0.9172627 0.5928863 0.903136 0.595981 0.9172627 0.5916334 0.9033719 0.5916334 0.9033719 0.595981 0.9172627 0.5947597 0.9177281 0.9591185 0.3052461 0.9610043 0.3196805 0.9577786 0.3054315 0.9577786 0.3054315 0.9610043 0.3196805 0.959702 0.3200673 0.9577786 0.3054315 0.959702 0.3200673 0.958085 0.3159857 0.958085 0.3159857 0.959702 0.3200673 0.9587395 0.3202527 0.9624133 0.2448903 0.9654166 0.2350315 0.9667194 0.2354998 0.9627581 0.2481191 0.961648 0.2478017 0.9624133 0.2448903 0.9582944 0.2644215 0.958744 0.2615955 0.9597034 0.2617862 0.9597034 0.2617862 0.958744 0.2615955 0.959657 0.2566108 0.9597034 0.2617862 0.959657 0.2566108 0.9600211 0.2548258 0.9563968 0.2854989 0.9567001 0.279198 0.9577791 0.2762522 0.9577791 0.2762522 0.9567001 0.279198 0.9569259 0.2761643 0.9577791 0.2762522 0.9569259 0.2761643 0.9570573 0.2746583 0.9563143 0.2908108 0.9563968 0.2854989 0.9570405 0.2908132 0.9570405 0.2908132 0.9563968 0.2854989 0.9577791 0.2762522 0.9570405 0.2908132 0.9577791 0.2762522 0.9580829 0.2908253 0.9580829 0.2908253 0.9577791 0.2762522 0.9591194 0.2764763 0.9580829 0.2908253 0.9591194 0.2764763 0.958493 0.2908335 0.5906057 0.8889812 0.5916334 0.8745915 0.5910682 0.8889817 0.5910682 0.8889817 0.5916334 0.8745915 0.5928863 0.8748278 0.5910682 0.8889817 0.5928863 0.8748278 0.5920998 0.8889817 0.595981 0.8607026 0.5972656 0.8610879 0.5942103 0.8750244 0.6078026 0.834819 0.6089567 0.835514 0.6022416 0.8478368 0.9624133 0.2448903 0.9667194 0.2354998 0.9627581 0.2481191 0.9627581 0.2481191 0.9667194 0.2354998 0.9678874 0.2362715 0.9627581 0.2481191 0.9678874 0.2362715 0.9640007 0.2487272 0.5998504 0.8466109 0.6067078 0.8339658 0.6078026 0.834819 0.5998504 0.8466109 0.6078026 0.834819 0.6010164 0.847284 0.6010164 0.847284 0.6078026 0.834819 0.6022416 0.8478368 0.6010164 0.847284 0.6022416 0.8478368 0.5972656 0.8610879 0.5972656 0.8610879 0.595981 0.8607026 0.6010164 0.847284 0.6010164 0.847284 0.595981 0.8607026 0.5947597 0.8602362 0.6010164 0.847284 0.5947597 0.8602362 0.5998504 0.8466109 0.9640007 0.2487272 0.9610058 0.2622113 0.9597034 0.2617862 0.9640007 0.2487272 0.9597034 0.2617862 0.9627581 0.2481191 0.9627581 0.2481191 0.9597034 0.2617862 0.9600211 0.2548258 0.9627581 0.2481191 0.9600211 0.2548258 0.961648 0.2478017 0.5932104 0.8889817 0.5920998 0.8889817 0.5942103 0.8750244 0.5942103 0.8750244 0.5920998 0.8889817 0.5928863 0.8748278 0.5942103 0.8750244 0.5928863 0.8748278 0.595981 0.8607026 0.595981 0.8607026 0.5928863 0.8748278 0.5916334 0.8745915 0.595981 0.8607026 0.5916334 0.8745915 0.5947597 0.8602362 0.9610058 0.2622113 0.9591194 0.2764763 0.9577791 0.2762522 0.9610058 0.2622113 0.9577791 0.2762522 0.9597034 0.2617862 0.9597034 0.2617862 0.9577791 0.2762522 0.9570573 0.2746583 0.9597034 0.2617862 0.9570573 0.2746583 0.9582944 0.2644215 6.29912e-6 0.7826628 1.14866e-5 0.7647972 0.003254532 0.7771208 6.29912e-6 0.7826628 0.003254532 0.7771208 2.71727e-6 0.7986657 2.71727e-6 0.7986657 0.003254532 0.7771208 0.01297158 0.8105968 2.71727e-6 0.7986657 0.01297158 0.8105968 4.94048e-7 0.8145851 0.02216255 0.8164808 0.02078247 0.8165614 0.02118664 0.809318 0.02118664 0.809318 0.02078247 0.8165614 0.01815515 0.8160639 0.02118664 0.809318 0.01815515 0.8160639 0.0178768 0.8159571 0.0178768 0.8159571 0.01654827 0.8152757 0.02118664 0.809318 0.02118664 0.809318 0.01654827 0.8152757 0.01514166 0.8141614 0.02118664 0.809318 0.01514166 0.8141614 0.01354235 0.8119906 0.0294339 0.7245845 0.02940165 0.8080396 0.02118664 0.809318 0.02118664 0.809318 0.02940165 0.8080396 0.02926927 0.8095427 0.02118664 0.809318 0.02926927 0.8095427 0.0283693 0.8121299 0.0283693 0.8121299 0.02823907 0.8123623 0.02118664 0.809318 0.02118664 0.809318 0.02823907 0.8123623 0.02737313 0.8135902 0.02118664 0.809318 0.02737313 0.8135902 0.02610021 0.8148103 0.02610021 0.8148103 0.02507483 0.8154912 0.02118664 0.809318 0.02118664 0.809318 0.02507483 0.8154912 0.02258455 0.8164094 0.02118664 0.809318 0.02258455 0.8164094 0.02216255 0.8164808 0.01354235 0.8119906 0.01297158 0.8105968 0.02118664 0.809318 0.02118664 0.809318 0.01297158 0.8105968 0.003254532 0.7771208 0.02118664 0.809318 0.003254532 0.7771208 0.0294339 0.7245845 0.0294339 0.7245845 0.003254532 0.7771208 1.14866e-5 0.7647972 0.0294339 0.7245845 1.14866e-5 0.7647972 2.45789e-5 0.7331558 0.02949547 0.6116837 8.71996e-5 0.6161059 0.02955871 0.5225741 0.02955871 0.5225741 8.71996e-5 0.6161059 1.53217e-4 0.5225673 2.45789e-5 0.7331558 2.64933e-5 0.728867 0.0294339 0.7245845 0.0294339 0.7245845 2.64933e-5 0.728867 2.84078e-5 0.7245777 0.0294339 0.7245845 2.84078e-5 0.7245777 0.02943736 0.7170004 2.84078e-5 0.7245777 3.15573e-5 0.7177944 0.02943736 0.7170004 0.02943736 0.7170004 3.15573e-5 0.7177944 3.47069e-5 0.7110116 0.02943736 0.7170004 3.47069e-5 0.7110116 4.13148e-5 0.6974474 4.13148e-5 0.6974474 4.82315e-5 0.6838847 0.02943736 0.7170004 0.02943736 0.7170004 4.82315e-5 0.6838847 5.53952e-5 0.6703243 0.02943736 0.7170004 5.53952e-5 0.6703243 0.02949547 0.6116837 0.02949547 0.6116837 5.53952e-5 0.6703243 7.07107e-5 0.6432101 0.02949547 0.6116837 7.07107e-5 0.6432101 8.71996e-5 0.6161059 0.8697723 0.747877 0.8568159 0.7438105 0.8697723 0.7341856 0.8697723 0.7341856 0.8568159 0.7438105 0.8605044 0.7316712 0.8697723 0.7341856 0.8605044 0.7316712 0.869754 0.6982307 0.8401566 0.5460498 0.8399876 0.4577155 0.8693879 0.4577481 0.8403047 0.6506495 0.8697135 0.6582212 0.869754 0.6982307 0.8486018 0.7425258 0.8476285 0.7496593 0.8472066 0.7495877 0.8472066 0.7495877 0.8447161 0.7486698 0.8486018 0.7425258 0.8486018 0.7425258 0.8447161 0.7486698 0.8436909 0.7479898 0.8486018 0.7425258 0.8436909 0.7479898 0.8424178 0.7467731 0.8424178 0.7467731 0.8414213 0.7453169 0.8486018 0.7425258 0.8486018 0.7425258 0.8414213 0.7453169 0.8405207 0.7427389 0.8486018 0.7425258 0.8405207 0.7427389 0.8403878 0.7412415 0.8403047 0.6506495 0.869754 0.6982307 0.8403878 0.7412415 0.8403878 0.7412415 0.869754 0.6982307 0.8605044 0.7316712 0.8403878 0.7412415 0.8605044 0.7316712 0.8486018 0.7425258 0.8486018 0.7425258 0.8605044 0.7316712 0.8568159 0.7438105 0.8486018 0.7425258 0.8568159 0.7438105 0.8562457 0.745198 0.8562457 0.745198 0.8546475 0.7473584 0.8486018 0.7425258 0.8486018 0.7425258 0.8546475 0.7473584 0.8544301 0.7475632 0.8486018 0.7425258 0.8544301 0.7475632 0.8532414 0.7484664 0.8532414 0.7484664 0.8516348 0.7492492 0.8486018 0.7425258 0.8486018 0.7425258 0.8516348 0.7492492 0.8490084 0.7497411 0.8486018 0.7425258 0.8490084 0.7497411 0.8476285 0.7496593 0.8693879 0.4577481 0.8694818 0.5040706 0.8401566 0.5460498 0.8401566 0.5460498 0.8694818 0.5040706 0.8695643 0.5504757 0.8401566 0.5460498 0.8695643 0.5504757 0.8403047 0.6506495 0.8403047 0.6506495 0.8695643 0.5504757 0.8696463 0.6043025 0.8403047 0.6506495 0.8696463 0.6043025 0.8697135 0.6582212 0.3317916 0.01523369 0.3233414 0.02140307 0.3240192 0.01961904 0.2590498 0.1323218 0.2606664 0.1424398 0.2593048 0.1391357 0.2593048 0.1391357 0.2606664 0.1424398 0.2620062 0.1498342 0.4140229 0.006305754 0.4154497 0.006560027 0.4235838 0.01036107 0.4235838 0.01036107 0.4154497 0.006560027 0.4250738 0.01092016 0.4235838 0.01036107 0.4250738 0.01092016 0.4270638 0.01212763 0.4270638 0.01212763 0.4250738 0.01092016 0.4287673 0.01291191 0.2825053 0.06169623 0.2806338 0.06520992 0.2768198 0.06822472 0.2768198 0.06822472 0.2806338 0.06520992 0.2737686 0.07411068 0.3240192 0.01961904 0.3233414 0.02140307 0.3163496 0.02639794 0.3163496 0.02639794 0.3233414 0.02140307 0.3154721 0.02870029 0.3163496 0.02639794 0.3154721 0.02870029 0.3146659 0.02811014 0.3146659 0.02811014 0.3154721 0.02870029 0.2825053 0.06169623 0.2825053 0.06169623 0.3154721 0.02870029 0.2833116 0.06228637 0.2825053 0.06169623 0.2833116 0.06228637 0.2806338 0.06520992 0.2593048 0.1391357 0.2579708 0.1284276 0.2590498 0.1323218 0.2590498 0.1323218 0.2579708 0.1284276 0.2578799 0.1266747 0.2590498 0.1323218 0.2578799 0.1266747 0.2586328 0.1213595 0.2586328 0.1213595 0.2578799 0.1266747 0.257957 0.1176536 0.2586328 0.1213595 0.257957 0.1176536 0.2593739 0.1119132 0.2593739 0.1119132 0.257957 0.1176536 0.2592475 0.1069688 0.2593739 0.1119132 0.2592475 0.1069688 0.2612751 0.1020107 0.2612751 0.1020107 0.2592475 0.1069688 0.2618204 0.09661203 0.2612751 0.1020107 0.2618204 0.09661203 0.2643045 0.09237039 0.2643045 0.09237039 0.2618204 0.09661203 0.2656681 0.08655428 0.2643045 0.09237039 0.2656681 0.08655428 0.2683439 0.08327937 0.2683439 0.08327937 0.2656681 0.08655428 0.2696047 0.07887268 0.2683439 0.08327937 0.2696047 0.07887268 0.2737686 0.07411068 0.2737686 0.07411068 0.2696047 0.07887268 0.2706995 0.07702457 0.2737686 0.07411068 0.2706995 0.07702457 0.2768198 0.06822472 0.3240192 0.01961904 0.3313351 0.01442027 0.3317916 0.01523369 0.3317916 0.01523369 0.3313351 0.01442027 0.3324496 0.01371949 0.3317916 0.01523369 0.3324496 0.01371949 0.3407852 0.01012808 0.3407852 0.01012808 0.3324496 0.01371949 0.3413109 0.008891522 0.3407852 0.01012808 0.3413109 0.008891522 0.3502749 0.006076633 0.3502749 0.006076633 0.3413109 0.008891522 0.3508282 0.005005061 0.3502749 0.006076633 0.3508282 0.005005061 0.3602231 0.003096818 0.2606664 0.1424398 0.263356 0.1520802 0.2620062 0.1498342 0.2620062 0.1498342 0.263356 0.1520802 0.2652709 0.1572071 0.2620062 0.1498342 0.2652709 0.1572071 0.2661602 0.1605092 0.2661602 0.1605092 0.2652709 0.1572071 0.2653756 0.1574594 0.4358144 0.01725453 0.4349943 0.01665854 0.4492308 0.02603882 0.4492308 0.02603882 0.4349943 0.01665854 0.4507782 0.02703082 0.4492308 0.02603882 0.4507782 0.02703082 0.4625385 0.03511816 0.4507782 0.02703082 0.4637025 0.03590244 0.4625385 0.03511816 0.4625385 0.03511816 0.4637025 0.03590244 0.4764806 0.04497987 0.4625385 0.03511816 0.4764806 0.04497987 0.4772098 0.04551565 0.4772098 0.04551565 0.4764806 0.04497987 0.5029636 0.06425291 0.3508282 0.005005061 0.360808 0.002186357 0.3602231 0.003096818 0.3602231 0.003096818 0.360808 0.002186357 0.3625866 0.001807808 0.3602231 0.003096818 0.3625866 0.001807808 0.3699795 0.001312732 0.3699795 0.001312732 0.3625866 0.001807808 0.3727976 3.32444e-4 0.3699795 0.001312732 0.3727976 3.32444e-4 0.3814197 5.65397e-4 0.3814197 5.65397e-4 0.3727976 3.32444e-4 0.3831054 4.8532e-7 0.3814197 5.65397e-4 0.3831054 4.8532e-7 0.3922078 0.001153588 0.3922078 0.001153588 0.3831054 4.8532e-7 0.3934824 8.23587e-4 0.3922078 0.001153588 0.3934824 8.23587e-4 0.3925714 0.001196265 0.3925714 0.001196265 0.3934824 8.23587e-4 0.3953716 0.001101136 0.3925714 0.001196265 0.3953716 0.001101136 0.403316 0.003092885 0.403316 0.003092885 0.3953716 0.001101136 0.4055491 0.003279268 0.403316 0.003092885 0.4055491 0.003279268 0.4110547 0.005276858 0.4110547 0.005276858 0.4055491 0.003279268 0.4132661 0.005733072 0.4110547 0.005276858 0.4132661 0.005733072 0.4140229 0.006305754 0.4140229 0.006305754 0.4132661 0.005733072 0.4142186 0.006086349 0.4140229 0.006305754 0.4142186 0.006086349 0.4154497 0.006560027 0.2653756 0.1574594 0.2673617 0.1619477 0.2661602 0.1605092 0.2661602 0.1605092 0.2673617 0.1619477 0.2697806 0.1667116 0.2661602 0.1605092 0.2697806 0.1667116 0.2711797 0.1699671 0.2711797 0.1699671 0.2697806 0.1667116 0.271822 0.1710212 0.4358144 0.01725453 0.4340457 0.01614218 0.4349943 0.01665854 0.4349943 0.01665854 0.4340457 0.01614218 0.432285 0.01507061 0.4349943 0.01665854 0.432285 0.01507061 0.4287673 0.01291191 0.4287673 0.01291191 0.432285 0.01507061 0.431866 0.01482212 0.4287673 0.01291191 0.431866 0.01482212 0.4270638 0.01212763 0.2697806 0.1667116 0.2725018 0.1714172 0.271822 0.1710212 0.271822 0.1710212 0.2725018 0.1714172 0.2734207 0.1728868 0.271822 0.1710212 0.2734207 0.1728868 0.2739859 0.1743913 0.2739859 0.1743913 0.2734207 0.1728868 0.2762743 0.1771577 0.2739859 0.1743913 0.2762743 0.1771577 0.2761518 0.1775265 0.2761518 0.1775265 0.2762743 0.1771577 0.2768672 0.1779982 0.2761518 0.1775265 0.2768672 0.1779982 0.2782367 0.1803646 0.2782367 0.1803646 0.2768672 0.1779982 0.2790489 0.1809664 0.2782367 0.1803646 0.2790489 0.1809664 0.2870723 0.1918201 0.2870723 0.1918201 0.2790489 0.1809664 0.287428 0.1918414 0.2870723 0.1918201 0.287428 0.1918414 0.3095574 0.2193008 0.5029636 0.4278078 0.5028865 0.4278892 0.4732357 0.4003444 0.4732357 0.4003444 0.5028865 0.4278892 0.4724254 0.3997504 0.4732357 0.4003444 0.4724254 0.3997504 0.4408755 0.3662207 0.4408755 0.3662207 0.4724254 0.3997504 0.4304155 0.3552913 0.4408755 0.3662207 0.4304155 0.3552913 0.4089283 0.3317222 0.4089283 0.3317222 0.4304155 0.3552913 0.3891052 0.3102051 0.4089283 0.3317222 0.3891052 0.3102051 0.3724537 0.2913184 0.3724537 0.2913184 0.3891052 0.3102051 0.3489805 0.265049 0.3724537 0.2913184 0.3489805 0.265049 0.3365463 0.2504293 0.3365463 0.2504293 0.3489805 0.265049 0.3095574 0.2193008 0.3365463 0.2504293 0.3095574 0.2193008 0.3103024 0.2198191 0.3103024 0.2198191 0.3095574 0.2193008 0.287428 0.1918414 0.9893898 0.9786212 0.9893898 0.9779806 0.9898117 0.9786212 0.2344275 0.720215 0.2343088 0.7203785 0.23372 0.7183007 0.23372 0.7183007 0.2343088 0.7203785 0.2335352 0.7182756 0.23372 0.7183007 0.2335352 0.7182756 0.231726 0.710537 0.231726 0.710537 0.2335352 0.7182756 0.2316074 0.7107003 0.231726 0.710537 0.2316074 0.7107003 0.2268606 0.681963 0.2330056 0.6488373 0.2344275 0.6466007 0.2323337 0.650038 0.2330056 0.6488373 0.2323337 0.650038 0.2317131 0.6511411 0.2316074 0.7107003 0.226742 0.6821266 0.2268606 0.681963 0.2268606 0.681963 0.226742 0.6821266 0.2262351 0.6781693 0.2268606 0.681963 0.2262351 0.6781693 0.2262687 0.6769533 0.2262687 0.6769533 0.2262351 0.6781693 0.2260543 0.6741875 0.2262687 0.6769533 0.2260543 0.6741875 0.2261699 0.672972 0.2261699 0.672972 0.2260543 0.6741875 0.2261976 0.6702181 0.2261699 0.672972 0.2261976 0.6702181 0.2264021 0.6690016 0.2264021 0.6690016 0.2261976 0.6702181 0.226662 0.6662937 0.2264021 0.6690016 0.226662 0.6662937 0.2269623 0.6650543 0.2269623 0.6650543 0.226662 0.6662937 0.2274544 0.662368 0.2269623 0.6650543 0.2274544 0.662368 0.2278497 0.6611244 0.2278497 0.6611244 0.2274544 0.662368 0.228568 0.6585083 0.2278497 0.6611244 0.228568 0.6585083 0.2290433 0.6572989 0.2290433 0.6572989 0.228568 0.6585083 0.2299879 0.6547687 0.2290433 0.6572989 0.2299879 0.6547687 0.2305373 0.6536041 0.2305373 0.6536041 0.2299879 0.6547687 0.230814 0.6529361 0.2305373 0.6536041 0.230814 0.6529361 0.2313979 0.6518048 0.2313979 0.6518048 0.230814 0.6529361 0.2317131 0.6511411 0.2313979 0.6518048 0.2317131 0.6511411 0.2318564 0.6509172 0.2318564 0.6509172 0.2317131 0.6511411 0.2323337 0.650038 0.2162257 0.9400293 0.2149827 0.9481883 0.2111805 0.9298109 0.2111805 0.9298109 0.2149827 0.9481883 0.2132723 0.9477427 0.3800057 0.4699373 0.379855 0.4517117 0.3899608 0.4699529 0.3899608 0.4699529 0.379855 0.4517117 0.390982 0.4517388 0.4062753 0.4520359 0.4041588 0.4701489 0.390982 0.4517388 0.390982 0.4517388 0.4041588 0.4701489 0.394512 0.4699937 0.390982 0.4517388 0.394512 0.4699937 0.3899608 0.4699529 0.2132723 0.9477427 0.1973343 0.9435843 0.2111805 0.9298109 0.2111805 0.9298109 0.1973343 0.9435843 0.1935439 0.9345762 0.2111805 0.9298109 0.1935439 0.9345762 0.2075235 0.9186381 0.2075235 0.9186381 0.1935439 0.9345762 0.1896449 0.9210737 0.2075235 0.9186381 0.1896449 0.9210737 0.2067459 0.9152045 0.2067459 0.9152045 0.1896449 0.9210737 0.187644 0.9071618 0.2067459 0.9152045 0.187644 0.9071618 0.2051156 0.9000251 0.2051156 0.9000251 0.187644 0.9071618 0.1874603 0.9040098 0.4062753 0.4520359 0.4149172 0.4704391 0.4041588 0.4701489 0.0541141 0.1322287 0.05671972 0.1445344 0.05283451 0.1453537 0.8968308 0.2819381 0.8982863 0.2944982 0.8944199 0.2949913 0.8968308 0.2819381 0.8944199 0.2949913 0.8929941 0.282439 0.8929941 0.282439 0.8944199 0.2949913 0.8914486 0.2955018 0.8929941 0.282439 0.8914486 0.2955018 0.8900327 0.2829592 0.05183553 0.1585388 0.04914695 0.1461709 0.05283451 0.1453537 0.05183553 0.1585388 0.05283451 0.1453537 0.05547964 0.1577254 0.05547964 0.1577254 0.05283451 0.1453537 0.05671972 0.1445344 0.05547964 0.1577254 0.05671972 0.1445344 0.0593416 0.1569101 0.0541141 0.1322287 0.05283451 0.1453537 0.05020564 0.1330537 0.05020564 0.1330537 0.05283451 0.1453537 0.04914695 0.1461709 0.05020564 0.1330537 0.04914695 0.1461709 0.04647558 0.1338749 0.8928073 0.3079785 0.8914486 0.2955018 0.8944199 0.2949913 0.8928073 0.3079785 0.8944199 0.2949913 0.8957884 0.3074756 0.8957884 0.3074756 0.8944199 0.2949913 0.8982863 0.2944982 0.8957884 0.3074756 0.8982863 0.2944982 0.8996844 0.3069942 0.1531416 0.1881123 0.1430912 0.004876971 0.1544711 0.1876347 0.1544711 0.1876347 0.1430912 0.004876971 0.1545625 0.007689833 0.1544711 0.1876347 0.1545625 0.007689833 0.1601063 0.1849674 0.1937105 0.06369769 0.1929298 0.0690692 0.1655235 0.01155883 0.1655235 0.01155883 0.1929298 0.0690692 0.1923074 0.07618981 0.1923074 0.07618981 0.1918647 0.08332014 0.1655235 0.01155883 0.1655235 0.01155883 0.1918647 0.08332014 0.191628 0.0871464 0.1655235 0.01155883 0.191628 0.0871464 0.1913711 0.09097266 0.1913711 0.09097266 0.1908183 0.09778457 0.1655235 0.01155883 0.1655235 0.01155883 0.1908183 0.09778457 0.1887156 0.1150115 0.1655235 0.01155883 0.1887156 0.1150115 0.1855912 0.1322287 0.1601063 0.1849674 0.1545625 0.007689833 0.1652804 0.1814517 0.1652804 0.1814517 0.1545625 0.007689833 0.1655235 0.01155883 0.1652804 0.1814517 0.1655235 0.01155883 0.1728759 0.1691984 0.1780575 0.1643763 0.1752918 0.1699225 0.1728759 0.1691984 0.1728759 0.1691984 0.1752918 0.1699225 0.1744465 0.1712911 0.1744465 0.1712911 0.1706695 0.1763054 0.1728759 0.1691984 0.1728759 0.1691984 0.1706695 0.1763054 0.1661821 0.1807121 0.1728759 0.1691984 0.1661821 0.1807121 0.1652804 0.1814517 0.1855912 0.1322287 0.1829861 0.1445344 0.1655235 0.01155883 0.1655235 0.01155883 0.1829861 0.1445344 0.1803647 0.1569101 0.1655235 0.01155883 0.1803647 0.1569101 0.1728759 0.1691984 0.1728759 0.1691984 0.1803647 0.1569101 0.1799882 0.1585311 0.1728759 0.1691984 0.1799882 0.1585311 0.1780575 0.1643763 0.2124319 0.04844504 0.2103949 0.04668235 0.2116824 0.04738903 0.2116824 0.04738903 0.2103949 0.04668235 0.2092403 0.04413932 0.2103949 0.04668235 0.208276 0.04502451 0.2092403 0.04413932 0.2092403 0.04413932 0.208276 0.04502451 0.2077029 0.04466539 0.2092403 0.04413932 0.2077029 0.04466539 0.202172 0.03605967 0.202172 0.03605967 0.2077029 0.04466539 0.2072296 0.04446351 0.202172 0.03605967 0.2072296 0.04446351 0.2067316 0.04432564 0.2067316 0.04432564 0.2060611 0.04424995 0.202172 0.03605967 0.202172 0.03605967 0.2060611 0.04424995 0.2050429 0.04434311 0.202172 0.03605967 0.2050429 0.04434311 0.2019358 0.03581702 0.2019358 0.03581702 0.2050429 0.04434311 0.2034777 0.04491388 0.2019358 0.03581702 0.2034777 0.04491388 0.1943033 0.02878379 0.1943033 0.02878379 0.2034777 0.04491388 0.2029907 0.04518955 0.2029907 0.04518955 0.2011063 0.04669404 0.1943033 0.02878379 0.1943033 0.02878379 0.2011063 0.04669404 0.2003366 0.04751521 0.1943033 0.02878379 0.2003366 0.04751521 0.1982409 0.05046784 0.1655235 0.01155883 0.1758565 0.01641011 0.1937105 0.06369769 0.1937105 0.06369769 0.1758565 0.01641011 0.1854712 0.02217179 0.1937105 0.06369769 0.1854712 0.02217179 0.1951061 0.05785828 0.1951061 0.05785828 0.1854712 0.02217179 0.1943033 0.02878379 0.1951061 0.05785828 0.1943033 0.02878379 0.1970492 0.05272948 0.1970492 0.05272948 0.1943033 0.02878379 0.1982409 0.05046784 0.1531416 0.1881123 0.1472289 0.1896206 0.1430912 0.004876971 0.1430912 0.004876971 0.1472289 0.1896206 0.1411501 0.1901817 0.1430912 0.004876971 0.1411501 0.1901817 0.1353218 0.003632605 0.1353218 0.003632605 0.1411501 0.1901817 0.1353228 0.1902457 0.1353218 0.003632605 0.1353228 0.1902457 0.1312622 0.003184139 0.1312622 0.003184139 0.1353228 0.1902457 0.1198453 0.1903156 0.1312622 0.003184139 0.1198453 0.1903156 0.1198225 0.00265032 0.1198225 0.00265032 0.1198453 0.1903156 0.1083838 0.003184139 0.1083838 0.003184139 0.1198453 0.1903156 0.1043692 0.1902457 0.1083838 0.003184139 0.1043692 0.1902457 0.1043247 0.003632605 0.1043247 0.003632605 0.1043692 0.1902457 0.0985434 0.1901817 0.1043247 0.003632605 0.0985434 0.1901817 0.09655779 0.004876971 0.0985434 0.1901817 0.09246659 0.1896206 0.09655779 0.004876971 0.09655779 0.004876971 0.09246659 0.1896206 0.0865553 0.1881123 0.09655779 0.004876971 0.0865553 0.1881123 0.08522629 0.1876347 0.08522629 0.1876347 0.07959318 0.1849674 0.09655779 0.004876971 0.09655779 0.004876971 0.07959318 0.1849674 0.07442146 0.1814517 0.09655779 0.004876971 0.07442146 0.1814517 0.08509141 0.007689833 0.06903487 0.1763054 0.06525886 0.1712911 0.07413738 0.01155883 0.08509141 0.007689833 0.07442146 0.1814517 0.07413738 0.01155883 0.07413738 0.01155883 0.07442146 0.1814517 0.0735203 0.1807121 0.07413738 0.01155883 0.0735203 0.1807121 0.06903487 0.1763054 0.06525886 0.1712911 0.06441402 0.1699225 0.07413738 0.01155883 0.07413738 0.01155883 0.06441402 0.1699225 0.06164932 0.1643763 0.07413738 0.01155883 0.06164932 0.1643763 0.05971854 0.1585311 0.04832977 0.09097266 0.04807186 0.0871464 0.07413738 0.01155883 0.07413738 0.01155883 0.04807186 0.0871464 0.04783475 0.08332014 0.07413738 0.01155883 0.04783475 0.08332014 0.04739105 0.07618981 0.05971854 0.1585311 0.0593416 0.1569101 0.07413738 0.01155883 0.07413738 0.01155883 0.0593416 0.1569101 0.05671972 0.1445344 0.07413738 0.01155883 0.05671972 0.1445344 0.0541141 0.1322287 0.0541141 0.1322287 0.05098873 0.1150115 0.07413738 0.01155883 0.07413738 0.01155883 0.05098873 0.1150115 0.04888361 0.09778457 0.07413738 0.01155883 0.04888361 0.09778457 0.04832977 0.09097266 0.04538571 0.02878379 0.05420744 0.02217179 0.04459029 0.05785828 0.04459029 0.05785828 0.05420744 0.02217179 0.04598599 0.06369769 0.04739105 0.07618981 0.04676711 0.0690692 0.07413738 0.01155883 0.07413738 0.01155883 0.04676711 0.0690692 0.04598599 0.06369769 0.07413738 0.01155883 0.04598599 0.06369769 0.06381225 0.01641011 0.06381225 0.01641011 0.04598599 0.06369769 0.05420744 0.02217179 0.04459029 0.05785828 0.04264819 0.05272948 0.04538571 0.02878379 0.04538571 0.02878379 0.04264819 0.05272948 0.04145753 0.05046784 0.04538571 0.02878379 0.04145753 0.05046784 0.03936326 0.04751521 0.03936326 0.04751521 0.03859406 0.04669404 0.04538571 0.02878379 0.04538571 0.02878379 0.03859406 0.04669404 0.03671175 0.04518955 0.04538571 0.02878379 0.03671175 0.04518955 0.03776305 0.03581702 0.03776305 0.03581702 0.03671175 0.04518955 0.03622508 0.04491388 0.03776305 0.03581702 0.03622508 0.04491388 0.03752738 0.03605967 0.03752738 0.03605967 0.03622508 0.04491388 0.03466194 0.04434311 0.03752738 0.03605967 0.03466194 0.04434311 0.03364467 0.04424995 0.03200542 0.04466539 0.03046989 0.04413932 0.03247821 0.04446351 0.03247821 0.04446351 0.03046989 0.04413932 0.03752738 0.03605967 0.03247821 0.04446351 0.03752738 0.03605967 0.03297525 0.04432564 0.03297525 0.04432564 0.03752738 0.03605967 0.03364467 0.04424995 0.03200542 0.04466539 0.03143328 0.04502451 0.03046989 0.04413932 0.03046989 0.04413932 0.03143328 0.04502451 0.02931779 0.04668235 0.03046989 0.04413932 0.02931779 0.04668235 0.02803176 0.04738903 0.02803176 0.04738903 0.02931779 0.04668235 0.02728378 0.04844504 0.8192049 0.9113219 0.8178008 0.923847 0.8139088 0.9234238 0.1803647 0.1569101 0.1829861 0.1445344 0.1868728 0.1453537 0.1803647 0.1569101 0.1868728 0.1453537 0.1842282 0.1577254 0.1842282 0.1577254 0.1868728 0.1453537 0.190557 0.1461709 0.1842282 0.1577254 0.190557 0.1461709 0.1878693 0.1585388 0.8094435 0.9356733 0.8108634 0.9231016 0.8139088 0.9234238 0.8094435 0.9356733 0.8139088 0.9234238 0.812478 0.9360052 0.812478 0.9360052 0.8139088 0.9234238 0.8178008 0.923847 0.812478 0.9360052 0.8178008 0.923847 0.8163394 0.9364401 0.8192049 0.9113219 0.8139088 0.9234238 0.8152832 0.9109104 0.8152832 0.9109104 0.8139088 0.9234238 0.8108634 0.9231016 0.8152832 0.9109104 0.8108634 0.9231016 0.812227 0.9105998 0.1932283 0.1338749 0.190557 0.1461709 0.1868728 0.1453537 0.1932283 0.1338749 0.1868728 0.1453537 0.1895006 0.1330537 0.1895006 0.1330537 0.1868728 0.1453537 0.1829861 0.1445344 0.1895006 0.1330537 0.1829861 0.1445344 0.1855912 0.1322287 0.07433146 0.8314791 0.07457941 0.8312616 0.07664686 0.8348128 0.07454097 0.8371229 0.07285666 0.8330292 0.07392728 0.8318552 0.07726299 0.8397518 0.07546406 0.8359474 0.07866382 0.8383056 0.07866382 0.8383056 0.07546406 0.8359474 0.07664686 0.8348128 0.07433146 0.8314791 0.07664686 0.8348128 0.07392728 0.8318552 0.07392728 0.8318552 0.07664686 0.8348128 0.07546406 0.8359474 0.2169697 0.05700999 0.2143839 0.05342251 0.2151635 0.05203449 0.2151635 0.05203449 0.2143839 0.05342251 0.2114097 0.05020582 0.2151635 0.05203449 0.2114097 0.05020582 0.2124319 0.04844504 0.8616151 0.3798601 0.8597258 0.3798601 0.860538 0.3774752 0.1883594 0.9685469 0.1874603 0.9679587 0.1883594 0.9659776 0.2094123 0.04851686 0.2070013 0.04785686 0.2073353 0.04692894 0.2094123 0.04851686 0.2073353 0.04692894 0.2103949 0.04668235 0.2103949 0.04668235 0.2073353 0.04692894 0.2077627 0.04597771 0.2103949 0.04668235 0.2077627 0.04597771 0.208276 0.04502451 0.07866382 0.8383056 0.07985353 0.8403182 0.07726299 0.8397518 0.07726299 0.8397518 0.07985353 0.8403182 0.07847124 0.8418387 0.2114097 0.05020582 0.2094123 0.04851686 0.2124319 0.04844504 0.2124319 0.04844504 0.2094123 0.04851686 0.2103949 0.04668235 0.2060582 0.04919636 0.2062025 0.04887992 0.2067672 0.04902356 0.2067672 0.04902356 0.2062025 0.04887992 0.2063808 0.04862755 0.2067672 0.04902356 0.2063808 0.04862755 0.2064979 0.04855376 0.2064979 0.04855376 0.2065848 0.04855573 0.2067672 0.04902356 0.2067672 0.04902356 0.2065848 0.04855573 0.2066674 0.04860812 0.08124071 0.8419901 0.08105683 0.8424002 0.08105409 0.8422459 0.2067672 0.04902356 0.2067637 0.05282849 0.2060582 0.04919636 0.2060582 0.04919636 0.2067637 0.05282849 0.2060695 0.05266344 0.2060582 0.04919636 0.2060695 0.05266344 0.2059288 0.04955738 0.2059288 0.04955738 0.2060695 0.05266344 0.2058438 0.04983502 0.2048033 0.05632084 0.2050123 0.05443 0.2055948 0.05292165 0.2055948 0.05292165 0.2050123 0.05443 0.2053794 0.05193352 0.2055948 0.05292165 0.2053794 0.05193352 0.2060695 0.05266344 0.2060695 0.05266344 0.2053794 0.05193352 0.2055143 0.05121719 0.2060695 0.05266344 0.2055143 0.05121719 0.2058438 0.04983502 0.7291508 0.9602518 0.7291508 0.9654234 0.7289887 0.9646353 0.2045538 0.06139922 0.2044629 0.06064212 0.2048033 0.05632084 0.2045538 0.06139922 0.2048033 0.05632084 0.2052692 0.0612905 0.2052692 0.0612905 0.2048033 0.05632084 0.2055948 0.05292165 0.2052692 0.0612905 0.2055948 0.05292165 0.2060626 0.06129825 0.2060626 0.06129825 0.2055948 0.05292165 0.2060695 0.05266344 0.2060626 0.06129825 0.2060695 0.05266344 0.2067573 0.06142055 0.2067573 0.06142055 0.2060695 0.05266344 0.2067637 0.05282849 0.2067573 0.06142055 0.2067518 0.070432 0.2060626 0.06129825 0.2060626 0.06129825 0.2067518 0.070432 0.2060572 0.07035624 0.2060626 0.06129825 0.2060572 0.07035624 0.2052692 0.0612905 0.2052692 0.0612905 0.2060572 0.07035624 0.2052648 0.07035046 0.2052692 0.0612905 0.2052648 0.07035046 0.2045538 0.06139922 0.2045538 0.06139922 0.2052648 0.07035046 0.2045499 0.07041841 0.2045538 0.06139922 0.2045499 0.07041841 0.2042174 0.06570887 0.8245861 0.8425347 0.825756 0.847184 0.8253025 0.8473083 0.8245861 0.8425347 0.8253025 0.8473083 0.8251187 0.8473471 0.191628 0.0871464 0.1918647 0.08332014 0.1955809 0.08735024 0.1955809 0.08735024 0.1918647 0.08332014 0.1957079 0.08349096 0.1955809 0.08735024 0.1957079 0.08349096 0.1994088 0.08768802 0.1994088 0.08768802 0.1957079 0.08349096 0.1994592 0.08379769 0.8183335 0.8645507 0.8188354 0.860771 0.8212918 0.8645954 0.2022362 0.08808404 0.1994592 0.08379769 0.2023049 0.08417236 0.8212918 0.8645954 0.8216268 0.8607769 0.8251444 0.8650419 0.8251444 0.8650419 0.8216268 0.8607769 0.8253272 0.8611767 0.1913711 0.09097266 0.191628 0.0871464 0.1954357 0.09120756 0.1954357 0.09120756 0.191628 0.0871464 0.1955809 0.08735024 0.1954357 0.09120756 0.1955809 0.08735024 0.1993391 0.09157639 0.1993391 0.09157639 0.1955809 0.08735024 0.1994088 0.08768802 0.8178493 0.8683323 0.8183335 0.8645507 0.8209815 0.8684177 0.8209815 0.8684177 0.8183335 0.8645507 0.8212918 0.8645954 0.8209815 0.8684177 0.8212918 0.8645954 0.8249833 0.8689108 0.8249833 0.8689108 0.8212918 0.8645954 0.8251444 0.8650419 0.8238895 0.8758062 0.8249833 0.8689108 0.8249201 0.8867279 0.8238895 0.8758062 0.8249201 0.8867279 0.8213807 0.8934369 0.8213807 0.8934369 0.8249201 0.8867279 0.8251839 0.9124711 0.8213807 0.8934369 0.8251839 0.9124711 0.8192049 0.9113219 0.8254497 0.8541494 0.8251187 0.8473471 0.8257145 0.8510899 0.8257145 0.8510899 0.8251187 0.8473471 0.8253025 0.8473083 0.8257145 0.8510899 0.8253025 0.8473083 0.8262758 0.850954 0.8262758 0.850954 0.8253025 0.8473083 0.825756 0.847184 0.2046615 0.07424271 0.2045499 0.07041841 0.2053507 0.07420778 0.2053507 0.07420778 0.2045499 0.07041841 0.2052648 0.07035046 0.2053507 0.07420778 0.2052648 0.07035046 0.2060859 0.07422524 0.2060859 0.07422524 0.2052648 0.07035046 0.2060572 0.07035624 0.2060859 0.07422524 0.2060572 0.07035624 0.2067261 0.07429122 0.2067261 0.07429122 0.2060572 0.07035624 0.2067518 0.070432 0.8253272 0.8611767 0.8254497 0.8541494 0.8260139 0.8611631 0.8260139 0.8611631 0.8254497 0.8541494 0.8257145 0.8510899 0.8260139 0.8611631 0.8257145 0.8510899 0.8265732 0.8610972 0.8265732 0.8610972 0.8257145 0.8510899 0.8262758 0.850954 0.2043671 0.08450043 0.2046615 0.07424271 0.2050523 0.08451592 0.2050523 0.08451592 0.2046615 0.07424271 0.2053507 0.07420778 0.2050523 0.08451592 0.2053507 0.07420778 0.205784 0.08455091 0.205784 0.08455091 0.2053507 0.07420778 0.2060859 0.07422524 0.205784 0.08455091 0.2060859 0.07422524 0.2064228 0.08459943 0.2064228 0.08459943 0.2060859 0.07422524 0.2067261 0.07429122 0.4494487 0.7198905 0.4427103 0.7227636 0.4494487 0.7195139 0.4494487 0.7195139 0.4427103 0.7227636 0.4511305 0.7167854 0.4494487 0.7195139 0.4511305 0.7167854 0.4511305 0.718355 0.4988669 0.940865 0.5008263 0.9344602 0.5008263 0.9447532 0.408624 0.7205758 0.4108067 0.7206525 0.4041706 0.7274965 0.3903141 0.7272276 0.3797987 0.7272033 0.3798457 0.7214999 0.408624 0.7205758 0.4041706 0.7274965 0.4007054 0.7203555 0.4007054 0.7203555 0.4041706 0.7274965 0.3903141 0.7272276 0.4007054 0.7203555 0.3903141 0.7272276 0.3903324 0.7201924 0.3903324 0.7201924 0.3903141 0.7272276 0.3798457 0.7214999 0.3903324 0.7201924 0.3798457 0.7214999 0.379855 0.7201662 0.4229628 0.7271519 0.4121471 0.7277265 0.4108067 0.7206525 0.4108067 0.7206525 0.4121471 0.7277265 0.4091739 0.7276654 0.4108067 0.7206525 0.4091739 0.7276654 0.4041706 0.7274965 0.4108067 0.7206525 0.4204782 0.7210795 0.4229628 0.7271519 0.4229628 0.7271519 0.4204782 0.7210795 0.4239484 0.7212707 0.4229628 0.7271519 0.4239484 0.7212707 0.4331782 0.7254368 0.9267415 0.3460326 0.9267415 0.3590151 0.9251803 0.3531323 0.4331782 0.7254368 0.4292722 0.7216095 0.4376642 0.7222706 0.02955871 0.5225741 1.53217e-4 0.5225673 1.99904e-4 0.4828274 1.99904e-4 0.4828274 0.01071637 0.4826843 0.02955871 0.5225741 0.02955871 0.5225741 0.01071637 0.4826843 0.02459388 0.480282 0.02955871 0.5225741 0.02459388 0.480282 0.02961021 0.4787542 0.4997809 0.6648808 0.4984944 0.6639361 0.4997809 0.6437301 0.4997809 0.6437301 0.4984944 0.6639361 0.4989469 0.6431535 0.4997809 0.6437301 0.4989469 0.6431535 0.4996584 0.6411593 0.4996584 0.6411593 0.4989469 0.6431535 0.4989044 0.6391011 0.4996584 0.6411593 0.4989044 0.6391011 0.4985368 0.633697 0.4984944 0.5545985 0.4984944 0.4456784 0.5024438 0.5545994 0.5024438 0.5545994 0.4984944 0.4456784 0.5024438 0.4456794 0.3889377 0.6126068 0.3801125 0.612599 0.3889377 0.5043077 0.3889377 0.5043077 0.3801125 0.612599 0.3801125 0.5034312 0.3801125 0.5034312 0.3801125 0.5032361 0.3889377 0.5043077 0.3889377 0.5043077 0.3801125 0.5032361 0.3908827 0.5032555 0.3889377 0.5043077 0.3908827 0.5032555 0.3966488 0.5043708 0.3966488 0.5043708 0.3908827 0.5032555 0.4070865 0.5034788 0.3966488 0.5043708 0.4070865 0.5034788 0.4164833 0.5047823 0.4070865 0.5034788 0.4164833 0.5037195 0.4164833 0.5047823 0.4164833 0.5047823 0.4164833 0.5037195 0.4228467 0.5039311 0.4164833 0.5047823 0.4228467 0.5039311 0.4353703 0.5055385 0.4228467 0.5039311 0.4378687 0.5046057 0.4353703 0.5055385 0.4353703 0.5055385 0.4378687 0.5046057 0.4497387 0.5053346 0.4353703 0.5055385 0.4497387 0.5053346 0.4497387 0.5063984 0.386625 0.6130096 0.386625 0.5047096 0.4803855 0.5106198 0.3801125 0.6611669 0.3801125 0.612599 0.386625 0.6130096 0.3801125 0.6613658 0.3801125 0.6611669 0.4139681 0.6625481 0.3801125 0.6611669 0.386625 0.6130096 0.4139681 0.6625481 0.4139681 0.6625481 0.386625 0.6130096 0.4803855 0.5106198 0.4139681 0.6625481 0.4803855 0.5106198 0.4803855 0.6667345 0.3801125 0.6613658 0.4139681 0.6625481 0.3803279 0.6647912 0.3803279 0.6647912 0.4139681 0.6625481 0.4139681 0.6723331 0.3803279 0.6647912 0.4139681 0.6723331 0.381482 0.670286 0.7550202 0.8091375 0.7560517 0.8083801 0.7551378 0.8114676 0.7551378 0.8114676 0.7560517 0.8083801 0.7560517 0.8295284 0.7551378 0.8114676 0.7560517 0.8295284 0.7554302 0.8339698 0.7554302 0.8339698 0.7560517 0.8295284 0.7552721 0.8373094 0.3800596 0.4784994 0.3800438 0.4754341 0.3903175 0.4760242 0.3800255 0.4725697 0.3800057 0.4699373 0.3899608 0.4699529 0.1973343 0.9435843 0.1951071 0.9430014 0.1946793 0.941188 0.4149172 0.4704391 0.4179689 0.470546 0.4198557 0.4766493 0.4198557 0.4766493 0.4179689 0.470546 0.4311318 0.4711361 0.4198557 0.4766493 0.4311318 0.4711361 0.4337379 0.4772725 0.4337379 0.4772725 0.4311318 0.4711361 0.443401 0.4719097 0.4337379 0.4772725 0.443401 0.4719097 0.4466776 0.4780878 0.4149172 0.4704391 0.4198557 0.4766493 0.4041588 0.4701489 0.4041588 0.4701489 0.4198557 0.4766493 0.4052911 0.476231 0.4041588 0.4701489 0.4052911 0.476231 0.394512 0.4699937 0.394512 0.4699937 0.4052911 0.476231 0.3903175 0.4760242 0.394512 0.4699937 0.3903175 0.4760242 0.3899608 0.4699529 0.3899608 0.4699529 0.3903175 0.4760242 0.3800438 0.4754341 0.3899608 0.4699529 0.3800438 0.4754341 0.3800255 0.4725697 0.3906431 0.4847978 0.3800739 0.4817394 0.3800596 0.4784994 0.3801036 0.4925348 0.3800957 0.4888104 0.3906431 0.4847978 0.3906431 0.4847978 0.3800957 0.4888104 0.3800858 0.4851948 0.3906431 0.4847978 0.3800858 0.4851948 0.3800739 0.4817394 0.3801085 0.4963747 0.3801065 0.494445 0.3908338 0.4946741 0.3908338 0.4946741 0.3801065 0.494445 0.3801036 0.4925348 0.3801125 0.5032361 0.3801119 0.5015414 0.3908827 0.5032555 0.3908827 0.5032555 0.3801119 0.5015414 0.380111 0.498942 0.3908827 0.5032555 0.380111 0.498942 0.3801085 0.4963747 0.3801085 0.4963747 0.3908338 0.4946741 0.3908827 0.5032555 0.3908827 0.5032555 0.3908338 0.4946741 0.4069304 0.4948964 0.3908827 0.5032555 0.4069304 0.4948964 0.4070865 0.5034788 0.4070865 0.5034788 0.4069304 0.4948964 0.4164833 0.5037195 0.4164833 0.5037195 0.4069304 0.4948964 0.4225873 0.4953458 0.4164833 0.5037195 0.4225873 0.4953458 0.4228467 0.5039311 0.4228467 0.5039311 0.4225873 0.4953458 0.4375105 0.4960155 0.4228467 0.5039311 0.4375105 0.4960155 0.4378687 0.5046057 0.4378687 0.5046057 0.4375105 0.4960155 0.4497343 0.4984916 0.4378687 0.5046057 0.4497343 0.4984916 0.4497387 0.5053346 0.4361178 0.4861043 0.4496695 0.4869585 0.4497205 0.4915137 0.1973343 0.9435843 0.1946793 0.941188 0.1935439 0.9345762 0.1935439 0.9345762 0.1946793 0.941188 0.1935627 0.9408951 0.443401 0.4719097 0.449632 0.4748837 0.4466776 0.4780878 0.4466776 0.4780878 0.449632 0.4748837 0.4496691 0.4797971 0.4466776 0.4780878 0.4496691 0.4797971 0.4496987 0.4853628 0.3801036 0.4925348 0.3906431 0.4847978 0.3908338 0.4946741 0.3908338 0.4946741 0.3906431 0.4847978 0.4063257 0.4850143 0.3908338 0.4946741 0.4063257 0.4850143 0.4069304 0.4948964 0.4069304 0.4948964 0.4063257 0.4850143 0.421579 0.485453 0.4069304 0.4948964 0.421579 0.485453 0.4225873 0.4953458 0.4225873 0.4953458 0.421579 0.485453 0.4361178 0.4861043 0.4225873 0.4953458 0.4361178 0.4861043 0.4375105 0.4960155 0.4375105 0.4960155 0.4361178 0.4861043 0.4497205 0.4915137 0.4375105 0.4960155 0.4497205 0.4915137 0.4497343 0.4984916 0.3800596 0.4784994 0.3903175 0.4760242 0.3906431 0.4847978 0.3906431 0.4847978 0.3903175 0.4760242 0.4052911 0.476231 0.3906431 0.4847978 0.4052911 0.476231 0.4063257 0.4850143 0.4063257 0.4850143 0.4052911 0.476231 0.4198557 0.4766493 0.4063257 0.4850143 0.4198557 0.4766493 0.421579 0.485453 0.421579 0.485453 0.4198557 0.4766493 0.4337379 0.4772725 0.421579 0.485453 0.4337379 0.4772725 0.4361178 0.4861043 0.4361178 0.4861043 0.4337379 0.4772725 0.4466776 0.4780878 0.4361178 0.4861043 0.4466776 0.4780878 0.4496695 0.4869585 0.4496695 0.4869585 0.4466776 0.4780878 0.4496987 0.4853628 0.8600153 0.2859581 0.8603127 0.2840391 0.8597258 0.2911645 0.8996844 0.3069942 0.9056644 0.3058469 0.9018661 0.3248754 0.9018661 0.3248754 0.9056644 0.3058469 0.9054183 0.3316057 0.9018661 0.3248754 0.9054183 0.3316057 0.9044125 0.3425798 0.9044125 0.3425798 0.9054183 0.3316057 0.90553 0.3495276 0.9057059 0.3534277 0.9059045 0.3573296 0.901884 0.3539557 0.901884 0.3539557 0.9059045 0.3573296 0.9022387 0.3578208 0.901884 0.3539557 0.9022387 0.3578208 0.8990027 0.3542022 0.04029011 0.08768802 0.0373876 0.08417236 0.04023921 0.08379769 0.04029011 0.08768802 0.04023921 0.08379769 0.04412096 0.08735024 0.04412096 0.08735024 0.04023921 0.08379769 0.04399353 0.08349096 0.04412096 0.08735024 0.04399353 0.08349096 0.04807186 0.0871464 0.04807186 0.0871464 0.04399353 0.08349096 0.04783475 0.08332014 0.90553 0.3495276 0.9057059 0.3534277 0.9015549 0.3500887 0.9015549 0.3500887 0.9057059 0.3534277 0.901884 0.3539557 0.9015549 0.3500887 0.901884 0.3539557 0.8984987 0.3503741 0.8984987 0.3503741 0.901884 0.3539557 0.8990027 0.3542022 0.04036027 0.09157639 0.04029011 0.08768802 0.0442667 0.09120756 0.0442667 0.09120756 0.04029011 0.08768802 0.04412096 0.08735024 0.0442667 0.09120756 0.04412096 0.08735024 0.04832977 0.09097266 0.04832977 0.09097266 0.04412096 0.08735024 0.04807186 0.0871464 0.9060577 0.3644308 0.9059045 0.3573296 0.9064677 0.3573257 0.9068818 0.3676145 0.9063857 0.3714408 0.9063333 0.3675116 0.9063333 0.3675116 0.9063857 0.3714408 0.9059411 0.3713418 0.9063333 0.3675116 0.9059411 0.3713418 0.9057602 0.3713088 0.03433287 0.07420778 0.03442084 0.07035046 0.03502255 0.07424271 0.03502255 0.07424271 0.03442084 0.07035046 0.03500181 0.07039898 0.03502255 0.07424271 0.03500181 0.07039898 0.03513622 0.07041841 0.03295844 0.07429122 0.03293424 0.070432 0.03359776 0.07422524 0.03359776 0.07422524 0.03293424 0.070432 0.03357499 0.07035821 0.03359776 0.07422524 0.03357499 0.07035821 0.03433287 0.07420778 0.03433287 0.07420778 0.03357499 0.07035821 0.03431165 0.07034659 0.03433287 0.07420778 0.03431165 0.07034659 0.03442084 0.07035046 0.03325933 0.08459943 0.03295844 0.07429122 0.03392875 0.08454895 0.03392875 0.08454895 0.03295844 0.07429122 0.03359776 0.07422524 0.03392875 0.08454895 0.03359776 0.07422524 0.03469353 0.08451402 0.03469353 0.08451402 0.03359776 0.07422524 0.03433287 0.07420778 0.03469353 0.08451402 0.03433287 0.07420778 0.03539508 0.08450043 0.03539508 0.08450043 0.03433287 0.07420778 0.03502255 0.07424271 0.9070705 0.3573529 0.9068818 0.3676145 0.9064677 0.3573257 0.9064677 0.3573257 0.9068818 0.3676145 0.9063333 0.3675116 0.9064677 0.3573257 0.9063333 0.3675116 0.9060577 0.3644308 0.9060577 0.3644308 0.9063333 0.3675116 0.9057602 0.3713088 0.03362834 0.06129825 0.03293472 0.06142055 0.03293621 0.05282849 0.03489214 0.05632084 0.0352301 0.06064212 0.03513771 0.06139922 0.9046694 0.3805531 0.9043799 0.3813199 0.9052504 0.3761736 0.9057602 0.3713088 0.9059411 0.3713418 0.9052504 0.3761736 0.9052504 0.3761736 0.9059411 0.3713418 0.9063857 0.3714408 0.03547215 0.06570887 0.03513622 0.07041841 0.03513771 0.06139922 0.03364515 0.04919636 0.0337736 0.04955738 0.03362983 0.05266344 0.03362983 0.05266344 0.0337736 0.04955738 0.03385859 0.04983502 0.03362983 0.05266344 0.03385859 0.04983502 0.03418666 0.05121719 0.03320693 0.04855376 0.03332406 0.04862755 0.0329377 0.04902356 0.03311997 0.04855573 0.03320693 0.04855376 0.03303748 0.04860812 0.03303748 0.04860812 0.03320693 0.04855376 0.0329377 0.04902356 0.788405 0.777455 0.7882217 0.7770428 0.7884089 0.7772949 0.03442132 0.0612905 0.03362983 0.05266344 0.03410363 0.05292165 0.03410363 0.05292165 0.03362983 0.05266344 0.03418666 0.05121719 0.03410363 0.05292165 0.03418666 0.05121719 0.03432053 0.05193352 0.03442132 0.0612905 0.03362834 0.06129825 0.03362983 0.05266344 0.03362983 0.05266344 0.03362834 0.06129825 0.03293621 0.05282849 0.03362983 0.05266344 0.03293621 0.05282849 0.03364515 0.04919636 0.03364515 0.04919636 0.03293621 0.05282849 0.0329377 0.04902356 0.03364515 0.04919636 0.0329377 0.04902356 0.03350138 0.04887992 0.03350138 0.04887992 0.0329377 0.04902356 0.03332406 0.04862755 0.03513622 0.07041841 0.03500181 0.07039898 0.03513771 0.06139922 0.03513771 0.06139922 0.03500181 0.07039898 0.03442132 0.0612905 0.03513771 0.06139922 0.03442132 0.0612905 0.03489214 0.05632084 0.03489214 0.05632084 0.03442132 0.0612905 0.03410363 0.05292165 0.03489214 0.05632084 0.03410363 0.05292165 0.03468513 0.05443 0.03468513 0.05443 0.03410363 0.05292165 0.03432053 0.05193352 0.03293424 0.070432 0.03293472 0.06142055 0.03357499 0.07035821 0.03357499 0.07035821 0.03293472 0.06142055 0.03362834 0.06129825 0.03357499 0.07035821 0.03362834 0.06129825 0.03431165 0.07034659 0.03431165 0.07034659 0.03362834 0.06129825 0.03442132 0.0612905 0.03431165 0.07034659 0.03442132 0.0612905 0.03442084 0.07035046 0.03442084 0.07035046 0.03442132 0.0612905 0.03500181 0.07039898 0.7884089 0.7772949 0.7896327 0.7752403 0.7891475 0.7780454 0.032705 0.04785686 0.03090471 0.05027371 0.03029847 0.04851686 0.032705 0.04785686 0.03029847 0.04851686 0.03237247 0.04692894 0.03237247 0.04692894 0.03029847 0.04851686 0.03194564 0.04597771 0.03194564 0.04597771 0.03029847 0.04851686 0.02931779 0.04668235 0.03194564 0.04597771 0.02931779 0.04668235 0.03143328 0.04502451 0.02728378 0.04844504 0.02931779 0.04668235 0.02830404 0.05020582 0.02830404 0.05020582 0.02931779 0.04668235 0.03029847 0.04851686 0.7922571 0.7744856 0.7910264 0.776694 0.7908441 0.7731078 0.7908441 0.7731078 0.7910264 0.776694 0.7896327 0.7752403 0.02455717 0.05203449 0.02533477 0.05342251 0.02209132 0.05563169 0.7967258 0.7673813 0.7940875 0.7705096 0.7956502 0.7662793 0.7956502 0.7662793 0.7940875 0.7705096 0.7952431 0.7659199 0.7952431 0.7659199 0.7940875 0.7705096 0.7928954 0.7694293 0.7952431 0.7659199 0.7928954 0.7694293 0.7949941 0.7657113 0.7908441 0.7731078 0.7928954 0.7694293 0.7922571 0.7744856 0.7922571 0.7744856 0.7928954 0.7694293 0.7940875 0.7705096 0.02830404 0.05020582 0.02533477 0.05342251 0.02728378 0.04844504 0.02728378 0.04844504 0.02533477 0.05342251 0.02455717 0.05203449 0.7980799 0.7639847 0.7980182 0.7620857 0.7980834 0.7620478 0.7949941 0.7657113 0.7952456 0.7653172 0.7952431 0.7659199 0.7952431 0.7659199 0.7952456 0.7653172 0.7956502 0.7662793 0.7980182 0.7620857 0.7980799 0.7639847 0.7970572 0.7628993 0.7980799 0.7639847 0.7980137 0.7641347 0.7970572 0.7628993 0.7970572 0.7628993 0.7980137 0.7641347 0.7975508 0.765255 0.7970572 0.7628993 0.7975508 0.765255 0.7962717 0.7638401 0.7962717 0.7638401 0.7975508 0.765255 0.7968848 0.7669828 0.7962717 0.7638401 0.7968848 0.7669828 0.7952456 0.7653172 0.7952456 0.7653172 0.7968848 0.7669828 0.7967258 0.7673813 0.9074094 0.9672618 0.9074094 0.9697136 0.9070965 0.9682227 0.7980137 0.7641347 0.7980799 0.7639847 0.7980775 0.7659689 0.7967258 0.7673813 0.7968848 0.7669828 0.7971388 0.7675855 0.7971388 0.7675855 0.7968848 0.7669828 0.7980725 0.7679615 0.7980725 0.7679615 0.7968848 0.7669828 0.7980775 0.7659689 0.7980775 0.7659689 0.7968848 0.7669828 0.7975508 0.765255 0.7980775 0.7659689 0.7975508 0.765255 0.7980137 0.7641347 0.03796118 0.03416693 0.03776305 0.03581702 0.03752738 0.03605967 0.7873269 0.7930644 0.7872869 0.7929508 0.7879406 0.7915919 0.7879406 0.7915919 0.7872869 0.7929508 0.7872326 0.7927976 0.7889978 0.7922738 0.7880453 0.7943194 0.7875438 0.7936754 0.7892947 0.7948751 0.7902477 0.7927797 0.7893916 0.7948772 0.7886708 0.7947467 0.788111 0.7944036 0.7889978 0.7922738 0.7889978 0.7922738 0.788111 0.7944036 0.7880453 0.7943194 0.7945154 0.7782449 0.7980725 0.7679615 0.7980498 0.7719032 0.7950237 0.7716096 0.7967258 0.7673813 0.793502 0.777704 0.793502 0.777704 0.7967258 0.7673813 0.7971388 0.7675855 0.793502 0.777704 0.7971388 0.7675855 0.7980725 0.7679615 0.03796118 0.03416693 0.03752738 0.03605967 0.03682637 0.03507548 0.03682637 0.03507548 0.03752738 0.03605967 0.03046989 0.04413932 0.03682637 0.03507548 0.03046989 0.04413932 0.02976095 0.04328322 0.02976095 0.04328322 0.03046989 0.04413932 0.02803176 0.04738903 0.02976095 0.04328322 0.02803176 0.04738903 0.02732235 0.04658335 0.02732235 0.04658335 0.02803176 0.04738903 0.02728378 0.04844504 0.02732235 0.04658335 0.02728378 0.04844504 0.02455717 0.05203449 0.7980725 0.7679615 0.7945154 0.7782449 0.793502 0.777704 0.793502 0.777704 0.7945154 0.7782449 0.7930258 0.7821961 0.793502 0.777704 0.7930258 0.7821961 0.7920011 0.7816157 0.7920011 0.7816157 0.7930258 0.7821961 0.7889978 0.7922738 0.7920011 0.7816157 0.7889978 0.7922738 0.7879406 0.7915919 0.7879406 0.7915919 0.7889978 0.7922738 0.7875438 0.7936754 0.7879406 0.7915919 0.7875438 0.7936754 0.7873269 0.7930644 0.7980498 0.7719032 0.7956808 0.7786853 0.7945154 0.7782449 0.7945154 0.7782449 0.7956808 0.7786853 0.7942135 0.7826576 0.7945154 0.7782449 0.7942135 0.7826576 0.7930258 0.7821961 0.7930258 0.7821961 0.7942135 0.7826576 0.7902477 0.7927797 0.7930258 0.7821961 0.7902477 0.7927797 0.7889978 0.7922738 0.7889978 0.7922738 0.7902477 0.7927797 0.7892947 0.7948751 0.7889978 0.7922738 0.7892947 0.7948751 0.7886708 0.7947467 0.2072202 0.968559 0.2064673 0.9678209 0.2070759 0.9672647 0.8889863 0.9688673 0.8889873 0.9691604 0.8878816 0.9675743 0.979785 0.2115352 0.9782831 0.2116236 0.9802954 0.2094134 0.7962667 0.7914788 0.7941957 0.7946443 0.7930268 0.7948817 0.7962667 0.7914788 0.7930268 0.7948817 0.7951186 0.79111 0.981275 0.2102647 0.9803838 0.2114858 0.9802954 0.2094134 0.9802954 0.2094134 0.9803838 0.2114858 0.9800938 0.211511 0.9802954 0.2094134 0.9800938 0.211511 0.979785 0.2115352 0.9712339 0.9780611 0.9712806 0.9779801 0.9712806 0.9791919 0.8878816 0.9675743 0.8889873 0.9672618 0.8889863 0.9685644 0.8878816 0.9675743 0.8889863 0.9685644 0.8889863 0.9688673 0.2070759 0.9672647 0.2064673 0.9678209 0.2072202 0.9659771 0.9818753 0.2088349 0.981275 0.2102647 0.9802954 0.2094134 0.9818753 0.2088349 0.9802954 0.2094134 0.9818704 0.2079895 0.7978813 0.7891876 0.7962667 0.7914788 0.7951186 0.79111 0.7978813 0.7891876 0.7951186 0.79111 0.7979253 0.7860204 0.04078418 0.9777505 0.04078716 0.978232 0.04075849 0.9792958 0.04075849 0.9792958 0.04078716 0.978232 0.04078716 0.9796801 0.08285039 0.9799791 0.08284252 0.9802897 0.0828346 0.9803654 0.0828346 0.9803654 0.08284252 0.9802897 0.08283853 0.9805751 0.0828346 0.9803654 0.08283853 0.9805751 0.0828346 0.9807518 0.08283853 0.9805751 0.08284449 0.9808585 0.0828346 0.9807518 0.0828346 0.9807518 0.08284449 0.9808585 0.08285039 0.9810002 0.9999842 0.245195 0.9999842 0.245 0.9999842 0.2448878 0.6237149 0.8139445 0.617901 0.8203886 0.6171105 0.8193393 0.617901 0.8203886 0.6237149 0.8139445 0.6220391 0.8176426 0.6094705 0.8346443 0.6089567 0.835514 0.6078026 0.834819 0.9667194 0.2354998 0.9654166 0.2350315 0.9683814 0.2273139 0.612581 0.8273568 0.6147825 0.8265769 0.6142687 0.8272898 0.6094705 0.8346443 0.6078026 0.834819 0.6128696 0.8292986 0.6302245 0.8095523 0.6220391 0.8176426 0.6300743 0.8092321 0.6300743 0.8092321 0.6220391 0.8176426 0.6237149 0.8139445 0.6300743 0.8092321 0.6237149 0.8139445 0.6299716 0.8083798 0.6299716 0.8083798 0.6237149 0.8139445 0.6295684 0.8084254 0.08303076 0.9566546 0.08321994 0.9565508 0.08340328 0.9621902 0.08303076 0.9566546 0.08340328 0.9621902 0.08293342 0.9567075 0.08321994 0.9565508 0.08340328 0.9564489 0.08340328 0.9621902 0.6237149 0.8139445 0.6281099 0.8085904 0.6283471 0.8085632 0.6237149 0.8139445 0.6283471 0.8085632 0.6295684 0.8084254 0.9782831 0.2116236 0.979785 0.2115352 0.9771918 0.2155871 0.7891584 0.8020114 0.7930268 0.7948817 0.7917744 0.7986536 0.7917744 0.7986536 0.7930268 0.7948817 0.7941957 0.7946443 0.9759423 0.2147194 0.9782831 0.2116236 0.9765949 0.2151018 0.9765949 0.2151018 0.9782831 0.2116236 0.9771918 0.2155871 0.9723101 0.2193392 0.9733965 0.217445 0.9724548 0.221064 0.9724548 0.221064 0.9733965 0.217445 0.9759423 0.2147194 0.9724548 0.221064 0.9759423 0.2147194 0.9731025 0.2214532 0.9731025 0.2214532 0.9759423 0.2147194 0.9765949 0.2151018 0.9731025 0.2214532 0.9765949 0.2151018 0.973684 0.2219303 0.973684 0.2219303 0.9765949 0.2151018 0.9771918 0.2155871 0.6171105 0.8193393 0.6230905 0.8128331 0.6237149 0.8139445 0.6237149 0.8139445 0.6230905 0.8128331 0.6274934 0.8086613 0.08340328 0.9621902 0.0828346 0.956761 0.08293342 0.9567075 0.9683814 0.2273139 0.9693675 0.2280026 0.9667194 0.2354998 0.9667194 0.2354998 0.9693675 0.2280026 0.9700073 0.2283826 0.9667194 0.2354998 0.9700073 0.2283826 0.9678874 0.2362715 0.9678874 0.2362715 0.9700073 0.2283826 0.9705695 0.2288364 0.6067078 0.8339658 0.6116285 0.8263953 0.6078026 0.834819 0.6078026 0.834819 0.6116285 0.8263953 0.612581 0.8273568 0.6078026 0.834819 0.612581 0.8273568 0.6128696 0.8292986 0.6128696 0.8292986 0.612581 0.8273568 0.6142687 0.8272898 0.9683814 0.2273139 0.9723101 0.2193392 0.9693675 0.2280026 0.9693675 0.2280026 0.9723101 0.2193392 0.9724548 0.221064 0.9693675 0.2280026 0.9724548 0.221064 0.9700073 0.2283826 0.9700073 0.2283826 0.9724548 0.221064 0.9731025 0.2214532 0.9700073 0.2283826 0.9731025 0.2214532 0.9705695 0.2288364 0.9705695 0.2288364 0.9731025 0.2214532 0.973684 0.2219303 0.6116285 0.8263953 0.6171105 0.8193393 0.612581 0.8273568 0.612581 0.8273568 0.6171105 0.8193393 0.617901 0.8203886 0.612581 0.8273568 0.617901 0.8203886 0.6147825 0.8265769 0.6147825 0.8265769 0.617901 0.8203886 0.6220391 0.8176426 0.8577573 0.9161166 0.8569962 0.9243156 0.8569934 0.9083052 0.8614332 0.9083734 0.8620935 0.9083889 0.8623579 0.9166085 0.6085298 0.8889822 0.6077631 0.8889822 0.6068461 0.8803537 0.6220391 0.8176426 0.6302245 0.8095523 0.6306909 0.8104124 0.6187705 0.8295471 0.6147825 0.8265769 0.6228612 0.8226298 0.6228612 0.8226298 0.6147825 0.8265769 0.6220391 0.8176426 0.6228612 0.8226298 0.6220391 0.8176426 0.6273393 0.81644 0.6273393 0.81644 0.6220391 0.8176426 0.6306909 0.8104124 0.6273393 0.81644 0.6306909 0.8104124 0.6314458 0.8128991 0.6152133 0.8369307 0.6128696 0.8292986 0.6187705 0.8295471 0.6187705 0.8295471 0.6128696 0.8292986 0.6142687 0.8272898 0.6187705 0.8295471 0.6142687 0.8272898 0.6147825 0.8265769 0.6094705 0.8346443 0.6102412 0.834904 0.6089567 0.835514 0.6089567 0.835514 0.6102412 0.834904 0.6070002 0.8432675 0.6089567 0.835514 0.6070002 0.8432675 0.6054351 0.8472325 0.6054351 0.8472325 0.6070002 0.8432675 0.6043087 0.8519567 0.6028226 0.8595345 0.6061268 0.8710394 0.6011508 0.8720295 0.6011508 0.8720295 0.6061268 0.8710394 0.6052731 0.8802416 0.6011508 0.8720295 0.6052731 0.8802416 0.6003879 0.8846662 0.6003879 0.8846662 0.6052731 0.8802416 0.6037633 0.8889817 0.6003879 0.8846662 0.6037633 0.8889817 0.6003326 0.8889817 0.8614332 0.9083734 0.8623579 0.9166085 0.857803 0.9083139 0.8518337 0.9235901 0.8459621 0.9229526 0.8464016 0.9159184 0.8464016 0.9159184 0.8468269 0.9082802 0.8518337 0.9235901 0.8518337 0.9235901 0.8468269 0.9082802 0.8519855 0.9082814 0.8518337 0.9235901 0.8519855 0.9082814 0.8528519 0.9082821 0.8447411 0.9511254 0.8447218 0.9439728 0.8489185 0.9386998 0.8489185 0.9386998 0.8447218 0.9439728 0.844708 0.9373741 0.8489185 0.9386998 0.844708 0.9373741 0.8518337 0.9235901 0.8518337 0.9235901 0.844708 0.9373741 0.8455321 0.9290531 0.8518337 0.9235901 0.8455321 0.9290531 0.8459621 0.9229526 0.8474581 0.9701138 0.8448028 0.9745309 0.8447991 0.9725513 0.8447781 0.9639163 0.8447613 0.9579803 0.8492352 0.9545341 0.8492352 0.9545341 0.8447613 0.9579803 0.844746 0.9528085 0.8492352 0.9545341 0.844746 0.9528085 0.8518178 0.9474695 0.8518178 0.9474695 0.844746 0.9528085 0.8447411 0.9511254 0.8518178 0.9474695 0.8447411 0.9511254 0.8539894 0.9400771 0.8539894 0.9400771 0.8447411 0.9511254 0.8489185 0.9386998 0.8539894 0.9400771 0.8489185 0.9386998 0.8557369 0.9323011 0.8557369 0.9323011 0.8489185 0.9386998 0.8518337 0.9235901 0.8557369 0.9323011 0.8518337 0.9235901 0.8569962 0.9243156 0.8569962 0.9243156 0.8518337 0.9235901 0.8528519 0.9082821 0.8569962 0.9243156 0.8528519 0.9082821 0.8569934 0.9083052 0.6094705 0.8346443 0.6128696 0.8292986 0.6102412 0.834904 0.6102412 0.834904 0.6128696 0.8292986 0.6152133 0.8369307 0.6102412 0.834904 0.6152133 0.8369307 0.6070002 0.8432675 0.6070002 0.8432675 0.6152133 0.8369307 0.6121068 0.8449385 0.6070002 0.8432675 0.6121068 0.8449385 0.6043087 0.8519567 0.6043087 0.8519567 0.6121068 0.8449385 0.6095654 0.8532928 0.6043087 0.8519567 0.6095654 0.8532928 0.6028226 0.8595345 0.6028226 0.8595345 0.6095654 0.8532928 0.6075575 0.8620586 0.6028226 0.8595345 0.6075575 0.8620586 0.6061268 0.8710394 0.8569934 0.9083052 0.857803 0.9083139 0.8577573 0.9161166 0.8577573 0.9161166 0.857803 0.9083139 0.8623579 0.9166085 0.8577573 0.9161166 0.8623579 0.9166085 0.8569962 0.9243156 0.8569962 0.9243156 0.8623579 0.9166085 0.861575 0.9252324 0.8569962 0.9243156 0.861575 0.9252324 0.8557369 0.9323011 0.8557369 0.9323011 0.861575 0.9252324 0.8602809 0.9336289 0.8557369 0.9323011 0.8602809 0.9336289 0.8539894 0.9400771 0.8539894 0.9400771 0.8602809 0.9336289 0.858487 0.9418017 0.8539894 0.9400771 0.858487 0.9418017 0.8518178 0.9474695 0.8518178 0.9474695 0.858487 0.9418017 0.8562608 0.9495654 0.8518178 0.9474695 0.8562608 0.9495654 0.8492352 0.9545341 0.8492352 0.9545341 0.8562608 0.9495654 0.8536186 0.9569769 0.8492352 0.9545341 0.8536186 0.9569769 0.8447781 0.9639163 0.8447781 0.9639163 0.8536186 0.9569769 0.8506901 0.9637781 0.8447781 0.9639163 0.8506901 0.9637781 0.844789 0.9681036 0.844789 0.9681036 0.8506901 0.9637781 0.8474581 0.9701138 0.844789 0.9681036 0.8474581 0.9701138 0.8447915 0.969107 0.8447915 0.969107 0.8474581 0.9701138 0.8447991 0.9725513 0.6118578 0.8889836 0.6085298 0.8889822 0.6116048 0.8807672 0.6116048 0.8807672 0.6085298 0.8889822 0.6068461 0.8803537 0.6116048 0.8807672 0.6068461 0.8803537 0.6123953 0.8721193 0.6123953 0.8721193 0.6068461 0.8803537 0.607688 0.87127 0.6123953 0.8721193 0.607688 0.87127 0.6137194 0.8636844 0.6137194 0.8636844 0.607688 0.87127 0.609095 0.8624066 0.6137194 0.8636844 0.609095 0.8624066 0.6155691 0.8554597 0.6155691 0.8554597 0.609095 0.8624066 0.6110712 0.8537586 0.6155691 0.8554597 0.6110712 0.8537586 0.6179088 0.8476315 0.6179088 0.8476315 0.6110712 0.8537586 0.6135731 0.8455209 0.6179088 0.8476315 0.6135731 0.8455209 0.6207625 0.8401415 0.6207625 0.8401415 0.6135731 0.8455209 0.6166283 0.83763 0.6207625 0.8401415 0.6166283 0.83763 0.6240153 0.833252 0.6240153 0.833252 0.6166283 0.83763 0.6201222 0.8303609 0.6240153 0.833252 0.6201222 0.8303609 0.6277384 0.8268151 0.6277384 0.8268151 0.6201222 0.8303609 0.6241378 0.8235582 0.6277384 0.8268151 0.6241378 0.8235582 0.6309083 0.8223124 0.6309083 0.8223124 0.6241378 0.8235582 0.628525 0.8174791 0.6309083 0.8223124 0.628525 0.8174791 0.6314616 0.8189632 0.6314616 0.8189632 0.628525 0.8174791 0.6316316 0.814406 0.6077631 0.8889822 0.6037633 0.8889817 0.6068461 0.8803537 0.6068461 0.8803537 0.6037633 0.8889817 0.6052731 0.8802416 0.6068461 0.8803537 0.6052731 0.8802416 0.607688 0.87127 0.607688 0.87127 0.6052731 0.8802416 0.6061268 0.8710394 0.607688 0.87127 0.6061268 0.8710394 0.609095 0.8624066 0.609095 0.8624066 0.6061268 0.8710394 0.6075575 0.8620586 0.609095 0.8624066 0.6075575 0.8620586 0.6110712 0.8537586 0.6110712 0.8537586 0.6075575 0.8620586 0.6095654 0.8532928 0.6110712 0.8537586 0.6095654 0.8532928 0.6135731 0.8455209 0.6135731 0.8455209 0.6095654 0.8532928 0.6121068 0.8449385 0.6135731 0.8455209 0.6121068 0.8449385 0.6166283 0.83763 0.6166283 0.83763 0.6121068 0.8449385 0.6152133 0.8369307 0.6166283 0.83763 0.6152133 0.8369307 0.6201222 0.8303609 0.6201222 0.8303609 0.6152133 0.8369307 0.6187705 0.8295471 0.6201222 0.8303609 0.6187705 0.8295471 0.6241378 0.8235582 0.6241378 0.8235582 0.6187705 0.8295471 0.6228612 0.8226298 0.6241378 0.8235582 0.6228612 0.8226298 0.628525 0.8174791 0.628525 0.8174791 0.6228612 0.8226298 0.6273393 0.81644 0.628525 0.8174791 0.6273393 0.81644 0.6316316 0.814406 0.6316316 0.814406 0.6273393 0.81644 0.6314458 0.8128991 0.8455321 0.9290531 0.844708 0.9373741 0.8446879 0.9226816 0.8446815 0.9082797 0.8468269 0.9082802 0.8464016 0.9159184 0.8446815 0.9082797 0.8464016 0.9159184 0.8446879 0.9226816 0.8446879 0.9226816 0.8464016 0.9159184 0.8459621 0.9229526 0.8446879 0.9226816 0.8459621 0.9229526 0.8455321 0.9290531 0.8468269 0.9082802 0.8446815 0.9082797 0.8463015 0.8991858 0.8463015 0.8991858 0.8446815 0.9082797 0.8446879 0.8938363 0.844708 0.8790118 0.8454391 0.886285 0.8446879 0.8938363 0.8446879 0.8938363 0.8454391 0.886285 0.8459663 0.8935658 0.8446879 0.8938363 0.8459663 0.8935658 0.8463015 0.8991858 0.8447213 0.8725417 0.8447413 0.8650263 0.8489185 0.8776725 0.6304261 0.9680907 0.6302285 0.9684271 0.6222605 0.960578 0.6085298 0.8889822 0.6118578 0.8889836 0.6116048 0.8971991 0.8468269 0.9082802 0.8463015 0.8991858 0.8519855 0.9082814 0.8519855 0.9082814 0.8463015 0.8991858 0.8518337 0.8929268 0.8519855 0.9082814 0.8518337 0.8929268 0.8528519 0.9082821 0.8614332 0.9083734 0.857803 0.9083139 0.8577573 0.9005034 0.8577573 0.9005034 0.857803 0.9083139 0.8569934 0.9083052 0.8528519 0.9082821 0.8518337 0.8929268 0.8569934 0.9083052 0.8569934 0.9083052 0.8518337 0.8929268 0.8569962 0.8922654 0.8569934 0.9083052 0.8569962 0.8922654 0.8577573 0.9005034 0.6003682 0.8924148 0.6003326 0.8889817 0.6037633 0.8889817 0.6037633 0.8889817 0.6052731 0.8977223 0.6003682 0.8924148 0.6003682 0.8924148 0.6052731 0.8977223 0.6061268 0.9069249 0.6003682 0.8924148 0.6061268 0.9069249 0.6011033 0.9054277 0.6011033 0.9054277 0.6061268 0.9069249 0.6075575 0.9159072 0.6011033 0.9054277 0.6075575 0.9159072 0.602795 0.9182557 0.602795 0.9182557 0.6075575 0.9159072 0.6039727 0.9244319 0.6039727 0.9244319 0.6075575 0.9159072 0.6095654 0.924674 0.6039727 0.9244319 0.6095654 0.924674 0.6043166 0.9260082 0.6155453 0.9524425 0.6099408 0.9441145 0.6102412 0.9430662 0.6102412 0.9430662 0.6099408 0.9441145 0.6089567 0.9424557 0.6102412 0.9430662 0.6089567 0.9424557 0.6070002 0.9347003 0.6070002 0.9347003 0.6089567 0.9424557 0.6054351 0.9307211 0.6070002 0.9347003 0.6054351 0.9307211 0.6043166 0.9260082 0.6155453 0.9524425 0.6228612 0.9553453 0.6188693 0.9566721 0.6188693 0.9566721 0.6228612 0.9553453 0.6273432 0.9615374 0.6188693 0.9566721 0.6273432 0.9615374 0.6222605 0.960578 0.6222605 0.960578 0.6273432 0.9615374 0.6314221 0.9652322 0.6222605 0.960578 0.6314221 0.9652322 0.6304261 0.9680907 0.6241378 0.9544173 0.6315407 0.959702 0.628525 0.9604989 0.628525 0.9604989 0.6315407 0.959702 0.6316316 0.9607954 0.844746 0.8633279 0.8447598 0.8585726 0.8492354 0.8616347 0.8492354 0.8616347 0.8447598 0.8585726 0.844766 0.8564293 0.8492354 0.8616347 0.844766 0.8564293 0.8447781 0.8520472 0.8463015 0.8991858 0.8459663 0.8935658 0.8518337 0.8929268 0.8518337 0.8929268 0.8459663 0.8935658 0.8454391 0.886285 0.8518337 0.8929268 0.8454391 0.886285 0.8489185 0.8776725 0.8489185 0.8776725 0.8454391 0.886285 0.844708 0.8790118 0.8489185 0.8776725 0.844708 0.8790118 0.8447213 0.8725417 0.844746 0.8633279 0.8492354 0.8616347 0.8447413 0.8650263 0.8447413 0.8650263 0.8492354 0.8616347 0.8518178 0.8688397 0.8447413 0.8650263 0.8518178 0.8688397 0.8489185 0.8776725 0.8489185 0.8776725 0.8518178 0.8688397 0.8539894 0.8763474 0.8489185 0.8776725 0.8539894 0.8763474 0.8518337 0.8929268 0.8518337 0.8929268 0.8539894 0.8763474 0.8557369 0.8842149 0.8518337 0.8929268 0.8557369 0.8842149 0.8569962 0.8922654 0.6043166 0.9260082 0.6095654 0.924674 0.6070002 0.9347003 0.6070002 0.9347003 0.6095654 0.924674 0.6121068 0.9330303 0.6070002 0.9347003 0.6121068 0.9330303 0.6102412 0.9430662 0.6102412 0.9430662 0.6121068 0.9330303 0.6152133 0.94104 0.6102412 0.9430662 0.6152133 0.94104 0.6155453 0.9524425 0.6155453 0.9524425 0.6152133 0.94104 0.6187705 0.9484255 0.6155453 0.9524425 0.6187705 0.9484255 0.6228612 0.9553453 0.8620935 0.9083889 0.8614332 0.9083734 0.8623579 0.9001829 0.8623579 0.9001829 0.8614332 0.9083734 0.8577573 0.9005034 0.8623579 0.9001829 0.8577573 0.9005034 0.861575 0.8915168 0.861575 0.8915168 0.8577573 0.9005034 0.8569962 0.8922654 0.861575 0.8915168 0.8569962 0.8922654 0.8602811 0.8830496 0.8602811 0.8830496 0.8569962 0.8922654 0.8557369 0.8842149 0.8602811 0.8830496 0.8557369 0.8842149 0.858487 0.8747781 0.858487 0.8747781 0.8557369 0.8842149 0.8539894 0.8763474 0.858487 0.8747781 0.8539894 0.8763474 0.8562608 0.8668894 0.8562608 0.8668894 0.8539894 0.8763474 0.8518178 0.8688397 0.8562608 0.8668894 0.8518178 0.8688397 0.8536186 0.8593255 0.8536186 0.8593255 0.8518178 0.8688397 0.8492354 0.8616347 0.8536186 0.8593255 0.8492354 0.8616347 0.8506901 0.8523502 0.8506901 0.8523502 0.8492354 0.8616347 0.8447781 0.8520472 0.8506901 0.8523502 0.8447781 0.8520472 0.8474581 0.8458154 0.8474581 0.8458154 0.8447781 0.8520472 0.8447892 0.8476987 0.8474581 0.8458154 0.8447892 0.8476987 0.8447969 0.8443539 0.6077631 0.8889822 0.6085298 0.8889822 0.6068461 0.8976107 0.6068461 0.8976107 0.6085298 0.8889822 0.6116048 0.8971991 0.6068461 0.8976107 0.6116048 0.8971991 0.607688 0.9066949 0.607688 0.9066949 0.6116048 0.8971991 0.6123953 0.905848 0.607688 0.9066949 0.6123953 0.905848 0.609095 0.9155592 0.609095 0.9155592 0.6123953 0.905848 0.6137194 0.9142838 0.609095 0.9155592 0.6137194 0.9142838 0.6110752 0.9242086 0.6110752 0.9242086 0.6137194 0.9142838 0.6155691 0.92251 0.6110752 0.9242086 0.6155691 0.92251 0.613577 0.9324479 0.613577 0.9324479 0.6155691 0.92251 0.6179128 0.9303396 0.613577 0.9324479 0.6179128 0.9303396 0.6166283 0.9403406 0.6166283 0.9403406 0.6179128 0.9303396 0.6207625 0.9378315 0.6166283 0.9403406 0.6207625 0.9378315 0.6201222 0.9476122 0.6201222 0.9476122 0.6207625 0.9378315 0.6240153 0.9447236 0.6201222 0.9476122 0.6240153 0.9447236 0.6241378 0.9544173 0.6241378 0.9544173 0.6240153 0.9447236 0.6277384 0.9511623 0.6241378 0.9544173 0.6277384 0.9511623 0.6315407 0.959702 0.8448083 0.8371779 0.8474581 0.8458154 0.8447969 0.8443539 0.6037633 0.8889817 0.6077631 0.8889822 0.6052731 0.8977223 0.6052731 0.8977223 0.6077631 0.8889822 0.6068461 0.8976107 0.6052731 0.8977223 0.6068461 0.8976107 0.6061268 0.9069249 0.6061268 0.9069249 0.6068461 0.8976107 0.607688 0.9066949 0.6061268 0.9069249 0.607688 0.9066949 0.6075575 0.9159072 0.6075575 0.9159072 0.607688 0.9066949 0.609095 0.9155592 0.6075575 0.9159072 0.609095 0.9155592 0.6095654 0.924674 0.6095654 0.924674 0.609095 0.9155592 0.6110752 0.9242086 0.6095654 0.924674 0.6110752 0.9242086 0.6121068 0.9330303 0.6121068 0.9330303 0.6110752 0.9242086 0.613577 0.9324479 0.6121068 0.9330303 0.613577 0.9324479 0.6152133 0.94104 0.6152133 0.94104 0.613577 0.9324479 0.6166283 0.9403406 0.6152133 0.94104 0.6166283 0.9403406 0.6187705 0.9484255 0.6187705 0.9484255 0.6166283 0.9403406 0.6201222 0.9476122 0.6187705 0.9484255 0.6201222 0.9476122 0.6228612 0.9553453 0.6228612 0.9553453 0.6201222 0.9476122 0.6241378 0.9544173 0.6228612 0.9553453 0.6241378 0.9544173 0.6273432 0.9615374 0.6273432 0.9615374 0.6241378 0.9544173 0.628525 0.9604989 0.6273432 0.9615374 0.628525 0.9604989 0.6314221 0.9652322 0.6314221 0.9652322 0.628525 0.9604989 0.6316316 0.9607954 0.9733812 0.3658169 0.9724632 0.3641401 0.9724513 0.3620222 0.9771878 0.3678373 0.979781 0.3721275 0.976591 0.3683163 0.976591 0.3683163 0.979781 0.3721275 0.9782791 0.3719877 0.976591 0.3683163 0.9782791 0.3719877 0.9759383 0.3687002 0.077618 0.8632462 0.07523226 0.8594287 0.07640141 0.8596689 0.6295684 0.969554 0.6283471 0.9694156 0.6237149 0.9640325 0.2360884 0.9548872 0.2360884 0.9609681 0.2358973 0.960843 0.2358973 0.960843 0.2357203 0.9607284 0.2360884 0.9548872 0.2360884 0.9548872 0.2357203 0.9607284 0.2355371 0.9606117 0.2360884 0.9548872 0.2355371 0.9606117 0.2354432 0.9605527 0.6299716 0.9695996 0.6295684 0.969554 0.630015 0.9689672 0.630015 0.9689672 0.6295684 0.969554 0.6237149 0.9640325 0.630015 0.9689672 0.6237149 0.9640325 0.6302285 0.9684271 0.6302285 0.9684271 0.6237149 0.9640325 0.6222605 0.960578 0.617901 0.957586 0.612581 0.9506148 0.6188693 0.9566721 0.6188693 0.9566721 0.612581 0.9506148 0.6155453 0.9524425 0.6155453 0.9524425 0.612581 0.9506148 0.6099408 0.9441145 0.6099408 0.9441145 0.612581 0.9506148 0.6078026 0.9431511 0.6099408 0.9441145 0.6078026 0.9431511 0.6089567 0.9424557 0.6188693 0.9566721 0.6222605 0.960578 0.617901 0.957586 0.617901 0.957586 0.6222605 0.960578 0.6237149 0.9640325 0.617901 0.957586 0.6237149 0.9640325 0.6230944 0.9651429 0.6230944 0.9651429 0.6237149 0.9640325 0.6275961 0.9693283 0.9771878 0.3678373 0.9798937 0.3721415 0.979781 0.3721275 0.9689906 0.3569331 0.9654136 0.3474689 0.9693641 0.3547769 0.9693641 0.3547769 0.9654136 0.3474689 0.9667164 0.3470039 0.9693641 0.3547769 0.9667164 0.3470039 0.9700039 0.3544056 0.9700039 0.3544056 0.9667164 0.3470039 0.9678844 0.3462663 0.9700039 0.3544056 0.9678844 0.3462663 0.9705666 0.3539683 0.9724632 0.3641401 0.9689906 0.3569331 0.9724513 0.3620222 0.9724513 0.3620222 0.9689906 0.3569331 0.9693641 0.3547769 0.9724513 0.3620222 0.9693641 0.3547769 0.9730991 0.3616368 0.9730991 0.3616368 0.9693641 0.3547769 0.9700039 0.3544056 0.9730991 0.3616368 0.9700039 0.3544056 0.97368 0.361171 0.97368 0.361171 0.9700039 0.3544056 0.9705666 0.3539683 0.07640141 0.8596689 0.08021402 0.8664328 0.077618 0.8632462 0.9759383 0.3687002 0.9733812 0.3658169 0.9724513 0.3620222 0.9759383 0.3687002 0.9724513 0.3620222 0.976591 0.3683163 0.976591 0.3683163 0.9724513 0.3620222 0.9730991 0.3616368 0.976591 0.3683163 0.9730991 0.3616368 0.9771878 0.3678373 0.9771878 0.3678373 0.9730991 0.3616368 0.97368 0.361171 0.6230944 0.9651429 0.6171105 0.9586343 0.617901 0.957586 0.617901 0.957586 0.6171105 0.9586343 0.6116285 0.9515762 0.617901 0.957586 0.6116285 0.9515762 0.612581 0.9506148 0.612581 0.9506148 0.6116285 0.9515762 0.6067078 0.9440038 0.612581 0.9506148 0.6067078 0.9440038 0.6078026 0.9431511 0.9999839 0.2270987 0.9999839 0.2269849 0.9999839 0.2267864 0.05892461 0.9791754 0.05892264 0.9796472 0.05889695 0.978129 0.05892461 0.9791754 0.05889695 0.978129 0.05892461 0.9777505 0.9999921 0.2086898 1 0.2089965 0.9999842 0.208616 0.9999921 0.2086898 0.9999842 0.208616 0.9999881 0.2084103 0.9999881 0.2084103 0.9999842 0.208616 0.9999842 0.2082336 0.9999881 0.2084103 0.9999842 0.2082336 0.999994 0.2081288 0.999994 0.2081288 0.9999842 0.2082336 1 0.207989 0.9802909 0.3743517 0.9812706 0.3735073 0.981862 0.3764925 0.981862 0.3764925 0.9812706 0.3735073 0.9818753 0.3740367 0.4999182 0.9651749 0.4997206 0.964942 0.4999182 0.9634841 0.4999182 0.9634841 0.4997206 0.964942 0.4988669 0.9639441 0.4999182 0.9634841 0.4988669 0.9639441 0.4996534 0.9625425 0.9782791 0.3719877 0.979781 0.3721275 0.9802909 0.3743517 0.9802909 0.3743517 0.979781 0.3721275 0.9800893 0.3721659 0.9802909 0.3743517 0.9800893 0.3721659 0.9812706 0.3735073 0.9812706 0.3735073 0.9800893 0.3721659 0.9803798 0.3722066 0.9812706 0.3735073 0.9803798 0.3722066 0.980657 0.3722484 0.07158309 0.8536329 0.07157254 0.851184 0.07318556 0.8563959 0.07318556 0.8563959 0.07157254 0.851184 0.07434105 0.8560668 0.07318556 0.8563959 0.07434105 0.8560668 0.07523226 0.8594287 0.07523226 0.8594287 0.07434105 0.8560668 0.07640141 0.8596689 0.7891584 0.8020114 0.7893916 0.7948772 0.7930268 0.7948817 0.7930268 0.7948817 0.7893916 0.7948772 0.7902477 0.7927797 0.7930268 0.7948817 0.7902477 0.7927797 0.7951186 0.79111 0.9601243 0.2469456 0.9630027 0.2369942 0.9654166 0.2350315 0.9654166 0.2350315 0.9630027 0.2369942 0.9634197 0.2357143 0.9654166 0.2350315 0.9634197 0.2357143 0.9683814 0.2273139 0.9683814 0.2273139 0.9634197 0.2357143 0.9660875 0.2282069 0.7839002 0.8123148 0.7815851 0.8131515 0.7880241 0.8041517 0.7880241 0.8041517 0.7815851 0.8131515 0.7854105 0.8043325 0.7880241 0.8041517 0.7854105 0.8043325 0.7891584 0.8020114 0.7891584 0.8020114 0.7854105 0.8043325 0.7863987 0.8020209 0.7891584 0.8020114 0.7863987 0.8020209 0.7893916 0.7948772 0.9654166 0.2350315 0.9624133 0.2448903 0.9601243 0.2469456 0.9601243 0.2469456 0.9624133 0.2448903 0.961648 0.2478017 0.9601243 0.2469456 0.961648 0.2478017 0.9579866 0.2563642 0.961648 0.2478017 0.9600211 0.2548258 0.9579866 0.2563642 0.9579866 0.2563642 0.9600211 0.2548258 0.959657 0.2566108 0.9579866 0.2563642 0.959657 0.2566108 0.9564002 0.2657256 0.959657 0.2566108 0.958744 0.2615955 0.9564002 0.2657256 0.9564002 0.2657256 0.958744 0.2615955 0.9582944 0.2644215 0.9564002 0.2657256 0.9582944 0.2644215 0.955335 0.2749447 0.9587395 0.3202527 0.9579926 0.3255601 0.9562589 0.3150311 0.9582944 0.2644215 0.9570573 0.2746583 0.955335 0.2749447 0.955335 0.2749447 0.9570573 0.2746583 0.9569259 0.2761643 0.955335 0.2749447 0.9569259 0.2761643 0.9550065 0.2791975 0.9550065 0.2791975 0.9569259 0.2761643 0.9567001 0.279198 0.9550065 0.2791975 0.9567001 0.279198 0.9546997 0.2857887 0.9546997 0.2857887 0.9567001 0.279198 0.9563968 0.2854989 0.9546997 0.2857887 0.9563968 0.2854989 0.9546285 0.2908103 0.9546285 0.2908103 0.9563968 0.2854989 0.9563143 0.2908108 0.9546285 0.2908103 0.9563143 0.2908108 0.9546528 0.293694 0.9546528 0.293694 0.9563143 0.2908108 0.9563528 0.2945351 0.9546528 0.293694 0.9563528 0.2945351 0.955008 0.3024555 0.955008 0.3024555 0.9563528 0.2945351 0.9566922 0.3024575 0.955008 0.3024555 0.9566922 0.3024575 0.9551286 0.3041915 0.9551286 0.3041915 0.9566922 0.3024575 0.9568948 0.3052408 0.9551286 0.3041915 0.9568948 0.3052408 0.9562589 0.3150311 0.9562589 0.3150311 0.9568948 0.3052408 0.958085 0.3159857 0.9562589 0.3150311 0.958085 0.3159857 0.9587395 0.3202527 0.9587395 0.3202527 0.9596526 0.3253228 0.9579926 0.3255601 0.9579926 0.3255601 0.9596526 0.3253228 0.9599223 0.3266812 0.9579926 0.3255601 0.9599223 0.3266812 0.9603452 0.3360561 0.9599223 0.3266812 0.9616416 0.3343245 0.9603452 0.3360561 0.9603452 0.3360561 0.9616416 0.3343245 0.9623812 0.3372136 0.9603452 0.3360561 0.9623812 0.3372136 0.9631307 0.3458567 0.9631307 0.3458567 0.9623812 0.3372136 0.9654136 0.3474689 0.9631307 0.3458567 0.9654136 0.3474689 0.9634172 0.3467599 0.9634172 0.3467599 0.9654136 0.3474689 0.9661463 0.3547162 0.9661463 0.3547162 0.9654136 0.3474689 0.9689906 0.3569331 0.9661463 0.3547162 0.9689906 0.3569331 0.9697252 0.3637155 0.9697252 0.3637155 0.9689906 0.3569331 0.9724632 0.3641401 0.08389663 0.868558 0.08115309 0.8681358 0.0829609 0.8664464 0.0829609 0.8664464 0.08115309 0.8681358 0.08021402 0.8664328 0.0829609 0.8664464 0.08021402 0.8664328 0.08003711 0.8596693 0.08003711 0.8596693 0.08021402 0.8664328 0.07640141 0.8596689 0.08003711 0.8596693 0.07640141 0.8596689 0.07919865 0.8576684 0.07919865 0.8576684 0.07640141 0.8596689 0.07434105 0.8560668 0.07919865 0.8576684 0.07434105 0.8560668 0.07530814 0.8479508 0.07434105 0.8560668 0.07157254 0.851184 0.07530814 0.8479508 0.07530814 0.8479508 0.07157254 0.851184 0.07155883 0.8469021 0.07530814 0.8479508 0.07155883 0.8469021 0.07386595 0.8441115 0.07386595 0.8441115 0.07155883 0.8469021 0.07153391 0.8375252 0.7951186 0.79111 0.7902477 0.7927797 0.7979253 0.7860204 0.7979253 0.7860204 0.7902477 0.7927797 0.7942135 0.7826576 0.7979253 0.7860204 0.7942135 0.7826576 0.7979698 0.7815754 0.7979698 0.7815754 0.7942135 0.7826576 0.7956808 0.7786853 0.7979698 0.7815754 0.7956808 0.7786853 0.7980498 0.7719032 0.2017185 0.03400969 0.2017165 0.03388738 0.2028741 0.03507548 0.08131933 0.8591962 0.08075815 0.8595388 0.08044916 0.8571637 0.08075815 0.8595388 0.08013391 0.859667 0.07919865 0.8576684 0.07919865 0.8576684 0.08013391 0.859667 0.08003711 0.8596693 0.08188444 0.8584643 0.08138984 0.8591151 0.08044916 0.8571637 0.08044916 0.8571637 0.08138984 0.8591151 0.08131933 0.8591962 0.9338054 0.9779815 0.9338054 0.9794161 0.9336878 0.9780961 0.07603824 0.8430918 0.07245516 0.8332549 0.07285666 0.8330292 0.2124319 0.04844504 0.2123934 0.04658335 0.2151635 0.05203449 0.07454097 0.8371229 0.07603824 0.8430918 0.07285666 0.8330292 0.07386595 0.8441115 0.07153391 0.8375252 0.07152706 0.8336645 0.08075815 0.8595388 0.07919865 0.8576684 0.08044916 0.8571637 0.08044916 0.8571637 0.07919865 0.8576684 0.07530814 0.8479508 0.08044916 0.8571637 0.07530814 0.8479508 0.07649564 0.8474873 0.07649564 0.8474873 0.07530814 0.8479508 0.07386595 0.8441115 0.07649564 0.8474873 0.07386595 0.8441115 0.07503122 0.8436679 0.07503122 0.8436679 0.07386595 0.8441115 0.07152706 0.8336645 0.07503122 0.8436679 0.07152706 0.8336645 0.07245516 0.8332549 0.07245516 0.8332549 0.07603824 0.8430918 0.07503122 0.8436679 0.07503122 0.8436679 0.07603824 0.8430918 0.07751452 0.846872 0.07503122 0.8436679 0.07751452 0.846872 0.07649564 0.8474873 0.07649564 0.8474873 0.07751452 0.846872 0.08150053 0.8564473 0.07649564 0.8474873 0.08150053 0.8564473 0.08044916 0.8571637 0.08044916 0.8571637 0.08150053 0.8564473 0.08211284 0.8578543 0.08044916 0.8571637 0.08211284 0.8578543 0.08188444 0.8584643 0.2124319 0.04844504 0.2116824 0.04738903 0.2123934 0.04658335 0.2123934 0.04658335 0.2116824 0.04738903 0.2092403 0.04413932 0.2123934 0.04658335 0.2092403 0.04413932 0.2099503 0.04328322 0.2099503 0.04328322 0.2092403 0.04413932 0.202172 0.03605967 0.2099503 0.04328322 0.202172 0.03605967 0.2028741 0.03507548 0.2028741 0.03507548 0.202172 0.03605967 0.2019358 0.03581702 0.2028741 0.03507548 0.2019358 0.03581702 0.2017377 0.03416693 0.07285666 0.8330292 0.07245516 0.8332549 0.07270646 0.8326356 0.07270646 0.8326356 0.07245516 0.8332549 0.07152706 0.8336645 0.07270646 0.8326356 0.07152706 0.8336645 0.07204818 0.8309496 0.07204818 0.8309496 0.07152706 0.8336645 0.07152569 0.8316882 0.07204818 0.8309496 0.07152569 0.8316882 0.07159042 0.8298566 0.07159042 0.8298566 0.07152569 0.8316882 0.07152515 0.8297101 0.07392728 0.8318552 0.07433116 0.8308851 0.07433146 0.8314791 0.07433146 0.8314791 0.07433116 0.8308851 0.07457941 0.8312616 0.0715242 0.8277848 0.07158923 0.8278198 0.07152515 0.8297101 0.07152515 0.8297101 0.07158923 0.8278198 0.07254052 0.8285822 0.07152515 0.8297101 0.07254052 0.8285822 0.07159042 0.8298566 0.07159042 0.8298566 0.07254052 0.8285822 0.0733177 0.8294762 0.07159042 0.8298566 0.0733177 0.8294762 0.07204818 0.8309496 0.07204818 0.8309496 0.0733177 0.8294762 0.07433116 0.8308851 0.07204818 0.8309496 0.07433116 0.8308851 0.07270646 0.8326356 0.7554574 0.968644 0.7554574 0.9708318 0.7550197 0.9699194 0.07270646 0.8326356 0.07392728 0.8318552 0.07285666 0.8330292 0.0294339 0.7245845 0.02943736 0.7170004 0.04321366 0.7170403 0.04321366 0.7170403 0.02943736 0.7170004 0.02949547 0.6116837 0.04317796 0.8080561 0.02940165 0.8080396 0.0294339 0.7245845 0.0294339 0.7245845 0.04321366 0.7170403 0.04317796 0.8080561 0.04317796 0.8080561 0.04321366 0.7170403 0.05877804 0.7171761 0.04317796 0.8080561 0.05877804 0.7171761 0.05874234 0.8081085 0.05394583 0.523043 0.07166594 0.524018 0.07160341 0.6123126 0.03513854 0.5225994 0.0433349 0.5227236 0.04327178 0.6117502 0.04327178 0.6117502 0.0433349 0.5227236 0.05394583 0.523043 0.04327178 0.6117502 0.05394583 0.523043 0.0588361 0.6119827 0.0588361 0.6119827 0.05394583 0.523043 0.07160341 0.6123126 0.0588361 0.6119827 0.07160341 0.6123126 0.07154542 0.7173683 0.07150977 0.8081813 0.05874234 0.8081085 0.07154542 0.7173683 0.07154542 0.7173683 0.05874234 0.8081085 0.05877804 0.7171761 0.07154542 0.7173683 0.05877804 0.7171761 0.0588361 0.6119827 0.0588361 0.6119827 0.05877804 0.7171761 0.04321366 0.7170403 0.0588361 0.6119827 0.04321366 0.7170403 0.04327178 0.6117502 0.04327178 0.6117502 0.04321366 0.7170403 0.02949547 0.6116837 0.04327178 0.6117502 0.02949547 0.6116837 0.03513854 0.5225994 0.03513854 0.5225994 0.02949547 0.6116837 0.02955871 0.5225741 0.0715093 0.8103245 0.07150959 0.8170976 0.06809985 0.8164269 0.07157289 0.8541925 0.06889909 0.8484075 0.07155287 0.8476427 0.07160538 0.8624202 0.06945824 0.8662678 0.06538379 0.8613801 0.06945824 0.8662678 0.07160538 0.8624202 0.07164412 0.8699678 4.94048e-7 0.8145851 0.01297158 0.8105968 1.23512e-6 0.8166574 1.23512e-6 0.8166574 0.01297158 0.8105968 0.01354235 0.8119906 1.23512e-6 0.8166574 0.01354235 0.8119906 1.72917e-6 0.8186997 0 0.8246196 0.004892647 0.8256839 2.59375e-6 0.8284546 2.59375e-6 0.8284546 0.004892647 0.8256839 0.004050195 0.8348841 2.59375e-6 0.8284546 0.004050195 0.8348841 8.58409e-6 0.8385288 6.28677e-5 0.8591476 6.16943e-5 0.8588293 3.9178e-4 0.8589695 3.9178e-4 0.8589695 6.16943e-5 0.8588293 3.45834e-5 0.8490428 0.007033824 0.8755815 1.40063e-4 0.8770394 9.6463e-5 0.8682163 0.2649637 0.746702 0.2636348 0.753678 0.2580437 0.7497231 0.2580437 0.7497231 0.2636348 0.753678 0.2624392 0.7611073 0.2580437 0.7497231 0.2624392 0.7611073 0.2579933 0.7577489 0.2579933 0.7577489 0.2624392 0.7611073 0.2613915 0.7688831 0.2579933 0.7577489 0.2613915 0.7688831 0.2579525 0.766753 0.2579525 0.766753 0.2613915 0.7688831 0.2605022 0.7768928 0.2579525 0.766753 0.2605022 0.7768928 0.2579209 0.7762002 0.2578831 0.7962793 0.259217 0.7931573 0.2578789 0.8069044 0.2578789 0.8069044 0.259217 0.7931573 0.2677809 0.7933781 0.2578789 0.8069044 0.2677809 0.7933781 0.2627382 0.8069428 0.2627382 0.8069428 0.2677809 0.7933781 0.2764422 0.7934756 0.2627382 0.8069428 0.2764422 0.7934756 0.274338 0.8069903 0.274338 0.8069903 0.2764422 0.7934756 0.2851297 0.7934495 0.274338 0.8069903 0.2851297 0.7934495 0.2861229 0.8069806 0.2861229 0.8069806 0.2851297 0.7934495 0.2937721 0.7932985 0.2861229 0.8069806 0.2937721 0.7932985 0.297664 0.8069219 0.2937721 0.7932985 0.3022985 0.7930257 0.297664 0.8069219 0.297664 0.8069219 0.3022985 0.7930257 0.3106381 0.7926326 0.297664 0.8069219 0.3106381 0.7926326 0.3085863 0.8068234 0.3085863 0.8068234 0.3106381 0.7926326 0.3146492 0.8067457 0.3146492 0.8067457 0.3106381 0.7926326 0.3187236 0.7921236 0.3146492 0.8067457 0.3187236 0.7921236 0.3191637 0.8066768 0.3191637 0.8066768 0.3187236 0.7921236 0.3264912 0.7915033 0.3191637 0.8066768 0.3264912 0.7915033 0.3294217 0.8064769 0.3294255 0.7968724 0.3251767 0.7834125 0.3294389 0.7874431 0.3294389 0.7874431 0.3251767 0.7834125 0.3234844 0.7753436 0.3294389 0.7874431 0.3234844 0.7753436 0.3294565 0.780109 0.3294565 0.780109 0.3234844 0.7753436 0.3214173 0.7674062 0.3294565 0.780109 0.3214173 0.7674062 0.3294873 0.7711073 0.06889909 0.8484075 0.07157289 0.8541925 0.06096947 0.8560892 0.06328463 0.8436844 0.06895232 0.8358052 0.07153135 0.8381527 0.06231021 0.8319644 0.06590223 0.8244444 0.07151699 0.8282449 0.06809985 0.8164269 0.07150959 0.8170976 0.06590223 0.8244444 0.06590223 0.8244444 0.07150959 0.8170976 0.07151114 0.8208584 0.06590223 0.8244444 0.07151114 0.8208584 0.07151699 0.8282449 0.3086423 0.7764011 0.3008348 0.7767695 0.292223 0.7690092 0.3072718 0.7684147 0.2914853 0.7612262 0.3056626 0.7606661 0.3056626 0.7606661 0.2914853 0.7612262 0.2906463 0.7537887 0.3056626 0.7606661 0.2906463 0.7537887 0.3038307 0.7532674 0.3038307 0.7532674 0.2906463 0.7537887 0.2897167 0.7468029 0.3038307 0.7532674 0.2897167 0.7468029 0.3017989 0.7463259 0.3294873 0.7711073 0.3214173 0.7674062 0.3295268 0.762638 0.3295268 0.762638 0.3214173 0.7674062 0.3189892 0.7597159 0.3295268 0.762638 0.3189892 0.7597159 0.3295632 0.7564759 0.3295632 0.7564759 0.3189892 0.7597159 0.3162243 0.7523837 0.3295632 0.7564759 0.3162243 0.7523837 0.3274317 0.7511694 0.06945824 0.8662678 0.05831146 0.8737669 0.05516821 0.8682551 0.06945824 0.8662678 0.05516821 0.8682551 0.06538379 0.8613801 0.3251767 0.7834125 0.3162121 0.7759246 0.3234844 0.7753436 0.3234844 0.7753436 0.3162121 0.7759246 0.3072718 0.7684147 0.3234844 0.7753436 0.3072718 0.7684147 0.3214173 0.7674062 0.3214173 0.7674062 0.3072718 0.7684147 0.3056626 0.7606661 0.3214173 0.7674062 0.3056626 0.7606661 0.3189892 0.7597159 0.3189892 0.7597159 0.3056626 0.7606661 0.3038307 0.7532674 0.3189892 0.7597159 0.3038307 0.7532674 0.3162243 0.7523837 0.3162243 0.7523837 0.3038307 0.7532674 0.3017989 0.7463259 0.3162243 0.7523837 0.3017989 0.7463259 0.3131568 0.7455154 0.02039837 0.8318538 0.02465778 0.831582 0.02588891 0.8393403 0.02588891 0.8393403 0.02465778 0.831582 0.02879869 0.8305657 0.02588891 0.8393403 0.02879869 0.8305657 0.03141081 0.8379877 0.03141081 0.8379877 0.02879869 0.8305657 0.03268772 0.8288385 0.03141081 0.8379877 0.03268772 0.8288385 0.03659558 0.8356902 0.03659558 0.8356902 0.03268772 0.8288385 0.03620135 0.8264599 0.03659558 0.8356902 0.03620135 0.8264599 0.04127818 0.8325269 0.04127818 0.8325269 0.03620135 0.8264599 0.03923112 0.8235087 0.04127818 0.8325269 0.03923112 0.8235087 0.04531437 0.8286036 0.04531437 0.8286036 0.03923112 0.8235087 0.04168504 0.8200799 0.04531437 0.8286036 0.04168504 0.8200799 0.04858207 0.8240474 0.04858207 0.8240474 0.04168504 0.8200799 0.04349046 0.8162837 0.04858207 0.8240474 0.04349046 0.8162837 0.05098533 0.8190049 0.05098533 0.8190049 0.04349046 0.8162837 0.04459547 0.8122347 0.05098533 0.8190049 0.04459547 0.8122347 0.05245602 0.8136276 0.05245602 0.8136276 0.04459547 0.8122347 0.04317796 0.8080561 0.05245602 0.8136276 0.04317796 0.8080561 0.05874234 0.8081085 0.01137751 0.8543716 0.003226518 0.851944 0.00614643 0.8447312 0.003226518 0.851944 0.01137751 0.8543716 0.00985074 0.8617854 0.00985074 0.8617854 0.01137751 0.8543716 0.01967751 0.8628991 0.00985074 0.8617854 0.01967751 0.8628991 0.01952308 0.8701518 0.01952308 0.8701518 0.01967751 0.8628991 0.03070223 0.8694427 0.01952308 0.8701518 0.03070223 0.8694427 0.0317921 0.876194 0.0317921 0.876194 0.03070223 0.8694427 0.0415669 0.8667904 0.0317921 0.876194 0.0415669 0.8667904 0.04385066 0.873251 0.04385066 0.873251 0.0415669 0.8667904 0.05176436 0.8622867 0.04385066 0.873251 0.05176436 0.8622867 0.05516821 0.8682551 0.05516821 0.8682551 0.05176436 0.8622867 0.06096947 0.8560892 0.05516821 0.8682551 0.06096947 0.8560892 0.06538379 0.8613801 0.06538379 0.8613801 0.06096947 0.8560892 0.07157289 0.8541925 0.06538379 0.8613801 0.07157289 0.8541925 0.07160538 0.8624202 0.01514166 0.8141614 0.002017319 0.8225885 0.01354235 0.8119906 0.01354235 0.8119906 0.002017319 0.8225885 1.60566e-6 0.8191816 0.01354235 0.8119906 1.60566e-6 0.8191816 1.72917e-6 0.8186997 0.004892647 0.8256839 0.008280336 0.8282323 0.004050195 0.8348841 0.004050195 0.8348841 0.008280336 0.8282323 0.009109437 0.8374339 0.004050195 0.8348841 0.009109437 0.8374339 0.00614643 0.8447312 0.00614643 0.8447312 0.009109437 0.8374339 0.01295274 0.8467599 0.00614643 0.8447312 0.01295274 0.8467599 0.01137751 0.8543716 0.01137751 0.8543716 0.01295274 0.8467599 0.01984494 0.855332 0.01137751 0.8543716 0.01984494 0.855332 0.01967751 0.8628991 0.01967751 0.8628991 0.01984494 0.855332 0.02954965 0.8622726 0.01967751 0.8628991 0.02954965 0.8622726 0.03070223 0.8694427 0.03070223 0.8694427 0.02954965 0.8622726 0.03914433 0.859929 0.03070223 0.8694427 0.03914433 0.859929 0.0415669 0.8667904 0.0415669 0.8667904 0.03914433 0.859929 0.0481503 0.8559499 0.0415669 0.8667904 0.0481503 0.8559499 0.05176436 0.8622867 0.05176436 0.8622867 0.0481503 0.8559499 0.05628037 0.8504731 0.05176436 0.8622867 0.05628037 0.8504731 0.06096947 0.8560892 0.06096947 0.8560892 0.05628037 0.8504731 0.06328463 0.8436844 0.06096947 0.8560892 0.06328463 0.8436844 0.06889909 0.8484075 0.06889909 0.8484075 0.06328463 0.8436844 0.07153135 0.8381527 0.06889909 0.8484075 0.07153135 0.8381527 0.07155287 0.8476427 0.01207554 0.8301493 0.0161584 0.8313708 0.0145536 0.8390588 0.0145536 0.8390588 0.0161584 0.8313708 0.02020823 0.8397023 0.0145536 0.8390588 0.02020823 0.8397023 0.0200228 0.847563 0.0200228 0.847563 0.02020823 0.8397023 0.02712553 0.8471112 0.0200228 0.847563 0.02712553 0.8471112 0.02835148 0.8547919 0.02835148 0.8547919 0.02712553 0.8471112 0.03402924 0.8454223 0.02835148 0.8547919 0.03402924 0.8454223 0.03661936 0.8527711 0.03661936 0.8527711 0.03402924 0.8454223 0.04051041 0.8425541 0.03661936 0.8527711 0.04051041 0.8425541 0.0443803 0.8493393 0.0443803 0.8493393 0.04051041 0.8425541 0.04636257 0.8386055 0.0443803 0.8493393 0.04636257 0.8386055 0.05138719 0.8446162 0.05138719 0.8446162 0.04636257 0.8386055 0.05140578 0.8337101 0.05138719 0.8446162 0.05140578 0.8337101 0.05742448 0.8387608 0.05742448 0.8387608 0.05140578 0.8337101 0.05548775 0.8280265 0.05742448 0.8387608 0.05548775 0.8280265 0.06231021 0.8319644 0.06231021 0.8319644 0.05548775 0.8280265 0.0584892 0.8217368 0.06231021 0.8319644 0.0584892 0.8217368 0.06590223 0.8244444 0.06590223 0.8244444 0.0584892 0.8217368 0.06032562 0.8150311 0.06590223 0.8244444 0.06032562 0.8150311 0.06809985 0.8164269 0.0161584 0.8313708 0.02039837 0.8318538 0.02020823 0.8397023 0.02020823 0.8397023 0.02039837 0.8318538 0.02588891 0.8393403 0.02020823 0.8397023 0.02588891 0.8393403 0.02712553 0.8471112 0.02712553 0.8471112 0.02588891 0.8393403 0.03141081 0.8379877 0.02712553 0.8471112 0.03141081 0.8379877 0.03402924 0.8454223 0.03402924 0.8454223 0.03141081 0.8379877 0.03659558 0.8356902 0.03402924 0.8454223 0.03659558 0.8356902 0.04051041 0.8425541 0.04051041 0.8425541 0.03659558 0.8356902 0.04127818 0.8325269 0.04051041 0.8425541 0.04127818 0.8325269 0.04636257 0.8386055 0.04636257 0.8386055 0.04127818 0.8325269 0.04531437 0.8286036 0.04636257 0.8386055 0.04531437 0.8286036 0.05140578 0.8337101 0.05140578 0.8337101 0.04531437 0.8286036 0.04858207 0.8240474 0.05140578 0.8337101 0.04858207 0.8240474 0.05548775 0.8280265 0.05548775 0.8280265 0.04858207 0.8240474 0.05098533 0.8190049 0.05548775 0.8280265 0.05098533 0.8190049 0.0584892 0.8217368 0.0584892 0.8217368 0.05098533 0.8190049 0.05245602 0.8136276 0.0584892 0.8217368 0.05245602 0.8136276 0.06032562 0.8150311 0.06032562 0.8150311 0.05245602 0.8136276 0.05874234 0.8081085 0.06032562 0.8150311 0.05874234 0.8081085 0.06809985 0.8164269 0.06809985 0.8164269 0.05874234 0.8081085 0.07150977 0.8081813 0.06809985 0.8164269 0.07150977 0.8081813 0.0715093 0.8103245 0.008280336 0.8282323 0.01207554 0.8301493 0.009109437 0.8374339 0.009109437 0.8374339 0.01207554 0.8301493 0.0145536 0.8390588 0.009109437 0.8374339 0.0145536 0.8390588 0.01295274 0.8467599 0.01295274 0.8467599 0.0145536 0.8390588 0.0200228 0.847563 0.01295274 0.8467599 0.0200228 0.847563 0.01984494 0.855332 0.01984494 0.855332 0.0200228 0.847563 0.02835148 0.8547919 0.01984494 0.855332 0.02835148 0.8547919 0.02954965 0.8622726 0.02954965 0.8622726 0.02835148 0.8547919 0.03661936 0.8527711 0.02954965 0.8622726 0.03661936 0.8527711 0.03914433 0.859929 0.03914433 0.859929 0.03661936 0.8527711 0.0443803 0.8493393 0.03914433 0.859929 0.0443803 0.8493393 0.0481503 0.8559499 0.0481503 0.8559499 0.0443803 0.8493393 0.05138719 0.8446162 0.0481503 0.8559499 0.05138719 0.8446162 0.05628037 0.8504731 0.05628037 0.8504731 0.05138719 0.8446162 0.05742448 0.8387608 0.05628037 0.8504731 0.05742448 0.8387608 0.06328463 0.8436844 0.06328463 0.8436844 0.05742448 0.8387608 0.06231021 0.8319644 0.06328463 0.8436844 0.06231021 0.8319644 0.06895232 0.8358052 0.06895232 0.8358052 0.06231021 0.8319644 0.07151699 0.8282449 0.06895232 0.8358052 0.07151699 0.8282449 0.07153135 0.8381527 0.2578831 0.7962793 0.2578972 0.7860512 0.259217 0.7931573 0.259217 0.7931573 0.2578972 0.7860512 0.2597769 0.7850214 0.259217 0.7931573 0.2597769 0.7850214 0.2677809 0.7933781 0.2677809 0.7933781 0.2597769 0.7850214 0.2681022 0.7852359 0.2677809 0.7933781 0.2681022 0.7852359 0.2764422 0.7934756 0.2764422 0.7934756 0.2681022 0.7852359 0.2765222 0.7853305 0.2764422 0.7934756 0.2765222 0.7853305 0.2851297 0.7934495 0.2851297 0.7934495 0.2765222 0.7853305 0.2849676 0.7853048 0.2851297 0.7934495 0.2849676 0.7853048 0.2937721 0.7932985 0.2937721 0.7932985 0.2849676 0.7853048 0.2933692 0.7851582 0.2937721 0.7932985 0.2933692 0.7851582 0.3022985 0.7930257 0.3022985 0.7930257 0.2933692 0.7851582 0.3016579 0.7848933 0.3022985 0.7930257 0.3016579 0.7848933 0.3106381 0.7926326 0.3106381 0.7926326 0.3016579 0.7848933 0.3097652 0.7845108 0.3106381 0.7926326 0.3097652 0.7845108 0.3187236 0.7921236 0.3187236 0.7921236 0.3097652 0.7845108 0.3176255 0.7840158 0.3187236 0.7921236 0.3176255 0.7840158 0.3264912 0.7915033 0.2767606 0.7691674 0.2766283 0.7771908 0.2685196 0.7770995 0.2766283 0.7771908 0.2767606 0.7691674 0.2847615 0.777166 0.2847615 0.777166 0.2767606 0.7691674 0.2845119 0.7691437 0.2847615 0.777166 0.2845119 0.7691437 0.2928525 0.7770248 6.28677e-5 0.8591476 3.9178e-4 0.8589695 9.6463e-5 0.8682163 9.6463e-5 0.8682163 3.9178e-4 0.8589695 0.008395433 0.8688909 9.6463e-5 0.8682163 0.008395433 0.8688909 0.007033824 0.8755815 0.007033824 0.8755815 0.008395433 0.8688909 0.01938438 0.8769807 0.2649637 0.746702 0.2773027 0.7469301 0.2636348 0.753678 0.2636348 0.753678 0.2773027 0.7469301 0.2770997 0.7539269 0.2636348 0.753678 0.2770997 0.7539269 0.2624392 0.7611073 0.2624392 0.7611073 0.2770997 0.7539269 0.2769182 0.7613751 0.2624392 0.7611073 0.2769182 0.7613751 0.2613915 0.7688831 0.3008348 0.7767695 0.2928525 0.7770248 0.292223 0.7690092 0.292223 0.7690092 0.2928525 0.7770248 0.2845119 0.7691437 0.292223 0.7690092 0.2845119 0.7691437 0.2769182 0.7613751 0.2769182 0.7613751 0.2845119 0.7691437 0.2767606 0.7691674 0.2769182 0.7613751 0.2767606 0.7691674 0.2613915 0.7688831 0.2613915 0.7688831 0.2767606 0.7691674 0.2685196 0.7770995 0.2613915 0.7688831 0.2685196 0.7770995 0.2605022 0.7768928 0.2578972 0.7860512 0.2579209 0.7762002 0.2597769 0.7850214 0.2597769 0.7850214 0.2579209 0.7762002 0.2605022 0.7768928 0.2597769 0.7850214 0.2605022 0.7768928 0.2681022 0.7852359 0.2681022 0.7852359 0.2605022 0.7768928 0.2685196 0.7770995 0.2681022 0.7852359 0.2685196 0.7770995 0.2765222 0.7853305 0.2765222 0.7853305 0.2685196 0.7770995 0.2766283 0.7771908 0.2765222 0.7853305 0.2766283 0.7771908 0.2849676 0.7853048 0.2849676 0.7853048 0.2766283 0.7771908 0.2847615 0.777166 0.2849676 0.7853048 0.2847615 0.777166 0.2933692 0.7851582 0.2933692 0.7851582 0.2847615 0.777166 0.2928525 0.7770248 0.2933692 0.7851582 0.2928525 0.7770248 0.3016579 0.7848933 0.3016579 0.7848933 0.2928525 0.7770248 0.3008348 0.7767695 0.3016579 0.7848933 0.3008348 0.7767695 0.3097652 0.7845108 0.3097652 0.7845108 0.3008348 0.7767695 0.3086423 0.7764011 0.3097652 0.7845108 0.3086423 0.7764011 0.3176255 0.7840158 0.02940165 0.8080396 0.04317796 0.8080561 0.02926927 0.8095427 0.02926927 0.8095427 0.04317796 0.8080561 0.04459547 0.8122347 0.02926927 0.8095427 0.04459547 0.8122347 0.0283693 0.8121299 0.0283693 0.8121299 0.04459547 0.8122347 0.04349046 0.8162837 0.0283693 0.8121299 0.04349046 0.8162837 0.02823907 0.8123623 0.02823907 0.8123623 0.04349046 0.8162837 0.04168504 0.8200799 0.02823907 0.8123623 0.04168504 0.8200799 0.02737313 0.8135902 0.02737313 0.8135902 0.04168504 0.8200799 0.03923112 0.8235087 0.02737313 0.8135902 0.03923112 0.8235087 0.02610021 0.8148103 0.02610021 0.8148103 0.03923112 0.8235087 0.03620135 0.8264599 0.02610021 0.8148103 0.03620135 0.8264599 0.02507483 0.8154912 0.02507483 0.8154912 0.03620135 0.8264599 0.03268772 0.8288385 0.02507483 0.8154912 0.03268772 0.8288385 0.02258455 0.8164094 0.02258455 0.8164094 0.03268772 0.8288385 0.02879869 0.8305657 0.02258455 0.8164094 0.02879869 0.8305657 0.02216255 0.8164808 0.02216255 0.8164808 0.02879869 0.8305657 0.02465778 0.831582 0.02216255 0.8164808 0.02465778 0.831582 0.02078247 0.8165614 0.02078247 0.8165614 0.02465778 0.831582 0.02039837 0.8318538 0.02078247 0.8165614 0.02039837 0.8318538 0.01815515 0.8160639 0.01815515 0.8160639 0.02039837 0.8318538 0.0161584 0.8313708 0.01815515 0.8160639 0.0161584 0.8313708 0.0178768 0.8159571 0.0178768 0.8159571 0.0161584 0.8313708 0.01207554 0.8301493 0.0178768 0.8159571 0.01207554 0.8301493 0.01654827 0.8152757 0.01654827 0.8152757 0.01207554 0.8301493 0.008280336 0.8282323 0.01654827 0.8152757 0.008280336 0.8282323 0.01514166 0.8141614 0.01514166 0.8141614 0.008280336 0.8282323 0.004892647 0.8256839 0.01514166 0.8141614 0.004892647 0.8256839 0.002017319 0.8225885 0.002017319 0.8225885 0.004892647 0.8256839 0 0.8246196 0.002017319 0.8225885 0 0.8246196 1.60566e-6 0.8191816 8.58409e-6 0.8385288 0.004050195 0.8348841 1.59331e-5 0.8415228 1.59331e-5 0.8415228 0.004050195 0.8348841 0.00614643 0.8447312 1.59331e-5 0.8415228 0.00614643 0.8447312 3.45834e-5 0.8490428 3.45834e-5 0.8490428 0.00614643 0.8447312 0.003226518 0.851944 3.45834e-5 0.8490428 0.003226518 0.851944 3.9178e-4 0.8589695 3.9178e-4 0.8589695 0.003226518 0.851944 0.00985074 0.8617854 3.9178e-4 0.8589695 0.00985074 0.8617854 0.008395433 0.8688909 0.008395433 0.8688909 0.00985074 0.8617854 0.01952308 0.8701518 0.008395433 0.8688909 0.01952308 0.8701518 0.01938438 0.8769807 0.01938438 0.8769807 0.01952308 0.8701518 0.0317921 0.876194 0.2773027 0.7469301 0.2897167 0.7468029 0.2770997 0.7539269 0.2770997 0.7539269 0.2897167 0.7468029 0.2906463 0.7537887 0.2770997 0.7539269 0.2906463 0.7537887 0.2769182 0.7613751 0.2769182 0.7613751 0.2906463 0.7537887 0.2914853 0.7612262 0.2769182 0.7613751 0.2914853 0.7612262 0.292223 0.7690092 0.292223 0.7690092 0.2914853 0.7612262 0.3072718 0.7684147 0.292223 0.7690092 0.3072718 0.7684147 0.3086423 0.7764011 0.3086423 0.7764011 0.3072718 0.7684147 0.3162121 0.7759246 0.3086423 0.7764011 0.3162121 0.7759246 0.3176255 0.7840158 0.3176255 0.7840158 0.3162121 0.7759246 0.3251767 0.7834125 0.3176255 0.7840158 0.3251767 0.7834125 0.3264912 0.7915033 0.3264912 0.7915033 0.3251767 0.7834125 0.3294255 0.7968724 0.3264912 0.7915033 0.3294255 0.7968724 0.3294217 0.8064769 0.2578849 0.8529977 0.2578789 0.8069044 0.266274 0.8530195 0.266274 0.8530195 0.2578789 0.8069044 0.2627382 0.8069428 0.266274 0.8530195 0.2627382 0.8069428 0.2765029 0.853036 0.2765029 0.853036 0.2627382 0.8069428 0.274338 0.8069903 0.2765029 0.853036 0.274338 0.8069903 0.287243 0.853035 0.287243 0.853035 0.274338 0.8069903 0.2861229 0.8069806 0.287243 0.853035 0.2861229 0.8069806 0.2980906 0.8530113 0.2980906 0.8530113 0.2861229 0.8069806 0.297664 0.8069219 0.2980906 0.8530113 0.297664 0.8069219 0.3086323 0.8529661 0.297664 0.8069219 0.3085863 0.8068234 0.3086323 0.8529661 0.3086323 0.8529661 0.3085863 0.8068234 0.3146492 0.8067457 0.3086323 0.8529661 0.3146492 0.8067457 0.3188186 0.8529021 0.3188186 0.8529021 0.3146492 0.8067457 0.3191637 0.8066768 0.3188186 0.8529021 0.3191637 0.8066768 0.3294278 0.8528167 0.3294278 0.8528167 0.3191637 0.8066768 0.3294217 0.8064769 0.8405207 0.7427389 0.8414213 0.7453169 0.8262866 0.7495343 0.8086041 0.7904041 0.8006732 0.7827411 0.8063498 0.7776783 0.8657028 0.7682461 0.8614945 0.7614839 0.8648807 0.7589495 0.8109879 0.7416335 0.8015807 0.750213 0.7981511 0.7420949 0.7981511 0.7420949 0.8015807 0.750213 0.7981466 0.7524771 0.8697644 0.7577192 0.8677546 0.7558699 0.8697688 0.7525841 0.8697308 0.7701796 0.8697061 0.7750168 0.8657028 0.7682461 0.2937818 0.8666133 0.2980906 0.8530113 0.3023082 0.8667944 0.3023082 0.8667944 0.2980906 0.8530113 0.3086323 0.8529661 0.3023082 0.8667944 0.3086323 0.8529661 0.3106479 0.8670545 0.3106479 0.8670545 0.3086323 0.8529661 0.3188186 0.8529021 0.3106479 0.8670545 0.3188186 0.8529021 0.3187335 0.8673908 0.3187335 0.8673908 0.3188186 0.8529021 0.3294278 0.8528167 0.3187335 0.8673908 0.3294278 0.8528167 0.3265013 0.8677999 0.3265013 0.8677999 0.3294278 0.8528167 0.3294292 0.8566182 0.3265013 0.8677999 0.3294292 0.8566182 0.3294368 0.8645371 0.2677905 0.8665565 0.266274 0.8530195 0.2765029 0.853036 0.2578863 0.8569239 0.2578849 0.8529977 0.2592266 0.8667002 0.2592266 0.8667002 0.2578849 0.8529977 0.266274 0.8530195 0.2578863 0.8569239 0.2592266 0.8667002 0.2578981 0.8679901 0.2578981 0.8679901 0.2592266 0.8667002 0.2597888 0.8747502 0.2578981 0.8679901 0.2597888 0.8747502 0.2579198 0.8782488 0.2597888 0.8747502 0.2605161 0.8827497 0.2579198 0.8782488 0.2579198 0.8782488 0.2605161 0.8827497 0.2614076 0.8905861 0.2579198 0.8782488 0.2614076 0.8905861 0.2579492 0.8874913 0.2579492 0.8874913 0.2614076 0.8905861 0.2624573 0.8981469 0.2579492 0.8874913 0.2624573 0.8981469 0.257986 0.896425 0.257986 0.896425 0.2624573 0.8981469 0.2636548 0.90532 0.257986 0.896425 0.2636548 0.90532 0.2580338 0.9047614 0.8692421 0.8162568 0.8636283 0.8169394 0.8624619 0.8103148 0.8692421 0.8162568 0.8624619 0.8103148 0.8693667 0.808803 0.8597801 0.7957819 0.8692367 0.7929896 0.8694946 0.7994449 0.8664547 0.785679 0.8696675 0.7806122 0.8695939 0.7901265 0.8677546 0.7558699 0.8697644 0.7577192 0.8648807 0.7589495 0.8562457 0.745198 0.8568159 0.7438105 0.8697723 0.747877 0.7977287 0.804547 0.7977909 0.8006139 0.7999628 0.8014218 0.7999628 0.8014218 0.7977909 0.8006139 0.7978077 0.7994621 0.7999628 0.8014218 0.7978077 0.7994621 0.7979159 0.7910267 0.7999628 0.8014218 0.8111095 0.8089076 0.7977287 0.804547 0.7977287 0.804547 0.8111095 0.8089076 0.8081817 0.8143759 0.7977287 0.804547 0.8081817 0.8143759 0.7976624 0.8082665 0.3295632 0.8990041 0.3190076 0.8990719 0.3214337 0.891568 0.3295632 0.8990041 0.3214337 0.891568 0.3295183 0.8910676 0.2767766 0.8904017 0.2685335 0.8826148 0.2766422 0.882556 0.2766422 0.882556 0.2685335 0.8826148 0.268114 0.8746104 0.2766422 0.882556 0.268114 0.8746104 0.2765339 0.8745493 0.2765339 0.8745493 0.268114 0.8746104 0.2677905 0.8665565 0.2765339 0.8745493 0.2677905 0.8665565 0.2764518 0.8664934 0.2764518 0.8664934 0.2677905 0.8665565 0.2765029 0.853036 0.2764518 0.8664934 0.2849793 0.8745677 0.2765339 0.8745493 0.2765339 0.8745493 0.2849793 0.8745677 0.2847753 0.8825736 0.2765339 0.8745493 0.2847753 0.8825736 0.2766422 0.882556 0.2766422 0.882556 0.2847753 0.8825736 0.2845279 0.8904187 0.2766422 0.882556 0.2845279 0.8904187 0.2767766 0.8904017 0.2767766 0.8904017 0.2845279 0.8904187 0.2769362 0.8979732 0.2849793 0.8745677 0.2928664 0.8826681 0.2847753 0.8825736 0.2847753 0.8825736 0.2928664 0.8826681 0.2922391 0.8905085 0.2847753 0.8825736 0.2922391 0.8905085 0.2845279 0.8904187 0.2845279 0.8904187 0.2922391 0.8905085 0.2915033 0.8980737 0.2845279 0.8904187 0.2915033 0.8980737 0.2769362 0.8979732 0.2769362 0.8979732 0.2915033 0.8980737 0.2906662 0.905252 0.2769362 0.8979732 0.2906662 0.905252 0.2771196 0.9051584 0.8501536 0.8184422 0.8366162 0.8175688 0.8377081 0.8108918 0.8501536 0.8184422 0.8377081 0.8108918 0.8501141 0.8116924 0.266274 0.8530195 0.2677905 0.8665565 0.2592266 0.8667002 0.2592266 0.8667002 0.2677905 0.8665565 0.268114 0.8746104 0.2592266 0.8667002 0.268114 0.8746104 0.2597888 0.8747502 0.2597888 0.8747502 0.268114 0.8746104 0.2685335 0.8826148 0.2597888 0.8747502 0.2685335 0.8826148 0.2605161 0.8827497 0.2605161 0.8827497 0.2685335 0.8826148 0.2767766 0.8904017 0.2605161 0.8827497 0.2767766 0.8904017 0.2614076 0.8905861 0.2614076 0.8905861 0.2767766 0.8904017 0.2769362 0.8979732 0.2614076 0.8905861 0.2769362 0.8979732 0.2624573 0.8981469 0.2624573 0.8981469 0.2769362 0.8979732 0.2771196 0.9051584 0.2624573 0.8981469 0.2771196 0.9051584 0.2636548 0.90532 0.8636283 0.8169394 0.8501536 0.8184422 0.8501141 0.8116924 0.8636283 0.8169394 0.8501141 0.8116924 0.8624619 0.8103148 0.8409806 0.7637809 0.8451207 0.7647991 0.8438693 0.7726569 0.8438693 0.7726569 0.8451207 0.7647991 0.8493794 0.7650755 0.8438693 0.7726569 0.8493794 0.7650755 0.8495494 0.7730247 0.8495494 0.7730247 0.8493794 0.7650755 0.8536189 0.7645996 0.8495494 0.7730247 0.8536189 0.7645996 0.8552028 0.7723914 0.8552028 0.7723914 0.8536189 0.7645996 0.8577007 0.7633885 0.8552028 0.7723914 0.8577007 0.7633885 0.8606452 0.7707799 0.8697644 0.7577192 0.8697609 0.7594511 0.8648807 0.7589495 0.8648807 0.7589495 0.8697609 0.7594511 0.8697451 0.764876 0.8648807 0.7589495 0.8697451 0.764876 0.8657028 0.7682461 0.8657028 0.7682461 0.8697451 0.764876 0.8697308 0.7701796 0.8697723 0.747877 0.8697693 0.7515574 0.8562457 0.745198 0.8562457 0.745198 0.8697693 0.7515574 0.8697688 0.7525841 0.8562457 0.745198 0.8697688 0.7525841 0.8546475 0.7473584 0.8546475 0.7473584 0.8697688 0.7525841 0.8677546 0.7558699 0.8546475 0.7473584 0.8677546 0.7558699 0.8544301 0.7475632 0.8544301 0.7475632 0.8677546 0.7558699 0.8648807 0.7589495 0.8544301 0.7475632 0.8648807 0.7589495 0.8532414 0.7484664 0.8532414 0.7484664 0.8648807 0.7589495 0.8614945 0.7614839 0.8532414 0.7484664 0.8614945 0.7614839 0.8516348 0.7492492 0.8063498 0.7776783 0.8006806 0.7698221 0.807375 0.7656972 0.8109879 0.7416335 0.8093971 0.7485846 0.8015807 0.750213 0.8015807 0.750213 0.8093971 0.7485846 0.8037807 0.7582014 0.8015807 0.750213 0.8037807 0.7582014 0.7981466 0.7524771 0.7981466 0.7524771 0.8037807 0.7582014 0.7981204 0.7626994 0.8143336 0.8029515 0.8041177 0.7960889 0.8086041 0.7904041 0.8256508 0.807944 0.8143336 0.8029515 0.8178092 0.7965907 0.8178092 0.7965907 0.8143336 0.8029515 0.8086041 0.7904041 0.8178092 0.7965907 0.8086041 0.7904041 0.8133549 0.7844504 0.8133549 0.7844504 0.8086041 0.7904041 0.8063498 0.7776783 0.8133549 0.7844504 0.8063498 0.7776783 0.8122621 0.7724737 0.8122621 0.7724737 0.8063498 0.7776783 0.807375 0.7656972 0.8122621 0.7724737 0.807375 0.7656972 0.8142388 0.7615351 0.8142388 0.7615351 0.807375 0.7656972 0.8112354 0.7552662 0.8142388 0.7615351 0.8112354 0.7552662 0.8187707 0.752366 0.8187707 0.752366 0.8112354 0.7552662 0.8172984 0.747008 0.8187707 0.752366 0.8172984 0.747008 0.8251805 0.7454999 0.8251805 0.7454999 0.8172984 0.747008 0.8265998 0.7413181 0.8251805 0.7454999 0.8265998 0.7413181 0.8403878 0.7412415 0.8693667 0.808803 0.8624619 0.8103148 0.8611729 0.8032277 0.8611729 0.8032277 0.8624619 0.8103148 0.8501141 0.8116924 0.8611729 0.8032277 0.8501141 0.8116924 0.8500474 0.8044694 0.8500474 0.8044694 0.8501141 0.8116924 0.8377081 0.8108918 0.8500474 0.8044694 0.8377081 0.8108918 0.8388701 0.8037479 0.8388701 0.8037479 0.8377081 0.8108918 0.8280064 0.8010908 0.8388701 0.8037479 0.8280064 0.8010908 0.830491 0.7938938 0.830491 0.7938938 0.8280064 0.8010908 0.8214855 0.7899173 0.830491 0.7938938 0.8214855 0.7899173 0.825307 0.7830296 0.825307 0.7830296 0.8214855 0.7899173 0.8182998 0.778315 0.825307 0.7830296 0.8182998 0.778315 0.8233658 0.7720859 0.8233658 0.7720859 0.8182998 0.778315 0.8183221 0.7672021 0.8233658 0.7720859 0.8183221 0.7672021 0.8244438 0.7619345 0.8244438 0.7619345 0.8183221 0.7672021 0.8211752 0.7573921 0.8244438 0.7619345 0.8211752 0.7573921 0.8280929 0.7533184 0.8280929 0.7533184 0.8305473 0.7567367 0.8244438 0.7619345 0.8244438 0.7619345 0.8305473 0.7567367 0.8284807 0.7658483 0.8244438 0.7619345 0.8284807 0.7658483 0.8233658 0.7720859 0.8233658 0.7720859 0.8284807 0.7658483 0.8292183 0.7760272 0.8233658 0.7720859 0.8292183 0.7760272 0.825307 0.7830296 0.825307 0.7830296 0.8292183 0.7760272 0.833068 0.7864587 0.825307 0.7830296 0.833068 0.7864587 0.830491 0.7938938 0.830491 0.7938938 0.833068 0.7864587 0.8400849 0.7962412 0.830491 0.7938938 0.8400849 0.7962412 0.8388701 0.8037479 0.8388701 0.8037479 0.8400849 0.7962412 0.8499555 0.7968787 0.8388701 0.8037479 0.8499555 0.7968787 0.8500474 0.8044694 0.8500474 0.8044694 0.8499555 0.7968787 0.8597801 0.7957819 0.8500474 0.8044694 0.8597801 0.7957819 0.8611729 0.8032277 0.8611729 0.8032277 0.8597801 0.7957819 0.8694946 0.7994449 0.8611729 0.8032277 0.8694946 0.7994449 0.8693667 0.808803 0.8335778 0.7596809 0.8370915 0.7620551 0.8331633 0.7690061 0.8331633 0.7690061 0.8370915 0.7620551 0.8383479 0.7713019 0.8331633 0.7690061 0.8383479 0.7713019 0.8356993 0.7788932 0.8356993 0.7788932 0.8383479 0.7713019 0.8426021 0.7805851 0.8356993 0.7788932 0.8426021 0.7805851 0.8413348 0.7884829 0.8413348 0.7884829 0.8426021 0.7805851 0.8497036 0.7810444 0.8413348 0.7884829 0.8497036 0.7810444 0.8498399 0.7890325 0.8498399 0.7890325 0.8497036 0.7810444 0.8567724 0.7802541 0.8498399 0.7890325 0.8567724 0.7802541 0.8583059 0.7880867 0.8583059 0.7880867 0.8567724 0.7802541 0.8635769 0.7782417 0.8583059 0.7880867 0.8635769 0.7782417 0.8664547 0.785679 0.8664547 0.785679 0.8635769 0.7782417 0.8697041 0.7752844 0.8664547 0.785679 0.8697041 0.7752844 0.8696675 0.7806122 0.8370915 0.7620551 0.8409806 0.7637809 0.8383479 0.7713019 0.8383479 0.7713019 0.8409806 0.7637809 0.8438693 0.7726569 0.8383479 0.7713019 0.8438693 0.7726569 0.8426021 0.7805851 0.8426021 0.7805851 0.8438693 0.7726569 0.8495494 0.7730247 0.8426021 0.7805851 0.8495494 0.7730247 0.8497036 0.7810444 0.8497036 0.7810444 0.8495494 0.7730247 0.8552028 0.7723914 0.8497036 0.7810444 0.8552028 0.7723914 0.8567724 0.7802541 0.8567724 0.7802541 0.8552028 0.7723914 0.8606452 0.7707799 0.8567724 0.7802541 0.8606452 0.7707799 0.8635769 0.7782417 0.8305473 0.7567367 0.8335778 0.7596809 0.8284807 0.7658483 0.8284807 0.7658483 0.8335778 0.7596809 0.8331633 0.7690061 0.8284807 0.7658483 0.8331633 0.7690061 0.8292183 0.7760272 0.8292183 0.7760272 0.8331633 0.7690061 0.8356993 0.7788932 0.8292183 0.7760272 0.8356993 0.7788932 0.833068 0.7864587 0.833068 0.7864587 0.8356993 0.7788932 0.8413348 0.7884829 0.833068 0.7864587 0.8413348 0.7884829 0.8400849 0.7962412 0.8400849 0.7962412 0.8413348 0.7884829 0.8498399 0.7890325 0.8400849 0.7962412 0.8498399 0.7890325 0.8499555 0.7968787 0.8499555 0.7968787 0.8498399 0.7890325 0.8583059 0.7880867 0.8499555 0.7968787 0.8583059 0.7880867 0.8597801 0.7957819 0.8597801 0.7957819 0.8583059 0.7880867 0.8664547 0.785679 0.8597801 0.7957819 0.8664547 0.785679 0.8692367 0.7929896 0.8692367 0.7929896 0.8664547 0.785679 0.8695939 0.7901265 0.8692367 0.7929896 0.8695939 0.7901265 0.8694946 0.7994449 0.3294368 0.8645371 0.329455 0.8738043 0.3265013 0.8677999 0.3265013 0.8677999 0.329455 0.8738043 0.3251889 0.8758193 0.3265013 0.8677999 0.3251889 0.8758193 0.3187335 0.8673908 0.3187335 0.8673908 0.3251889 0.8758193 0.3176375 0.8754218 0.3187335 0.8673908 0.3176375 0.8754218 0.3106479 0.8670545 0.3106479 0.8670545 0.3176375 0.8754218 0.3097771 0.8750948 0.3106479 0.8670545 0.3097771 0.8750948 0.3023082 0.8667944 0.3023082 0.8667944 0.3097771 0.8750948 0.3016698 0.8748419 0.3023082 0.8667944 0.3016698 0.8748419 0.2937818 0.8666133 0.329455 0.8738043 0.3294827 0.882807 0.3251889 0.8758193 0.3251889 0.8758193 0.3294827 0.882807 0.3234987 0.8837795 0.3251889 0.8758193 0.3234987 0.8837795 0.3176375 0.8754218 0.3176375 0.8754218 0.3234987 0.8837795 0.3162263 0.8833962 0.3176375 0.8754218 0.3162263 0.8833962 0.3097771 0.8750948 0.3097771 0.8750948 0.3162263 0.8833962 0.3086564 0.8830811 0.3097771 0.8750948 0.3086564 0.8830811 0.3016698 0.8748419 0.3072879 0.8909026 0.3214337 0.891568 0.3056807 0.898445 0.3056807 0.898445 0.3214337 0.891568 0.3190076 0.8990719 0.3056807 0.898445 0.3190076 0.8990719 0.3038508 0.9055966 0.3038508 0.9055966 0.3190076 0.8990719 0.3162446 0.9061805 0.8234587 0.8143534 0.8111095 0.8089076 0.8256508 0.807944 0.8256508 0.807944 0.8111095 0.8089076 0.8143336 0.8029515 0.8143336 0.8029515 0.8111095 0.8089076 0.7999628 0.8014218 0.8143336 0.8029515 0.7999628 0.8014218 0.8041177 0.7960889 0.8041177 0.7960889 0.7999628 0.8014218 0.7979159 0.7910267 0.8041177 0.7960889 0.7979159 0.7910267 0.8086041 0.7904041 0.8086041 0.7904041 0.7979159 0.7910267 0.7979747 0.7853704 0.8086041 0.7904041 0.7979747 0.7853704 0.8006732 0.7827411 0.8006732 0.7827411 0.7979747 0.7853704 0.7980043 0.7820571 0.8006732 0.7827411 0.7980043 0.7820571 0.8063498 0.7776783 0.8063498 0.7776783 0.7980043 0.7820571 0.798073 0.7725768 0.8063498 0.7776783 0.798073 0.7725768 0.8006806 0.7698221 0.8006806 0.7698221 0.798073 0.7725768 0.7981204 0.7626994 0.8006806 0.7698221 0.7981204 0.7626994 0.807375 0.7656972 0.807375 0.7656972 0.7981204 0.7626994 0.8037807 0.7582014 0.807375 0.7656972 0.8037807 0.7582014 0.8112354 0.7552662 0.8112354 0.7552662 0.8037807 0.7582014 0.8093971 0.7485846 0.8112354 0.7552662 0.8093971 0.7485846 0.8172984 0.747008 0.8172984 0.747008 0.8093971 0.7485846 0.8109879 0.7416335 0.8172984 0.747008 0.8109879 0.7416335 0.8265998 0.7413181 0.3294827 0.882807 0.3295183 0.8910676 0.3234987 0.8837795 0.3234987 0.8837795 0.3295183 0.8910676 0.3214337 0.891568 0.3234987 0.8837795 0.3214337 0.891568 0.3162263 0.8833962 0.3162263 0.8833962 0.3214337 0.891568 0.3072879 0.8909026 0.3162263 0.8833962 0.3072879 0.8909026 0.3086564 0.8830811 0.3086564 0.8830811 0.3072879 0.8909026 0.3008488 0.8828375 0.3086564 0.8830811 0.3008488 0.8828375 0.3016698 0.8748419 0.3016698 0.8748419 0.3008488 0.8828375 0.2933809 0.8746657 0.3016698 0.8748419 0.2933809 0.8746657 0.2937818 0.8666133 0.2937818 0.8666133 0.2933809 0.8746657 0.2851393 0.8665128 0.2937818 0.8666133 0.2851393 0.8665128 0.2980906 0.8530113 0.2980906 0.8530113 0.2851393 0.8665128 0.287243 0.853035 0.8211752 0.7573921 0.8262866 0.7495343 0.8280929 0.7533184 0.8280929 0.7533184 0.8262866 0.7495343 0.8414213 0.7453169 0.8280929 0.7533184 0.8414213 0.7453169 0.8305473 0.7567367 0.8305473 0.7567367 0.8414213 0.7453169 0.8424178 0.7467731 0.8305473 0.7567367 0.8424178 0.7467731 0.8335778 0.7596809 0.8335778 0.7596809 0.8424178 0.7467731 0.8436909 0.7479898 0.8335778 0.7596809 0.8436909 0.7479898 0.8370915 0.7620551 0.8370915 0.7620551 0.8436909 0.7479898 0.8447161 0.7486698 0.8370915 0.7620551 0.8447161 0.7486698 0.8409806 0.7637809 0.8409806 0.7637809 0.8447161 0.7486698 0.8472066 0.7495877 0.8409806 0.7637809 0.8472066 0.7495877 0.8451207 0.7647991 0.8451207 0.7647991 0.8472066 0.7495877 0.8476285 0.7496593 0.8451207 0.7647991 0.8476285 0.7496593 0.8493794 0.7650755 0.8493794 0.7650755 0.8476285 0.7496593 0.8490084 0.7497411 0.8493794 0.7650755 0.8490084 0.7497411 0.8536189 0.7645996 0.8536189 0.7645996 0.8490084 0.7497411 0.8516348 0.7492492 0.8536189 0.7645996 0.8516348 0.7492492 0.8577007 0.7633885 0.8577007 0.7633885 0.8516348 0.7492492 0.8614945 0.7614839 0.8577007 0.7633885 0.8614945 0.7614839 0.8606452 0.7707799 0.8606452 0.7707799 0.8614945 0.7614839 0.8657028 0.7682461 0.8606452 0.7707799 0.8657028 0.7682461 0.8635769 0.7782417 0.8635769 0.7782417 0.8657028 0.7682461 0.8697061 0.7750168 0.8635769 0.7782417 0.8697061 0.7750168 0.8697041 0.7752844 0.8403878 0.7412415 0.8405207 0.7427389 0.8251805 0.7454999 0.8251805 0.7454999 0.8405207 0.7427389 0.8262866 0.7495343 0.8251805 0.7454999 0.8262866 0.7495343 0.8187707 0.752366 0.8187707 0.752366 0.8262866 0.7495343 0.8211752 0.7573921 0.8187707 0.752366 0.8211752 0.7573921 0.8142388 0.7615351 0.8142388 0.7615351 0.8211752 0.7573921 0.8183221 0.7672021 0.8142388 0.7615351 0.8183221 0.7672021 0.8122621 0.7724737 0.8122621 0.7724737 0.8183221 0.7672021 0.8182998 0.778315 0.8122621 0.7724737 0.8182998 0.778315 0.8133549 0.7844504 0.8133549 0.7844504 0.8182998 0.778315 0.8214855 0.7899173 0.8133549 0.7844504 0.8214855 0.7899173 0.8178092 0.7965907 0.8178092 0.7965907 0.8214855 0.7899173 0.8280064 0.8010908 0.8178092 0.7965907 0.8280064 0.8010908 0.8256508 0.807944 0.8256508 0.807944 0.8280064 0.8010908 0.8377081 0.8108918 0.8256508 0.807944 0.8377081 0.8108918 0.8234587 0.8143534 0.8234587 0.8143534 0.8377081 0.8108918 0.8366162 0.8175688 0.3038508 0.9055966 0.2906662 0.905252 0.3056807 0.898445 0.3056807 0.898445 0.2906662 0.905252 0.2915033 0.8980737 0.3056807 0.898445 0.2915033 0.8980737 0.3072879 0.8909026 0.3072879 0.8909026 0.2915033 0.8980737 0.2922391 0.8905085 0.3072879 0.8909026 0.2922391 0.8905085 0.3008488 0.8828375 0.3008488 0.8828375 0.2922391 0.8905085 0.2928664 0.8826681 0.3008488 0.8828375 0.2928664 0.8826681 0.2933809 0.8746657 0.2933809 0.8746657 0.2928664 0.8826681 0.2849793 0.8745677 0.2933809 0.8746657 0.2849793 0.8745677 0.2851393 0.8665128 0.2851393 0.8665128 0.2849793 0.8745677 0.2764518 0.8664934 0.2851393 0.8665128 0.2764518 0.8664934 0.287243 0.853035 0.287243 0.853035 0.2764518 0.8664934 0.2765029 0.853036 0.8109054 0.6511474 0.7980681 0.6517276 0.7979204 0.5473875 0.8109879 0.7416335 0.7981511 0.7420949 0.7980681 0.6517276 0.7980681 0.6517276 0.8109054 0.6511474 0.8109879 0.7416335 0.8109879 0.7416335 0.8109054 0.6511474 0.8265169 0.650749 0.8109879 0.7416335 0.8265169 0.650749 0.8265998 0.7413181 0.8263691 0.5461757 0.8401566 0.5460498 0.8403047 0.6506495 0.8399876 0.4577155 0.8401566 0.5460498 0.8261997 0.4579232 0.8261997 0.4579232 0.8401566 0.5460498 0.8263691 0.5461757 0.8261997 0.4579232 0.8263691 0.5461757 0.8211021 0.4581155 0.8211021 0.4581155 0.8263691 0.5461757 0.8107572 0.5466703 0.8211021 0.4581155 0.8107572 0.5466703 0.8105887 0.4587168 0.8105887 0.4587168 0.8107572 0.5466703 0.8028584 0.4593474 0.7977529 0.4598602 0.8028584 0.4593474 0.7979204 0.5473875 0.7979204 0.5473875 0.8028584 0.4593474 0.8107572 0.5466703 0.7979204 0.5473875 0.8107572 0.5466703 0.8109054 0.6511474 0.8109054 0.6511474 0.8107572 0.5466703 0.8263691 0.5461757 0.8109054 0.6511474 0.8263691 0.5461757 0.8265169 0.650749 0.8265169 0.650749 0.8263691 0.5461757 0.8403047 0.6506495 0.8265169 0.650749 0.8403047 0.6506495 0.8265998 0.7413181 0.8265998 0.7413181 0.8403047 0.6506495 0.8403878 0.7412415 0.869254 0.4184284 0.8693879 0.4577481 0.8399876 0.4577155 0.869252 0.4178031 0.869254 0.4184284 0.858838 0.4176546 0.858838 0.4176546 0.869254 0.4184284 0.8399876 0.4577155 0.858838 0.4176546 0.8399876 0.4577155 0.8450906 0.4152962 0.8450906 0.4152962 0.8399876 0.4577155 0.8398379 0.4137026 0.2089583 0.8741688 0.214042 0.8755007 0.2137515 0.8860089 0.2137515 0.8860089 0.214042 0.8755007 0.2156605 0.8759225 0.2137515 0.8860089 0.2156605 0.8759225 0.2162257 0.8760697 0.2362416 0.8720073 0.2364698 0.8698551 0.2379105 0.882413 0.2149599 0.9275541 0.2162257 0.9400293 0.2111805 0.9298109 0.2149599 0.9275541 0.2111805 0.9298109 0.2146477 0.9246352 0.2146477 0.9246352 0.2111805 0.9298109 0.2075235 0.9186381 0.2146477 0.9246352 0.2075235 0.9186381 0.2138948 0.9164586 0.2138948 0.9164586 0.2075235 0.9186381 0.2067459 0.9152045 0.2138948 0.9164586 0.2067459 0.9152045 0.2129185 0.9050715 0.2129185 0.9050715 0.2067459 0.9152045 0.2051156 0.9000251 0.2129185 0.9050715 0.2051156 0.9000251 0.2126478 0.899675 0.2126478 0.899675 0.2051156 0.9000251 0.2137515 0.8860089 0.2137515 0.8860089 0.2051156 0.9000251 0.2063457 0.8847963 0.2137515 0.8860089 0.2063457 0.8847963 0.2089583 0.8741688 0.2367781 0.8603695 0.2379105 0.8597807 0.2365202 0.8623729 0.2365202 0.8623729 0.2379105 0.8597807 0.2364698 0.8698551 0.2365202 0.8623729 0.2364698 0.8698551 0.2354432 0.862933 0.2354432 0.862933 0.2364698 0.8698551 0.2362416 0.8720073 0.1245328 0.9115466 0.1235482 0.9114568 0.1243633 0.9041305 0.09840655 0.194404 0.09824401 0.1962423 0.09118252 0.1956755 0.05547964 0.1577254 0.0593416 0.1569101 0.05971854 0.1585311 0.05183553 0.1585388 0.05547964 0.1577254 0.0559045 0.1594998 0.8968308 0.2819381 0.8927589 0.2804473 0.8965828 0.27996 0.8965828 0.27996 0.8927589 0.2804473 0.8921107 0.2731772 0.8965828 0.27996 0.8921107 0.2731772 0.8958694 0.2727248 0.8958694 0.2727248 0.8921107 0.2731772 0.8917905 0.2661342 0.8958694 0.2727248 0.8917905 0.2661342 0.8954554 0.2656722 0.8954554 0.2656722 0.8917905 0.2661342 0.891757 0.2643734 0.8954554 0.2656722 0.891757 0.2643734 0.8953931 0.2638998 0.8953931 0.2638998 0.891757 0.2643734 0.8917925 0.2578197 0.8953931 0.2638998 0.8917925 0.2578197 0.8953141 0.2572781 0.05547964 0.1577254 0.05971854 0.1585311 0.0559045 0.1594998 0.0559045 0.1594998 0.05971854 0.1585311 0.06164932 0.1643763 0.0559045 0.1594998 0.06164932 0.1643763 0.05807638 0.1658807 0.05807638 0.1658807 0.06164932 0.1643763 0.06441402 0.1699225 0.05807638 0.1658807 0.06441402 0.1699225 0.06116759 0.1718987 0.06116759 0.1718987 0.06441402 0.1699225 0.06525886 0.1712911 0.06116759 0.1718987 0.06525886 0.1712911 0.06210875 0.173376 0.06210875 0.173376 0.06525886 0.1712911 0.06903487 0.1763054 0.06210875 0.173376 0.06903487 0.1763054 0.06629484 0.178765 0.06629484 0.178765 0.06903487 0.1763054 0.0735203 0.1807121 0.06629484 0.178765 0.0735203 0.1807121 0.07123535 0.1834687 0.07123535 0.1834687 0.0735203 0.1807121 0.07442146 0.1814517 0.07123535 0.1834687 0.07442146 0.1814517 0.07222443 0.184253 0.07222443 0.184253 0.07442146 0.1814517 0.07959318 0.1849674 0.07222443 0.184253 0.07959318 0.1849674 0.07788425 0.1879705 0.07788425 0.1879705 0.07959318 0.1849674 0.08522629 0.1876347 0.07788425 0.1879705 0.08522629 0.1876347 0.08402079 0.1907699 0.08402079 0.1907699 0.08522629 0.1876347 0.0865553 0.1881123 0.08402079 0.1907699 0.0865553 0.1881123 0.08546543 0.1912707 0.08546543 0.1912707 0.0865553 0.1881123 0.09246659 0.1896206 0.08546543 0.1912707 0.09246659 0.1896206 0.09188163 0.1928334 0.09188163 0.1928334 0.09246659 0.1896206 0.0985434 0.1901817 0.09188163 0.1928334 0.0985434 0.1901817 0.0984658 0.1933906 0.0984658 0.1933906 0.09840655 0.194404 0.09188163 0.1928334 0.09188163 0.1928334 0.09840655 0.194404 0.09118252 0.1956755 0.09188163 0.1928334 0.09118252 0.1956755 0.08546543 0.1912707 0.08546543 0.1912707 0.09118252 0.1956755 0.08429354 0.1940506 0.08546543 0.1912707 0.08429354 0.1940506 0.08402079 0.1907699 0.08402079 0.1907699 0.08429354 0.1940506 0.08274072 0.1935284 0.08402079 0.1907699 0.08274072 0.1935284 0.07788425 0.1879705 0.07788425 0.1879705 0.08274072 0.1935284 0.0761373 0.190599 0.07788425 0.1879705 0.0761373 0.190599 0.07222443 0.184253 0.07222443 0.184253 0.0761373 0.190599 0.07003235 0.1866951 0.07222443 0.184253 0.07003235 0.1866951 0.07123535 0.1834687 0.07123535 0.1834687 0.07003235 0.1866951 0.0689637 0.1858682 0.07123535 0.1834687 0.0689637 0.1858682 0.06629484 0.178765 0.06629484 0.178765 0.0689637 0.1858682 0.06361615 0.1809082 0.06629484 0.178765 0.06361615 0.1809082 0.06210875 0.173376 0.06210875 0.173376 0.06361615 0.1809082 0.05906987 0.1752008 0.06210875 0.173376 0.05906987 0.1752008 0.06116759 0.1718987 0.06116759 0.1718987 0.05906987 0.1752008 0.05804622 0.1736342 0.06116759 0.1718987 0.05804622 0.1736342 0.05807638 0.1658807 0.05807638 0.1658807 0.05804622 0.1736342 0.05467534 0.1672357 0.05807638 0.1658807 0.05467534 0.1672357 0.0559045 0.1594998 0.0559045 0.1594998 0.05467534 0.1672357 0.05230093 0.1604354 0.0559045 0.1594998 0.05230093 0.1604354 0.05183553 0.1585388 0.8900327 0.2829592 0.8898153 0.2810277 0.8929941 0.282439 0.1262753 0.9116922 0.1245328 0.9115466 0.1271063 0.9047318 0.1271063 0.9047318 0.1245328 0.9115466 0.1243633 0.9041305 0.1271063 0.9047318 0.1243633 0.9041305 0.1281675 0.8979086 0.1281675 0.8979086 0.1243633 0.9041305 0.1254009 0.8969521 0.1281675 0.8979086 0.1254009 0.8969521 0.1284412 0.8963658 0.1284412 0.8963658 0.1254009 0.8969521 0.1256681 0.8953297 0.1284412 0.8963658 0.1256681 0.8953297 0.1297494 0.889783 0.1297494 0.889783 0.1256681 0.8953297 0.1269432 0.8884124 0.1297494 0.889783 0.1269432 0.8884124 0.1311689 0.8836611 0.1311689 0.8836611 0.1269432 0.8884124 0.1283236 0.8819878 0.1311689 0.8836611 0.1283236 0.8819878 0.1314386 0.8825852 0.1314386 0.8825852 0.1283236 0.8819878 0.1285855 0.8808594 0.1314386 0.8825852 0.1285855 0.8808594 0.1328862 0.8771772 0.1328862 0.8771772 0.1285855 0.8808594 0.1299886 0.8751947 0.06361615 0.1809082 0.06152182 0.1823098 0.05906987 0.1752008 0.05906987 0.1752008 0.06152182 0.1823098 0.05676764 0.1763927 0.05906987 0.1752008 0.05676764 0.1763927 0.05804622 0.1736342 0.05804622 0.1736342 0.05676764 0.1763927 0.05569851 0.1747679 0.889013 0.2671747 0.8917905 0.2661342 0.8892452 0.2739847 0.8892452 0.2739847 0.8917905 0.2661342 0.8921107 0.2731772 0.8892452 0.2739847 0.8921107 0.2731772 0.8898153 0.2810277 0.8898153 0.2810277 0.8921107 0.2731772 0.8927589 0.2804473 0.8898153 0.2810277 0.8927589 0.2804473 0.8929941 0.282439 0.8929941 0.282439 0.8927589 0.2804473 0.8968308 0.2819381 0.1264191 0.8741688 0.1299886 0.8751947 0.1251513 0.8796932 0.1251513 0.8796932 0.1299886 0.8751947 0.1285855 0.8808594 0.1251513 0.8796932 0.1285855 0.8808594 0.1251128 0.8798703 0.1251128 0.8798703 0.1285855 0.8808594 0.1283236 0.8819878 0.1251128 0.8798703 0.1283236 0.8819878 0.1248677 0.8810103 0.1248677 0.8810103 0.1283236 0.8819878 0.1269432 0.8884124 0.1248677 0.8810103 0.1269432 0.8884124 0.1235719 0.8875291 0.1235719 0.8875291 0.1269432 0.8884124 0.1256681 0.8953297 0.1235719 0.8875291 0.1256681 0.8953297 0.1223674 0.8945876 0.1223674 0.8945876 0.1256681 0.8953297 0.1254009 0.8969521 0.1223674 0.8945876 0.1254009 0.8969521 0.122114 0.8962474 0.122114 0.8962474 0.1254009 0.8969521 0.1243633 0.9041305 0.122114 0.8962474 0.1243633 0.9041305 0.1211258 0.9036073 0.1211258 0.9036073 0.1243633 0.9041305 0.1235482 0.9114568 0.1211258 0.9036073 0.1235482 0.9114568 0.1203438 0.9111375 0.8968308 0.2819381 0.9053156 0.2803114 0.8982863 0.2944982 0.8982863 0.2944982 0.9053156 0.2803114 0.9056417 0.2930772 0.8982863 0.2944982 0.9056417 0.2930772 0.8996844 0.3069942 0.8996844 0.3069942 0.9056417 0.2930772 0.9056644 0.3058469 0.1193097 0.9330686 0.1203438 0.9111375 0.1235482 0.9114568 0.1193097 0.9330686 0.1235482 0.9114568 0.1235229 0.9329798 0.1198413 0.1978633 0.1198443 0.1945379 0.1412855 0.194404 0.1412855 0.194404 0.1414451 0.1962423 0.1198413 0.1978633 0.1235229 0.9329798 0.1268894 0.9541091 0.1251533 0.9543765 0.1235229 0.9329798 0.1251533 0.9543765 0.1193097 0.9330686 0.1193097 0.9330686 0.1251533 0.9543765 0.1241722 0.9545202 0.1193097 0.9330686 0.1241722 0.9545202 0.1209781 0.9549628 0.09840655 0.194404 0.1198443 0.1945379 0.09824401 0.1962423 0.09824401 0.1962423 0.1198443 0.1945379 0.1198413 0.1978633 0.1262753 0.9116922 0.1235229 0.9329798 0.1245328 0.9115466 0.1245328 0.9115466 0.1235229 0.9329798 0.1235482 0.9114568 0.0984658 0.1933906 0.0985434 0.1901817 0.1043692 0.1902457 0.1411501 0.1901817 0.1412272 0.1933906 0.1353228 0.1902457 0.1353228 0.1902457 0.1412272 0.1933906 0.1412855 0.194404 0.1353228 0.1902457 0.1412855 0.194404 0.1198453 0.1903156 0.1198453 0.1903156 0.1412855 0.194404 0.1198443 0.1945379 0.1198453 0.1903156 0.1198443 0.1945379 0.1043692 0.1902457 0.1043692 0.1902457 0.1198443 0.1945379 0.09840655 0.194404 0.1043692 0.1902457 0.09840655 0.194404 0.0984658 0.1933906 0.1412855 0.194404 0.1412272 0.1933906 0.1478133 0.1928334 0.1251533 0.9543765 0.1268894 0.9541091 0.1279215 0.9610177 0.812478 0.9360052 0.8163394 0.9364401 0.8160895 0.9384241 0.8094435 0.9356733 0.812478 0.9360052 0.8122398 0.9380048 0.812478 0.9360052 0.8160895 0.9384241 0.8122398 0.9380048 0.8122398 0.9380048 0.8160895 0.9384241 0.8153484 0.9457408 0.8122398 0.9380048 0.8153484 0.9457408 0.811563 0.9453583 0.811563 0.9453583 0.8153484 0.9457408 0.8148751 0.9529682 0.811563 0.9453583 0.8148751 0.9529682 0.8111836 0.9525644 0.8111836 0.9525644 0.8148751 0.9529682 0.8111292 0.9543794 0.8148751 0.9529682 0.8147941 0.9547794 0.8111292 0.9543794 0.8111292 0.9543794 0.8147941 0.9547794 0.8146162 0.9616612 0.8111292 0.9543794 0.8146162 0.9616612 0.811067 0.9611953 0.811067 0.9611953 0.8146162 0.9616612 0.8146261 0.9678578 0.811067 0.9611953 0.8146261 0.9678578 0.8111994 0.9674617 0.1266859 0.9856476 0.1266424 0.9854797 0.1300849 0.9843873 0.1300849 0.9843873 0.1266424 0.9854797 0.1263652 0.984395 0.1300849 0.9843873 0.1263652 0.984395 0.1297914 0.9833137 0.1297914 0.9833137 0.1263652 0.984395 0.1248841 0.9781432 0.1297914 0.9833137 0.1248841 0.9781432 0.1282283 0.9771507 0.1282283 0.9771507 0.1248841 0.9781432 0.1234785 0.9712929 0.1282283 0.9771507 0.1234785 0.9712929 0.126756 0.9704353 0.126756 0.9704353 0.1234785 0.9712929 0.1231771 0.9696714 0.126756 0.9704353 0.1231771 0.9696714 0.1264423 0.9688503 0.1264423 0.9688503 0.1231771 0.9696714 0.1219776 0.9624363 0.1264423 0.9688503 0.1219776 0.9624363 0.1251983 0.9617927 0.1251983 0.9617927 0.1219776 0.9624363 0.1209781 0.9549628 0.1251983 0.9617927 0.1209781 0.9549628 0.1241722 0.9545202 0.1241722 0.9545202 0.1251533 0.9543765 0.1251983 0.9617927 0.1251983 0.9617927 0.1251533 0.9543765 0.1279215 0.9610177 0.1251983 0.9617927 0.1279215 0.9610177 0.1264423 0.9688503 0.1264423 0.9688503 0.1279215 0.9610177 0.1291788 0.9677243 0.1264423 0.9688503 0.1291788 0.9677243 0.126756 0.9704353 0.126756 0.9704353 0.1291788 0.9677243 0.1294965 0.9692312 0.126756 0.9704353 0.1294965 0.9692312 0.1282283 0.9771507 0.1282283 0.9771507 0.1294965 0.9692312 0.1309925 0.975618 0.1282283 0.9771507 0.1309925 0.975618 0.1297914 0.9833137 0.1297914 0.9833137 0.1309925 0.975618 0.1325858 0.9814865 0.1297914 0.9833137 0.1325858 0.9814865 0.1300849 0.9843873 0.1300849 0.9843873 0.1325858 0.9814865 0.1328862 0.9825096 0.1725676 0.1874678 0.1707357 0.1858682 0.1781731 0.1823098 0.1781731 0.1823098 0.1707357 0.1858682 0.1760852 0.1809082 0.1781731 0.1823098 0.1760852 0.1809082 0.1829293 0.1763927 0.1829293 0.1763927 0.1760852 0.1809082 0.180633 0.1752008 0.8111292 0.9543794 0.8083072 0.9534535 0.8111836 0.9525644 0.8111836 0.9525644 0.8083072 0.9534535 0.8083369 0.9517005 0.8111836 0.9525644 0.8083369 0.9517005 0.811563 0.9453583 0.811563 0.9453583 0.8083369 0.9517005 0.8086264 0.9447333 0.811563 0.9453583 0.8086264 0.9447333 0.8122398 0.9380048 0.8122398 0.9380048 0.8086264 0.9447333 0.8092242 0.9376127 0.8122398 0.9380048 0.8092242 0.9376127 0.8094435 0.9356733 0.1878693 0.1585388 0.1874039 0.1604354 0.1842282 0.1577254 0.1414451 0.1962423 0.1412855 0.194404 0.148509 0.1956755 0.148509 0.1956755 0.1412855 0.194404 0.1478133 0.1928334 0.148509 0.1956755 0.1478133 0.1928334 0.1553999 0.1940506 0.1553999 0.1940506 0.1478133 0.1928334 0.154231 0.1912707 0.1553999 0.1940506 0.154231 0.1912707 0.1569532 0.1935284 0.1569532 0.1935284 0.154231 0.1912707 0.1556766 0.1907699 0.1569532 0.1935284 0.1556766 0.1907699 0.1635591 0.190599 0.1635591 0.190599 0.1556766 0.1907699 0.1618157 0.1879705 0.1635591 0.190599 0.1618157 0.1879705 0.1696666 0.1866951 0.1696666 0.1866951 0.1618157 0.1879705 0.1674774 0.184253 0.1696666 0.1866951 0.1674774 0.184253 0.1707357 0.1858682 0.1707357 0.1858682 0.1674774 0.184253 0.1684671 0.1834687 0.1707357 0.1858682 0.1684671 0.1834687 0.1760852 0.1809082 0.1760852 0.1809082 0.1684671 0.1834687 0.1734095 0.178765 0.1760852 0.1809082 0.1734095 0.178765 0.180633 0.1752008 0.180633 0.1752008 0.1734095 0.178765 0.1775975 0.173376 0.180633 0.1752008 0.1775975 0.173376 0.1816576 0.1736342 0.1816576 0.1736342 0.1775975 0.173376 0.1785387 0.1718987 0.1816576 0.1736342 0.1785387 0.1718987 0.185029 0.1672357 0.185029 0.1672357 0.1785387 0.1718987 0.181631 0.1658807 0.185029 0.1672357 0.181631 0.1658807 0.1874039 0.1604354 0.1874039 0.1604354 0.181631 0.1658807 0.1838033 0.1594998 0.1874039 0.1604354 0.1838033 0.1594998 0.1842282 0.1577254 0.1842282 0.1577254 0.1838033 0.1594998 0.1803647 0.1569101 0.1803647 0.1569101 0.1838033 0.1594998 0.1799882 0.1585311 0.1799882 0.1585311 0.1838033 0.1594998 0.181631 0.1658807 0.1799882 0.1585311 0.181631 0.1658807 0.1780575 0.1643763 0.1780575 0.1643763 0.181631 0.1658807 0.1785387 0.1718987 0.1780575 0.1643763 0.1785387 0.1718987 0.1752918 0.1699225 0.1752918 0.1699225 0.1785387 0.1718987 0.1775975 0.173376 0.1752918 0.1699225 0.1775975 0.173376 0.1744465 0.1712911 0.1744465 0.1712911 0.1775975 0.173376 0.1734095 0.178765 0.1744465 0.1712911 0.1734095 0.178765 0.1706695 0.1763054 0.1706695 0.1763054 0.1734095 0.178765 0.1684671 0.1834687 0.1706695 0.1763054 0.1684671 0.1834687 0.1661821 0.1807121 0.1661821 0.1807121 0.1684671 0.1834687 0.1674774 0.184253 0.1661821 0.1807121 0.1674774 0.184253 0.1652804 0.1814517 0.1652804 0.1814517 0.1674774 0.184253 0.1618157 0.1879705 0.1652804 0.1814517 0.1618157 0.1879705 0.1601063 0.1849674 0.1601063 0.1849674 0.1618157 0.1879705 0.1556766 0.1907699 0.1601063 0.1849674 0.1556766 0.1907699 0.1544711 0.1876347 0.1544711 0.1876347 0.1556766 0.1907699 0.154231 0.1912707 0.1544711 0.1876347 0.154231 0.1912707 0.1531416 0.1881123 0.1531416 0.1881123 0.154231 0.1912707 0.1478133 0.1928334 0.1531416 0.1881123 0.1478133 0.1928334 0.1472289 0.1896206 0.1472289 0.1896206 0.1478133 0.1928334 0.1412272 0.1933906 0.1472289 0.1896206 0.1412272 0.1933906 0.1411501 0.1901817 0.8192049 0.9113219 0.8251839 0.9124711 0.8178008 0.923847 0.8178008 0.923847 0.8251839 0.9124711 0.8251543 0.9252739 0.8178008 0.923847 0.8251543 0.9252739 0.8163394 0.9364401 0.8163394 0.9364401 0.8251543 0.9252739 0.8248223 0.9380708 0.07928007 0.8319916 0.07664686 0.8348128 0.07457941 0.8312616 0.07866382 0.8383056 0.08365964 0.8384526 0.07985353 0.8403182 0.07985353 0.8403182 0.08365964 0.8384526 0.08124071 0.8419901 0.07985353 0.8403182 0.08124071 0.8419901 0.08105409 0.8422459 0.09163081 0.8217548 0.08816719 0.8303658 0.08190792 0.8241173 0.08190792 0.8241173 0.08816719 0.8303658 0.08365964 0.8384526 0.08190792 0.8241173 0.08365964 0.8384526 0.07928007 0.8319916 0.07928007 0.8319916 0.08365964 0.8384526 0.07866382 0.8383056 0.07928007 0.8319916 0.07866382 0.8383056 0.07664686 0.8348128 0.2064228 0.08459943 0.2067261 0.07429122 0.212298 0.08322888 0.08904695 0.8079731 0.09277391 0.8180348 0.08348983 0.815979 0.08904695 0.8079731 0.08348983 0.815979 0.08400577 0.8079159 0.08400577 0.8079159 0.08348983 0.815979 0.08038443 0.8078799 0.08038443 0.8078799 0.08348983 0.815979 0.07151591 0.8124458 0.08038443 0.8078799 0.07151591 0.8124458 0.07151663 0.8078052 0.09277391 0.8180348 0.09163081 0.8217548 0.08348983 0.815979 0.08348983 0.815979 0.09163081 0.8217548 0.08190792 0.8241173 0.08348983 0.815979 0.08190792 0.8241173 0.07151591 0.8124458 0.07151591 0.8124458 0.08190792 0.8241173 0.07151961 0.8227987 0.07457941 0.8312616 0.07433116 0.8308851 0.07928007 0.8319916 0.07928007 0.8319916 0.07433116 0.8308851 0.0733177 0.8294762 0.07928007 0.8319916 0.0733177 0.8294762 0.08190792 0.8241173 0.08190792 0.8241173 0.0733177 0.8294762 0.07254052 0.8285822 0.08190792 0.8241173 0.07254052 0.8285822 0.07151961 0.8227987 0.07151961 0.8227987 0.07254052 0.8285822 0.07158923 0.8278198 0.07151961 0.8227987 0.07158923 0.8278198 0.0715242 0.8277848 0.8251444 0.8650419 0.8253272 0.8611767 0.8260139 0.8611631 0.8251444 0.8650419 0.8260139 0.8611631 0.8249833 0.8689108 0.8249201 0.8867279 0.8249833 0.8689108 0.8256444 0.8867143 0.8256444 0.8867143 0.8249833 0.8689108 0.8260139 0.8611631 0.8256444 0.8867143 0.8260139 0.8611631 0.8262422 0.8866754 0.8262422 0.8866754 0.8260139 0.8611631 0.8265732 0.8610972 0.2019848 0.1101059 0.2043671 0.08450043 0.2026453 0.1101602 0.2026453 0.1101602 0.2043671 0.08450043 0.2050523 0.08451592 0.2026453 0.1101602 0.2050523 0.08451592 0.203376 0.1102534 0.203376 0.1102534 0.2050523 0.08451592 0.205784 0.08455091 0.203376 0.1102534 0.205784 0.08455091 0.2040365 0.1103641 0.2040365 0.1103641 0.205784 0.08455091 0.2064228 0.08459943 0.8251839 0.9124711 0.8249201 0.8867279 0.8258717 0.9124634 0.8258717 0.9124634 0.8249201 0.8867279 0.8256444 0.8867143 0.8258717 0.9124634 0.8256444 0.8867143 0.8264467 0.9124576 0.8264467 0.9124576 0.8256444 0.8867143 0.8262422 0.8866754 0.1975191 0.1354163 0.2019848 0.1101059 0.1981267 0.1355094 0.1981267 0.1355094 0.2019848 0.1101059 0.2026453 0.1101602 0.1981267 0.1355094 0.2026453 0.1101602 0.1988105 0.1356492 0.1988105 0.1356492 0.2026453 0.1101602 0.203376 0.1102534 0.1988105 0.1356492 0.203376 0.1102534 0.1994513 0.1358084 0.1994513 0.1358084 0.203376 0.1102534 0.2040365 0.1103641 0.1988105 0.1356492 0.1960043 0.1481394 0.1981267 0.1355094 0.1981267 0.1355094 0.1960043 0.1481394 0.1953388 0.1480054 0.1981267 0.1355094 0.1953388 0.1480054 0.1975191 0.1354163 0.8251543 0.9252739 0.8251839 0.9124711 0.8258272 0.9252836 0.8258272 0.9252836 0.8251839 0.9124711 0.8258717 0.9124634 0.8258272 0.9252836 0.8258717 0.9124634 0.8263943 0.9252894 0.1938201 0.1607927 0.1960043 0.1481394 0.1966412 0.1482908 0.1966412 0.1482908 0.1960043 0.1481394 0.1988105 0.1356492 0.1966412 0.1482908 0.1988105 0.1356492 0.1994513 0.1358084 0.192542 0.160519 0.1953388 0.1480054 0.1930247 0.160616 0.1930247 0.160616 0.1953388 0.1480054 0.1960043 0.1481394 0.1930247 0.160616 0.1960043 0.1481394 0.1931892 0.160649 0.1931892 0.160649 0.1960043 0.1481394 0.1938201 0.1607927 0.192542 0.160519 0.1922446 0.1604626 0.1953388 0.1480054 0.1953388 0.1480054 0.1922446 0.1604626 0.1947544 0.1479084 0.1953388 0.1480054 0.1947544 0.1479084 0.1975191 0.1354163 0.8264467 0.9124576 0.8263943 0.9252894 0.8258717 0.9124634 0.8248223 0.9380708 0.8251543 0.9252739 0.8254804 0.9380941 0.8254804 0.9380941 0.8251543 0.9252739 0.8258272 0.9252836 0.8254804 0.9380941 0.8258272 0.9252836 0.8256325 0.9380999 0.8256325 0.9380999 0.8258272 0.9252836 0.8263943 0.9252894 0.8256325 0.9380999 0.8263943 0.9252894 0.8260386 0.9381135 0.1919808 0.160418 0.1947544 0.1479084 0.1922446 0.1604626 0.7107228 0.9823203 0.7105953 0.9840815 0.7076913 0.9850745 0.4624273 0.7050533 0.4511305 0.718355 0.4534505 0.7041448 0.4534505 0.7041448 0.4511305 0.718355 0.4512555 0.7039517 0.7076913 0.9850745 0.7074294 0.9834452 0.7107228 0.9823203 0.7107228 0.9823203 0.7074294 0.9834452 0.7003507 0.9743734 0.7107228 0.9823203 0.7003507 0.9743734 0.7108799 0.9794855 0.7108799 0.9794855 0.7003507 0.9743734 0.7016273 0.9720849 0.7108799 0.9794855 0.7016273 0.9720849 0.7108799 0.9728223 0.70838 0.9617476 0.7099679 0.9662373 0.7016273 0.9720849 0.7016273 0.9720849 0.7099679 0.9662373 0.710788 0.971478 0.7016273 0.9720849 0.710788 0.971478 0.7108799 0.9728223 0.4984944 0.5760651 0.5011262 0.5723883 0.4988807 0.5760651 0.4988807 0.5760651 0.5011262 0.5723883 0.4988807 0.6159079 0.06328773 0.4678937 0.07004433 0.468315 0.06999796 0.5077763 0.06328773 0.4678937 0.06999796 0.5077763 0.05370372 0.4711288 0.07168632 0.5066848 0.07166594 0.524018 0.06999796 0.5077763 0.06999796 0.5077763 0.07166594 0.524018 0.05394583 0.523043 0.06999796 0.5077763 0.05394583 0.523043 0.05370372 0.4711288 0.05370372 0.4711288 0.05394583 0.523043 0.0433349 0.5227236 0.05370372 0.4711288 0.0433349 0.5227236 0.04344522 0.4742984 0.04344522 0.4742984 0.0433349 0.5227236 0.03513854 0.5225994 0.04344522 0.4742984 0.03513854 0.5225994 0.03259247 0.4777525 0.03259247 0.4777525 0.03513854 0.5225994 0.02955871 0.5225741 0.03259247 0.4777525 0.02955871 0.5225741 0.02961021 0.4787542 0.86527 0.3594453 0.8653708 0.3596861 0.8623195 0.3529707 0.8620617 0.3241258 0.8653708 0.3252077 0.8618186 0.3248435 0.8618186 0.3248435 0.8653708 0.3252077 0.8640151 0.3292087 0.8618186 0.3248435 0.8640151 0.3292087 0.8611704 0.3269391 0.8611704 0.3269391 0.8640151 0.3292087 0.8638225 0.3297915 0.8611704 0.3269391 0.8638225 0.3297915 0.859871 0.333754 0.859871 0.333754 0.8638225 0.3297915 0.8622494 0.33661 0.859871 0.333754 0.8622494 0.33661 0.8597258 0.3355271 0.8597258 0.3355271 0.8622494 0.33661 0.8598859 0.3425168 0.8598859 0.3425168 0.8622494 0.33661 0.8618512 0.3437768 0.8598859 0.3425168 0.8618512 0.3437768 0.861205 0.3494724 0.8618512 0.3437768 0.8622781 0.3486474 0.861205 0.3494724 0.861205 0.3494724 0.8622781 0.3486474 0.8626723 0.350932 0.861205 0.3494724 0.8626723 0.350932 0.8623195 0.3529707 0.8623195 0.3529707 0.8626723 0.350932 0.8646722 0.3579269 0.8623195 0.3529707 0.8646722 0.3579269 0.86527 0.3594453 0.4624273 0.7050533 0.4534505 0.7041448 0.4575516 0.6961798 0.70838 0.9617476 0.7016273 0.9720849 0.7077466 0.9602509 0.9105273 0.001585483 0.919522 0 0.9237604 0.007586002 0.9105273 0.001585483 0.9237604 0.007586002 0.9113499 0.00658673 0.7555587 0.889807 0.7555587 0.8993894 0.7550202 0.8914774 0.9114023 0.008725523 0.9141507 0.01599657 0.9108198 0.01456201 0.9108198 0.01456201 0.9141507 0.01599657 0.9092299 0.02067071 0.9092299 0.02067071 0.9141507 0.01599657 0.9156877 0.02532249 0.9092299 0.02067071 0.9156877 0.02532249 0.9087097 0.02213686 0.9145256 0.03497356 0.9019561 0.03476101 0.905825 0.0285198 0.4605989 0.6872916 0.4496948 0.6817589 0.4624752 0.6778191 0.4624752 0.6778191 0.4496948 0.6817589 0.4497086 0.6746723 0.4624752 0.6778191 0.4497086 0.6746723 0.4497135 0.6676818 0.4534505 0.7041448 0.4512555 0.7039517 0.4575516 0.6961798 0.4575516 0.6961798 0.4512555 0.7039517 0.4512702 0.7021133 0.4575516 0.6961798 0.4512702 0.7021133 0.4513093 0.6962244 0.4496335 0.696568 0.449635 0.6963535 0.4513093 0.6962244 0.4513093 0.6962244 0.449635 0.6963535 0.4496424 0.6949956 0.4513093 0.6962244 0.4496424 0.6949956 0.4575516 0.6961798 0.4575516 0.6961798 0.4496424 0.6949956 0.4496725 0.6885787 0.4575516 0.6961798 0.4496725 0.6885787 0.4605989 0.6872916 0.4605989 0.6872916 0.4496725 0.6885787 0.4496804 0.6864287 0.4605989 0.6872916 0.4496804 0.6864287 0.4496948 0.6817589 0.905825 0.0285198 0.9087097 0.02213686 0.9145256 0.03497356 0.9145256 0.03497356 0.9087097 0.02213686 0.9156877 0.02532249 0.9145256 0.03497356 0.9156877 0.02532249 0.9160908 0.03500026 0.9160908 0.03500026 0.9156877 0.02532249 0.9291954 0.03522056 0.4631087 0.6681283 0.4702461 0.6688262 0.4745889 0.6790751 0.9343647 0.03530746 0.9291954 0.03522056 0.928692 0.02554136 0.928692 0.02554136 0.9291954 0.03522056 0.9156877 0.02532249 0.928692 0.02554136 0.9156877 0.02532249 0.9268566 0.01621061 0.9268566 0.01621061 0.9156877 0.02532249 0.9141507 0.01599657 0.9268566 0.01621061 0.9141507 0.01599657 0.9237604 0.007586002 0.9237604 0.007586002 0.9141507 0.01599657 0.9115387 0.007380247 0.9237604 0.007586002 0.9115387 0.007380247 0.9113499 0.00658673 0.9113499 0.00658673 0.9115387 0.007380247 0.9114023 0.008725523 0.4642277 0.705262 0.4624273 0.7050533 0.468936 0.69736 0.468936 0.69736 0.4624273 0.7050533 0.4575516 0.6961798 0.468936 0.69736 0.4575516 0.6961798 0.4724343 0.6885175 0.4724343 0.6885175 0.4575516 0.6961798 0.4605989 0.6872916 0.4724343 0.6885175 0.4605989 0.6872916 0.4745889 0.6790751 0.4745889 0.6790751 0.4605989 0.6872916 0.4624752 0.6778191 0.4745889 0.6790751 0.4624752 0.6778191 0.4631087 0.6681283 0.4631087 0.6681283 0.4624752 0.6778191 0.4497135 0.6676818 0.4631087 0.6681283 0.4497135 0.6676818 0.4497135 0.6670722 0.1781963 0.1878172 0.1834747 0.1821545 0.1900461 0.2672989 0.1883683 0.1749252 0.1916335 0.1679909 0.194703 0.1670824 0.1994513 0.1358084 0.2040365 0.1103641 0.2081317 0.1647781 0.06999796 0.5077763 0.07003456 0.4643557 0.07168632 0.5066848 0.07168632 0.5066848 0.07003456 0.4643557 0.07172238 0.4640043 0.07172238 0.4640043 0.07445687 0.4635248 0.07168632 0.5066848 0.07168632 0.5066848 0.07445687 0.4635248 0.08101576 0.4629759 0.07168632 0.5066848 0.08101576 0.4629759 0.07923519 0.5277598 0.07911276 0.7279915 0.07154732 0.7278372 0.07160049 0.6275328 0.2081317 0.1647781 0.2040365 0.1103641 0.2199909 0.1624194 0.07151663 0.8078052 0.07154732 0.7278372 0.08038443 0.8078799 0.08038443 0.8078799 0.07154732 0.7278372 0.07911276 0.7279915 0.08038443 0.8078799 0.07911276 0.7279915 0.08400577 0.8079159 0.08400577 0.8079159 0.07911276 0.7279915 0.09138238 0.7283215 0.08400577 0.8079159 0.09138238 0.7283215 0.08904695 0.8079731 0.212298 0.08322888 0.2199909 0.1624194 0.2040365 0.1103641 0.4998738 0.8652243 0.4998738 0.892144 0.4943414 0.8674762 0.1916335 0.1679909 0.1923202 0.1660982 0.194703 0.1670824 0.194703 0.1670824 0.1923202 0.1660982 0.1938201 0.1607927 0.194703 0.1670824 0.1938201 0.1607927 0.2081317 0.1647781 0.2081317 0.1647781 0.1938201 0.1607927 0.1966412 0.1482908 0.2081317 0.1647781 0.1966412 0.1482908 0.1994513 0.1358084 0.1900461 0.2672989 0.1834747 0.1821545 0.2046906 0.2654742 0.2046906 0.2654742 0.1834747 0.1821545 0.1840735 0.1813954 0.2046906 0.2654742 0.1840735 0.1813954 0.1883683 0.1749252 0.1746451 0.2689238 0.1639395 0.2698925 0.1570773 0.1997716 0.1570773 0.1997716 0.1640512 0.1972072 0.1746451 0.2689238 0.1746451 0.2689238 0.1640512 0.1972072 0.1706038 0.1936721 0.1746451 0.2689238 0.1706038 0.1936721 0.1900461 0.2672989 0.1900461 0.2672989 0.1706038 0.1936721 0.1721719 0.1926354 0.1900461 0.2672989 0.1721719 0.1926354 0.1781963 0.1878172 0.1639395 0.2698925 0.182039 0.3667895 0.1713137 0.3674942 0.1713137 0.3674942 0.182039 0.3667895 0.1817599 0.4446056 0.1713137 0.3674942 0.1817599 0.4446056 0.1753802 0.445186 0.2040706 0.4342411 0.2027204 0.4351788 0.1974686 0.3655432 0.1974686 0.3655432 0.2027204 0.4351788 0.19516 0.4397718 0.1974686 0.3655432 0.19516 0.4397718 0.182039 0.3667895 0.182039 0.3667895 0.19516 0.4397718 0.1878456 0.4429866 0.182039 0.3667895 0.1878456 0.4429866 0.1817599 0.4446056 0.2247905 0.4244726 0.2185428 0.4264566 0.2121404 0.3640775 0.2121404 0.3640775 0.2185428 0.4264566 0.2170409 0.4270564 0.2121404 0.3640775 0.2170409 0.4270564 0.1974686 0.3655432 0.1974686 0.3655432 0.2170409 0.4270564 0.2104918 0.430211 0.1974686 0.3655432 0.2104918 0.430211 0.2040706 0.4342411 0.2247905 0.4244726 0.2121404 0.3640775 0.2307443 0.423401 0.2307443 0.423401 0.2121404 0.3640775 0.225628 0.3624333 0.2307443 0.423401 0.225628 0.3624333 0.2329216 0.4232419 0.2329216 0.4232419 0.225628 0.3624333 0.2375389 0.3606609 0.2329216 0.4232419 0.2375389 0.3606609 0.2380009 0.4235 0.08101576 0.4629759 0.08237093 0.4629988 0.07923519 0.5277598 0.07923519 0.5277598 0.08237093 0.4629988 0.08781248 0.4637219 0.07923519 0.5277598 0.08781248 0.4637219 0.09150463 0.5285834 0.09150463 0.5285834 0.08781248 0.4637219 0.09277385 0.4655161 0.2375389 0.3606609 0.2397701 0.4238514 0.2380009 0.4235 0.1883683 0.1749252 0.194703 0.1670824 0.2046906 0.2654742 0.2046906 0.2654742 0.194703 0.1670824 0.2081317 0.1647781 0.2046906 0.2654742 0.2081317 0.1647781 0.218153 0.263498 0.218153 0.263498 0.2081317 0.1647781 0.2199909 0.1624194 0.218153 0.263498 0.2199909 0.1624194 0.2300418 0.2614324 0.09143537 0.6283787 0.09138238 0.7283215 0.07911276 0.7279915 0.09143537 0.6283787 0.07911276 0.7279915 0.07916587 0.6278016 0.07916587 0.6278016 0.07911276 0.7279915 0.07160049 0.6275328 0.07916587 0.6278016 0.07160049 0.6275328 0.07166999 0.5273764 0.1639395 0.2698925 0.1746451 0.2689238 0.182039 0.3667895 0.182039 0.3667895 0.1746451 0.2689238 0.1900461 0.2672989 0.182039 0.3667895 0.1900461 0.2672989 0.1974686 0.3655432 0.1974686 0.3655432 0.1900461 0.2672989 0.2046906 0.2654742 0.1974686 0.3655432 0.2046906 0.2654742 0.2121404 0.3640775 0.2121404 0.3640775 0.2046906 0.2654742 0.218153 0.263498 0.2121404 0.3640775 0.218153 0.263498 0.225628 0.3624333 0.225628 0.3624333 0.218153 0.263498 0.2300418 0.2614324 0.225628 0.3624333 0.2300418 0.2614324 0.2375389 0.3606609 0.09150463 0.5285834 0.09143537 0.6283787 0.07916587 0.6278016 0.09150463 0.5285834 0.07916587 0.6278016 0.07923519 0.5277598 0.07923519 0.5277598 0.07916587 0.6278016 0.07166999 0.5273764 0.07923519 0.5277598 0.07166999 0.5273764 0.07168632 0.5066848 0.8659034 0.3051719 0.8626239 0.3063366 0.864443 0.3012063 0.864443 0.3012063 0.8626239 0.3063366 0.8622534 0.305331 0.864443 0.3012063 0.8622534 0.305331 0.8642355 0.3006283 0.8642355 0.3006283 0.8622534 0.305331 0.8604096 0.2986011 0.8642355 0.3006283 0.8604096 0.2986011 0.8624855 0.2938517 0.8624855 0.2938517 0.8604096 0.2986011 0.8597258 0.2911645 0.8624855 0.2938517 0.8597258 0.2911645 0.8618996 0.2866972 0.8618996 0.2866972 0.8597258 0.2911645 0.8603127 0.2840391 0.8659034 0.268553 0.8649083 0.2709476 0.8650507 0.2701104 0.8650507 0.2701104 0.8649083 0.2709476 0.8643501 0.2724807 0.8650507 0.2701104 0.8643501 0.2724807 0.8620893 0.2769957 0.8620893 0.2769957 0.8643501 0.2724807 0.862534 0.2795237 0.8620893 0.2769957 0.862534 0.2795237 0.8603127 0.2840391 0.8603127 0.2840391 0.862534 0.2795237 0.8622 0.2818173 0.8603127 0.2840391 0.8622 0.2818173 0.8618996 0.2866972 0.1649583 0.9812128 0.1615701 0.9743824 0.1693504 0.981297 0.1693504 0.981297 0.1615701 0.9743824 0.1548461 0.9556546 0.1693504 0.981297 0.1548461 0.9556546 0.1513621 0.936123 0.1639643 0.8741688 0.1693504 0.8742719 0.1576247 0.8926687 0.1576247 0.8926687 0.1693504 0.8742719 0.1693504 0.981297 0.1576247 0.8926687 0.1693504 0.981297 0.1539371 0.9182523 0.1539371 0.9182523 0.1693504 0.981297 0.1513621 0.936123 0.1539371 0.9182523 0.1513621 0.936123 0.1509955 0.9199356 0.9064346 0.1693425 0.9064213 0.1670421 0.9298599 0.1674444 0.9255493 0.1594648 0.9285947 0.1633086 0.9163497 0.1615274 0.9163497 0.1615274 0.9285947 0.1633086 0.9298599 0.1674444 0.9163497 0.1615274 0.9298599 0.1674444 0.9072197 0.1640977 0.9072197 0.1640977 0.9298599 0.1674444 0.9064213 0.1670421 0.9064346 0.1693425 0.9298599 0.1674444 0.9069667 0.1715527 0.9069667 0.1715527 0.9298599 0.1674444 0.9292359 0.1716808 0.9069667 0.1715527 0.9292359 0.1716808 0.9091089 0.1753619 0.9091089 0.1753619 0.9292359 0.1716808 0.9267247 0.1756638 0.9091089 0.1753619 0.9267247 0.1756638 0.9119754 0.1783413 0.9119754 0.1783413 0.9267247 0.1756638 0.9225816 0.1790732 0.2388101 0.9002018 0.2388101 0.9106405 0.2354432 0.9059732 0.9072197 0.1640977 0.9088737 0.07109832 0.9179 0.0739777 0.9270275 0.07635527 0.9255493 0.1594648 0.9179 0.0739777 0.9179 0.0739777 0.9255493 0.1594648 0.9163497 0.1615274 0.9179 0.0739777 0.9163497 0.1615274 0.9072197 0.1640977 0.9287785 0.06020724 0.9150562 0.05632036 0.9247594 0.05665618 0.08587992 0.9293928 0.08587992 0.93866 0.0828346 0.9339495 0.9081806 0.06812864 0.9082754 0.06583017 0.9316192 0.06853049 0.9316192 0.06853049 0.9082754 0.06583017 0.9088866 0.06363946 0.9316192 0.06853049 0.9088866 0.06363946 0.9311465 0.0642752 0.9311465 0.0642752 0.9088866 0.06363946 0.9111621 0.05990493 0.9311465 0.0642752 0.9111621 0.05990493 0.9287785 0.06020724 0.9287785 0.06020724 0.9111621 0.05990493 0.9140652 0.05707842 0.9287785 0.06020724 0.9140652 0.05707842 0.9150562 0.05632036 0.9088737 0.07109832 0.9081806 0.06812864 0.9179 0.0739777 0.9179 0.0739777 0.9081806 0.06812864 0.9316192 0.06853049 0.9179 0.0739777 0.9316192 0.06853049 0.9270275 0.07635527 0.9270275 0.07635527 0.9316192 0.06853049 0.9302077 0.07261979 0.7787612 0.9941868 0.7743508 0.9941907 0.7787612 0.9796864 0.7787612 0.9796864 0.7743508 0.9941907 0.7743508 0.8371816 0.7743508 0.8371816 0.7787612 0.8371777 0.7787612 0.8516786 0.7743508 0.8371816 0.7787612 0.8516786 0.7787612 0.9796864 0.7787612 0.9796864 0.7787612 0.8516786 0.7861442 0.8741154 0.7787612 0.9796864 0.7861442 0.8741154 0.7861442 0.9572375 0.7874767 0.8579382 0.7896984 0.8619625 0.7901979 0.8662086 0.7901979 0.9651371 0.7896984 0.9693846 0.7889791 0.9610249 0.7889791 0.9610249 0.7896984 0.9693846 0.7874767 0.9734122 0.7889791 0.9610249 0.7874767 0.9734122 0.7861442 0.9572375 0.7861442 0.9572375 0.7874767 0.9734122 0.7837594 0.9768959 0.7861442 0.9572375 0.7837594 0.9768959 0.7787612 0.9796864 0.7787612 0.8516786 0.7837594 0.8544604 0.7861442 0.8741154 0.7861442 0.8741154 0.7837594 0.8544604 0.7874767 0.8579382 0.7861442 0.8741154 0.7874767 0.8579382 0.7889791 0.8703226 0.7889791 0.8703226 0.7874767 0.8579382 0.7901979 0.8662086 0.5009409 0.6826694 0.5009409 0.7110053 0.4997186 0.7072654 0.4997186 0.7072654 0.5009409 0.7110053 0.4984944 0.7072067 0.4659963 0.9717791 0.4646372 0.9719344 0.462994 0.9622038 0.462994 0.9622038 0.4646372 0.9719344 0.4592264 0.97205 0.462994 0.9622038 0.4592264 0.97205 0.4543734 0.9712191 0.4769628 0.9511356 0.4757044 0.9661174 0.4746215 0.9527449 0.4746215 0.9527449 0.4757044 0.9661174 0.462994 0.9622038 0.4773871 0.9660747 0.4771144 0.9693322 0.4757044 0.9661174 0.4757044 0.9661174 0.4771144 0.9693322 0.4753961 0.9698078 0.4757044 0.9661174 0.4753961 0.9698078 0.462994 0.9622038 0.462994 0.9622038 0.4753961 0.9698078 0.4726181 0.9705173 0.462994 0.9622038 0.4726181 0.9705173 0.4659963 0.9717791 0.3520396 0.9503547 0.3591752 0.951071 0.3597823 0.96061 0.9026581 0.2065472 0.8990135 0.2001792 0.9115831 0.2003918 0.9026581 0.2065472 0.9115831 0.2003918 0.9053146 0.2130227 0.9053146 0.2130227 0.9115831 0.2003918 0.9124013 0.2100754 0.9053146 0.2130227 0.9124013 0.2100754 0.905782 0.2145054 0.905782 0.2145054 0.9124013 0.2100754 0.907154 0.2206616 0.907154 0.2206616 0.9124013 0.2100754 0.9105337 0.2193411 0.907154 0.2206616 0.9105337 0.2193411 0.9075285 0.2265112 0.9075285 0.2265112 0.9105337 0.2193411 0.9076169 0.2278594 0.9075285 0.2265112 0.9076169 0.2278594 0.9074 0.2286457 0.4746215 0.9527449 0.462994 0.9622038 0.4586113 0.9588862 0.8412395 0.3795521 0.8366409 0.3721752 0.8412395 0.3639302 0.9268344 0.3282437 0.9251793 0.3153286 0.9268344 0.3149802 0.3725792 0.9808828 0.3709049 0.9803484 0.3725713 0.9791594 0.3725713 0.9791594 0.3709049 0.9803484 0.3646586 0.9777903 0.3725713 0.9791594 0.3646586 0.9777903 0.3725669 0.9780218 0.3725669 0.9780218 0.3646586 0.9777903 0.372552 0.9724736 0.372552 0.9724736 0.3646586 0.9777903 0.3616335 0.9696321 0.372552 0.9724736 0.3616335 0.9696321 0.3725495 0.9705561 0.3725495 0.9705561 0.3616335 0.9696321 0.3725471 0.9662994 0.3725471 0.9662994 0.3616335 0.9696321 0.3597823 0.96061 0.3725471 0.9662994 0.3597823 0.96061 0.372552 0.959617 0.372552 0.959617 0.3597823 0.96061 0.3725659 0.9527726 0.3725659 0.9527726 0.3597823 0.96061 0.3591752 0.951071 0.3725659 0.9527726 0.3591752 0.951071 0.3725674 0.952164 0.9131482 0.200418 0.9262534 0.2006388 0.9254056 0.2102943 0.9115831 0.2003918 0.9131482 0.200418 0.9124013 0.2100754 0.9124013 0.2100754 0.9131482 0.200418 0.9254056 0.2102943 0.9124013 0.2100754 0.9254056 0.2102943 0.9105337 0.2193411 0.9105337 0.2193411 0.9254056 0.2102943 0.9232397 0.2195551 0.9105337 0.2193411 0.9232397 0.2195551 0.9076169 0.2278594 0.9076169 0.2278594 0.9232397 0.2195551 0.9198387 0.2280652 0.9076169 0.2278594 0.9198387 0.2280652 0.9074 0.2286457 0.9074 0.2286457 0.9198387 0.2280652 0.9064 0.233612 0.9262534 0.2006388 0.9314226 0.2007252 0.9254056 0.2102943 0.3476722 0.959322 0.3520396 0.9503547 0.3597823 0.96061 0.3476722 0.959322 0.3597823 0.96061 0.3498016 0.9683732 0.3498016 0.9683732 0.3597823 0.96061 0.3616335 0.9696321 0.9232397 0.2195551 0.9343647 0.2197415 0.9198387 0.2280652 0.9198387 0.2280652 0.9343647 0.2197415 0.9305397 0.2282443 0.4586113 0.9588862 0.4708943 0.9488944 0.4746215 0.9527449 0.4746215 0.9527449 0.4708943 0.9488944 0.4773871 0.9461669 0.4746215 0.9527449 0.4773871 0.9461669 0.4769628 0.9511356 0.9010381 0.03607183 0.9019561 0.03476101 0.9145256 0.03497356 0.9088866 0.06363946 0.8932934 0.05055135 0.9111621 0.05990493 0.9111621 0.05990493 0.8932934 0.05055135 0.8965141 0.04342103 0.9111621 0.05990493 0.8965141 0.04342103 0.9140652 0.05707842 0.9082754 0.06583017 0.8909521 0.06275761 0.9088866 0.06363946 0.9088866 0.06363946 0.8909521 0.06275761 0.8916255 0.05650138 0.9088866 0.06363946 0.8916255 0.05650138 0.8932934 0.05055135 0.9072197 0.1640977 0.889012 0.1718259 0.9088737 0.07109832 0.9088737 0.07109832 0.889012 0.1718259 0.8909521 0.06275761 0.9088737 0.07109832 0.8909521 0.06275761 0.9081806 0.06812864 0.9081806 0.06812864 0.8909521 0.06275761 0.9082754 0.06583017 0.9072197 0.1640977 0.9064213 0.1670421 0.889012 0.1718259 0.889012 0.1718259 0.9064213 0.1670421 0.9064346 0.1693425 0.889012 0.1718259 0.9064346 0.1693425 0.8894626 0.1781011 0.8894626 0.1781011 0.9064346 0.1693425 0.9069667 0.1715527 0.8894626 0.1781011 0.9069667 0.1715527 0.890918 0.1841045 0.890918 0.1841045 0.9069667 0.1715527 0.9091089 0.1753619 0.890918 0.1841045 0.9091089 0.1753619 0.8938833 0.1913396 0.8938833 0.1913396 0.9091089 0.1753619 0.898143 0.1988383 0.898143 0.1988383 0.9091089 0.1753619 0.9119754 0.1783413 0.898143 0.1988383 0.9119754 0.1783413 0.8990135 0.2001792 0.3725792 0.9479708 0.3725674 0.952164 0.352051 0.9461616 0.352051 0.9461616 0.3725674 0.952164 0.3591752 0.951071 0.9119754 0.1783413 0.9170443 0.1817638 0.9167864 0.1962618 0.3591752 0.951071 0.3520396 0.9503547 0.352051 0.9461616 0.9314977 0.1965093 0.9314226 0.2007252 0.9262534 0.2006388 0.9314977 0.1965093 0.9262534 0.2006388 0.9167864 0.1962618 0.9167864 0.1962618 0.9262534 0.2006388 0.9131482 0.200418 0.9167864 0.1962618 0.9131482 0.200418 0.9119754 0.1783413 0.9119754 0.1783413 0.9131482 0.200418 0.9115831 0.2003918 0.9119754 0.1783413 0.9115831 0.2003918 0.8990135 0.2001792 0.9195788 0.03927642 0.9160908 0.03500026 0.9342901 0.03952389 0.9342901 0.03952389 0.9160908 0.03500026 0.9291954 0.03522056 0.9195788 0.03927642 0.9193209 0.05377483 0.9160908 0.03500026 0.9160908 0.03500026 0.9193209 0.05377483 0.9150562 0.05632036 0.9160908 0.03500026 0.9150562 0.05632036 0.9145256 0.03497356 0.9145256 0.03497356 0.9150562 0.05632036 0.9140652 0.05707842 0.9145256 0.03497356 0.9140652 0.05707842 0.9010381 0.03607183 0.9010381 0.03607183 0.9140652 0.05707842 0.8965141 0.04342103 0.4497135 0.6670722 0.4497135 0.6628791 0.4631087 0.6681283 0.4631087 0.6681283 0.4497135 0.6628791 0.4702461 0.664633 0.4631087 0.6681283 0.4702461 0.664633 0.4702461 0.6688262 0.9343647 0.03530746 0.9342901 0.03952389 0.9291954 0.03522056 0.1211258 0.9036073 0.1203438 0.9111375 0.1122661 0.9112482 0.8958694 0.2727248 0.9052523 0.2750175 0.8965828 0.27996 0.8965828 0.27996 0.9052523 0.2750175 0.9053156 0.2803114 0.8965828 0.27996 0.9053156 0.2803114 0.8968308 0.2819381 0.1251513 0.8796932 0.1138406 0.8798426 0.1145525 0.8769632 0.8954455 0.2514019 0.9063936 0.2521744 0.8953141 0.2572781 0.9063936 0.2521744 0.9059914 0.2583516 0.8953141 0.2572781 0.8953141 0.2572781 0.9059914 0.2583516 0.9059371 0.259165 0.8953141 0.2572781 0.9059371 0.259165 0.8953931 0.2638998 0.8953931 0.2638998 0.9059371 0.259165 0.9056525 0.2637017 0.8953931 0.2638998 0.9056525 0.2637017 0.8954554 0.2656722 0.8954554 0.2656722 0.9056525 0.2637017 0.9055281 0.2659886 0.8954554 0.2656722 0.9055281 0.2659886 0.8958694 0.2727248 0.8958694 0.2727248 0.9055281 0.2659886 0.9052751 0.2731072 0.8958694 0.2727248 0.9052751 0.2731072 0.9052523 0.2750175 0.1251513 0.8796932 0.1251128 0.8798703 0.1138406 0.8798426 0.1138406 0.8798426 0.1251128 0.8798703 0.1248677 0.8810103 0.1138406 0.8798426 0.1248677 0.8810103 0.1132566 0.8827216 0.1132566 0.8827216 0.1248677 0.8810103 0.1235719 0.8875291 0.1122661 0.9112482 0.1121668 0.9040639 0.1211258 0.9036073 0.1211258 0.9036073 0.1121668 0.9040639 0.1120778 0.8970021 0.1211258 0.9036073 0.1120778 0.8970021 0.122114 0.8962474 0.122114 0.8962474 0.1120778 0.8970021 0.1120843 0.8946973 0.122114 0.8962474 0.1120843 0.8946973 0.1223674 0.8945876 0.1223674 0.8945876 0.1120843 0.8946973 0.1122794 0.890426 0.1223674 0.8945876 0.1122794 0.890426 0.1235719 0.8875291 0.1235719 0.8875291 0.1122794 0.890426 0.1130022 0.8842139 0.1235719 0.8875291 0.1130022 0.8842139 0.1132566 0.8827216 0.04712426 0.160517 0.04742223 0.1604626 0.04884952 0.1656245 0.9061209 0.2802686 0.9053156 0.2803114 0.9052523 0.2750175 0.9067246 0.2802065 0.9061209 0.2802686 0.9060379 0.2749806 0.04810446 0.1658419 0.04664111 0.160616 0.04712426 0.160517 0.04664111 0.160616 0.04810446 0.1658419 0.04584616 0.1607927 0.9061209 0.2802686 0.9052523 0.2750175 0.9060379 0.2749806 0.9060379 0.2749806 0.9052523 0.2750175 0.9052751 0.2731072 0.9060379 0.2749806 0.9052751 0.2731072 0.9060527 0.2730684 0.9060527 0.2730684 0.9052751 0.2731072 0.9055281 0.2659886 0.9060527 0.2730684 0.9055281 0.2659886 0.9062741 0.2659381 0.9062741 0.2659381 0.9055281 0.2659886 0.9056525 0.2637017 0.9062741 0.2659381 0.9056525 0.2637017 0.9066495 0.2590873 0.9056525 0.2637017 0.9059371 0.259165 0.9066495 0.2590873 0.9066495 0.2590873 0.9059371 0.259165 0.9059914 0.2583516 0.9066495 0.2590873 0.9059914 0.2583516 0.9066999 0.2582701 0.9066999 0.2582701 0.9059914 0.2583516 0.9063936 0.2521744 0.9066999 0.2582701 0.9063936 0.2521744 0.9070705 0.2520561 0.1138628 0.8767735 0.1145525 0.8769632 0.1138406 0.8798426 0.1138628 0.8767735 0.1138406 0.8798426 0.1125862 0.8825716 0.1138406 0.8798426 0.1132566 0.8827216 0.1125862 0.8825716 0.1125862 0.8825716 0.1132566 0.8827216 0.1130022 0.8842139 0.1125862 0.8825716 0.1130022 0.8842139 0.1123358 0.8840751 0.1123358 0.8840751 0.1130022 0.8842139 0.1122794 0.890426 0.1123358 0.8840751 0.1122794 0.890426 0.1116258 0.8903406 0.1116258 0.8903406 0.1122794 0.890426 0.1120843 0.8946973 0.1116258 0.8903406 0.1120843 0.8946973 0.1114326 0.8969783 0.1114326 0.8969783 0.1120843 0.8946973 0.1120778 0.8970021 0.9067246 0.2802065 0.9060379 0.2749806 0.9066278 0.2748855 0.9066278 0.2748855 0.9060379 0.2749806 0.9060527 0.2730684 0.9066278 0.2748855 0.9060527 0.2730684 0.9066377 0.2729597 0.9066377 0.2729597 0.9060527 0.2730684 0.9062741 0.2659381 0.9066377 0.2729597 0.9062741 0.2659381 0.9068363 0.265775 0.05263191 0.1742379 0.05313736 0.1740516 0.05721324 0.1803355 0.05263191 0.1742379 0.05721324 0.1803355 0.05676221 0.1805723 0.05676221 0.1805723 0.05721324 0.1803355 0.05778241 0.1810712 0.05676221 0.1805723 0.05778241 0.1810712 0.05733925 0.1813139 0.05733925 0.1813139 0.05778241 0.1810712 0.06281131 0.1865806 0.05733925 0.1813139 0.06281131 0.1865806 0.06243586 0.1868718 0.1132942 0.8764197 0.1138628 0.8767735 0.1125862 0.8825716 0.1132942 0.8764197 0.1125862 0.8825716 0.1120245 0.8822945 0.1120245 0.8822945 0.1125862 0.8825716 0.1123358 0.8840751 0.1120245 0.8822945 0.1123358 0.8840751 0.1117755 0.8838184 0.1117755 0.8838184 0.1123358 0.8840751 0.1116258 0.8903406 0.1117755 0.8838184 0.1116258 0.8903406 0.1110715 0.8901668 0.1110715 0.8901668 0.1116258 0.8903406 0.1114326 0.8969783 0.1110715 0.8901668 0.1114326 0.8969783 0.1108827 0.8968929 0.04712426 0.160517 0.04884952 0.1656245 0.04810446 0.1658419 0.04810446 0.1658419 0.04884952 0.1656245 0.04950463 0.1674687 0.04810446 0.1658419 0.04950463 0.1674687 0.04877489 0.1677075 0.04877489 0.1677075 0.04950463 0.1674687 0.05263191 0.1742379 0.04877489 0.1677075 0.05263191 0.1742379 0.05196994 0.1745525 0.05196994 0.1745525 0.05263191 0.1742379 0.05676221 0.1805723 0.05196994 0.1745525 0.05676221 0.1805723 0.05618166 0.1809489 0.05618166 0.1809489 0.05676221 0.1805723 0.05733925 0.1813139 0.05618166 0.1809489 0.05733925 0.1813139 0.0567696 0.1817002 0.0567696 0.1817002 0.05733925 0.1813139 0.06243586 0.1868718 0.0567696 0.1817002 0.06243586 0.1868718 0.06195658 0.1873086 0.06195658 0.1873086 0.06243586 0.1868718 0.0682671 0.1916027 0.06195658 0.1873086 0.0682671 0.1916027 0.06788522 0.1920861 0.06788522 0.1920861 0.0682671 0.1916027 0.06978678 0.1926199 0.06788522 0.1920861 0.06978678 0.1926199 0.06942909 0.1931111 0.06942909 0.1931111 0.06978678 0.1926199 0.07614374 0.1960929 0.06942909 0.1931111 0.07614374 0.1960929 0.07588481 0.196617 0.07588481 0.196617 0.07614374 0.1960929 0.0829181 0.1986068 0.07588481 0.196617 0.0829181 0.1986068 0.08276146 0.1991562 0.04584616 0.1607927 0.04810446 0.1658419 0.0473451 0.1660982 0.0473451 0.1660982 0.04810446 0.1658419 0.04877489 0.1677075 0.0473451 0.1660982 0.04877489 0.1677075 0.04803138 0.1679909 0.04803138 0.1679909 0.04877489 0.1677075 0.05196994 0.1745525 0.04803138 0.1679909 0.05196994 0.1745525 0.05129456 0.1749252 0.05129456 0.1749252 0.05196994 0.1745525 0.05618166 0.1809489 0.05129456 0.1749252 0.05618166 0.1809489 0.05558687 0.1813954 0.05558687 0.1813954 0.05618166 0.1809489 0.0567696 0.1817002 0.05558687 0.1813954 0.0567696 0.1817002 0.05618512 0.1821545 0.05618512 0.1821545 0.0567696 0.1817002 0.06195658 0.1873086 0.05618512 0.1821545 0.06195658 0.1873086 0.06146109 0.1878172 0.06146109 0.1878172 0.06195658 0.1873086 0.06788522 0.1920861 0.06146109 0.1878172 0.06788522 0.1920861 0.06748402 0.1926354 0.06748402 0.1926354 0.06788522 0.1920861 0.06942909 0.1931111 0.06748402 0.1926354 0.06942909 0.1931111 0.06905162 0.1936721 0.06905162 0.1936721 0.06942909 0.1931111 0.07588481 0.196617 0.06905162 0.1936721 0.07588481 0.196617 0.07560324 0.1972072 0.07560324 0.1972072 0.07588481 0.196617 0.08276146 0.1991562 0.07560324 0.1972072 0.08276146 0.1991562 0.08257722 0.1997716 0.1115838 0.9040601 0.1121668 0.9040639 0.1122661 0.9112482 0.1114326 0.8969783 0.1120778 0.8970021 0.1121668 0.9040639 0.1121668 0.9040639 0.1115838 0.9040601 0.1114326 0.8969783 0.1114326 0.8969783 0.1115838 0.9040601 0.1109727 0.9040242 0.1114326 0.8969783 0.1109727 0.9040242 0.1108827 0.8968929 0.0829181 0.1986068 0.09013664 0.2001695 0.09004819 0.2007946 0.0829181 0.1986068 0.09004819 0.2007946 0.08276146 0.1991562 0.08996421 0.2013692 0.08257722 0.1997716 0.08276146 0.1991562 0.08276146 0.1991562 0.09004819 0.2007946 0.08996421 0.2013692 0.08996421 0.2013692 0.09004819 0.2007946 0.0975098 0.2013266 0.08996421 0.2013692 0.0975098 0.2013266 0.09750932 0.201905 0.1122661 0.9112482 0.1116836 0.9112593 0.1115838 0.9040601 0.1115838 0.9040601 0.1116836 0.9112593 0.1116218 0.9112608 0.1115838 0.9040601 0.1116218 0.9112608 0.1109727 0.9040242 0.1109727 0.9040242 0.1116218 0.9112608 0.1110734 0.9112783 0.09013664 0.2001695 0.0975098 0.2006918 0.09004819 0.2007946 0.09004819 0.2007946 0.0975098 0.2006918 0.0975098 0.2012625 0.09004819 0.2007946 0.0975098 0.2012625 0.0975098 0.2013266 0.1209781 0.9549628 0.1129009 0.955074 0.1193097 0.9330686 0.1193097 0.9330686 0.1129009 0.955074 0.1122661 0.9112482 0.1193097 0.9330686 0.1122661 0.9112482 0.1203438 0.9111375 0.8254804 0.9380941 0.8256325 0.9380999 0.8255397 0.943419 0.1919808 0.160418 0.1922446 0.1604626 0.1908163 0.1656245 0.192542 0.160519 0.1930247 0.160616 0.1915608 0.1658419 0.1931892 0.160649 0.1938201 0.1607927 0.1923202 0.1660982 0.1931892 0.160649 0.1923202 0.1660982 0.1930247 0.160616 0.192542 0.160519 0.1915608 0.1658419 0.1922446 0.1604626 0.8260386 0.9381135 0.8261454 0.9434772 0.8256325 0.9380999 0.8257195 0.9526168 0.824763 0.9453312 0.8255475 0.9453545 0.8255475 0.9453545 0.824763 0.9453312 0.8247482 0.9433977 0.8255475 0.9453545 0.8247482 0.9433977 0.8255397 0.943419 0.8255397 0.943419 0.8247482 0.9433977 0.8248223 0.9380708 0.8255397 0.943419 0.8248223 0.9380708 0.8254804 0.9380941 0.8263192 0.967023 0.825342 0.9604576 0.8260564 0.9605236 0.8260564 0.9605236 0.825342 0.9604576 0.8252995 0.9596132 0.8260564 0.9605236 0.8252995 0.9596132 0.8260179 0.9596753 0.8260179 0.9596753 0.8252995 0.9596132 0.8250703 0.9549288 0.8260179 0.9596753 0.8250703 0.9549288 0.8257195 0.9526168 0.8257195 0.9526168 0.8250703 0.9549288 0.8249675 0.9525818 0.8257195 0.9526168 0.8249675 0.9525818 0.824763 0.9453312 0.1930247 0.160616 0.1923202 0.1660982 0.1915608 0.1658419 0.1915608 0.1658419 0.1923202 0.1660982 0.1916335 0.1679909 0.1915608 0.1658419 0.1916335 0.1679909 0.1908899 0.1677075 0.1908899 0.1677075 0.1916335 0.1679909 0.1883683 0.1749252 0.1908899 0.1677075 0.1883683 0.1749252 0.1876924 0.1745525 0.1876924 0.1745525 0.1883683 0.1749252 0.1840735 0.1813954 0.1876924 0.1745525 0.1840735 0.1813954 0.1834787 0.1809509 0.1834787 0.1809509 0.1840735 0.1813954 0.1834747 0.1821545 0.1834787 0.1809509 0.1834747 0.1821545 0.1828903 0.1817002 0.1828903 0.1817002 0.1834747 0.1821545 0.1781963 0.1878172 0.1828903 0.1817002 0.1781963 0.1878172 0.1777008 0.1873086 0.1777008 0.1873086 0.1781963 0.1878172 0.1721719 0.1926354 0.1777008 0.1873086 0.1721719 0.1926354 0.1717708 0.1920861 0.1717708 0.1920861 0.1721719 0.1926354 0.1706038 0.1936721 0.1717708 0.1920861 0.1706038 0.1936721 0.1702263 0.1931111 0.1702263 0.1931111 0.1706038 0.1936721 0.1640512 0.1972072 0.1702263 0.1931111 0.1640512 0.1972072 0.1637696 0.196617 0.1922446 0.1604626 0.1915608 0.1658419 0.1908163 0.1656245 0.1908163 0.1656245 0.1915608 0.1658419 0.1908899 0.1677075 0.1908163 0.1656245 0.1908899 0.1677075 0.1901607 0.1674687 0.1901607 0.1674687 0.1908899 0.1677075 0.1876924 0.1745525 0.1901607 0.1674687 0.1876924 0.1745525 0.1870314 0.1742379 0.1870314 0.1742379 0.1876924 0.1745525 0.1834787 0.1809509 0.1870314 0.1742379 0.1834787 0.1809509 0.1828987 0.1805723 0.1828987 0.1805723 0.1834787 0.1809509 0.1828903 0.1817002 0.1828987 0.1805723 0.1828903 0.1817002 0.1823211 0.1813139 0.1823211 0.1813139 0.1828903 0.1817002 0.1777008 0.1873086 0.1823211 0.1813139 0.1777008 0.1873086 0.1772226 0.1868718 0.1772226 0.1868718 0.1777008 0.1873086 0.1717708 0.1920861 0.1772226 0.1868718 0.1717708 0.1920861 0.1713894 0.1916027 0.1713894 0.1916027 0.1717708 0.1920861 0.1702263 0.1931111 0.1713894 0.1916027 0.1702263 0.1931111 0.1698696 0.1926199 0.1698696 0.1926199 0.1702263 0.1931111 0.1637696 0.196617 0.1698696 0.1926199 0.1637696 0.196617 0.1635117 0.1960929 0.8256325 0.9380999 0.8261454 0.9434772 0.8255397 0.943419 0.8255397 0.943419 0.8261454 0.9434772 0.8261463 0.9454243 0.8255397 0.943419 0.8261463 0.9454243 0.8255475 0.9453545 0.8255475 0.9453545 0.8261463 0.9454243 0.8262965 0.9527429 0.8255475 0.9453545 0.8262965 0.9527429 0.8257195 0.9526168 0.8257195 0.9526168 0.8262965 0.9527429 0.8265732 0.9598597 0.8257195 0.9526168 0.8265732 0.9598597 0.8260179 0.9596753 0.1824491 0.1803355 0.1828987 0.1805723 0.1823211 0.1813139 0.1824491 0.1803355 0.1823211 0.1813139 0.1818795 0.1810712 0.1818795 0.1810712 0.1823211 0.1813139 0.1772226 0.1868718 0.1818795 0.1810712 0.1772226 0.1868718 0.1768485 0.1865806 0.1154848 0.9887406 0.1149265 0.989123 0.1134908 0.9835448 0.1154848 0.9887406 0.1134908 0.9835448 0.1140441 0.983237 0.1140441 0.983237 0.1134908 0.9835448 0.1131988 0.9820844 0.1140441 0.983237 0.1131988 0.9820844 0.1137512 0.9817962 0.1137512 0.9817962 0.1131988 0.9820844 0.1123135 0.975949 0.1137512 0.9817962 0.1123135 0.975949 0.1128624 0.9757423 0.1131958 0.9714651 0.1135135 0.9756336 0.1128624 0.9757423 0.1128624 0.9757423 0.1135135 0.9756336 0.1144132 0.9816355 0.1128624 0.9757423 0.1144132 0.9816355 0.1137512 0.9817962 0.1137512 0.9817962 0.1144132 0.9816355 0.1147101 0.9830653 0.1137512 0.9817962 0.1147101 0.9830653 0.1140441 0.983237 0.1140441 0.983237 0.1147101 0.9830653 0.1153751 0.9858093 0.8264101 0.9728624 0.8257274 0.9699854 0.8263192 0.967023 0.8263192 0.967023 0.8257274 0.9699854 0.8256365 0.9669201 0.8263192 0.967023 0.8256365 0.9669201 0.825342 0.9604576 0.1131232 0.9692035 0.1131958 0.9714651 0.1124795 0.9692516 0.1124795 0.9692516 0.1131958 0.9714651 0.1128624 0.9757423 0.1124795 0.9692516 0.1128624 0.9757423 0.1119326 0.9693714 0.1119326 0.9693714 0.1128624 0.9757423 0.1123135 0.975949 0.1567369 0.1986068 0.1635117 0.1960929 0.156893 0.1991562 0.156893 0.1991562 0.1635117 0.1960929 0.1637696 0.196617 0.156893 0.1991562 0.1637696 0.196617 0.1570773 0.1997716 0.1570773 0.1997716 0.1637696 0.196617 0.1640512 0.1972072 0.8163394 0.9364401 0.8248223 0.9380708 0.8160895 0.9384241 0.8160895 0.9384241 0.8248223 0.9380708 0.8247482 0.9433977 0.8160895 0.9384241 0.8247482 0.9433977 0.8153484 0.9457408 0.8153484 0.9457408 0.8247482 0.9433977 0.824763 0.9453312 0.8153484 0.9457408 0.824763 0.9453312 0.8148751 0.9529682 0.8148751 0.9529682 0.824763 0.9453312 0.8249675 0.9525818 0.8148751 0.9529682 0.8249675 0.9525818 0.8250703 0.9549288 0.8148751 0.9529682 0.8250703 0.9549288 0.8147941 0.9547794 0.8147941 0.9547794 0.8250703 0.9549288 0.8252995 0.9596132 0.8147941 0.9547794 0.8252995 0.9596132 0.8146162 0.9616612 0.1263652 0.984395 0.1153751 0.9858093 0.1147101 0.9830653 0.1263652 0.984395 0.1147101 0.9830653 0.1248841 0.9781432 0.8252995 0.9596132 0.825342 0.9604576 0.8146162 0.9616612 0.8146162 0.9616612 0.825342 0.9604576 0.8256365 0.9669201 0.8146162 0.9616612 0.8256365 0.9669201 0.8146261 0.9678578 0.8146261 0.9678578 0.8256365 0.9669201 0.8257274 0.9699854 0.8146261 0.9678578 0.8257274 0.9699854 0.8146291 0.9680344 0.1266424 0.9854797 0.1153751 0.9858093 0.1263652 0.984395 0.1129009 0.955074 0.1209781 0.9549628 0.1130091 0.9622285 0.1130091 0.9622285 0.1209781 0.9549628 0.1219776 0.9624363 0.1130091 0.9622285 0.1219776 0.9624363 0.1131232 0.9692035 0.1131232 0.9692035 0.1219776 0.9624363 0.1231771 0.9696714 0.1131232 0.9692035 0.1231771 0.9696714 0.1131958 0.9714651 0.1131958 0.9714651 0.1231771 0.9696714 0.1234785 0.9712929 0.1131958 0.9714651 0.1234785 0.9712929 0.1135135 0.9756336 0.1135135 0.9756336 0.1234785 0.9712929 0.1248841 0.9781432 0.1135135 0.9756336 0.1248841 0.9781432 0.1144132 0.9816355 0.1144132 0.9816355 0.1248841 0.9781432 0.1147101 0.9830653 0.1421456 0.201905 0.09750932 0.201905 0.1421456 0.2013266 0.1421456 0.2013266 0.09750932 0.201905 0.0975098 0.2013266 0.1421456 0.2013266 0.0975098 0.2013266 0.1421456 0.2012625 0.1116218 0.9112608 0.1117083 0.9551041 0.1110734 0.9112783 0.0975098 0.2006918 0.1421456 0.2006918 0.1421456 0.2012625 0.0975098 0.2006918 0.1421456 0.2012625 0.0975098 0.2012625 0.0975098 0.2012625 0.1421456 0.2012625 0.0975098 0.2013266 0.1122661 0.9112482 0.1129009 0.955074 0.1116836 0.9112593 0.1116836 0.9112593 0.1129009 0.955074 0.1123179 0.9550846 0.1116836 0.9112593 0.1123179 0.9550846 0.1116218 0.9112608 0.1116218 0.9112608 0.1123179 0.9550846 0.1122567 0.9550861 0.1116218 0.9112608 0.1122567 0.9550861 0.1117083 0.9551041 0.1496067 0.2007946 0.1496907 0.2013692 0.1421456 0.201905 0.156893 0.1991562 0.1570773 0.1997716 0.1496907 0.2013692 0.1496907 0.2013692 0.1496067 0.2007946 0.156893 0.1991562 0.156893 0.1991562 0.1496067 0.2007946 0.1495193 0.2001695 0.156893 0.1991562 0.1495193 0.2001695 0.1567369 0.1986068 0.1119326 0.9693714 0.111817 0.9623285 0.1124266 0.9622542 0.1119326 0.9693714 0.1124266 0.9622542 0.1124795 0.9692516 0.1130091 0.9622285 0.1131232 0.9692035 0.1124795 0.9692516 0.1124795 0.9692516 0.1124266 0.9622542 0.1130091 0.9622285 0.1130091 0.9622285 0.1124266 0.9622542 0.1123179 0.9550846 0.1130091 0.9622285 0.1123179 0.9550846 0.1129009 0.955074 0.1421456 0.201905 0.1421456 0.2013266 0.1496067 0.2007946 0.1496067 0.2007946 0.1421456 0.2013266 0.1421456 0.2012625 0.1496067 0.2007946 0.1421456 0.2012625 0.1495193 0.2001695 0.1495193 0.2001695 0.1421456 0.2012625 0.1421456 0.2006918 0.111817 0.9623285 0.1117083 0.9551041 0.1124266 0.9622542 0.1124266 0.9622542 0.1117083 0.9551041 0.1122567 0.9550861 0.1124266 0.9622542 0.1122567 0.9550861 0.1123179 0.9550846 0.04302716 0.1482908 0.04021996 0.1358084 0.0436635 0.1481394 0.0436635 0.1481394 0.04021996 0.1358084 0.04086023 0.1356492 0.0436635 0.1481394 0.04086023 0.1356492 0.04432946 0.1480054 0.04432946 0.1480054 0.04086023 0.1356492 0.04154402 0.1355094 0.04432946 0.1480054 0.04154402 0.1355094 0.04491442 0.1479084 0.04491442 0.1479084 0.04154402 0.1355094 0.0421527 0.1354163 0.9068669 0.2930228 0.9069114 0.3058217 0.9063106 0.2930578 0.9063106 0.2930578 0.9069114 0.3058217 0.9063482 0.305845 0.9063106 0.2930578 0.9063482 0.305845 0.9056417 0.2930772 0.9056417 0.2930772 0.9063482 0.305845 0.9056644 0.3058469 0.04584616 0.1607927 0.04302716 0.1482908 0.04664111 0.160616 0.04664111 0.160616 0.04302716 0.1482908 0.0436635 0.1481394 0.04664111 0.160616 0.0436635 0.1481394 0.04712426 0.160517 0.04712426 0.160517 0.0436635 0.1481394 0.04432946 0.1480054 0.04712426 0.160517 0.04432946 0.1480054 0.04742223 0.1604626 0.04742223 0.1604626 0.04432946 0.1480054 0.04491442 0.1479084 0.9067246 0.2802065 0.9068669 0.2930228 0.9061209 0.2802686 0.9061209 0.2802686 0.9068669 0.2930228 0.9063106 0.2930578 0.9061209 0.2802686 0.9063106 0.2930578 0.9053156 0.2803114 0.9053156 0.2803114 0.9063106 0.2930578 0.9056417 0.2930772 0.90553 0.3495276 0.9054183 0.3316057 0.9061387 0.3316096 0.9064677 0.3573257 0.9059045 0.3573296 0.9057059 0.3534277 0.03564065 0.1103641 0.03325933 0.08459943 0.03630065 0.1102534 0.03630065 0.1102534 0.03325933 0.08459943 0.03392875 0.08454895 0.03630065 0.1102534 0.03392875 0.08454895 0.03703135 0.1101602 0.03703135 0.1101602 0.03392875 0.08454895 0.03469353 0.08451402 0.03703135 0.1101602 0.03469353 0.08451402 0.03769242 0.1101059 0.03769242 0.1101059 0.03469353 0.08451402 0.03539508 0.08450043 0.9067236 0.3316155 0.9070705 0.3573529 0.9061387 0.3316096 0.9061387 0.3316096 0.9070705 0.3573529 0.9064677 0.3573257 0.9061387 0.3316096 0.9064677 0.3573257 0.90553 0.3495276 0.90553 0.3495276 0.9064677 0.3573257 0.9057059 0.3534277 0.04021996 0.1358084 0.03564065 0.1103641 0.04086023 0.1356492 0.04086023 0.1356492 0.03564065 0.1103641 0.03630065 0.1102534 0.04086023 0.1356492 0.03630065 0.1102534 0.04154402 0.1355094 0.04154402 0.1355094 0.03630065 0.1102534 0.03703135 0.1101602 0.04154402 0.1355094 0.03703135 0.1101602 0.0421527 0.1354163 0.0421527 0.1354163 0.03703135 0.1101602 0.03769242 0.1101059 0.9069114 0.3058217 0.9067236 0.3316155 0.9063482 0.305845 0.9063482 0.305845 0.9067236 0.3316155 0.9061387 0.3316096 0.9063482 0.305845 0.9061387 0.3316096 0.9056644 0.3058469 0.9056644 0.3058469 0.9061387 0.3316096 0.9054183 0.3316057 0.7777894 0.7570828 0.7766377 0.7534159 0.7860341 0.7507345 0.7766377 0.7534159 0.7743508 0.743596 0.7800121 0.7431073 0.7928954 0.7694293 0.7857954 0.7735525 0.7902488 0.7666899 0.7902488 0.7666899 0.7857954 0.7735525 0.7812709 0.7655751 0.7902488 0.7666899 0.7812709 0.7655751 0.7876185 0.7588428 0.7928954 0.7694293 0.7908441 0.7731078 0.7857954 0.7735525 0.7857954 0.7735525 0.7908441 0.7731078 0.7896327 0.7752403 0.7857954 0.7735525 0.7896327 0.7752403 0.7882217 0.7770428 0.7882217 0.7770428 0.7896327 0.7752403 0.7884089 0.7772949 0.7962717 0.7638401 0.7952456 0.7653172 0.7902488 0.7666899 0.7902488 0.7666899 0.7952456 0.7653172 0.7949941 0.7657113 0.7902488 0.7666899 0.7949941 0.7657113 0.7928954 0.7694293 0.7962717 0.7638401 0.7902488 0.7666899 0.7970572 0.7628993 0.7970572 0.7628993 0.7902488 0.7666899 0.7876185 0.7588428 0.7970572 0.7628993 0.7876185 0.7588428 0.7980182 0.7620857 0.7980182 0.7620857 0.7876185 0.7588428 0.7981081 0.7527452 0.7980182 0.7620857 0.7981081 0.7527452 0.7980834 0.7620478 0.7766377 0.7534159 0.7800121 0.7431073 0.7860341 0.7507345 0.7860341 0.7507345 0.7800121 0.7431073 0.7855153 0.7427034 0.7860341 0.7507345 0.7855153 0.7427034 0.788692 0.742497 0.7812709 0.7655751 0.7777894 0.7570828 0.7876185 0.7588428 0.7876185 0.7588428 0.7777894 0.7570828 0.7860341 0.7507345 0.7876185 0.7588428 0.7860341 0.7507345 0.7981081 0.7527452 0.7981081 0.7527452 0.7860341 0.7507345 0.788692 0.742497 0.7981081 0.7527452 0.788692 0.742497 0.798113 0.7419828 0.7582181 0.03610825 0.7446318 0.01827174 0.7505154 0.02296769 0.7582181 0.03610825 0.7505154 0.02296769 0.7597699 0.03659743 0.7597699 0.03659743 0.7505154 0.02296769 0.7575364 0.02990782 0.7597699 0.03659743 0.7575364 0.02990782 0.7621305 0.03829026 0.7621305 0.03829026 0.7575364 0.02990782 0.7636547 0.03760302 0.7621305 0.03829026 0.7636547 0.03760302 0.7640938 0.0405693 0.5943734 0.0267862 0.5942785 0.02678036 0.5967507 0.01909875 0.5967507 0.01909875 0.5942785 0.02678036 0.5929772 0.02702498 0.5967507 0.01909875 0.5929772 0.02702498 0.5896019 0.0258156 0.5967507 0.01909875 0.5978337 0.0182116 0.5943734 0.0267862 0.5943734 0.0267862 0.5978337 0.0182116 0.6017495 0.01524335 0.5943734 0.0267862 0.6017495 0.01524335 0.6058017 0.01253336 0.5778267 0.04159426 0.5767991 0.04608058 0.5732874 0.05053776 0.5732874 0.05053776 0.5767991 0.04608058 0.5761064 0.04794812 0.7640938 0.0405693 0.7636547 0.03760302 0.7667819 0.04461491 0.7667819 0.04461491 0.7636547 0.03760302 0.7676179 0.04380542 0.7667819 0.04461491 0.7676179 0.04380542 0.7718544 0.05354672 0.7718544 0.05354672 0.7676179 0.04380542 0.7721829 0.0528925 0.7718544 0.05354672 0.7721829 0.0528925 0.7734116 0.0572701 0.7734116 0.0572701 0.7721829 0.0528925 0.7756709 0.06248825 0.7734116 0.0572701 0.7756709 0.06248825 0.77388 0.05920165 0.7011951 0.002809464 0.710909 0.003947079 0.7065624 0.02295607 0.6058017 0.01253336 0.6143201 0.00787431 0.5943734 0.0267862 0.5943734 0.0267862 0.6143201 0.00787431 0.6230707 0.004337251 0.5943734 0.0267862 0.6230707 0.004337251 0.595233 0.02693372 0.7759446 0.0679025 0.7746096 0.06303763 0.7756709 0.06248825 0.7756709 0.06248825 0.7746096 0.06303763 0.7742105 0.06114876 0.7756709 0.06248825 0.7742105 0.06114876 0.77388 0.05920165 0.5929772 0.02702498 0.5917688 0.02753943 0.5896019 0.0258156 0.5896019 0.0258156 0.5917688 0.02753943 0.5908578 0.02807134 0.5896019 0.0258156 0.5908578 0.02807134 0.5854815 0.03050959 0.5854815 0.03050959 0.5908578 0.02807134 0.588014 0.03054839 0.5854815 0.03050959 0.588014 0.03054839 0.5832899 0.03332251 0.5832899 0.03332251 0.588014 0.03054839 0.5848689 0.03426402 0.5832899 0.03332251 0.5848689 0.03426402 0.5778267 0.04159426 0.5778267 0.04159426 0.5848689 0.03426402 0.5787822 0.04256105 0.5778267 0.04159426 0.5787822 0.04256105 0.5767991 0.04608058 0.5761064 0.04794812 0.5755501 0.04984474 0.5732874 0.05053776 0.5732874 0.05053776 0.5755501 0.04984474 0.5749326 0.05167531 0.5732874 0.05053776 0.5749326 0.05167531 0.5697075 0.06010824 0.5697075 0.06010824 0.5749326 0.05167531 0.5716442 0.06037616 0.5697075 0.06010824 0.5716442 0.06037616 0.5671701 0.0701369 0.7756709 0.06248825 0.7775191 0.06970596 0.7759446 0.0679025 0.7759446 0.0679025 0.7775191 0.06970596 0.7782291 0.07340019 0.7759446 0.0679025 0.7782291 0.07340019 0.7778224 0.07807868 0.7778224 0.07807868 0.7782291 0.07340019 0.7791297 0.08008593 0.7778224 0.07807868 0.7791297 0.08008593 0.7782874 0.08267176 0.7782874 0.08267176 0.7791297 0.08008593 0.7793155 0.0822097 0.7782874 0.08267176 0.7793155 0.0822097 0.7834877 0.1620642 0.7834877 0.1620642 0.7793155 0.0822097 0.7850964 0.1723782 0.7834877 0.1620642 0.7850964 0.1723782 0.7877084 0.261842 0.7877084 0.261842 0.7850964 0.1723782 0.7891634 0.2769122 0.7877084 0.261842 0.7891634 0.2769122 0.789357 0.3616898 0.789357 0.3616898 0.7891634 0.2769122 0.7904005 0.3649531 0.789357 0.3616898 0.7904005 0.3649531 0.7893767 0.3823449 0.7065624 0.02295607 0.710909 0.003947079 0.7130023 0.02490901 0.7130023 0.02490901 0.710909 0.003947079 0.7203449 0.006208658 0.7130023 0.02490901 0.7203449 0.006208658 0.7204402 0.02765786 0.7204402 0.02765786 0.7203449 0.006208658 0.7276118 0.008792519 0.7204402 0.02765786 0.7276118 0.008792519 0.722117 0.0283237 0.7065624 0.02295607 0.6916955 0.01976656 0.7011951 0.002809464 0.7011951 0.002809464 0.6916955 0.01976656 0.6770751 0.01819992 0.7011951 0.002809464 0.6770751 0.01819992 0.6540821 1.2861e-4 0.6540821 1.2861e-4 0.6770751 0.01819992 0.6623688 0.01809704 0.6540821 1.2861e-4 0.6623688 0.01809704 0.6502097 4.8532e-7 0.6502097 4.8532e-7 0.6623688 0.01809704 0.6472267 0.01958018 0.6502097 4.8532e-7 0.6472267 0.01958018 0.6420896 3.22738e-4 0.5210734 0.3823449 0.5229923 0.3497373 0.525251 0.3466604 0.525251 0.3466604 0.5229923 0.3497373 0.5345481 0.2624244 0.525251 0.3466604 0.5345481 0.2624244 0.5386012 0.2476668 0.5386012 0.2476668 0.5345481 0.2624244 0.5508497 0.1590494 0.5386012 0.2476668 0.5508497 0.1590494 0.5544968 0.1490343 0.5544968 0.1490343 0.5508497 0.1590494 0.5671701 0.0701369 0.5544968 0.1490343 0.5671701 0.0701369 0.5689764 0.07076007 0.5689764 0.07076007 0.5671701 0.0701369 0.5716442 0.06037616 0.722117 0.0283237 0.7276118 0.008792519 0.7268115 0.03019511 0.7268115 0.03019511 0.7276118 0.008792519 0.7364365 0.01304197 0.7268115 0.03019511 0.7364365 0.01304197 0.728928 0.03103178 0.6420896 3.22738e-4 0.6472267 0.01958018 0.6324952 0.001759231 0.6324952 0.001759231 0.6472267 0.01958018 0.6403747 0.02083617 0.6324952 0.001759231 0.6403747 0.02083617 0.6230707 0.004337251 0.6230707 0.004337251 0.6403747 0.02083617 0.6329052 0.02267068 0.6230707 0.004337251 0.6329052 0.02267068 0.6311434 0.02314823 0.7480689 0.03706723 0.7408884 0.03533947 0.7446318 0.01827174 0.7446318 0.01827174 0.7408884 0.03533947 0.7375659 0.03425627 0.7446318 0.01827174 0.7375659 0.03425627 0.7364365 0.01304197 0.7364365 0.01304197 0.7375659 0.03425627 0.7332593 0.03270131 0.7364365 0.01304197 0.7332593 0.03270131 0.728928 0.03103178 0.6311434 0.02314823 0.6257306 0.02461779 0.6230707 0.004337251 0.6230707 0.004337251 0.6257306 0.02461779 0.6195234 0.02624267 0.6230707 0.004337251 0.6195234 0.02624267 0.615154 0.02727735 0.615154 0.02727735 0.6141086 0.0275045 0.6230707 0.004337251 0.6230707 0.004337251 0.6141086 0.0275045 0.6105288 0.02819168 0.6230707 0.004337251 0.6105288 0.02819168 0.6084784 0.02850621 0.7582181 0.03610825 0.7575729 0.03611212 0.7446318 0.01827174 0.7446318 0.01827174 0.7575729 0.03611212 0.7570117 0.0362907 0.7446318 0.01827174 0.7570117 0.0362907 0.7566584 0.0364654 0.7566584 0.0364654 0.7536966 0.03726911 0.7446318 0.01827174 0.7446318 0.01827174 0.7536966 0.03726911 0.7491751 0.03721863 0.7446318 0.01827174 0.7491751 0.03721863 0.7480689 0.03706723 0.6084784 0.02850621 0.6050438 0.02885365 0.6230707 0.004337251 0.6230707 0.004337251 0.6050438 0.02885365 0.6004027 0.02875274 0.6230707 0.004337251 0.6004027 0.02875274 0.5988811 0.02848869 0.5988811 0.02848869 0.596398 0.02760738 0.6230707 0.004337251 0.6230707 0.004337251 0.596398 0.02760738 0.5955502 0.02710264 0.6230707 0.004337251 0.5955502 0.02710264 0.595233 0.02693372 0.7977529 0.4598602 0.7976441 0.4278242 0.8028584 0.4593474 0.8028584 0.4593474 0.7976441 0.4278242 0.7993462 0.4289312 0.8398379 0.4137026 0.8399876 0.4577155 0.8288369 0.4101933 0.8288369 0.4101933 0.8399876 0.4577155 0.8261997 0.4579232 0.8288369 0.4101933 0.8261997 0.4579232 0.8209301 0.4079179 0.8261997 0.4579232 0.8211021 0.4581155 0.8209301 0.4079179 0.8209301 0.4079179 0.8211021 0.4581155 0.8105887 0.4587168 0.8209301 0.4079179 0.8105887 0.4587168 0.8181131 0.4071261 0.8181131 0.4071261 0.8105887 0.4587168 0.8028584 0.4593474 0.8181131 0.4071261 0.8028584 0.4593474 0.8078719 0.404114 0.8078719 0.404114 0.8028584 0.4593474 0.7993462 0.4289312 0.8078719 0.404114 0.7993462 0.4289312 0.7992647 0.4048902 0.0473451 0.1660982 0.04803138 0.1679909 0.04496532 0.1670824 0.79928 0.4009963 0.7993462 0.4289312 0.7975795 0.400716 0.7975795 0.400716 0.7993462 0.4289312 0.7976441 0.4278242 0.7975795 0.400716 0.7976441 0.4278242 0.7948237 0.4003578 0.7948237 0.4003578 0.7976441 0.4278242 0.7882069 0.4001334 0.001765191 0.4235 0 0.4238514 0.002218246 0.3606609 0.777696 0.465733 0.7763196 0.403393 0.7813401 0.4012712 0.777696 0.465733 0.7813401 0.4012712 0.7900966 0.4641715 0.7900966 0.4641715 0.7813401 0.4012712 0.7868388 0.4002295 0.7900966 0.4641715 0.7868388 0.4002295 0.7882069 0.4001334 0.02269214 0.4270564 0.02119219 0.4264566 0.02757531 0.3640775 0.02757531 0.3640775 0.02119219 0.4264566 0.01495236 0.4244726 0.02757531 0.3640775 0.01495236 0.4244726 0.01410603 0.3624333 0.01410603 0.3624333 0.01495236 0.4244726 0.00900793 0.423401 0.01410603 0.3624333 0.00900793 0.423401 0.002218246 0.3606609 0.002218246 0.3606609 0.00900793 0.423401 0.006834149 0.4232419 0.002218246 0.3606609 0.006834149 0.4232419 0.001765191 0.4235 0.02269214 0.4270564 0.02757531 0.3640775 0.02923482 0.430211 0.02923482 0.430211 0.02757531 0.3640775 0.04223471 0.3655432 0.02923482 0.430211 0.04223471 0.3655432 0.0356515 0.4342411 0.05795431 0.4446056 0.0518701 0.4429866 0.05765742 0.3667895 0.05765742 0.3667895 0.0518701 0.4429866 0.04455769 0.4397718 0.05765742 0.3667895 0.04455769 0.4397718 0.04223471 0.3655432 0.04223471 0.3655432 0.04455769 0.4397718 0.03700125 0.4351788 0.04223471 0.3655432 0.03700125 0.4351788 0.0356515 0.4342411 0.06838124 0.3674942 0.06502765 0.2689238 0.07573169 0.2698925 0.07573169 0.2698925 0.06502765 0.2689238 0.07560324 0.1972072 0.07573169 0.2698925 0.07560324 0.1972072 0.08257722 0.1997716 0.05618512 0.1821545 0.06146109 0.1878172 0.04963356 0.2672989 0.04963356 0.2672989 0.06146109 0.1878172 0.06748402 0.1926354 0.04963356 0.2672989 0.06748402 0.1926354 0.06502765 0.2689238 0.06502765 0.2689238 0.06748402 0.1926354 0.06905162 0.1936721 0.06502765 0.2689238 0.06905162 0.1936721 0.07560324 0.1972072 0.05618512 0.1821545 0.04963356 0.2672989 0.05558687 0.1813954 0.05558687 0.1813954 0.04963356 0.2672989 0.03500133 0.2654742 0.05558687 0.1813954 0.03500133 0.2654742 0.05129456 0.1749252 0.03155434 0.1647781 0.04302716 0.1482908 0.04496532 0.1670824 0.04496532 0.1670824 0.04302716 0.1482908 0.04584616 0.1607927 0.04496532 0.1670824 0.04584616 0.1607927 0.0473451 0.1660982 0.7800121 0.7431073 0.7743508 0.743596 0.7780141 0.6639674 0.01971793 0.1624194 0.03325933 0.08459943 0.03564065 0.1103641 0.01971793 0.1624194 0.03564065 0.1103641 0.03155434 0.1647781 0.03155434 0.1647781 0.03564065 0.1103641 0.04021996 0.1358084 0.03155434 0.1647781 0.04021996 0.1358084 0.04302716 0.1482908 0.7800121 0.7431073 0.7780141 0.6639674 0.7855153 0.7427034 0.7855153 0.7427034 0.7780141 0.6639674 0.7904163 0.6628956 0.7855153 0.7427034 0.7904163 0.6628956 0.788692 0.742497 0.7882069 0.4001334 0.7976441 0.4278242 0.7900966 0.4641715 0.7900966 0.4641715 0.7976441 0.4278242 0.7977232 0.4634472 0.7900966 0.4641715 0.7977232 0.4634472 0.797908 0.5627516 0.798113 0.7419828 0.788692 0.742497 0.7980428 0.6623988 0.7980428 0.6623988 0.788692 0.742497 0.7904163 0.6628956 0.7980428 0.6623988 0.7904163 0.6628956 0.7902818 0.5633624 0.7902818 0.5633624 0.7904163 0.6628956 0.7780141 0.6639674 0.7902818 0.5633624 0.7780141 0.6639674 0.7778803 0.5646795 0.009691238 0.2614324 0.01971793 0.1624194 0.03155434 0.1647781 0.009691238 0.2614324 0.03155434 0.1647781 0.02155679 0.263498 0.02155679 0.263498 0.03155434 0.1647781 0.04496532 0.1670824 0.02155679 0.263498 0.04496532 0.1670824 0.03500133 0.2654742 0.03500133 0.2654742 0.04496532 0.1670824 0.04803138 0.1679909 0.03500133 0.2654742 0.04803138 0.1679909 0.05129456 0.1749252 0.06433349 0.445186 0.05795431 0.4446056 0.06838124 0.3674942 0.06838124 0.3674942 0.05795431 0.4446056 0.05765742 0.3667895 0.06838124 0.3674942 0.05765742 0.3667895 0.06502765 0.2689238 0.06502765 0.2689238 0.05765742 0.3667895 0.04223471 0.3655432 0.06502765 0.2689238 0.04223471 0.3655432 0.04963356 0.2672989 0.04963356 0.2672989 0.04223471 0.3655432 0.02757531 0.3640775 0.04963356 0.2672989 0.02757531 0.3640775 0.03500133 0.2654742 0.03500133 0.2654742 0.02757531 0.3640775 0.01410603 0.3624333 0.03500133 0.2654742 0.01410603 0.3624333 0.02155679 0.263498 0.02155679 0.263498 0.01410603 0.3624333 0.002218246 0.3606609 0.02155679 0.263498 0.002218246 0.3606609 0.009691238 0.2614324 0.7778803 0.5646795 0.777696 0.465733 0.7900966 0.4641715 0.7778803 0.5646795 0.7900966 0.4641715 0.7902818 0.5633624 0.7902818 0.5633624 0.7900966 0.4641715 0.797908 0.5627516 0.7902818 0.5633624 0.797908 0.5627516 0.7980428 0.6623988 0.4943414 0.8284038 0.5027471 0.8234683 0.4976752 0.8370876 0.4976752 0.8370876 0.5027471 0.8234683 0.5027471 0.8474352 0.4416146 0.6653319 0.417217 0.6653134 0.4417579 0.6627538 0.4417579 0.6627538 0.417217 0.6653134 0.417217 0.6619831 0.4417579 0.6627538 0.417217 0.6619831 0.4417579 0.6620016 0.9765112 0.1669062 0.971258 0.167064 0.9730672 0.05274885 0.9730672 0.05274885 0.971258 0.167064 0.9668431 0.02073234 0.9730672 0.05274885 0.9668431 0.02073234 0.9717555 0.009274423 0.9717555 0.009274423 0.9668431 0.02073234 0.9524738 0.02116382 0.6690088 0.9868474 0.6497374 0.9750366 0.6641024 0.9755278 0.6690088 0.9868474 0.6641024 0.9755278 0.6703363 0.9439936 0.6703363 0.9439936 0.6641024 0.9755278 0.6685711 0.8312869 0.6703363 0.9439936 0.6685711 0.8312869 0.6738223 0.8314675 0.9823057 0.8170166 0.9906713 0.8164051 0.9764022 0.8448778 0.9776824 0.9538747 0.9764022 0.9601917 0.9764022 0.8448778 0.9776824 0.9538747 0.9764022 0.8448778 0.9813279 0.9485207 0.9751079 0.8217086 0.9823057 0.8170166 0.971234 0.8292913 0.971234 0.8292913 0.9823057 0.8170166 0.9764022 0.8448778 0.971234 0.8292913 0.9764022 0.8448778 0.9717073 0.8377591 0.9906713 0.8164051 0.9906713 0.9438752 0.9764022 0.8448778 0.9764022 0.8448778 0.9906713 0.9438752 0.9867842 0.944941 0.9764022 0.8448778 0.9867842 0.944941 0.9813279 0.9485207 0.7051425 0.9145503 0.7369108 0.9421455 0.717182 0.9424615 0.717182 0.9424615 0.7094575 0.9407595 0.7051425 0.9145503 0.7051425 0.9145503 0.7094575 0.9407595 0.7034415 0.935782 0.7051425 0.9145503 0.7034415 0.935782 0.7015132 0.9323867 0.7015132 0.9323867 0.7004634 0.9286299 0.7051425 0.9145503 0.7051425 0.9145503 0.7004634 0.9286299 0.7003507 0.924723 0.7051425 0.9145503 0.7003507 0.924723 0.7011822 0.9208847 0.7051425 0.8369928 0.7015132 0.8192728 0.7034415 0.8158154 0.7011822 0.8307851 0.7003507 0.8269734 0.7051425 0.8369928 0.7051425 0.8369928 0.7003507 0.8269734 0.7004634 0.8230627 0.7051425 0.8369928 0.7004634 0.8230627 0.7015132 0.8192728 0.7369108 0.9421455 0.7051425 0.9145503 0.7369108 0.8083798 0.7369108 0.8083798 0.7051425 0.9145503 0.7051425 0.8369928 0.7369108 0.8083798 0.7051425 0.8369928 0.717182 0.8086957 0.717182 0.8086957 0.7051425 0.8369928 0.7034415 0.8158154 0.717182 0.8086957 0.7034415 0.8158154 0.7094575 0.8106453 0.5017966 0.7786685 0.5013643 0.7963017 0.4998095 0.7961367 0.5017966 0.7786685 0.4998095 0.7961367 0.4994622 0.766704 0.4994622 0.766704 0.4998095 0.7961367 0.4946507 0.7952466 0.4994622 0.766704 0.4946507 0.7952466 0.4973309 0.7556023 0.4973309 0.7556023 0.4946507 0.7952466 0.4955819 0.7455154 0.04311048 0.9577884 0.04075795 0.9069715 0.0474255 0.9065377 0.04311048 0.9577884 0.0474255 0.9065377 0.04957956 0.9596675 0.04957956 0.9596675 0.0474255 0.9065377 0.05349034 0.9599616 0.05349034 0.9599616 0.0474255 0.9065377 0.05283659 0.9062892 0.05349034 0.9599616 0.05283659 0.9062892 0.05746519 0.9597452 0.05746519 0.9597452 0.05283659 0.9062892 0.05529439 0.9061999 0.05746519 0.9597452 0.05529439 0.9061999 0.06128162 0.9590318 0.06128162 0.9590318 0.05529439 0.9061999 0.05926913 0.9060901 0.06128162 0.9590318 0.05926913 0.9060901 0.06472551 0.9578592 0.05926913 0.9060901 0.06262433 0.9060348 0.06472551 0.9578592 0.06472551 0.9578592 0.06262433 0.9060348 0.06472551 0.9060261 0.9851101 0 0.9849007 0.0516957 0.9792853 0.004356205 0.9730672 0.05274885 0.9717555 0.009274423 0.9794864 0.05237472 0.9794864 0.05237472 0.9717555 0.009274423 0.9792853 0.004356205 0.9794864 0.05237472 0.9792853 0.004356205 0.9807304 0.05225533 0.9807304 0.05225533 0.9792853 0.004356205 0.9849007 0.0516957 0.8316352 0.2702798 0.8416169 0.268553 0.8316352 0.3444165 0.8316352 0.3444165 0.8416169 0.268553 0.841616 0.3461413 0.6703363 0.9439936 0.6767327 0.9444906 0.6690088 0.9868474 0.6690088 0.9868474 0.6767327 0.9444906 0.676504 0.9918733 0.6767327 0.9444906 0.6779668 0.9446576 0.676504 0.9918733 0.676504 0.9918733 0.6779668 0.9446576 0.6820862 0.9454632 0.676504 0.9918733 0.6820862 0.9454632 0.6822419 0.9965887 0.2818462 0.9260727 0.2818462 0.9779058 0.2797437 0.9778966 0.2818462 0.9260727 0.2797437 0.9778966 0.278401 0.9249002 0.278401 0.9249002 0.2797437 0.9778966 0.276387 0.9778413 0.278401 0.9249002 0.276387 0.9778413 0.2745837 0.9241858 0.2745837 0.9241858 0.276387 0.9778413 0.2724112 0.9777311 0.2745837 0.9241858 0.2724112 0.9777311 0.2706087 0.9239693 0.2706087 0.9239693 0.2724112 0.9777311 0.2699535 0.9776423 0.2706087 0.9239693 0.2699535 0.9776423 0.2666987 0.9242634 0.2699535 0.9776423 0.2645431 0.9773933 0.2666987 0.9242634 0.2666987 0.9242634 0.2645431 0.9773933 0.257879 0.9769585 0.2666987 0.9242634 0.257879 0.9769585 0.2602326 0.9261421 0.2332155 0.7480788 0.2336878 0.7659668 0.2316519 0.7482002 0.2316519 0.7482002 0.2336878 0.7659668 0.2313624 0.7780172 0.2316519 0.7482002 0.2313624 0.7780172 0.2264387 0.7488253 0.2264387 0.7488253 0.2313624 0.7780172 0.229232 0.7891582 0.2264387 0.7488253 0.229232 0.7891582 0.2274771 0.79925 0.0882889 0.9116036 0.0854249 0.9038626 0.08818513 0.9072635 0.08818513 0.9072635 0.0854249 0.9038626 0.08816146 0.9028863 0.08816146 0.9028863 0.0854249 0.9038626 0.0882079 0.8986125 0.0882079 0.8986125 0.0854249 0.9038626 0.0828346 0.8967745 0.0882079 0.8986125 0.0828346 0.8967745 0.0882889 0.8948286 0.6687593 0.8083798 0.6745579 0.8085778 0.667662 0.8112432 0.667662 0.8112432 0.6745579 0.8085778 0.6744329 0.8151413 0.667662 0.8112432 0.6744329 0.8151413 0.6669249 0.8148831 0.6669249 0.8148831 0.6744329 0.8151413 0.6666556 0.8189753 0.6666556 0.8189753 0.6744329 0.8151413 0.6741642 0.8235062 0.6666556 0.8189753 0.6741642 0.8235062 0.666871 0.8232558 0.666871 0.8232558 0.6741642 0.8235062 0.6675469 0.8274976 0.6675469 0.8274976 0.6741642 0.8235062 0.6738223 0.8314675 0.6675469 0.8274976 0.6738223 0.8314675 0.6685711 0.8312869 0.9447594 0.9595792 0.9375616 0.9548871 0.9336878 0.9473055 0.9388561 0.8164051 0.9401361 0.822721 0.9388561 0.931717 0.9388561 0.931717 0.9401361 0.822721 0.9437822 0.828076 0.9388561 0.931717 0.9437822 0.828076 0.949238 0.8316548 0.9336878 0.9473055 0.9341611 0.9388376 0.9447594 0.9595792 0.9447594 0.9595792 0.9341611 0.9388376 0.9388561 0.931717 0.9447594 0.9595792 0.9388561 0.931717 0.9531252 0.9601917 0.9531252 0.9601917 0.9388561 0.931717 0.949238 0.8316548 0.9531252 0.9601917 0.949238 0.8316548 0.9531252 0.8327205 0.676877 0.9390512 0.6767327 0.9444906 0.6703363 0.9439936 0.2743223 0.9822305 0.2757995 0.9802378 0.2807607 0.9823329 0.2757995 0.9802378 0.2743223 0.9822305 0.2699535 0.9776423 0.2721806 0.9835171 0.2699535 0.9776423 0.2743223 0.9822305 0.2699535 0.9776423 0.2652278 0.9818743 0.2639169 0.9797723 0.2672586 0.9833244 0.2652278 0.9818743 0.2699535 0.9776423 0.2332047 0.7446729 0.2332155 0.7480788 0.2316519 0.7482002 0.2315111 0.7425889 0.2333603 0.7415134 0.2332047 0.7446729 0.2333603 0.7415134 0.2315111 0.7425889 0.2336878 0.7387656 0.2336878 0.7387656 0.2315111 0.7425889 0.2314162 0.7381677 0.3984777 0.9701269 0.3961977 0.9684307 0.3990009 0.9680713 0.3990009 0.9680713 0.3961977 0.9684307 0.3996822 0.9654904 0.3996822 0.9654904 0.3961977 0.9684307 0.3961572 0.9638597 0.3996822 0.9654904 0.3961572 0.9638597 0.399993 0.9643535 0.399993 0.9643535 0.3961572 0.9638597 0.4005097 0.9625132 0.4005097 0.9625132 0.3961572 0.9638597 0.3961285 0.9581759 0.4005097 0.9625132 0.3961285 0.9581759 0.4014667 0.9592577 0.3961161 0.9522443 0.4025107 0.9559004 0.3961285 0.9581759 0.3961285 0.9581759 0.4025107 0.9559004 0.4017617 0.9582909 0.3961285 0.9581759 0.4017617 0.9582909 0.4014667 0.9592577 0.2724112 0.9777311 0.2757995 0.9802378 0.2699535 0.9776423 0.2588045 0.9814734 0.2639169 0.9797723 0.2612267 0.9853579 0.2612267 0.9853579 0.2639169 0.9797723 0.2652278 0.9818743 0.2612267 0.9853579 0.2652278 0.9818743 0.2649792 0.9880369 0.2649792 0.9880369 0.2652278 0.9818743 0.2672586 0.9833244 0.2649792 0.9880369 0.2672586 0.9833244 0.2694904 0.9891026 0.2315111 0.7425889 0.2261269 0.7445651 0.2314162 0.7381677 0.2314162 0.7381677 0.2261269 0.7445651 0.2260543 0.7411805 0.3961977 0.9684307 0.3907508 0.9656573 0.3961572 0.9638597 0.3961572 0.9638597 0.3907508 0.9656573 0.3907197 0.9621589 0.3961572 0.9638597 0.3907197 0.9621589 0.3961285 0.9581759 0.3961285 0.9581759 0.3907197 0.9621589 0.3906974 0.9578087 0.3961285 0.9581759 0.3906974 0.9578087 0.3961161 0.9522443 0.2332047 0.7446729 0.2316519 0.7482002 0.2315111 0.7425889 0.2315111 0.7425889 0.2316519 0.7482002 0.2264387 0.7488253 0.2315111 0.7425889 0.2264387 0.7488253 0.2261269 0.7445651 0.2588045 0.9814734 0.257879 0.9769585 0.2645431 0.9773933 0.2588045 0.9814734 0.2645431 0.9773933 0.2639169 0.9797723 0.2639169 0.9797723 0.2645431 0.9773933 0.2699535 0.9776423 0.2724112 0.9777311 0.276387 0.9778413 0.2757995 0.9802378 0.2757995 0.9802378 0.276387 0.9778413 0.2797437 0.9778966 0.2757995 0.9802378 0.2797437 0.9778966 0.2807607 0.9823329 0.2807607 0.9823329 0.2797437 0.9778966 0.2818462 0.9779058 0.6821969 0.9412992 0.6820862 0.9454632 0.6779668 0.9446576 0.2721806 0.9835171 0.2743223 0.9822305 0.2780313 0.986016 0.2780313 0.986016 0.2743223 0.9822305 0.2807607 0.9823329 0.6822419 0.9381601 0.6821969 0.9412992 0.676877 0.9390512 0.676877 0.9390512 0.6821969 0.9412992 0.6779668 0.9446576 0.676877 0.9390512 0.6779668 0.9446576 0.6767327 0.9444906 0.4025482 0.9461616 0.4025422 0.9518725 0.3961161 0.9522443 0.3961161 0.9522443 0.4025422 0.9518725 0.4025482 0.9557828 0.3961161 0.9522443 0.4025482 0.9557828 0.4025107 0.9559004 0.6704929 0.9381057 0.6705566 0.9336661 0.6769358 0.9349492 0.3961216 0.9469681 0.4025482 0.9461616 0.3961161 0.9522443 0.3961216 0.9469681 0.3961161 0.9522443 0.3906881 0.9532688 0.3906881 0.9532688 0.3961161 0.9522443 0.3906974 0.9578087 0.2740737 0.9883931 0.2694904 0.9891026 0.2697001 0.9839015 0.2697001 0.9839015 0.2694904 0.9891026 0.2672586 0.9833244 0.2697001 0.9839015 0.2672586 0.9833244 0.2699535 0.9776423 0.6703363 0.9439936 0.6704929 0.9381057 0.676877 0.9390512 0.676877 0.9390512 0.6704929 0.9381057 0.6769358 0.9349492 0.676877 0.9390512 0.6769358 0.9349492 0.6822419 0.9381601 0.3906925 0.9492307 0.3961216 0.9469681 0.3906881 0.9532688 0.2780313 0.986016 0.2740737 0.9883931 0.2721806 0.9835171 0.2721806 0.9835171 0.2740737 0.9883931 0.2697001 0.9839015 0.2721806 0.9835171 0.2697001 0.9839015 0.2699535 0.9776423 0.8085098 0.3419246 0.8109741 0.3391966 0.8205636 0.3429581 0.8205636 0.3429581 0.8109741 0.3391966 0.8185113 0.3287164 0.8205636 0.3429581 0.8185113 0.3287164 0.8316352 0.3444165 0.8316352 0.3444165 0.8185113 0.3287164 0.8230694 0.3181565 0.8316352 0.3444165 0.8230694 0.3181565 0.8316352 0.2702798 0.8230694 0.3181565 0.8230694 0.2965414 0.8316352 0.2702798 0.8316352 0.2702798 0.8230694 0.2965414 0.8185301 0.2860141 0.8316352 0.2702798 0.8185301 0.2860141 0.8205636 0.2717404 0.8205636 0.2717404 0.8185301 0.2860141 0.8085098 0.2727763 0.9807304 0.05225533 0.9849007 0.0516957 0.9850246 0.05598932 0.05014085 0.900606 0.04811006 0.9020562 0.04410612 0.8985726 0.06262433 0.9060348 0.05926913 0.9060901 0.05868166 0.9036937 0.04811006 0.9020562 0.05014085 0.900606 0.05283659 0.9062892 0.05283659 0.9062892 0.0572046 0.9017009 0.05868166 0.9036937 0.05506277 0.9004139 0.0572046 0.9017009 0.05283659 0.9062892 0.2337432 0.8170394 0.2343997 0.8203709 0.2315704 0.8195211 0.2378339 0.833127 0.237911 0.8333612 0.2379041 0.837044 0.2314795 0.8364124 0.2314933 0.8307285 0.2371274 0.8308964 0.2371274 0.8308964 0.2314933 0.8307285 0.2358819 0.8265417 0.2358819 0.8265417 0.2314933 0.8307285 0.2315254 0.824797 0.2358819 0.8265417 0.2315254 0.824797 0.2353622 0.8245288 0.5017966 0.8046157 0.4996677 0.805679 0.5014888 0.8019891 0.06472551 0.9060261 0.06262433 0.9060348 0.06364011 0.901599 0.06364011 0.901599 0.06262433 0.9060348 0.05868166 0.9036937 0.06364011 0.901599 0.05868166 0.9036937 0.06091082 0.8979154 0.06091082 0.8979154 0.05868166 0.9036937 0.0572046 0.9017009 0.06091082 0.8979154 0.0572046 0.9017009 0.05695325 0.8955383 0.05695325 0.8955383 0.0572046 0.9017009 0.05506277 0.9004139 0.05695325 0.8955383 0.05506277 0.9004139 0.05236995 0.8948288 0.4997003 0.8015771 0.4943414 0.8025002 0.4943661 0.7993606 0.04168373 0.9024571 0.04410612 0.8985726 0.04811006 0.9020562 0.04168373 0.9024571 0.04811006 0.9020562 0.04679894 0.9041586 0.04679894 0.9041586 0.04811006 0.9020562 0.05283659 0.9062892 0.9794864 0.05237472 0.9807304 0.05225533 0.9796479 0.057985 0.9796479 0.057985 0.9807304 0.05225533 0.9850246 0.05598932 0.9796479 0.057985 0.9850246 0.05598932 0.9797596 0.06240671 0.9797596 0.06240671 0.9850246 0.05598932 0.9851101 0.05937349 0.2314854 0.8409833 0.2260593 0.8381709 0.2314795 0.8364124 0.2314795 0.8364124 0.2260593 0.8381709 0.2260543 0.8346722 0.2314795 0.8364124 0.2260543 0.8346722 0.2314933 0.8307285 0.2314933 0.8307285 0.2260543 0.8346722 0.2260652 0.8303221 0.2314933 0.8307285 0.2260652 0.8303221 0.2315254 0.824797 0.05926913 0.9060901 0.05529439 0.9061999 0.05868166 0.9036937 0.05868166 0.9036937 0.05529439 0.9061999 0.05283659 0.9062892 0.2343997 0.8203709 0.2353622 0.8245288 0.2315704 0.8195211 0.2315704 0.8195211 0.2353622 0.8245288 0.2315254 0.824797 0.2315704 0.8195211 0.2315254 0.824797 0.2260894 0.8257824 0.2260894 0.8257824 0.2315254 0.824797 0.2260652 0.8303221 0.04785871 0.8958936 0.05236995 0.8948288 0.05258226 0.9000295 0.05258226 0.9000295 0.05236995 0.8948288 0.05506277 0.9004139 0.05258226 0.9000295 0.05506277 0.9004139 0.05283659 0.9062892 0.05283659 0.9062892 0.0474255 0.9065377 0.04679894 0.9041586 0.04679894 0.9041586 0.0474255 0.9065377 0.04075795 0.9069715 0.04679894 0.9041586 0.04075795 0.9069715 0.04168373 0.9024571 0.4943661 0.7993606 0.4946507 0.7952466 0.4998095 0.7961367 0.4943661 0.7993606 0.4998095 0.7961367 0.4997003 0.8015771 0.4997003 0.8015771 0.4998095 0.7961367 0.5013643 0.7963017 0.4997003 0.8015771 0.5013643 0.7963017 0.5013668 0.7996222 0.2371274 0.8308964 0.2378339 0.833127 0.2314795 0.8364124 0.2314795 0.8364124 0.2378339 0.833127 0.2379041 0.837044 0.2314795 0.8364124 0.2379041 0.837044 0.2314854 0.8409833 0.2314854 0.8409833 0.2379041 0.837044 0.237911 0.8419916 0.9797596 0.06240671 0.9733631 0.06360691 0.9796479 0.057985 0.9796479 0.057985 0.9733631 0.06360691 0.9732421 0.0588212 0.9796479 0.057985 0.9732421 0.0588212 0.9794864 0.05237472 0.9794864 0.05237472 0.9732421 0.0588212 0.9730672 0.05274885 0.5013668 0.7996222 0.5014888 0.8019891 0.4997003 0.8015771 0.4997003 0.8015771 0.5014888 0.8019891 0.4996677 0.805679 0.4997003 0.8015771 0.4996677 0.805679 0.4943414 0.8025002 0.2261239 0.8217443 0.2315704 0.8195211 0.2260894 0.8257824 0.04410612 0.8985726 0.04785871 0.8958936 0.05014085 0.900606 0.05014085 0.900606 0.04785871 0.8958936 0.05258226 0.9000295 0.05014085 0.900606 0.05258226 0.9000295 0.05283659 0.9062892 0.971258 0.167064 0.9765112 0.1669062 0.9701839 0.1706985 0.9701839 0.1706985 0.9765112 0.1669062 0.976774 0.1746189 0.9770319 0.1830688 0.9692482 0.1791173 0.976774 0.1746189 0.976774 0.1746189 0.9692482 0.1791173 0.9694784 0.1748378 0.976774 0.1746189 0.9694784 0.1748378 0.9701839 0.1706985 0.9772167 0.1900264 0.9702813 0.1871052 0.9770319 0.1830688 0.9770319 0.1830688 0.9702813 0.1871052 0.9695214 0.1832945 0.9770319 0.1830688 0.9695214 0.1832945 0.9692482 0.1791173 0.9275735 0.2589495 0.9303718 0.2639051 0.9251803 0.2650415 0.9251803 0.2650415 0.9303718 0.2639051 0.9305812 0.267126 0.9772167 0.1900264 0.9714165 0.1902006 0.9702813 0.1871052 0.9305812 0.2514011 0.930352 0.255776 0.9275735 0.2589495 0.9275735 0.2589495 0.930352 0.255776 0.9302839 0.2599954 0.9275735 0.2589495 0.9302839 0.2599954 0.9303718 0.2639051 0.8959089 0.8304536 0.9012026 0.8164046 0.9155785 0.8164155 0.9155785 0.9494719 0.9012026 0.9494612 0.8958694 0.9352827 0.9155785 0.9494719 0.8958694 0.9352827 0.9155785 0.8164155 0.9155785 0.8164155 0.8958694 0.9352827 0.8905277 0.914528 0.9155785 0.8164155 0.8905277 0.914528 0.8878811 0.8936689 0.8878811 0.8936689 0.8878811 0.8721768 0.9155785 0.8164155 0.9155785 0.8164155 0.8878811 0.8721768 0.8905396 0.8512597 0.9155785 0.8164155 0.8905396 0.8512597 0.8959089 0.8304536 0.4462493 0.8705357 0.4464921 0.8705648 0.4350017 0.9178602 0.4599139 0.8815699 0.460731 0.8848992 0.4533897 0.8808283 0.460731 0.8848992 0.4608842 0.8876092 0.4533897 0.8808283 0.4533897 0.8808283 0.4608842 0.8876092 0.4604254 0.8910725 0.4533897 0.8808283 0.4604254 0.8910725 0.4561762 0.9085634 0.4528062 0.872807 0.4533897 0.8808283 0.4487388 0.8710268 0.4487388 0.8710268 0.4533897 0.8808283 0.4464921 0.8705648 0.4528062 0.872807 0.4545426 0.8740261 0.4533897 0.8808283 0.4533897 0.8808283 0.4545426 0.8740261 0.4577907 0.8774796 0.4533897 0.8808283 0.4577907 0.8774796 0.4599139 0.8815699 0.4680254 0.7455154 0.4722041 0.7458086 0.4659519 0.759017 0.4659519 0.759017 0.4722041 0.7458086 0.4762323 0.7471209 0.4659519 0.759017 0.4762323 0.7471209 0.4462493 0.8705357 0.4568406 0.7508617 0.4599941 0.7481264 0.4659519 0.759017 0.4659519 0.759017 0.4599941 0.7481264 0.463831 0.74629 0.4659519 0.759017 0.463831 0.74629 0.4680254 0.7455154 0.4529498 0.7627404 0.4531684 0.7584579 0.4659519 0.759017 0.4659519 0.759017 0.4531684 0.7584579 0.4544867 0.7544123 0.4659519 0.759017 0.4544867 0.7544123 0.4568406 0.7508617 0.4350017 0.9178602 0.4210221 0.9140164 0.4462493 0.8705357 0.4462493 0.8705357 0.4210221 0.9140164 0.4557896 0.7709093 0.4462493 0.8705357 0.4557896 0.7709093 0.4659519 0.759017 0.4659519 0.759017 0.4557896 0.7709093 0.4538527 0.767017 0.4659519 0.759017 0.4538527 0.767017 0.4529498 0.7627404 0.4464921 0.8705648 0.4533897 0.8808283 0.4350017 0.9178602 0.4350017 0.9178602 0.4533897 0.8808283 0.4561762 0.9085634 0.4350017 0.9178602 0.4561762 0.9085634 0.4555297 0.9232414 0.4555297 0.9232414 0.4561762 0.9085634 0.4668921 0.9214748 0.4555297 0.9232414 0.4668921 0.9214748 0.4762323 0.928378 0.3926257 0.9148701 0.3824555 0.9029797 0.347672 0.759876 0.3824555 0.9029797 0.3926257 0.9148701 0.3805205 0.9068589 0.3811492 0.9194768 0.3798301 0.9154326 0.3926257 0.9148701 0.3926257 0.9148701 0.3798301 0.9154326 0.3796117 0.9111487 0.3926257 0.9148701 0.3796117 0.9111487 0.3805205 0.9068589 0.4029133 0.9267653 0.3988764 0.9280795 0.3926257 0.9148701 0.3926257 0.9148701 0.3988764 0.9280795 0.3946995 0.9283726 0.3926257 0.9148701 0.3946995 0.9283726 0.3905082 0.9275996 0.3905082 0.9275996 0.3866613 0.9257612 0.3926257 0.9148701 0.3926257 0.9148701 0.3866613 0.9257612 0.3835031 0.9230244 0.3926257 0.9148701 0.3835031 0.9230244 0.3811492 0.9194768 0.4029133 0.9267653 0.3926257 0.9148701 0.3729164 0.8033548 0.3729164 0.8033548 0.3926257 0.9148701 0.347672 0.759876 0.3729164 0.8033548 0.347672 0.759876 0.373035 0.8033412 0.373035 0.8033412 0.347672 0.759876 0.3615437 0.7560638 0.373035 0.8033412 0.3615437 0.7560638 0.3754158 0.8028612 0.3862591 0.7931748 0.3845599 0.796275 0.3615437 0.7560638 0.3615437 0.7560638 0.3845599 0.796275 0.382268 0.7989467 0.3615437 0.7560638 0.382268 0.7989467 0.3812236 0.7998566 0.3871023 0.7828185 0.3875615 0.786292 0.3615437 0.7560638 0.3615437 0.7560638 0.3875615 0.786292 0.3872739 0.7898052 0.3615437 0.7560638 0.3872739 0.7898052 0.3862591 0.7931748 0.3812236 0.7998566 0.3794993 0.8010694 0.3615437 0.7560638 0.3615437 0.7560638 0.3794993 0.8010694 0.3763648 0.8025608 0.3615437 0.7560638 0.3763648 0.8025608 0.3754158 0.8028612 0.4029133 0.7455154 0.3935439 0.7524414 0.3821425 0.7506661 0.3821425 0.7506661 0.3935439 0.7524414 0.3849642 0.7622745 0.3821425 0.7506661 0.3849642 0.7622745 0.3615437 0.7560638 0.3615437 0.7560638 0.3849642 0.7622745 0.3828507 0.7653276 0.3615437 0.7560638 0.3828507 0.7653276 0.3871023 0.7828185</float_array>
          <technique_common>
            <accessor source="#f_distal_pst-mesh-map-0-array" count="16122" stride="2">
              <param name="S" type="float"/>
              <param name="T" type="float"/>
            </accessor>
          </technique_common>
        </source>
        <vertices id="f_distal_pst-mesh-vertices">
          <input semantic="POSITION" source="#f_distal_pst-mesh-positions"/>
        </vertices>
        <triangles material="black_spec_005-material" count="5374">
          <input semantic="VERTEX" source="#f_distal_pst-mesh-vertices" offset="0"/>
          <input semantic="NORMAL" source="#f_distal_pst-mesh-normals" offset="1"/>
          <input semantic="TEXCOORD" source="#f_distal_pst-mesh-map-0" offset="2" set="0"/>
          <p>0 0 0 1 0 1 2 0 2 3 1 3 4 1 4 5 1 5 6 2 6 7 2 7 8 2 8 9 3 9 10 3 10 0 3 11 11 4 12 12 4 13 1 4 14 1 5 15 12 5 16 13 5 17 1 6 18 13 6 19 2 6 20 2 7 21 13 7 22 14 7 23 11 8 24 15 8 25 16 8 26 16 9 27 15 9 28 17 9 29 16 10 30 17 10 31 18 10 32 10 11 33 19 11 34 0 11 35 0 12 36 19 12 37 20 12 38 0 13 39 20 13 40 1 13 41 1 14 42 20 14 43 21 14 44 1 15 45 21 15 46 11 15 47 11 16 48 21 16 49 22 16 50 11 17 51 22 17 52 15 17 53 23 18 54 24 18 55 25 18 56 23 19 57 25 19 58 8 19 59 8 20 60 25 20 61 26 20 62 8 21 63 26 21 64 6 21 65 27 22 66 28 22 67 29 22 68 29 23 69 28 23 70 30 23 71 29 24 72 30 24 73 4 24 74 31 25 75 32 25 76 33 25 77 33 26 78 32 26 79 34 26 80 35 27 81 36 27 82 31 27 83 37 28 84 38 28 85 33 28 86 31 29 87 33 29 88 35 29 89 35 30 90 33 30 91 38 30 92 35 31 93 38 31 94 39 31 95 40 32 96 33 32 97 41 32 98 41 33 99 33 33 100 34 33 101 41 34 102 34 34 103 42 34 104 7 35 105 9 35 106 8 35 107 8 36 108 9 36 109 0 36 110 8 37 111 0 37 112 43 37 113 43 38 114 0 38 115 2 38 116 43 39 117 2 39 118 44 39 119 44 40 120 2 40 121 14 40 122 44 41 123 14 41 124 37 41 125 37 42 126 14 42 127 45 42 128 46 43 129 40 43 130 47 43 131 47 44 132 40 44 133 41 44 134 47 45 135 41 45 136 5 45 137 5 46 138 41 46 139 42 46 140 5 47 141 42 47 142 3 47 143 4 48 144 30 48 145 5 48 146 5 49 147 30 49 148 48 49 149 5 50 150 48 50 151 47 50 152 47 51 153 48 51 154 49 51 155 47 52 156 49 52 157 46 52 158 46 53 159 49 53 160 50 53 161 46 54 162 50 54 163 51 54 164 37 55 165 33 55 166 44 55 167 44 56 168 33 56 169 40 56 170 44 57 171 40 57 172 43 57 173 43 58 174 40 58 175 46 58 176 43 59 177 46 59 178 8 59 179 8 60 180 46 60 181 51 60 182 8 61 183 51 61 184 23 61 185 45 62 186 14 62 187 52 62 188 52 63 189 14 63 190 53 63 191 52 64 192 53 64 193 54 64 194 54 65 195 53 65 196 55 65 197 39 66 198 56 66 199 35 66 200 35 67 201 56 67 202 57 67 203 35 68 204 57 68 205 36 68 206 56 69 207 54 69 208 55 69 209 55 70 210 58 70 211 59 70 212 57 69 213 56 69 214 60 69 215 60 71 216 56 71 217 55 71 218 60 72 219 55 72 220 61 72 221 61 69 222 55 69 223 59 69 224 62 73 225 63 73 226 64 73 227 64 74 228 63 74 229 65 74 230 64 75 231 65 75 232 66 75 233 67 76 234 68 76 235 69 76 236 69 74 237 68 74 238 70 74 239 69 73 240 70 73 241 71 73 242 71 77 243 70 77 244 72 77 245 71 78 246 72 78 247 62 78 248 62 79 249 72 79 250 73 79 251 62 77 252 73 77 253 63 77 254 74 80 255 75 80 256 76 80 257 77 81 258 78 81 259 79 81 260 80 82 261 81 82 262 82 82 263 83 83 264 84 83 265 85 83 266 86 84 267 87 84 268 88 84 269 89 85 270 90 85 271 91 85 272 92 86 273 93 86 274 94 86 275 95 87 276 96 87 277 97 87 278 97 88 279 98 88 280 95 88 281 95 89 282 98 89 283 92 89 284 95 90 285 92 90 286 99 90 287 99 91 288 92 91 289 94 91 290 99 92 291 94 92 292 100 92 293 101 93 294 102 93 295 103 93 296 104 94 297 105 94 298 106 94 299 107 95 300 106 95 301 108 95 302 108 96 303 106 96 304 105 96 305 108 97 306 105 97 307 109 97 308 110 98 309 111 98 310 112 98 311 112 99 312 111 99 313 113 99 314 114 100 315 115 100 316 116 100 317 116 101 318 115 101 319 117 101 320 118 102 321 119 102 322 114 102 323 114 103 324 116 103 325 118 103 326 118 104 327 116 104 328 120 104 329 118 105 330 120 105 331 121 105 332 121 106 333 120 106 334 122 106 335 122 107 336 120 107 337 123 107 338 122 108 339 123 108 340 124 108 341 76 109 342 75 109 343 123 109 344 124 110 345 123 110 346 125 110 347 125 111 348 123 111 349 75 111 350 125 112 351 75 112 352 126 112 353 126 113 354 75 113 355 127 113 356 127 114 357 75 114 358 74 114 359 127 115 360 74 115 361 128 115 362 129 116 363 130 116 364 131 116 365 131 117 366 130 117 367 132 117 368 133 118 369 134 118 370 135 118 371 136 119 372 137 119 373 138 119 374 139 120 375 90 120 376 140 120 377 140 121 378 90 121 379 89 121 380 140 122 381 89 122 382 141 122 383 141 123 384 89 123 385 142 123 386 141 124 387 142 124 388 143 124 389 143 125 390 142 125 391 144 125 392 145 126 393 136 126 394 146 126 395 146 127 396 136 127 397 138 127 398 146 128 399 138 128 400 147 128 401 147 129 402 138 129 403 148 129 404 147 130 405 148 130 406 149 130 407 149 131 408 148 131 409 150 131 410 149 132 411 150 132 412 151 132 413 151 133 414 150 133 415 152 133 416 151 134 417 152 134 418 153 134 419 137 135 420 144 135 421 138 135 422 138 136 423 144 136 424 142 136 425 138 137 426 142 137 427 148 137 428 148 138 429 142 138 430 89 138 431 148 139 432 89 139 433 150 139 434 150 140 435 89 140 436 91 140 437 150 141 438 91 141 439 152 141 440 154 142 441 155 142 442 156 142 443 156 143 444 155 143 445 157 143 446 156 144 447 157 144 448 158 144 449 158 145 450 157 145 451 159 145 452 158 146 453 159 146 454 160 146 455 160 147 456 159 147 457 161 147 458 160 148 459 161 148 460 162 148 461 162 149 462 161 149 463 163 149 464 162 150 465 163 150 466 164 150 467 164 151 468 163 151 469 165 151 470 164 152 471 165 152 472 166 152 473 166 153 474 165 153 475 167 153 476 166 154 477 167 154 478 168 154 479 168 155 480 167 155 481 169 155 482 168 156 483 169 156 484 170 156 485 170 157 486 169 157 487 171 157 488 81 158 489 77 158 490 82 158 491 82 159 492 77 159 493 79 159 494 82 160 495 79 160 496 172 160 497 172 161 498 79 161 499 173 161 500 172 162 501 173 162 502 174 162 503 174 163 504 173 163 505 175 163 506 174 164 507 175 164 508 176 164 509 176 165 510 175 165 511 177 165 512 176 166 513 177 166 514 178 166 515 178 167 516 177 167 517 179 167 518 178 168 519 179 168 520 180 168 521 180 169 522 179 169 523 181 169 524 180 170 525 181 170 526 182 170 527 78 171 528 145 171 529 79 171 530 79 172 531 145 172 532 146 172 533 79 173 534 146 173 535 173 173 536 173 174 537 146 174 538 147 174 539 173 175 540 147 175 541 175 175 542 175 176 543 147 176 544 149 176 545 175 177 546 149 177 547 177 177 548 177 178 549 149 178 550 151 178 551 177 179 552 151 179 553 179 179 554 179 180 555 151 180 556 153 180 557 179 181 558 153 181 559 181 181 560 183 182 561 184 182 562 185 182 563 185 183 564 184 183 565 186 183 566 185 184 567 186 184 568 187 184 569 187 185 570 186 185 571 188 185 572 187 186 573 188 186 574 189 186 575 189 187 576 188 187 577 190 187 578 189 188 579 190 188 580 191 188 581 191 189 582 190 189 583 192 189 584 191 190 585 192 190 586 193 190 587 193 191 588 192 191 589 194 191 590 193 192 591 194 192 592 195 192 593 195 193 594 194 193 595 196 193 596 197 194 597 133 194 598 198 194 599 198 195 600 133 195 601 135 195 602 198 196 603 135 196 604 199 196 605 199 197 606 135 197 607 200 197 608 199 198 609 200 198 610 201 198 611 201 199 612 200 199 613 202 199 614 201 200 615 202 200 616 203 200 617 203 201 618 202 201 619 204 201 620 203 202 621 204 202 622 205 202 623 205 203 624 204 203 625 206 203 626 205 204 627 206 204 628 207 204 629 207 205 630 206 205 631 208 205 632 207 206 633 208 206 634 209 206 635 209 207 636 208 207 637 210 207 638 209 208 639 210 208 640 86 208 641 86 209 642 210 209 643 211 209 644 86 210 645 211 210 646 87 210 647 134 211 648 80 211 649 135 211 650 135 212 651 80 212 652 82 212 653 135 213 654 82 213 655 200 213 656 200 214 657 82 214 658 172 214 659 200 215 660 172 215 661 202 215 662 202 216 663 172 216 664 174 216 665 202 217 666 174 217 667 204 217 668 204 218 669 174 218 670 176 218 671 204 219 672 176 219 673 206 219 674 206 220 675 176 220 676 178 220 677 206 221 678 178 221 679 208 221 680 208 222 681 178 222 682 180 222 683 208 223 684 180 223 685 210 223 686 210 224 687 180 224 688 182 224 689 210 225 690 182 225 691 211 225 692 84 226 693 212 226 694 85 226 695 85 227 696 212 227 697 213 227 698 85 228 699 213 228 700 214 228 701 214 229 702 213 229 703 215 229 704 214 230 705 215 230 706 216 230 707 216 231 708 215 231 709 217 231 710 216 232 711 217 232 712 218 232 713 218 233 714 217 233 715 219 233 716 220 234 717 221 234 718 222 234 719 222 235 720 221 235 721 223 235 722 222 236 723 223 236 724 224 236 725 224 237 726 223 237 727 225 237 728 224 238 729 225 238 730 226 238 731 226 239 732 225 239 733 227 239 734 226 240 735 227 240 736 228 240 737 228 241 738 227 241 739 229 241 740 228 242 741 229 242 742 230 242 743 230 243 744 229 243 745 231 243 746 230 244 747 231 244 748 232 244 749 232 245 750 231 245 751 233 245 752 232 246 753 233 246 754 234 246 755 234 247 756 233 247 757 235 247 758 234 248 759 235 248 760 236 248 761 236 249 762 235 249 763 237 249 764 236 250 765 237 250 766 238 250 767 238 251 768 237 251 769 239 251 770 238 252 771 239 252 772 240 252 773 241 253 774 240 253 775 88 253 776 88 254 777 240 254 778 239 254 779 88 255 780 239 255 781 86 255 782 86 256 783 239 256 784 237 256 785 86 257 786 237 257 787 209 257 788 209 258 789 237 258 790 235 258 791 209 259 792 235 259 793 207 259 794 207 260 795 235 260 796 233 260 797 207 261 798 233 261 799 205 261 800 205 262 801 233 262 802 231 262 803 205 263 804 231 263 805 203 263 806 203 264 807 231 264 808 229 264 809 203 265 810 229 265 811 201 265 812 201 266 813 229 266 814 227 266 815 201 267 816 227 267 817 199 267 818 199 268 819 227 268 820 225 268 821 199 269 822 225 269 823 198 269 824 198 270 825 225 270 826 223 270 827 198 271 828 223 271 829 197 271 830 197 272 831 223 272 832 221 272 833 212 273 834 128 273 835 213 273 836 213 274 837 128 274 838 74 274 839 213 275 840 74 275 841 215 275 842 215 276 843 74 276 844 76 276 845 215 277 846 76 277 847 217 277 848 217 278 849 76 278 850 123 278 851 217 279 852 123 279 853 219 279 854 219 280 855 123 280 856 120 280 857 219 281 858 120 281 859 242 281 860 242 282 861 120 282 862 116 282 863 242 283 864 116 283 865 112 283 866 112 284 867 116 284 868 117 284 869 112 285 870 117 285 871 110 285 872 184 286 873 83 286 874 186 286 875 186 287 876 83 287 877 85 287 878 186 288 879 85 288 880 188 288 881 188 289 882 85 289 883 214 289 884 188 290 885 214 290 886 190 290 887 190 291 888 214 291 889 216 291 890 190 292 891 216 292 892 192 292 893 192 293 894 216 293 895 218 293 896 192 294 897 218 294 898 194 294 899 194 295 900 218 295 901 219 295 902 194 296 903 219 296 904 196 296 905 196 297 906 219 297 907 242 297 908 196 298 909 242 298 910 104 298 911 104 299 912 242 299 913 112 299 914 104 300 915 112 300 916 105 300 917 105 301 918 112 301 919 113 301 920 105 302 921 113 302 922 109 302 923 155 303 924 183 303 925 157 303 926 157 304 927 183 304 928 185 304 929 157 305 930 185 305 931 159 305 932 159 306 933 185 306 934 187 306 935 159 307 936 187 307 937 161 307 938 161 308 939 187 308 940 189 308 941 161 309 942 189 309 943 163 309 944 163 310 945 189 310 946 191 310 947 163 311 948 191 311 949 165 311 950 165 312 951 191 312 952 193 312 953 165 313 954 193 313 955 167 313 956 167 314 957 193 314 958 195 314 959 167 315 960 195 315 961 169 315 962 169 316 963 195 316 964 196 316 965 169 317 966 196 317 967 171 317 968 171 318 969 196 318 970 104 318 971 171 319 972 104 319 973 101 319 974 101 320 975 104 320 976 106 320 977 101 321 978 106 321 979 102 321 980 131 322 981 154 322 982 129 322 983 129 323 984 154 323 985 156 323 986 129 324 987 156 324 988 243 324 989 243 325 990 156 325 991 158 325 992 243 326 993 158 326 994 244 326 995 244 327 996 158 327 997 160 327 998 244 328 999 160 328 1000 245 328 1001 245 329 1002 160 329 1003 162 329 1004 245 330 1005 162 330 1006 246 330 1007 246 331 1008 162 331 1009 164 331 1010 246 332 1011 164 332 1012 247 332 1013 247 333 1014 164 333 1015 166 333 1016 247 334 1017 166 334 1018 248 334 1019 248 335 1020 166 335 1021 168 335 1022 248 336 1023 168 336 1024 249 336 1025 249 337 1026 168 337 1027 170 337 1028 249 338 1029 170 338 1030 250 338 1031 250 339 1032 170 339 1033 171 339 1034 250 340 1035 171 340 1036 99 340 1037 99 341 1038 171 341 1039 101 341 1040 99 342 1041 101 342 1042 95 342 1043 95 343 1044 101 343 1045 103 343 1046 95 344 1047 103 344 1048 96 344 1049 251 345 1050 252 345 1051 253 345 1052 253 346 1053 252 346 1054 132 346 1055 253 347 1056 132 347 1057 241 347 1058 241 348 1059 132 348 1060 130 348 1061 241 349 1062 130 349 1063 240 349 1064 240 350 1065 130 350 1066 129 350 1067 240 351 1068 129 351 1069 238 351 1070 238 352 1071 129 352 1072 243 352 1073 238 353 1074 243 353 1075 236 353 1076 236 354 1077 243 354 1078 244 354 1079 236 355 1080 244 355 1081 234 355 1082 234 356 1083 244 356 1084 245 356 1085 234 357 1086 245 357 1087 232 357 1088 232 358 1089 245 358 1090 246 358 1091 232 359 1092 246 359 1093 230 359 1094 230 360 1095 246 360 1096 247 360 1097 230 361 1098 247 361 1099 228 361 1100 228 362 1101 247 362 1102 248 362 1103 228 363 1104 248 363 1105 226 363 1106 226 364 1107 248 364 1108 249 364 1109 226 365 1110 249 365 1111 224 365 1112 224 366 1113 249 366 1114 250 366 1115 224 367 1116 250 367 1117 222 367 1118 222 368 1119 250 368 1120 99 368 1121 222 369 1122 99 369 1123 220 369 1124 220 370 1125 99 370 1126 100 370 1127 254 371 1128 255 371 1129 253 371 1130 253 372 1131 255 372 1132 251 372 1133 254 373 1134 253 373 1135 256 373 1136 256 374 1137 253 374 1138 241 374 1139 256 375 1140 241 375 1141 257 375 1142 257 376 1143 241 376 1144 88 376 1145 257 377 1146 88 377 1147 258 377 1148 258 378 1149 88 378 1150 87 378 1151 258 379 1152 87 379 1153 259 379 1154 87 380 1155 211 380 1156 259 380 1157 259 381 1158 211 381 1159 182 381 1160 259 382 1161 182 382 1162 260 382 1163 260 383 1164 182 383 1165 181 383 1166 260 384 1167 181 384 1168 261 384 1169 261 385 1170 181 385 1171 153 385 1172 261 386 1173 153 386 1174 262 386 1175 262 387 1176 153 387 1177 152 387 1178 262 388 1179 152 388 1180 263 388 1181 263 389 1182 152 389 1183 91 389 1184 263 390 1185 91 390 1186 264 390 1187 264 391 1188 91 391 1189 90 391 1190 264 392 1191 90 392 1192 265 392 1193 265 393 1194 90 393 1195 139 393 1196 266 394 1197 267 394 1198 268 394 1199 269 395 1200 255 395 1201 270 395 1202 270 396 1203 255 396 1204 271 396 1205 271 397 1206 272 397 1207 270 397 1208 270 398 1209 272 398 1210 273 398 1211 270 399 1212 273 399 1213 274 399 1214 273 400 1215 275 400 1216 274 400 1217 274 401 1218 275 401 1219 276 401 1220 274 402 1221 276 402 1222 277 402 1223 276 403 1224 278 403 1225 277 403 1226 277 404 1227 278 404 1228 279 404 1229 277 405 1230 279 405 1231 280 405 1232 281 406 1233 282 406 1234 283 406 1235 283 407 1236 282 407 1237 280 407 1238 283 408 1239 280 408 1240 284 408 1241 284 409 1242 280 409 1243 279 409 1244 281 410 1245 285 410 1246 282 410 1247 282 411 1248 285 411 1249 286 411 1250 282 412 1251 286 412 1252 287 412 1253 286 413 1254 288 413 1255 287 413 1256 287 414 1257 288 414 1258 289 414 1259 287 415 1260 289 415 1261 268 415 1262 268 416 1263 289 416 1264 290 416 1265 268 394 1266 290 394 1267 266 394 1268 269 417 1269 291 417 1270 255 417 1271 255 418 1272 291 418 1273 251 418 1274 121 419 1275 292 419 1276 118 419 1277 118 420 1278 292 420 1279 293 420 1280 118 421 1281 293 421 1282 119 421 1283 121 422 1284 122 422 1285 292 422 1286 292 423 1287 122 423 1288 124 423 1289 292 424 1290 124 424 1291 294 424 1292 124 425 1293 125 425 1294 294 425 1295 294 426 1296 125 426 1297 126 426 1298 294 427 1299 126 427 1300 295 427 1301 295 428 1302 126 428 1303 127 428 1304 295 429 1305 127 429 1306 128 429 1307 128 430 1308 212 430 1309 295 430 1310 295 431 1311 212 431 1312 84 431 1313 295 432 1314 84 432 1315 296 432 1316 84 433 1317 83 433 1318 296 433 1319 296 434 1320 83 434 1321 184 434 1322 296 435 1323 184 435 1324 297 435 1325 184 436 1326 183 436 1327 297 436 1328 297 437 1329 183 437 1330 155 437 1331 297 438 1332 155 438 1333 298 438 1334 132 439 1335 299 439 1336 131 439 1337 131 440 1338 299 440 1339 298 440 1340 131 441 1341 298 441 1342 154 441 1343 154 442 1344 298 442 1345 155 442 1346 132 443 1347 252 443 1348 299 443 1349 299 444 1350 252 444 1351 251 444 1352 299 445 1353 251 445 1354 291 445 1355 300 446 1356 301 446 1357 302 446 1358 303 447 1359 304 447 1360 305 447 1361 305 448 1362 304 448 1363 306 448 1364 305 449 1365 306 449 1366 307 449 1367 307 450 1368 306 450 1369 300 450 1370 307 451 1371 300 451 1372 308 451 1373 308 452 1374 300 452 1375 302 452 1376 308 453 1377 302 453 1378 309 453 1379 309 454 1380 310 454 1381 308 454 1382 308 455 1383 310 455 1384 119 455 1385 308 456 1386 119 456 1387 293 456 1388 311 457 1389 312 457 1390 313 457 1391 313 458 1392 312 458 1393 314 458 1394 315 459 1395 303 459 1396 311 459 1397 311 460 1398 303 460 1399 316 460 1400 311 461 1401 316 461 1402 312 461 1403 317 462 1404 301 462 1405 318 462 1406 318 463 1407 301 463 1408 300 463 1409 318 464 1410 300 464 1411 319 464 1412 319 465 1413 300 465 1414 306 465 1415 319 466 1416 306 466 1417 315 466 1418 315 467 1419 306 467 1420 304 467 1421 315 468 1422 304 468 1423 303 468 1424 320 469 1425 321 469 1426 322 469 1427 323 470 1428 324 470 1429 325 470 1430 326 471 1431 327 471 1432 328 471 1433 329 472 1434 317 472 1435 318 472 1436 330 473 1437 331 473 1438 332 473 1439 333 474 1440 314 474 1441 334 474 1442 334 475 1443 314 475 1444 335 475 1445 334 476 1446 335 476 1447 336 476 1448 327 477 1449 329 477 1450 328 477 1451 328 478 1452 329 478 1453 318 478 1454 328 479 1455 318 479 1456 337 479 1457 337 480 1458 318 480 1459 319 480 1460 337 481 1461 319 481 1462 338 481 1463 338 482 1464 319 482 1465 315 482 1466 338 483 1467 315 483 1468 339 483 1469 339 484 1470 315 484 1471 311 484 1472 339 485 1473 311 485 1474 333 485 1475 333 486 1476 311 486 1477 313 486 1478 333 487 1479 313 487 1480 314 487 1481 322 488 1482 340 488 1483 341 488 1484 340 489 1485 322 489 1486 342 489 1487 342 490 1488 322 490 1489 321 490 1490 342 491 1491 321 491 1492 18 491 1493 320 492 1494 322 492 1495 343 492 1496 343 493 1497 322 493 1498 344 493 1499 343 494 1500 344 494 1501 345 494 1502 345 495 1503 344 495 1504 346 495 1505 345 496 1506 346 496 1507 347 496 1508 347 497 1509 346 497 1510 348 497 1511 348 498 1512 346 498 1513 349 498 1514 348 499 1515 349 499 1516 350 499 1517 350 500 1518 349 500 1519 351 500 1520 350 501 1521 351 501 1522 352 501 1523 352 502 1524 351 502 1525 353 502 1526 353 503 1527 351 503 1528 330 503 1529 353 504 1530 330 504 1531 354 504 1532 354 505 1533 330 505 1534 332 505 1535 354 506 1536 332 506 1537 355 506 1538 336 507 1539 356 507 1540 334 507 1541 334 508 1542 356 508 1543 357 508 1544 334 509 1545 357 509 1546 333 509 1547 333 510 1548 357 510 1549 358 510 1550 333 511 1551 358 511 1552 339 511 1553 339 512 1554 358 512 1555 359 512 1556 339 513 1557 359 513 1558 338 513 1559 338 514 1560 359 514 1561 360 514 1562 338 515 1563 360 515 1564 337 515 1565 337 516 1566 360 516 1567 361 516 1568 337 517 1569 361 517 1570 328 517 1571 328 518 1572 361 518 1573 325 518 1574 328 519 1575 325 519 1576 326 519 1577 326 520 1578 325 520 1579 324 520 1580 356 521 1581 331 521 1582 357 521 1583 357 522 1584 331 522 1585 330 522 1586 357 523 1587 330 523 1588 358 523 1589 358 524 1590 330 524 1591 351 524 1592 358 525 1593 351 525 1594 359 525 1595 359 526 1596 351 526 1597 349 526 1598 359 527 1599 349 527 1600 360 527 1601 360 528 1602 349 528 1603 346 528 1604 360 529 1605 346 529 1606 361 529 1607 361 530 1608 346 530 1609 344 530 1610 361 531 1611 344 531 1612 325 531 1613 325 532 1614 344 532 1615 322 532 1616 325 533 1617 322 533 1618 323 533 1619 323 534 1620 322 534 1621 341 534 1622 113 535 1623 111 535 1624 362 535 1625 362 536 1626 111 536 1627 110 536 1628 362 537 1629 110 537 1630 310 537 1631 310 538 1632 110 538 1633 117 538 1634 117 539 1635 115 539 1636 310 539 1637 310 540 1638 115 540 1639 114 540 1640 310 541 1641 114 541 1642 119 541 1643 113 542 1644 362 542 1645 109 542 1646 109 543 1647 362 543 1648 363 543 1649 109 544 1650 363 544 1651 108 544 1652 363 545 1653 364 545 1654 108 545 1655 108 546 1656 364 546 1657 365 546 1658 108 547 1659 365 547 1660 107 547 1661 107 548 1662 365 548 1663 366 548 1664 107 549 1665 366 549 1666 367 549 1667 367 550 1668 368 550 1669 107 550 1670 107 551 1671 368 551 1672 369 551 1673 107 552 1674 369 552 1675 370 552 1676 370 553 1677 369 553 1678 371 553 1679 370 554 1680 371 554 1681 372 554 1682 373 555 1683 374 555 1684 375 555 1685 97 556 1686 375 556 1687 98 556 1688 106 557 1689 107 557 1690 370 557 1691 97 558 1692 96 558 1693 372 558 1694 372 559 1695 96 559 1696 103 559 1697 372 560 1698 103 560 1699 370 560 1700 370 561 1701 103 561 1702 102 561 1703 370 562 1704 102 562 1705 106 562 1706 374 563 1707 93 563 1708 375 563 1709 375 564 1710 93 564 1711 92 564 1712 375 565 1713 92 565 1714 98 565 1715 97 566 1716 372 566 1717 375 566 1718 375 567 1719 372 567 1720 376 567 1721 375 568 1722 376 568 1723 373 568 1724 377 569 1725 378 569 1726 379 569 1727 100 570 1728 94 570 1729 380 570 1730 381 571 1731 382 571 1732 383 571 1733 384 572 1734 385 572 1735 386 572 1736 387 573 1737 388 573 1738 389 573 1739 390 574 1740 391 574 1741 392 574 1742 393 575 1743 394 575 1744 395 575 1745 396 576 1746 397 576 1747 398 576 1748 139 577 1749 140 577 1750 399 577 1751 399 578 1752 140 578 1753 400 578 1754 399 579 1755 400 579 1756 401 579 1757 401 580 1758 400 580 1759 402 580 1760 403 581 1761 404 581 1762 381 581 1763 381 582 1764 404 582 1765 405 582 1766 381 583 1767 405 583 1768 382 583 1769 382 584 1770 405 584 1771 406 584 1772 382 585 1773 406 585 1774 407 585 1775 408 586 1776 409 586 1777 410 586 1778 410 587 1779 409 587 1780 411 587 1781 412 588 1782 413 588 1783 414 588 1784 414 589 1785 413 589 1786 415 589 1787 388 590 1788 387 590 1789 416 590 1790 416 591 1791 387 591 1792 417 591 1793 416 592 1794 417 592 1795 418 592 1796 418 593 1797 417 593 1798 419 593 1799 418 594 1800 419 594 1801 392 594 1802 392 595 1803 419 595 1804 420 595 1805 392 596 1806 420 596 1807 390 596 1808 385 597 1809 384 597 1810 421 597 1811 422 598 1812 378 598 1813 423 598 1814 423 599 1815 378 599 1816 377 599 1817 423 600 1818 377 600 1819 424 600 1820 425 601 1821 403 601 1822 426 601 1823 426 602 1824 403 602 1825 381 602 1826 426 603 1827 381 603 1828 427 603 1829 427 604 1830 381 604 1831 383 604 1832 427 605 1833 383 605 1834 428 605 1835 422 606 1836 429 606 1837 378 606 1838 378 607 1839 429 607 1840 430 607 1841 378 608 1842 430 608 1843 379 608 1844 379 609 1845 430 609 1846 431 609 1847 379 610 1848 431 610 1849 432 610 1850 432 611 1851 431 611 1852 433 611 1853 432 612 1854 433 612 1855 434 612 1856 434 613 1857 433 613 1858 435 613 1859 434 614 1860 435 614 1861 436 614 1862 436 615 1863 435 615 1864 437 615 1865 436 616 1866 437 616 1867 438 616 1868 438 617 1869 437 617 1870 439 617 1871 438 618 1872 439 618 1873 440 618 1874 440 619 1875 439 619 1876 441 619 1877 440 620 1878 441 620 1879 428 620 1880 428 621 1881 441 621 1882 442 621 1883 428 622 1884 442 622 1885 427 622 1886 427 623 1887 442 623 1888 443 623 1889 427 624 1890 443 624 1891 426 624 1892 426 625 1893 443 625 1894 411 625 1895 426 626 1896 411 626 1897 425 626 1898 425 627 1899 411 627 1900 409 627 1901 430 628 1902 386 628 1903 431 628 1904 431 629 1905 386 629 1906 385 629 1907 431 630 1908 385 630 1909 433 630 1910 433 631 1911 385 631 1912 421 631 1913 433 632 1914 421 632 1915 435 632 1916 435 633 1917 421 633 1918 444 633 1919 435 634 1920 444 634 1921 437 634 1922 437 635 1923 444 635 1924 445 635 1925 437 636 1926 445 636 1927 439 636 1928 439 637 1929 445 637 1930 446 637 1931 439 638 1932 446 638 1933 441 638 1934 441 639 1935 446 639 1936 447 639 1937 441 640 1938 447 640 1939 442 640 1940 442 641 1941 447 641 1942 448 641 1943 442 642 1944 448 642 1945 443 642 1946 443 643 1947 448 643 1948 414 643 1949 443 644 1950 414 644 1951 411 644 1952 411 645 1953 414 645 1954 415 645 1955 411 646 1956 415 646 1957 410 646 1958 384 647 1959 449 647 1960 421 647 1961 421 648 1962 449 648 1963 389 648 1964 421 649 1965 389 649 1966 444 649 1967 444 650 1968 389 650 1969 388 650 1970 444 651 1971 388 651 1972 445 651 1973 445 652 1974 388 652 1975 416 652 1976 445 653 1977 416 653 1978 446 653 1979 446 654 1980 416 654 1981 418 654 1982 446 655 1983 418 655 1984 447 655 1985 447 656 1986 418 656 1987 392 656 1988 447 657 1989 392 657 1990 448 657 1991 448 658 1992 392 658 1993 391 658 1994 448 659 1995 391 659 1996 414 659 1997 414 660 1998 391 660 1999 390 660 2000 414 661 2001 390 661 2002 412 661 2003 220 662 2004 450 662 2005 221 662 2006 221 663 2007 450 663 2008 451 663 2009 221 664 2010 451 664 2011 197 664 2012 197 665 2013 451 665 2014 452 665 2015 197 666 2016 452 666 2017 133 666 2018 133 667 2019 452 667 2020 453 667 2021 133 668 2022 453 668 2023 134 668 2024 134 669 2025 453 669 2026 454 669 2027 140 670 2028 141 670 2029 400 670 2030 400 671 2031 141 671 2032 143 671 2033 400 672 2034 143 672 2035 455 672 2036 456 673 2037 145 673 2038 457 673 2039 457 674 2040 145 674 2041 78 674 2042 143 675 2043 144 675 2044 455 675 2045 455 676 2046 144 676 2047 137 676 2048 455 677 2049 137 677 2050 456 677 2051 456 678 2052 137 678 2053 136 678 2054 456 679 2055 136 679 2056 145 679 2057 78 680 2058 77 680 2059 457 680 2060 457 681 2061 77 681 2062 81 681 2063 457 682 2064 81 682 2065 454 682 2066 454 683 2067 81 683 2068 80 683 2069 454 684 2070 80 684 2071 134 684 2072 94 685 2073 93 685 2074 380 685 2075 380 686 2076 93 686 2077 458 686 2078 380 687 2079 458 687 2080 459 687 2081 459 688 2082 458 688 2083 460 688 2084 459 689 2085 460 689 2086 461 689 2087 461 690 2088 460 690 2089 462 690 2090 461 691 2091 462 691 2092 463 691 2093 463 692 2094 462 692 2095 464 692 2096 463 693 2097 464 693 2098 465 693 2099 465 694 2100 464 694 2101 466 694 2102 465 695 2103 466 695 2104 467 695 2105 467 696 2106 466 696 2107 468 696 2108 467 697 2109 468 697 2110 469 697 2111 469 698 2112 468 698 2113 470 698 2114 469 699 2115 470 699 2116 471 699 2117 471 700 2118 470 700 2119 472 700 2120 471 701 2121 472 701 2122 473 701 2123 473 702 2124 472 702 2125 474 702 2126 473 703 2127 474 703 2128 398 703 2129 398 704 2130 474 704 2131 395 704 2132 398 705 2133 395 705 2134 396 705 2135 396 706 2136 395 706 2137 394 706 2138 397 707 2139 402 707 2140 398 707 2141 398 708 2142 402 708 2143 400 708 2144 398 709 2145 400 709 2146 473 709 2147 473 710 2148 400 710 2149 455 710 2150 473 711 2151 455 711 2152 471 711 2153 471 712 2154 455 712 2155 456 712 2156 471 713 2157 456 713 2158 469 713 2159 469 714 2160 456 714 2161 457 714 2162 469 715 2163 457 715 2164 467 715 2165 467 716 2166 457 716 2167 454 716 2168 467 717 2169 454 717 2170 465 717 2171 465 718 2172 454 718 2173 453 718 2174 465 719 2175 453 719 2176 463 719 2177 463 720 2178 453 720 2179 452 720 2180 463 721 2181 452 721 2182 461 721 2183 461 722 2184 452 722 2185 451 722 2186 461 723 2187 451 723 2188 459 723 2189 459 724 2190 451 724 2191 450 724 2192 459 725 2193 450 725 2194 380 725 2195 380 726 2196 450 726 2197 220 726 2198 380 727 2199 220 727 2200 100 727 2201 407 728 2202 393 728 2203 382 728 2204 382 729 2205 393 729 2206 395 729 2207 382 730 2208 395 730 2209 383 730 2210 383 731 2211 395 731 2212 474 731 2213 383 732 2214 474 732 2215 428 732 2216 428 733 2217 474 733 2218 472 733 2219 428 734 2220 472 734 2221 440 734 2222 440 735 2223 472 735 2224 470 735 2225 440 736 2226 470 736 2227 438 736 2228 438 737 2229 470 737 2230 468 737 2231 438 738 2232 468 738 2233 436 738 2234 436 739 2235 468 739 2236 466 739 2237 436 740 2238 466 740 2239 434 740 2240 434 741 2241 466 741 2242 464 741 2243 434 742 2244 464 742 2245 432 742 2246 432 743 2247 464 743 2248 462 743 2249 432 744 2250 462 744 2251 379 744 2252 379 745 2253 462 745 2254 460 745 2255 379 746 2256 460 746 2257 377 746 2258 377 747 2259 460 747 2260 458 747 2261 377 748 2262 458 748 2263 424 748 2264 424 749 2265 458 749 2266 93 749 2267 424 750 2268 93 750 2269 374 750 2270 475 751 2271 476 751 2272 407 751 2273 265 752 2274 139 752 2275 477 752 2276 477 753 2277 139 753 2278 399 753 2279 477 754 2280 399 754 2281 478 754 2282 478 755 2283 399 755 2284 401 755 2285 478 756 2286 401 756 2287 479 756 2288 479 757 2289 401 757 2290 402 757 2291 479 758 2292 402 758 2293 480 758 2294 480 759 2295 402 759 2296 397 759 2297 480 760 2298 397 760 2299 481 760 2300 481 761 2301 397 761 2302 396 761 2303 481 762 2304 396 762 2305 482 762 2306 482 763 2307 396 763 2308 394 763 2309 482 764 2310 394 764 2311 476 764 2312 476 765 2313 394 765 2314 393 765 2315 476 766 2316 393 766 2317 407 766 2318 408 767 2319 483 767 2320 409 767 2321 409 768 2322 483 768 2323 484 768 2324 409 769 2325 484 769 2326 425 769 2327 425 770 2328 484 770 2329 485 770 2330 425 771 2331 485 771 2332 403 771 2333 403 772 2334 485 772 2335 486 772 2336 403 773 2337 486 773 2338 404 773 2339 404 774 2340 486 774 2341 487 774 2342 404 775 2343 487 775 2344 405 775 2345 405 776 2346 487 776 2347 475 776 2348 405 777 2349 475 777 2350 406 777 2351 406 778 2352 475 778 2353 407 778 2354 488 779 2355 489 779 2356 490 779 2357 491 780 2358 492 780 2359 493 780 2360 494 781 2361 495 781 2362 496 781 2363 479 782 2364 480 782 2365 497 782 2366 475 783 2367 487 783 2368 498 783 2369 486 784 2370 485 784 2371 499 784 2372 500 785 2373 501 785 2374 502 785 2375 503 786 2376 504 786 2377 505 786 2378 506 787 2379 507 787 2380 508 787 2381 508 788 2382 507 788 2383 509 788 2384 508 789 2385 509 789 2386 510 789 2387 510 790 2388 509 790 2389 511 790 2390 510 791 2391 511 791 2392 512 791 2393 512 792 2394 511 792 2395 503 792 2396 512 793 2397 503 793 2398 513 793 2399 513 794 2400 503 794 2401 505 794 2402 514 795 2403 515 795 2404 516 795 2405 516 796 2406 515 796 2407 517 796 2408 516 797 2409 517 797 2410 518 797 2411 500 798 2412 502 798 2413 519 798 2414 519 799 2415 502 799 2416 520 799 2417 519 800 2418 520 800 2419 521 800 2420 521 801 2421 520 801 2422 522 801 2423 521 802 2424 522 802 2425 523 802 2426 523 803 2427 522 803 2428 524 803 2429 523 804 2430 524 804 2431 525 804 2432 525 805 2433 524 805 2434 526 805 2435 525 806 2436 526 806 2437 527 806 2438 527 807 2439 526 807 2440 528 807 2441 528 808 2442 526 808 2443 529 808 2444 528 809 2445 529 809 2446 530 809 2447 530 810 2448 529 810 2449 484 810 2450 530 811 2451 484 811 2452 483 811 2453 475 812 2454 498 812 2455 476 812 2456 481 813 2457 482 813 2458 531 813 2459 531 814 2460 482 814 2461 532 814 2462 531 815 2463 532 815 2464 533 815 2465 478 816 2466 496 816 2467 477 816 2468 477 817 2469 496 817 2470 495 817 2471 477 818 2472 495 818 2473 265 818 2474 480 819 2475 481 819 2476 497 819 2477 497 820 2478 481 820 2479 531 820 2480 497 821 2481 531 821 2482 534 821 2483 534 822 2484 531 822 2485 533 822 2486 534 823 2487 533 823 2488 535 823 2489 478 824 2490 479 824 2491 496 824 2492 496 825 2493 479 825 2494 497 825 2495 496 826 2496 497 826 2497 536 826 2498 536 827 2499 497 827 2500 534 827 2501 536 828 2502 534 828 2503 537 828 2504 537 829 2505 534 829 2506 535 829 2507 537 830 2508 535 830 2509 538 830 2510 538 831 2511 535 831 2512 539 831 2513 538 832 2514 539 832 2515 540 832 2516 540 833 2517 539 833 2518 541 833 2519 540 834 2520 541 834 2521 542 834 2522 543 835 2523 544 835 2524 545 835 2525 545 836 2526 544 836 2527 494 836 2528 546 837 2529 493 837 2530 547 837 2531 547 838 2532 493 838 2533 492 838 2534 547 839 2535 492 839 2536 548 839 2537 494 840 2538 496 840 2539 545 840 2540 545 841 2541 496 841 2542 536 841 2543 545 842 2544 536 842 2545 549 842 2546 549 843 2547 536 843 2548 537 843 2549 549 844 2550 537 844 2551 550 844 2552 550 845 2553 537 845 2554 538 845 2555 550 846 2556 538 846 2557 551 846 2558 551 847 2559 538 847 2560 540 847 2561 551 848 2562 540 848 2563 552 848 2564 552 849 2565 540 849 2566 542 849 2567 552 850 2568 542 850 2569 490 850 2570 553 851 2571 546 851 2572 554 851 2573 554 852 2574 546 852 2575 547 852 2576 554 853 2577 547 853 2578 555 853 2579 555 854 2580 547 854 2581 548 854 2582 555 855 2583 548 855 2584 556 855 2585 490 856 2586 489 856 2587 552 856 2588 552 857 2589 489 857 2590 557 857 2591 552 858 2592 557 858 2593 551 858 2594 551 859 2595 557 859 2596 558 859 2597 551 860 2598 558 860 2599 550 860 2600 550 861 2601 558 861 2602 559 861 2603 550 862 2604 559 862 2605 549 862 2606 549 863 2607 559 863 2608 560 863 2609 549 864 2610 560 864 2611 545 864 2612 545 865 2613 560 865 2614 561 865 2615 545 866 2616 561 866 2617 543 866 2618 562 867 2619 563 867 2620 488 867 2621 488 868 2622 563 868 2623 564 868 2624 488 869 2625 564 869 2626 489 869 2627 489 870 2628 564 870 2629 565 870 2630 489 871 2631 565 871 2632 557 871 2633 557 872 2634 565 872 2635 566 872 2636 557 873 2637 566 873 2638 558 873 2639 558 874 2640 566 874 2641 567 874 2642 558 875 2643 567 875 2644 559 875 2645 559 876 2646 567 876 2647 568 876 2648 559 877 2649 568 877 2650 560 877 2651 560 878 2652 568 878 2653 569 878 2654 560 879 2655 569 879 2656 561 879 2657 506 880 2658 508 880 2659 556 880 2660 556 881 2661 508 881 2662 510 881 2663 556 882 2664 510 882 2665 555 882 2666 555 883 2667 510 883 2668 512 883 2669 555 884 2670 512 884 2671 554 884 2672 554 885 2673 512 885 2674 513 885 2675 554 886 2676 513 886 2677 553 886 2678 505 887 2679 570 887 2680 513 887 2681 513 888 2682 570 888 2683 571 888 2684 513 889 2685 571 889 2686 553 889 2687 553 890 2688 571 890 2689 572 890 2690 553 891 2691 572 891 2692 573 891 2693 573 892 2694 562 892 2695 553 892 2696 553 893 2697 562 893 2698 488 893 2699 553 894 2700 488 894 2701 546 894 2702 546 895 2703 488 895 2704 490 895 2705 546 896 2706 490 896 2707 493 896 2708 493 897 2709 490 897 2710 542 897 2711 493 898 2712 542 898 2713 491 898 2714 491 899 2715 542 899 2716 541 899 2717 518 900 2718 574 900 2719 516 900 2720 516 901 2721 574 901 2722 575 901 2723 516 902 2724 575 902 2725 514 902 2726 514 903 2727 575 903 2728 576 903 2729 514 904 2730 576 904 2731 577 904 2732 577 905 2733 576 905 2734 578 905 2735 577 906 2736 578 906 2737 579 906 2738 579 907 2739 578 907 2740 580 907 2741 579 908 2742 580 908 2743 581 908 2744 581 909 2745 580 909 2746 582 909 2747 581 910 2748 582 910 2749 583 910 2750 583 911 2751 582 911 2752 584 911 2753 583 912 2754 584 912 2755 585 912 2756 585 913 2757 584 913 2758 586 913 2759 585 914 2760 586 914 2761 499 914 2762 499 915 2763 586 915 2764 498 915 2765 499 916 2766 498 916 2767 486 916 2768 486 917 2769 498 917 2770 487 917 2771 500 918 2772 515 918 2773 501 918 2774 501 919 2775 515 919 2776 514 919 2777 501 920 2778 514 920 2779 502 920 2780 502 921 2781 514 921 2782 577 921 2783 502 922 2784 577 922 2785 520 922 2786 520 923 2787 577 923 2788 579 923 2789 520 924 2790 579 924 2791 522 924 2792 522 925 2793 579 925 2794 581 925 2795 522 926 2796 581 926 2797 524 926 2798 524 927 2799 581 927 2800 583 927 2801 524 928 2802 583 928 2803 526 928 2804 526 929 2805 583 929 2806 585 929 2807 526 930 2808 585 930 2809 529 930 2810 529 931 2811 585 931 2812 499 931 2813 529 932 2814 499 932 2815 484 932 2816 484 933 2817 499 933 2818 485 933 2819 517 934 2820 587 934 2821 518 934 2822 518 935 2823 587 935 2824 506 935 2825 518 936 2826 506 936 2827 574 936 2828 574 937 2829 506 937 2830 556 937 2831 574 938 2832 556 938 2833 575 938 2834 575 939 2835 556 939 2836 548 939 2837 575 940 2838 548 940 2839 576 940 2840 576 941 2841 548 941 2842 492 941 2843 576 942 2844 492 942 2845 578 942 2846 578 943 2847 492 943 2848 491 943 2849 578 944 2850 491 944 2851 580 944 2852 580 945 2853 491 945 2854 541 945 2855 580 946 2856 541 946 2857 582 946 2858 582 947 2859 541 947 2860 539 947 2861 582 948 2862 539 948 2863 584 948 2864 584 949 2865 539 949 2866 535 949 2867 584 950 2868 535 950 2869 586 950 2870 586 951 2871 535 951 2872 533 951 2873 586 952 2874 533 952 2875 498 952 2876 498 953 2877 533 953 2878 532 953 2879 498 954 2880 532 954 2881 476 954 2882 476 955 2883 532 955 2884 482 955 2885 543 956 2886 561 956 2887 588 956 2888 259 957 2889 260 957 2890 589 957 2891 590 958 2892 266 958 2893 290 958 2894 271 959 2895 255 959 2896 254 959 2897 271 960 2898 591 960 2899 272 960 2900 272 961 2901 591 961 2902 592 961 2903 272 962 2904 592 962 2905 273 962 2906 593 963 2907 594 963 2908 285 963 2909 285 964 2910 594 964 2911 286 964 2912 595 965 2913 596 965 2914 597 965 2915 286 966 2916 594 966 2917 288 966 2918 288 967 2919 594 967 2920 598 967 2921 288 968 2922 598 968 2923 289 968 2924 289 969 2925 598 969 2926 595 969 2927 289 970 2928 595 970 2929 290 970 2930 290 971 2931 595 971 2932 597 971 2933 290 972 2934 597 972 2935 590 972 2936 599 973 2937 600 973 2938 601 973 2939 601 974 2940 600 974 2941 602 974 2942 601 975 2943 602 975 2944 603 975 2945 604 976 2946 605 976 2947 599 976 2948 599 977 2949 605 977 2950 606 977 2951 599 978 2952 606 978 2953 600 978 2954 607 979 2955 608 979 2956 604 979 2957 604 980 2958 608 980 2959 609 980 2960 604 981 2961 609 981 2962 605 981 2963 610 982 2964 611 982 2965 607 982 2966 607 983 2967 611 983 2968 612 983 2969 607 984 2970 612 984 2971 608 984 2972 613 985 2973 264 985 2974 265 985 2975 271 986 2976 254 986 2977 591 986 2978 591 987 2979 254 987 2980 256 987 2981 591 988 2982 256 988 2983 257 988 2984 565 989 2985 564 989 2986 614 989 2987 564 990 2988 563 990 2989 614 990 2990 614 991 2991 563 991 2992 615 991 2993 614 992 2994 615 992 2995 616 992 2996 544 993 2997 543 993 2998 617 993 2999 617 994 3000 543 994 3001 588 994 3002 617 995 3003 588 995 3004 618 995 3005 618 996 3006 588 996 3007 619 996 3008 618 997 3009 619 997 3010 620 997 3011 620 998 3012 619 998 3013 621 998 3014 620 999 3015 621 999 3016 622 999 3017 622 1000 3018 621 1000 3019 623 1000 3020 622 1001 3021 623 1001 3022 624 1001 3023 624 1002 3024 623 1002 3025 625 1002 3026 624 1003 3027 625 1003 3028 626 1003 3029 626 1004 3030 625 1004 3031 627 1004 3032 626 1005 3033 627 1005 3034 628 1005 3035 628 1006 3036 627 1006 3037 629 1006 3038 628 1007 3039 629 1007 3040 630 1007 3041 265 1008 3042 495 1008 3043 613 1008 3044 613 1009 3045 495 1009 3046 494 1009 3047 613 1010 3048 494 1010 3049 631 1010 3050 258 1011 3051 632 1011 3052 633 1011 3053 633 1012 3054 632 1012 3055 634 1012 3056 633 1013 3057 634 1013 3058 635 1013 3059 635 1014 3060 634 1014 3061 636 1014 3062 635 1015 3063 636 1015 3064 637 1015 3065 637 1016 3066 636 1016 3067 638 1016 3068 637 1017 3069 638 1017 3070 275 1017 3071 275 1018 3072 638 1018 3073 276 1018 3074 275 1019 3075 273 1019 3076 637 1019 3077 637 1020 3078 273 1020 3079 592 1020 3080 637 1021 3081 592 1021 3082 635 1021 3083 635 1022 3084 592 1022 3085 591 1022 3086 635 1023 3087 591 1023 3088 633 1023 3089 633 1024 3090 591 1024 3091 257 1024 3092 633 1025 3093 257 1025 3094 258 1025 3095 279 1026 3096 278 1026 3097 639 1026 3098 639 1027 3099 278 1027 3100 640 1027 3101 639 1028 3102 640 1028 3103 641 1028 3104 641 1029 3105 640 1029 3106 642 1029 3107 641 1030 3108 642 1030 3109 643 1030 3110 643 1031 3111 642 1031 3112 644 1031 3113 643 1032 3114 644 1032 3115 645 1032 3116 645 1033 3117 644 1033 3118 646 1033 3119 645 1034 3120 646 1034 3121 647 1034 3122 647 1035 3123 646 1035 3124 589 1035 3125 647 1036 3126 589 1036 3127 648 1036 3128 648 1037 3129 589 1037 3130 260 1037 3131 648 1038 3132 260 1038 3133 261 1038 3134 278 1039 3135 276 1039 3136 640 1039 3137 640 1040 3138 276 1040 3139 638 1040 3140 640 1041 3141 638 1041 3142 642 1041 3143 642 1042 3144 638 1042 3145 636 1042 3146 642 1043 3147 636 1043 3148 644 1043 3149 644 1044 3150 636 1044 3151 634 1044 3152 644 1045 3153 634 1045 3154 646 1045 3155 646 1046 3156 634 1046 3157 632 1046 3158 646 1047 3159 632 1047 3160 589 1047 3161 589 1048 3162 632 1048 3163 258 1048 3164 589 1049 3165 258 1049 3166 259 1049 3167 569 1050 3168 568 1050 3169 649 1050 3170 649 1051 3171 568 1051 3172 650 1051 3173 649 1052 3174 650 1052 3175 651 1052 3176 651 1053 3177 650 1053 3178 652 1053 3179 651 1054 3180 652 1054 3181 653 1054 3182 653 1055 3183 652 1055 3184 654 1055 3185 653 1056 3186 654 1056 3187 655 1056 3188 655 1057 3189 654 1057 3190 656 1057 3191 655 1058 3192 656 1058 3193 657 1058 3194 657 1059 3195 656 1059 3196 658 1059 3197 657 1060 3198 658 1060 3199 659 1060 3200 659 1061 3201 658 1061 3202 660 1061 3203 659 1062 3204 660 1062 3205 661 1062 3206 283 1063 3207 284 1063 3208 662 1063 3209 662 1064 3210 284 1064 3211 663 1064 3212 662 1065 3213 663 1065 3214 664 1065 3215 664 1066 3216 663 1066 3217 665 1066 3218 664 1067 3219 665 1067 3220 666 1067 3221 666 1068 3222 665 1068 3223 667 1068 3224 666 1069 3225 667 1069 3226 668 1069 3227 668 1070 3228 667 1070 3229 669 1070 3230 668 1071 3231 669 1071 3232 670 1071 3233 670 1072 3234 669 1072 3235 671 1072 3236 670 1073 3237 671 1073 3238 672 1073 3239 672 1074 3240 671 1074 3241 673 1074 3242 672 1075 3243 673 1075 3244 674 1075 3245 674 1076 3246 673 1076 3247 675 1076 3248 674 1077 3249 675 1077 3250 676 1077 3251 676 1078 3252 675 1078 3253 262 1078 3254 676 1079 3255 262 1079 3256 263 1079 3257 284 1080 3258 279 1080 3259 663 1080 3260 663 1081 3261 279 1081 3262 639 1081 3263 663 1082 3264 639 1082 3265 665 1082 3266 665 1083 3267 639 1083 3268 641 1083 3269 665 1084 3270 641 1084 3271 667 1084 3272 667 1085 3273 641 1085 3274 643 1085 3275 667 1086 3276 643 1086 3277 669 1086 3278 669 1087 3279 643 1087 3280 645 1087 3281 669 1088 3282 645 1088 3283 671 1088 3284 671 1089 3285 645 1089 3286 647 1089 3287 671 1090 3288 647 1090 3289 673 1090 3290 673 1091 3291 647 1091 3292 648 1091 3293 673 1092 3294 648 1092 3295 675 1092 3296 675 1093 3297 648 1093 3298 261 1093 3299 675 1094 3300 261 1094 3301 262 1094 3302 601 1095 3303 677 1095 3304 599 1095 3305 599 1096 3306 677 1096 3307 678 1096 3308 599 1097 3309 678 1097 3310 604 1097 3311 604 1098 3312 678 1098 3313 679 1098 3314 604 1099 3315 679 1099 3316 607 1099 3317 607 1100 3318 679 1100 3319 680 1100 3320 607 1101 3321 680 1101 3322 610 1101 3323 610 1102 3324 680 1102 3325 504 1102 3326 567 1103 3327 566 1103 3328 681 1103 3329 681 1104 3330 566 1104 3331 682 1104 3332 681 1105 3333 682 1105 3334 683 1105 3335 683 1106 3336 682 1106 3337 684 1106 3338 683 1107 3339 684 1107 3340 685 1107 3341 685 1108 3342 684 1108 3343 686 1108 3344 685 1109 3345 686 1109 3346 687 1109 3347 687 1110 3348 686 1110 3349 688 1110 3350 687 1111 3351 688 1111 3352 689 1111 3353 285 1112 3354 281 1112 3355 593 1112 3356 593 1113 3357 281 1113 3358 690 1113 3359 593 1114 3360 690 1114 3361 691 1114 3362 691 1115 3363 690 1115 3364 692 1115 3365 691 1116 3366 692 1116 3367 693 1116 3368 693 1117 3369 692 1117 3370 694 1117 3371 693 1118 3372 694 1118 3373 695 1118 3374 695 1119 3375 694 1119 3376 696 1119 3377 695 1120 3378 696 1120 3379 697 1120 3380 697 1121 3381 696 1121 3382 698 1121 3383 697 1122 3384 698 1122 3385 699 1122 3386 699 1123 3387 698 1123 3388 700 1123 3389 699 1124 3390 700 1124 3391 701 1124 3392 701 1125 3393 700 1125 3394 702 1125 3395 701 1126 3396 702 1126 3397 703 1126 3398 703 1127 3399 702 1127 3400 704 1127 3401 703 1128 3402 704 1128 3403 705 1128 3404 705 1129 3405 704 1129 3406 706 1129 3407 705 1130 3408 706 1130 3409 707 1130 3410 264 1131 3411 707 1131 3412 263 1131 3413 263 1132 3414 707 1132 3415 706 1132 3416 263 1133 3417 706 1133 3418 676 1133 3419 676 1134 3420 706 1134 3421 704 1134 3422 676 1135 3423 704 1135 3424 674 1135 3425 674 1136 3426 704 1136 3427 702 1136 3428 674 1137 3429 702 1137 3430 672 1137 3431 672 1138 3432 702 1138 3433 700 1138 3434 672 1139 3435 700 1139 3436 670 1139 3437 670 1140 3438 700 1140 3439 698 1140 3440 670 1141 3441 698 1141 3442 668 1141 3443 668 1142 3444 698 1142 3445 696 1142 3446 668 1143 3447 696 1143 3448 666 1143 3449 666 1144 3450 696 1144 3451 694 1144 3452 666 1145 3453 694 1145 3454 664 1145 3455 664 1146 3456 694 1146 3457 692 1146 3458 664 1147 3459 692 1147 3460 662 1147 3461 662 1148 3462 692 1148 3463 690 1148 3464 662 1149 3465 690 1149 3466 283 1149 3467 283 1150 3468 690 1150 3469 281 1150 3470 708 1151 3471 570 1151 3472 680 1151 3473 680 1152 3474 570 1152 3475 505 1152 3476 680 1153 3477 505 1153 3478 504 1153 3479 563 1154 3480 562 1154 3481 615 1154 3482 615 1155 3483 562 1155 3484 573 1155 3485 615 1156 3486 573 1156 3487 616 1156 3488 616 1157 3489 573 1157 3490 572 1157 3491 616 1158 3492 572 1158 3493 708 1158 3494 708 1159 3495 572 1159 3496 571 1159 3497 708 1160 3498 571 1160 3499 570 1160 3500 566 1161 3501 565 1161 3502 682 1161 3503 682 1162 3504 565 1162 3505 614 1162 3506 682 1163 3507 614 1163 3508 684 1163 3509 684 1164 3510 614 1164 3511 616 1164 3512 684 1165 3513 616 1165 3514 686 1165 3515 686 1166 3516 616 1166 3517 708 1166 3518 686 1167 3519 708 1167 3520 688 1167 3521 688 1168 3522 708 1168 3523 680 1168 3524 688 1169 3525 680 1169 3526 689 1169 3527 689 1170 3528 680 1170 3529 679 1170 3530 568 1171 3531 567 1171 3532 650 1171 3533 650 1172 3534 567 1172 3535 681 1172 3536 650 1173 3537 681 1173 3538 652 1173 3539 652 1174 3540 681 1174 3541 683 1174 3542 652 1175 3543 683 1175 3544 654 1175 3545 654 1176 3546 683 1176 3547 685 1176 3548 654 1177 3549 685 1177 3550 656 1177 3551 656 1178 3552 685 1178 3553 687 1178 3554 656 1179 3555 687 1179 3556 658 1179 3557 658 1180 3558 687 1180 3559 689 1180 3560 658 1181 3561 689 1181 3562 660 1181 3563 660 1182 3564 689 1182 3565 679 1182 3566 660 1183 3567 679 1183 3568 661 1183 3569 661 1184 3570 679 1184 3571 678 1184 3572 661 1185 3573 678 1185 3574 709 1185 3575 709 1186 3576 678 1186 3577 677 1186 3578 561 1187 3579 569 1187 3580 588 1187 3581 588 1188 3582 569 1188 3583 649 1188 3584 588 1189 3585 649 1189 3586 619 1189 3587 619 1190 3588 649 1190 3589 651 1190 3590 619 1191 3591 651 1191 3592 621 1191 3593 621 1192 3594 651 1192 3595 653 1192 3596 621 1193 3597 653 1193 3598 623 1193 3599 623 1194 3600 653 1194 3601 655 1194 3602 623 1195 3603 655 1195 3604 625 1195 3605 625 1196 3606 655 1196 3607 657 1196 3608 625 1197 3609 657 1197 3610 627 1197 3611 627 1198 3612 657 1198 3613 659 1198 3614 627 1199 3615 659 1199 3616 629 1199 3617 629 1200 3618 659 1200 3619 661 1200 3620 629 1201 3621 661 1201 3622 630 1201 3623 630 1202 3624 661 1202 3625 709 1202 3626 494 1203 3627 544 1203 3628 631 1203 3629 631 1204 3630 544 1204 3631 617 1204 3632 631 1205 3633 617 1205 3634 710 1205 3635 710 1206 3636 617 1206 3637 618 1206 3638 710 1207 3639 618 1207 3640 711 1207 3641 711 1208 3642 618 1208 3643 620 1208 3644 711 1209 3645 620 1209 3646 712 1209 3647 712 1210 3648 620 1210 3649 622 1210 3650 712 1211 3651 622 1211 3652 713 1211 3653 713 1212 3654 622 1212 3655 624 1212 3656 713 1213 3657 624 1213 3658 714 1213 3659 714 1214 3660 624 1214 3661 626 1214 3662 714 1215 3663 626 1215 3664 715 1215 3665 715 1216 3666 626 1216 3667 628 1216 3668 715 1217 3669 628 1217 3670 716 1217 3671 716 1218 3672 628 1218 3673 630 1218 3674 716 1219 3675 630 1219 3676 717 1219 3677 717 1220 3678 630 1220 3679 709 1220 3680 264 1221 3681 613 1221 3682 707 1221 3683 707 1222 3684 613 1222 3685 631 1222 3686 707 1223 3687 631 1223 3688 705 1223 3689 705 1224 3690 631 1224 3691 710 1224 3692 705 1225 3693 710 1225 3694 703 1225 3695 703 1226 3696 710 1226 3697 711 1226 3698 703 1227 3699 711 1227 3700 701 1227 3701 701 1228 3702 711 1228 3703 712 1228 3704 701 1229 3705 712 1229 3706 699 1229 3707 699 1230 3708 712 1230 3709 713 1230 3710 699 1231 3711 713 1231 3712 697 1231 3713 697 1232 3714 713 1232 3715 714 1232 3716 697 1233 3717 714 1233 3718 695 1233 3719 695 1234 3720 714 1234 3721 715 1234 3722 695 1235 3723 715 1235 3724 693 1235 3725 693 1236 3726 715 1236 3727 716 1236 3728 693 1237 3729 716 1237 3730 691 1237 3731 691 1238 3732 716 1238 3733 717 1238 3734 691 1239 3735 717 1239 3736 593 1239 3737 593 1240 3738 717 1240 3739 709 1240 3740 593 1241 3741 709 1241 3742 594 1241 3743 594 1242 3744 709 1242 3745 677 1242 3746 594 1243 3747 677 1243 3748 598 1243 3749 598 1244 3750 677 1244 3751 601 1244 3752 598 1245 3753 601 1245 3754 595 1245 3755 595 1246 3756 601 1246 3757 603 1246 3758 595 1247 3759 603 1247 3760 596 1247 3761 609 1248 3762 608 1248 3763 718 1248 3764 718 1249 3765 608 1249 3766 612 1249 3767 718 1250 3768 612 1250 3769 611 1250 3770 719 1251 3771 606 1251 3772 718 1251 3773 718 1252 3774 606 1252 3775 605 1252 3776 718 1253 3777 605 1253 3778 609 1253 3779 596 1254 3780 603 1254 3781 720 1254 3782 720 1255 3783 603 1255 3784 602 1255 3785 720 1256 3786 602 1256 3787 719 1256 3788 719 1257 3789 602 1257 3790 600 1257 3791 719 1258 3792 600 1258 3793 606 1258 3794 721 1259 3795 266 1259 3796 590 1259 3797 721 1260 3798 590 1260 3799 720 1260 3800 720 1261 3801 590 1261 3802 597 1261 3803 720 1262 3804 597 1262 3805 596 1262 3806 721 1263 3807 722 1263 3808 266 1263 3809 266 1264 3810 722 1264 3811 267 1264 3812 723 1265 3813 724 1265 3814 725 1265 3815 726 1266 3816 723 1266 3817 727 1266 3818 727 1267 3819 723 1267 3820 728 1267 3821 723 1268 3822 725 1268 3823 728 1268 3824 728 1269 3825 725 1269 3826 729 1269 3827 728 1270 3828 729 1270 3829 730 1270 3830 730 1271 3831 729 1271 3832 731 1271 3833 730 1272 3834 731 1272 3835 732 1272 3836 733 1273 3837 732 1273 3838 731 1273 3839 734 1274 3840 735 1274 3841 736 1274 3842 736 1275 3843 735 1275 3844 737 1275 3845 736 1276 3846 737 1276 3847 738 1276 3848 736 1277 3849 733 1277 3850 734 1277 3851 734 1278 3852 733 1278 3853 731 1278 3854 734 1279 3855 731 1279 3856 739 1279 3857 739 1280 3858 731 1280 3859 729 1280 3860 739 1281 3861 729 1281 3862 740 1281 3863 740 1282 3864 729 1282 3865 725 1282 3866 740 1283 3867 725 1283 3868 741 1283 3869 741 1284 3870 725 1284 3871 724 1284 3872 741 1285 3873 724 1285 3874 742 1285 3875 296 1286 3876 297 1286 3877 331 1286 3878 274 1287 3879 277 1287 3880 743 1287 3881 331 1288 3882 297 1288 3883 332 1288 3884 332 1289 3885 297 1289 3886 298 1289 3887 332 1290 3888 298 1290 3889 355 1290 3890 331 1291 3891 356 1291 3892 296 1291 3893 296 1292 3894 356 1292 3895 336 1292 3896 296 1293 3897 336 1293 3898 295 1293 3899 743 1294 3900 744 1294 3901 274 1294 3902 274 1295 3903 744 1295 3904 745 1295 3905 274 1296 3906 745 1296 3907 270 1296 3908 280 1297 3909 746 1297 3910 277 1297 3911 277 1298 3912 746 1298 3913 747 1298 3914 277 1299 3915 747 1299 3916 743 1299 3917 308 1300 3918 293 1300 3919 307 1300 3920 307 1301 3921 293 1301 3922 305 1301 3923 268 1302 3924 267 1302 3925 730 1302 3926 298 1303 3927 299 1303 3928 355 1303 3929 355 1296 3930 299 1296 3931 291 1296 3932 355 1296 3933 291 1296 3934 745 1296 3935 745 1296 3936 291 1296 3937 269 1296 3938 745 1304 3939 269 1304 3940 270 1304 3941 748 1305 3942 726 1305 3943 727 1305 3944 336 1306 3945 335 1306 3946 295 1306 3947 295 1307 3948 335 1307 3949 314 1307 3950 295 1308 3951 314 1308 3952 294 1308 3953 294 1309 3954 314 1309 3955 312 1309 3956 294 1310 3957 312 1310 3958 292 1310 3959 292 1311 3960 312 1311 3961 316 1311 3962 292 1312 3963 316 1312 3964 293 1312 3965 293 1313 3966 316 1313 3967 303 1313 3968 293 1314 3969 303 1314 3970 305 1314 3971 730 1315 3972 267 1315 3973 728 1315 3974 728 1316 3975 267 1316 3976 722 1316 3977 728 1317 3978 722 1317 3979 727 1317 3980 727 1318 3981 722 1318 3982 749 1318 3983 727 1319 3984 749 1319 3985 748 1319 3986 730 1320 3987 732 1320 3988 268 1320 3989 268 1321 3990 732 1321 3991 733 1321 3992 268 1322 3993 733 1322 3994 287 1322 3995 287 1323 3996 733 1323 3997 736 1323 3998 287 1324 3999 736 1324 4000 282 1324 4001 282 1325 4002 736 1325 4003 738 1325 4004 282 1296 4005 738 1296 4006 280 1296 4007 280 1326 4008 738 1326 4009 750 1326 4010 280 1327 4011 750 1327 4012 746 1327 4013 751 1328 4014 752 1328 4015 753 1328 4016 754 1329 4017 755 1329 4018 756 1329 4019 757 1330 4020 758 1330 4021 759 1330 4022 760 1331 4023 757 1331 4024 761 1331 4025 757 1332 4026 759 1332 4027 761 1332 4028 761 1333 4029 759 1333 4030 762 1333 4031 761 1334 4032 762 1334 4033 763 1334 4034 763 1335 4035 762 1335 4036 764 1335 4037 763 1336 4038 764 1336 4039 765 1336 4040 765 1337 4041 764 1337 4042 766 1337 4043 765 1338 4044 766 1338 4045 767 1338 4046 767 1339 4047 766 1339 4048 768 1339 4049 767 1340 4050 768 1340 4051 769 1340 4052 769 1341 4053 768 1341 4054 770 1341 4055 769 1342 4056 770 1342 4057 771 1342 4058 756 1343 4059 760 1343 4060 754 1343 4061 754 1344 4062 760 1344 4063 761 1344 4064 754 1345 4065 761 1345 4066 772 1345 4067 772 1346 4068 761 1346 4069 763 1346 4070 772 1347 4071 763 1347 4072 773 1347 4073 773 1348 4074 763 1348 4075 765 1348 4076 773 1349 4077 765 1349 4078 774 1349 4079 774 1350 4080 765 1350 4081 767 1350 4082 774 1351 4083 767 1351 4084 775 1351 4085 775 1352 4086 767 1352 4087 769 1352 4088 775 1353 4089 769 1353 4090 776 1353 4091 776 1354 4092 769 1354 4093 771 1354 4094 776 1355 4095 771 1355 4096 777 1355 4097 755 1356 4098 754 1356 4099 778 1356 4100 778 1357 4101 754 1357 4102 772 1357 4103 778 1358 4104 772 1358 4105 779 1358 4106 779 1359 4107 772 1359 4108 773 1359 4109 779 1360 4110 773 1360 4111 780 1360 4112 780 1361 4113 773 1361 4114 774 1361 4115 780 1362 4116 774 1362 4117 781 1362 4118 781 1363 4119 774 1363 4120 775 1363 4121 781 1364 4122 775 1364 4123 782 1364 4124 782 1365 4125 775 1365 4126 776 1365 4127 782 1366 4128 776 1366 4129 783 1366 4130 783 1367 4131 776 1367 4132 777 1367 4133 783 1368 4134 777 1368 4135 784 1368 4136 784 1369 4137 785 1369 4138 783 1369 4139 783 1370 4140 785 1370 4141 786 1370 4142 783 1371 4143 786 1371 4144 782 1371 4145 782 1372 4146 786 1372 4147 787 1372 4148 782 1373 4149 787 1373 4150 781 1373 4151 781 1374 4152 787 1374 4153 788 1374 4154 781 1375 4155 788 1375 4156 780 1375 4157 780 1376 4158 788 1376 4159 789 1376 4160 780 1377 4161 789 1377 4162 779 1377 4163 779 1378 4164 789 1378 4165 790 1378 4166 779 1379 4167 790 1379 4168 778 1379 4169 778 1380 4170 790 1380 4171 791 1380 4172 778 1381 4173 791 1381 4174 755 1381 4175 755 1382 4176 791 1382 4177 792 1382 4178 755 1383 4179 792 1383 4180 756 1383 4181 793 1384 4182 794 1384 4183 784 1384 4184 784 1385 4185 794 1385 4186 795 1385 4187 784 1386 4188 795 1386 4189 785 1386 4190 796 1387 4191 797 1387 4192 798 1387 4193 798 1388 4194 797 1388 4195 799 1388 4196 798 1389 4197 799 1389 4198 800 1389 4199 800 1390 4200 799 1390 4201 801 1390 4202 800 1391 4203 801 1391 4204 802 1391 4205 802 1392 4206 801 1392 4207 803 1392 4208 802 1393 4209 803 1393 4210 804 1393 4211 804 1394 4212 803 1394 4213 805 1394 4214 804 1395 4215 805 1395 4216 806 1395 4217 806 1396 4218 805 1396 4219 807 1396 4220 806 1397 4221 807 1397 4222 808 1397 4223 808 1398 4224 807 1398 4225 809 1398 4226 808 1399 4227 809 1399 4228 810 1399 4229 796 1400 4230 811 1400 4231 797 1400 4232 797 1401 4233 811 1401 4234 812 1401 4235 797 1402 4236 812 1402 4237 799 1402 4238 799 1403 4239 812 1403 4240 813 1403 4241 799 1404 4242 813 1404 4243 801 1404 4244 801 1405 4245 813 1405 4246 814 1405 4247 801 1406 4248 814 1406 4249 803 1406 4250 803 1407 4251 814 1407 4252 815 1407 4253 803 1408 4254 815 1408 4255 805 1408 4256 805 1409 4257 815 1409 4258 816 1409 4259 805 1410 4260 816 1410 4261 807 1410 4262 807 1411 4263 816 1411 4264 817 1411 4265 807 1412 4266 817 1412 4267 809 1412 4268 811 1413 4269 751 1413 4270 812 1413 4271 812 1414 4272 751 1414 4273 753 1414 4274 812 1415 4275 753 1415 4276 813 1415 4277 813 1416 4278 753 1416 4279 818 1416 4280 813 1417 4281 818 1417 4282 814 1417 4283 814 1418 4284 818 1418 4285 819 1418 4286 814 1419 4287 819 1419 4288 815 1419 4289 815 1420 4290 819 1420 4291 820 1420 4292 815 1421 4293 820 1421 4294 816 1421 4295 816 1422 4296 820 1422 4297 821 1422 4298 816 1423 4299 821 1423 4300 817 1423 4301 770 1424 4302 810 1424 4303 771 1424 4304 771 1425 4305 810 1425 4306 809 1425 4307 771 1426 4308 809 1426 4309 777 1426 4310 777 1427 4311 809 1427 4312 817 1427 4313 777 1428 4314 817 1428 4315 784 1428 4316 784 1429 4317 817 1429 4318 821 1429 4319 784 1430 4320 821 1430 4321 793 1430 4322 793 1431 4323 821 1431 4324 820 1431 4325 793 1432 4326 820 1432 4327 822 1432 4328 822 1433 4329 820 1433 4330 819 1433 4331 822 1434 4332 819 1434 4333 823 1434 4334 823 1435 4335 819 1435 4336 818 1435 4337 823 1436 4338 818 1436 4339 824 1436 4340 824 1437 4341 818 1437 4342 753 1437 4343 824 1438 4344 753 1438 4345 825 1438 4346 825 1439 4347 753 1439 4348 752 1439 4349 825 1440 4350 752 1440 4351 826 1440 4352 827 1441 4353 828 1441 4354 829 1441 4355 830 1442 4356 831 1442 4357 832 1442 4358 832 1443 4359 831 1443 4360 833 1443 4361 832 1444 4362 833 1444 4363 834 1444 4364 834 1445 4365 833 1445 4366 835 1445 4367 834 1446 4368 835 1446 4369 836 1446 4370 837 1447 4371 831 1447 4372 838 1447 4373 838 1448 4374 831 1448 4375 830 1448 4376 838 1449 4377 830 1449 4378 839 1449 4379 837 1450 4380 840 1450 4381 831 1450 4382 831 1451 4383 840 1451 4384 841 1451 4385 831 1452 4386 841 1452 4387 833 1452 4388 833 1453 4389 841 1453 4390 827 1453 4391 833 1454 4392 827 1454 4393 835 1454 4394 835 1455 4395 827 1455 4396 829 1455 4397 835 1456 4398 829 1456 4399 836 1456 4400 842 1457 4401 828 1457 4402 843 1457 4403 843 1458 4404 828 1458 4405 827 1458 4406 843 1459 4407 827 1459 4408 844 1459 4409 844 1460 4410 827 1460 4411 841 1460 4412 844 1461 4413 841 1461 4414 845 1461 4415 845 1462 4416 841 1462 4417 840 1462 4418 845 1463 4419 840 1463 4420 846 1463 4421 846 1464 4422 840 1464 4423 837 1464 4424 847 1465 4425 848 1465 4426 849 1465 4427 849 1466 4428 848 1466 4429 850 1466 4430 849 1467 4431 850 1467 4432 851 1467 4433 851 1468 4434 850 1468 4435 852 1468 4436 851 1469 4437 852 1469 4438 853 1469 4439 853 1470 4440 852 1470 4441 854 1470 4442 853 1471 4443 854 1471 4444 855 1471 4445 855 1472 4446 854 1472 4447 856 1472 4448 792 1473 4449 847 1473 4450 756 1473 4451 756 1474 4452 847 1474 4453 849 1474 4454 756 1475 4455 849 1475 4456 760 1475 4457 760 1476 4458 849 1476 4459 851 1476 4460 760 1477 4461 851 1477 4462 757 1477 4463 757 1478 4464 851 1478 4465 853 1478 4466 757 1479 4467 853 1479 4468 758 1479 4469 758 1480 4470 853 1480 4471 855 1480 4472 857 1481 4473 362 1481 4474 310 1481 4475 362 1481 4476 857 1481 4477 363 1481 4478 340 1482 4479 21 1482 4480 341 1482 4481 341 1483 4482 21 1483 4483 20 1483 4484 341 1481 4485 20 1481 4486 323 1481 4487 20 1484 4488 19 1484 4489 323 1484 4490 323 1485 4491 19 1485 4492 10 1485 4493 323 1486 4494 10 1486 4495 324 1486 4496 324 1481 4497 10 1481 4498 9 1481 4499 324 1487 4500 9 1487 4501 326 1487 4502 326 1481 4503 9 1481 4504 7 1481 4505 326 1488 4506 7 1488 4507 327 1488 4508 18 1489 4509 17 1489 4510 342 1489 4511 342 1481 4512 17 1481 4513 15 1481 4514 342 1490 4515 15 1490 4516 340 1490 4517 340 1481 4518 15 1481 4519 22 1481 4520 340 1491 4521 22 1491 4522 21 1491 4523 7 1492 4524 6 1492 4525 327 1492 4526 327 1481 4527 6 1481 4528 26 1481 4529 327 1481 4530 26 1481 4531 329 1481 4532 26 1481 4533 25 1481 4534 329 1481 4535 329 1481 4536 25 1481 4537 24 1481 4538 329 1493 4539 24 1493 4540 317 1493 4541 317 1494 4542 24 1494 4543 301 1494 4544 24 1495 4545 858 1495 4546 301 1495 4547 301 1496 4548 858 1496 4549 859 1496 4550 301 1497 4551 859 1497 4552 302 1497 4553 302 1498 4554 859 1498 4555 860 1498 4556 302 1499 4557 860 1499 4558 309 1499 4559 309 1500 4560 860 1500 4561 861 1500 4562 309 1481 4563 861 1481 4564 310 1481 4565 310 1501 4566 861 1501 4567 862 1501 4568 310 1502 4569 862 1502 4570 857 1502 4571 857 1503 4572 863 1503 4573 363 1503 4574 363 1504 4575 863 1504 4576 864 1504 4577 363 1505 4578 864 1505 4579 364 1505 4580 364 1506 4581 864 1506 4582 865 1506 4583 364 1481 4584 865 1481 4585 365 1481 4586 365 1481 4587 865 1481 4588 866 1481 4589 365 1507 4590 866 1507 4591 366 1507 4592 366 1508 4593 866 1508 4594 867 1508 4595 366 1509 4596 867 1509 4597 367 1509 4598 367 1481 4599 867 1481 4600 868 1481 4601 367 1510 4602 868 1510 4603 368 1510 4604 368 1481 4605 868 1481 4606 369 1481 4607 369 1481 4608 868 1481 4609 869 1481 4610 369 1481 4611 869 1481 4612 371 1481 4613 870 1511 4614 871 1511 4615 872 1511 4616 872 1512 4617 871 1512 4618 873 1512 4619 858 1513 4620 24 1513 4621 874 1513 4622 874 1514 4623 24 1514 4624 23 1514 4625 874 1515 4626 23 1515 4627 875 1515 4628 875 1516 4629 23 1516 4630 51 1516 4631 875 1517 4632 51 1517 4633 876 1517 4634 876 1518 4635 51 1518 4636 50 1518 4637 876 1519 4638 50 1519 4639 877 1519 4640 877 1520 4641 50 1520 4642 878 1520 4643 878 1521 4644 50 1521 4645 49 1521 4646 878 1522 4647 49 1522 4648 879 1522 4649 879 1523 4650 49 1523 4651 48 1523 4652 879 1524 4653 48 1524 4654 880 1524 4655 880 1525 4656 48 1525 4657 30 1525 4658 880 1526 4659 30 1526 4660 873 1526 4661 873 1527 4662 30 1527 4663 28 1527 4664 873 1528 4665 28 1528 4666 872 1528 4667 881 1529 4668 882 1529 4669 883 1529 4670 320 1530 4671 884 1530 4672 885 1530 4673 885 1531 4674 883 1531 4675 320 1531 4676 320 1532 4677 883 1532 4678 886 1532 4679 320 1533 4680 886 1533 4681 321 1533 4682 321 1534 4683 886 1534 4684 18 1534 4685 355 1535 4686 745 1535 4687 354 1535 4688 354 1536 4689 745 1536 4690 887 1536 4691 354 1537 4692 887 1537 4693 353 1537 4694 353 1538 4695 887 1538 4696 888 1538 4697 353 1539 4698 888 1539 4699 352 1539 4700 352 1539 4701 888 1539 4702 889 1539 4703 352 1540 4704 889 1540 4705 350 1540 4706 350 1541 4707 889 1541 4708 890 1541 4709 350 1542 4710 890 1542 4711 348 1542 4712 348 1543 4713 890 1543 4714 891 1543 4715 348 1544 4716 891 1544 4717 347 1544 4718 347 1545 4719 891 1545 4720 892 1545 4721 347 1546 4722 892 1546 4723 345 1546 4724 345 1547 4725 892 1547 4726 893 1547 4727 345 1548 4728 893 1548 4729 343 1548 4730 343 1549 4731 893 1549 4732 894 1549 4733 343 1550 4734 894 1550 4735 320 1550 4736 320 1550 4737 894 1550 4738 895 1550 4739 320 1551 4740 895 1551 4741 884 1551 4742 14 1552 4743 13 1552 4744 53 1552 4745 53 1553 4746 13 1553 4747 12 1553 4748 53 1554 4749 12 1554 4750 11 1554 4751 896 1555 4752 897 1555 4753 898 1555 4754 899 1556 4755 900 1556 4756 901 1556 4757 902 1557 4758 885 1557 4759 884 1557 4760 743 1558 4761 747 1558 4762 903 1558 4763 750 1559 4764 738 1559 4765 737 1559 4766 745 1560 4767 744 1560 4768 887 1560 4769 887 1561 4770 744 1561 4771 904 1561 4772 887 1562 4773 904 1562 4774 888 1562 4775 888 1563 4776 904 1563 4777 889 1563 4778 889 1564 4779 904 1564 4780 905 1564 4781 889 1565 4782 905 1565 4783 890 1565 4784 890 1566 4785 905 1566 4786 906 1566 4787 890 1567 4788 906 1567 4789 891 1567 4790 891 1568 4791 906 1568 4792 892 1568 4793 892 1569 4794 906 1569 4795 907 1569 4796 892 1570 4797 907 1570 4798 893 1570 4799 893 1571 4800 907 1571 4801 908 1571 4802 893 1572 4803 908 1572 4804 894 1572 4805 909 1573 4806 910 1573 4807 911 1573 4808 911 1574 4809 910 1574 4810 912 1574 4811 894 1575 4812 908 1575 4813 895 1575 4814 895 1576 4815 908 1576 4816 911 1576 4817 895 1577 4818 911 1577 4819 884 1577 4820 884 1578 4821 911 1578 4822 912 1578 4823 884 1579 4824 912 1579 4825 902 1579 4826 913 1580 4827 914 1580 4828 911 1580 4829 911 1581 4830 914 1581 4831 915 1581 4832 911 1582 4833 915 1582 4834 909 1582 4835 899 1583 4836 901 1583 4837 916 1583 4838 742 1584 4839 896 1584 4840 741 1584 4841 741 1585 4842 896 1585 4843 898 1585 4844 741 1586 4845 898 1586 4846 740 1586 4847 740 1587 4848 898 1587 4849 917 1587 4850 740 1588 4851 917 1588 4852 739 1588 4853 739 1589 4854 917 1589 4855 918 1589 4856 739 1590 4857 918 1590 4858 734 1590 4859 734 1591 4860 918 1591 4861 735 1591 4862 735 1592 4863 918 1592 4864 919 1592 4865 735 1593 4866 919 1593 4867 737 1593 4868 737 1594 4869 919 1594 4870 920 1594 4871 737 1595 4872 920 1595 4873 750 1595 4874 750 1596 4875 920 1596 4876 921 1596 4877 750 1597 4878 921 1597 4879 746 1597 4880 897 1598 4881 916 1598 4882 898 1598 4883 898 1599 4884 916 1599 4885 901 1599 4886 898 1600 4887 901 1600 4888 917 1600 4889 917 1601 4890 901 1601 4891 922 1601 4892 917 1602 4893 922 1602 4894 918 1602 4895 918 1603 4896 922 1603 4897 923 1603 4898 918 1604 4899 923 1604 4900 919 1604 4901 919 1605 4902 923 1605 4903 924 1605 4904 919 1606 4905 924 1606 4906 920 1606 4907 920 1607 4908 924 1607 4909 925 1607 4910 920 1608 4911 925 1608 4912 921 1608 4913 921 1609 4914 925 1609 4915 903 1609 4916 921 1610 4917 903 1610 4918 746 1610 4919 746 1611 4920 903 1611 4921 747 1611 4922 900 1612 4923 913 1612 4924 901 1612 4925 901 1613 4926 913 1613 4927 911 1613 4928 901 1614 4929 911 1614 4930 922 1614 4931 922 1615 4932 911 1615 4933 908 1615 4934 922 1616 4935 908 1616 4936 923 1616 4937 923 1617 4938 908 1617 4939 907 1617 4940 923 1618 4941 907 1618 4942 924 1618 4943 924 1619 4944 907 1619 4945 906 1619 4946 924 1620 4947 906 1620 4948 925 1620 4949 925 1621 4950 906 1621 4951 905 1621 4952 925 1622 4953 905 1622 4954 903 1622 4955 903 1623 4956 905 1623 4957 904 1623 4958 903 1624 4959 904 1624 4960 743 1624 4961 743 1625 4962 904 1625 4963 744 1625 4964 926 1626 4965 927 1626 4966 928 1626 4967 929 1627 4968 930 1627 4969 931 1627 4970 931 1628 4971 930 1628 4972 932 1628 4973 931 1629 4974 932 1629 4975 933 1629 4976 933 1630 4977 932 1630 4978 934 1630 4979 933 1631 4980 934 1631 4981 935 1631 4982 936 1632 4983 930 1632 4984 937 1632 4985 937 1633 4986 930 1633 4987 929 1633 4988 937 1634 4989 929 1634 4990 938 1634 4991 936 1635 4992 939 1635 4993 930 1635 4994 930 1636 4995 939 1636 4996 940 1636 4997 930 1637 4998 940 1637 4999 932 1637 5000 932 1638 5001 940 1638 5002 926 1638 5003 932 1639 5004 926 1639 5005 934 1639 5006 934 1640 5007 926 1640 5008 928 1640 5009 934 1641 5010 928 1641 5011 935 1641 5012 941 1642 5013 927 1642 5014 942 1642 5015 942 1643 5016 927 1643 5017 926 1643 5018 942 1644 5019 926 1644 5020 943 1644 5021 943 1645 5022 926 1645 5023 940 1645 5024 943 1646 5025 940 1646 5026 944 1646 5027 944 1647 5028 940 1647 5029 939 1647 5030 944 1648 5031 939 1648 5032 945 1648 5033 945 1649 5034 939 1649 5035 936 1649 5036 946 1650 5037 947 1650 5038 948 1650 5039 948 1651 5040 947 1651 5041 949 1651 5042 948 1652 5043 949 1652 5044 950 1652 5045 950 1653 5046 949 1653 5047 951 1653 5048 950 1654 5049 951 1654 5050 952 1654 5051 952 1655 5052 951 1655 5053 953 1655 5054 952 1656 5055 953 1656 5056 954 1656 5057 954 1657 5058 953 1657 5059 955 1657 5060 956 1658 5061 946 1658 5062 957 1658 5063 957 1659 5064 946 1659 5065 948 1659 5066 957 1660 5067 948 1660 5068 958 1660 5069 958 1661 5070 948 1661 5071 950 1661 5072 958 1662 5073 950 1662 5074 959 1662 5075 959 1663 5076 950 1663 5077 952 1663 5078 959 1664 5079 952 1664 5080 960 1664 5081 960 1665 5082 952 1665 5083 954 1665 5084 961 1666 5085 962 1666 5086 963 1666 5087 959 1667 5088 960 1667 5089 964 1667 5090 958 1668 5091 959 1668 5092 965 1668 5093 959 1669 5094 964 1669 5095 965 1669 5096 965 1670 5097 964 1670 5098 966 1670 5099 965 1671 5100 966 1671 5101 967 1671 5102 967 1672 5103 966 1672 5104 968 1672 5105 967 1673 5106 968 1673 5107 969 1673 5108 969 1674 5109 968 1674 5110 970 1674 5111 969 1675 5112 970 1675 5113 971 1675 5114 971 1676 5115 970 1676 5116 972 1676 5117 971 1677 5118 972 1677 5119 973 1677 5120 973 1678 5121 972 1678 5122 974 1678 5123 973 1679 5124 974 1679 5125 975 1679 5126 975 1680 5127 974 1680 5128 976 1680 5129 975 1681 5130 976 1681 5131 977 1681 5132 977 1682 5133 976 1682 5134 978 1682 5135 977 1683 5136 978 1683 5137 979 1683 5138 979 1684 5139 978 1684 5140 980 1684 5141 979 1685 5142 980 1685 5143 981 1685 5144 980 1686 5145 982 1686 5146 981 1686 5147 981 1687 5148 982 1687 5149 983 1687 5150 981 1688 5151 983 1688 5152 984 1688 5153 984 1689 5154 983 1689 5155 985 1689 5156 984 1690 5157 985 1690 5158 986 1690 5159 986 1691 5160 985 1691 5161 987 1691 5162 986 1692 5163 987 1692 5164 988 1692 5165 988 1693 5166 987 1693 5167 989 1693 5168 988 1694 5169 989 1694 5170 990 1694 5171 990 1695 5172 989 1695 5173 991 1695 5174 991 1696 5175 992 1696 5176 990 1696 5177 990 1697 5178 992 1697 5179 993 1697 5180 990 1698 5181 993 1698 5182 988 1698 5183 988 1699 5184 993 1699 5185 994 1699 5186 988 1700 5187 994 1700 5188 986 1700 5189 986 1701 5190 994 1701 5191 995 1701 5192 986 1702 5193 995 1702 5194 984 1702 5195 984 1703 5196 995 1703 5197 996 1703 5198 984 1704 5199 996 1704 5200 981 1704 5201 981 1705 5202 996 1705 5203 997 1705 5204 981 1706 5205 997 1706 5206 979 1706 5207 979 1707 5208 997 1707 5209 998 1707 5210 979 1708 5211 998 1708 5212 977 1708 5213 977 1709 5214 998 1709 5215 999 1709 5216 977 1710 5217 999 1710 5218 975 1710 5219 975 1711 5220 999 1711 5221 1000 1711 5222 975 1712 5223 1000 1712 5224 973 1712 5225 973 1713 5226 1000 1713 5227 1001 1713 5228 973 1714 5229 1001 1714 5230 971 1714 5231 971 1715 5232 1001 1715 5233 1002 1715 5234 971 1716 5235 1002 1716 5236 969 1716 5237 969 1717 5238 1002 1717 5239 1003 1717 5240 969 1718 5241 1003 1718 5242 967 1718 5243 967 1719 5244 1003 1719 5245 1004 1719 5246 967 1720 5247 1004 1720 5248 965 1720 5249 965 1721 5250 1004 1721 5251 1005 1721 5252 965 1722 5253 1005 1722 5254 958 1722 5255 958 1723 5256 1005 1723 5257 957 1723 5258 992 1724 5259 961 1724 5260 993 1724 5261 993 1725 5262 961 1725 5263 963 1725 5264 993 1726 5265 963 1726 5266 994 1726 5267 994 1727 5268 963 1727 5269 1006 1727 5270 994 1728 5271 1006 1728 5272 995 1728 5273 995 1729 5274 1006 1729 5275 1007 1729 5276 995 1730 5277 1007 1730 5278 996 1730 5279 996 1731 5280 1007 1731 5281 1008 1731 5282 996 1732 5283 1008 1732 5284 997 1732 5285 997 1733 5286 1008 1733 5287 1009 1733 5288 997 1734 5289 1009 1734 5290 998 1734 5291 998 1735 5292 1009 1735 5293 1010 1735 5294 998 1736 5295 1010 1736 5296 999 1736 5297 999 1737 5298 1010 1737 5299 1011 1737 5300 999 1738 5301 1011 1738 5302 1000 1738 5303 1000 1739 5304 1011 1739 5305 1012 1739 5306 1000 1740 5307 1012 1740 5308 1001 1740 5309 1001 1741 5310 1012 1741 5311 1013 1741 5312 1001 1742 5313 1013 1742 5314 1002 1742 5315 1002 1743 5316 1013 1743 5317 1014 1743 5318 1002 1744 5319 1014 1744 5320 1003 1744 5321 1003 1745 5322 1014 1745 5323 1015 1745 5324 1003 1746 5325 1015 1746 5326 1004 1746 5327 1004 1747 5328 1015 1747 5329 1016 1747 5330 1004 1748 5331 1016 1748 5332 1005 1748 5333 1005 1749 5334 1016 1749 5335 1017 1749 5336 1005 1750 5337 1017 1750 5338 957 1750 5339 957 1751 5340 1017 1751 5341 956 1751 5342 956 1752 5343 1017 1752 5344 1018 1752 5345 1018 1753 5346 1017 1753 5347 1016 1753 5348 1018 1754 5349 1016 1754 5350 1019 1754 5351 1019 1755 5352 1016 1755 5353 1015 1755 5354 1019 1756 5355 1015 1756 5356 1020 1756 5357 1020 1757 5358 1015 1757 5359 1014 1757 5360 1020 1758 5361 1014 1758 5362 1021 1758 5363 1021 1759 5364 1014 1759 5365 1013 1759 5366 1021 1760 5367 1013 1760 5368 1022 1760 5369 1022 1761 5370 1013 1761 5371 1012 1761 5372 1022 1762 5373 1012 1762 5374 1023 1762 5375 1023 1763 5376 1012 1763 5377 1011 1763 5378 1023 1764 5379 1011 1764 5380 1024 1764 5381 1024 1765 5382 1011 1765 5383 1010 1765 5384 1024 1766 5385 1010 1766 5386 1025 1766 5387 1025 1767 5388 1010 1767 5389 1009 1767 5390 1025 1768 5391 1009 1768 5392 1026 1768 5393 1026 1769 5394 1009 1769 5395 1008 1769 5396 1026 1770 5397 1008 1770 5398 1027 1770 5399 1027 1771 5400 1008 1771 5401 1007 1771 5402 1027 1772 5403 1007 1772 5404 1028 1772 5405 1028 1773 5406 1007 1773 5407 1006 1773 5408 1028 1774 5409 1006 1774 5410 1029 1774 5411 1029 1775 5412 1006 1775 5413 963 1775 5414 1029 1776 5415 963 1776 5416 1030 1776 5417 1030 1777 5418 963 1777 5419 962 1777 5420 1030 1778 5421 962 1778 5422 1031 1778 5423 1032 1779 5424 1033 1779 5425 1034 1779 5426 1035 1780 5427 1036 1780 5428 1037 1780 5429 1037 1781 5430 1036 1781 5431 1038 1781 5432 1037 1782 5433 1038 1782 5434 1039 1782 5435 1039 1783 5436 1038 1783 5437 1040 1783 5438 1039 1784 5439 1040 1784 5440 1041 1784 5441 1041 1785 5442 1040 1785 5443 1042 1785 5444 1041 1786 5445 1042 1786 5446 1043 1786 5447 1043 1787 5448 1042 1787 5449 1044 1787 5450 1044 1788 5451 1045 1788 5452 1043 1788 5453 1043 1789 5454 1045 1789 5455 1046 1789 5456 1043 1790 5457 1046 1790 5458 1047 1790 5459 1047 1791 5460 1046 1791 5461 1048 1791 5462 1047 1792 5463 1048 1792 5464 1049 1792 5465 1048 1793 5466 1050 1793 5467 1049 1793 5468 1049 1794 5469 1050 1794 5470 1051 1794 5471 1049 1795 5472 1051 1795 5473 1034 1795 5474 1034 1796 5475 1051 1796 5476 1052 1796 5477 1034 1797 5478 1052 1797 5479 1032 1797 5480 1053 1798 5481 1054 1798 5482 1055 1798 5483 1055 1799 5484 1054 1799 5485 1056 1799 5486 1056 1800 5487 1057 1800 5488 1058 1800 5489 1058 1801 5490 1057 1801 5491 1059 1801 5492 1060 1802 5493 1061 1802 5494 1062 1802 5495 1062 1803 5496 1061 1803 5497 1063 1803 5498 1064 1804 5499 1065 1804 5500 1066 1804 5501 1067 1805 5502 1068 1805 5503 1069 1805 5504 1069 1806 5505 1068 1806 5506 1070 1806 5507 1071 1807 5508 1072 1807 5509 1073 1807 5510 1073 1808 5511 1072 1808 5512 1074 1808 5513 1073 1809 5514 1074 1809 5515 1075 1809 5516 1075 1810 5517 1074 1810 5518 1076 1810 5519 1075 1811 5520 1076 1811 5521 1077 1811 5522 1077 1812 5523 1076 1812 5524 1078 1812 5525 1077 1813 5526 1078 1813 5527 1079 1813 5528 1079 1814 5529 1078 1814 5530 1080 1814 5531 1079 1815 5532 1080 1815 5533 1070 1815 5534 1070 1816 5535 1080 1816 5536 1081 1816 5537 1070 1817 5538 1081 1817 5539 1069 1817 5540 1071 1818 5541 1073 1818 5542 1082 1818 5543 1082 1819 5544 1073 1819 5545 1083 1819 5546 1082 1820 5547 1083 1820 5548 1084 1820 5549 1084 1821 5550 1083 1821 5551 1058 1821 5552 1084 1822 5553 1058 1822 5554 1085 1822 5555 1085 1823 5556 1058 1823 5557 1059 1823 5558 1085 1824 5559 1059 1824 5560 1086 1824 5561 1068 1825 5562 1087 1825 5563 1070 1825 5564 1070 1826 5565 1087 1826 5566 1088 1826 5567 1070 1827 5568 1088 1827 5569 1079 1827 5570 1079 1828 5571 1088 1828 5572 1089 1828 5573 1079 1829 5574 1089 1829 5575 1077 1829 5576 1077 1830 5577 1089 1830 5578 1090 1830 5579 1077 1831 5580 1090 1831 5581 1075 1831 5582 1075 1832 5583 1090 1832 5584 1091 1832 5585 1075 1833 5586 1091 1833 5587 1073 1833 5588 1073 1834 5589 1091 1834 5590 1092 1834 5591 1073 1835 5592 1092 1835 5593 1083 1835 5594 1083 1836 5595 1092 1836 5596 1093 1836 5597 1083 1837 5598 1093 1837 5599 1058 1837 5600 1058 1838 5601 1093 1838 5602 1055 1838 5603 1058 1839 5604 1055 1839 5605 1056 1839 5606 1087 1840 5607 1065 1840 5608 1088 1840 5609 1088 1841 5610 1065 1841 5611 1064 1841 5612 1088 1842 5613 1064 1842 5614 1089 1842 5615 1089 1843 5616 1064 1843 5617 1094 1843 5618 1089 1844 5619 1094 1844 5620 1090 1844 5621 1090 1845 5622 1094 1845 5623 1095 1845 5624 1090 1846 5625 1095 1846 5626 1091 1846 5627 1091 1847 5628 1095 1847 5629 1096 1847 5630 1091 1848 5631 1096 1848 5632 1092 1848 5633 1092 1849 5634 1096 1849 5635 1097 1849 5636 1092 1850 5637 1097 1850 5638 1093 1850 5639 1093 1851 5640 1097 1851 5641 1098 1851 5642 1093 1852 5643 1098 1852 5644 1055 1852 5645 1055 1853 5646 1098 1853 5647 1062 1853 5648 1055 1854 5649 1062 1854 5650 1053 1854 5651 1053 1855 5652 1062 1855 5653 1063 1855 5654 1099 1856 5655 1060 1856 5656 1100 1856 5657 1100 1857 5658 1060 1857 5659 1062 1857 5660 1100 1858 5661 1062 1858 5662 1101 1858 5663 1101 1859 5664 1062 1859 5665 1098 1859 5666 1101 1860 5667 1098 1860 5668 1102 1860 5669 1102 1861 5670 1098 1861 5671 1097 1861 5672 1102 1862 5673 1097 1862 5674 1103 1862 5675 1103 1863 5676 1097 1863 5677 1096 1863 5678 1103 1864 5679 1096 1864 5680 1104 1864 5681 1104 1865 5682 1096 1865 5683 1095 1865 5684 1104 1866 5685 1095 1866 5686 1105 1866 5687 1105 1867 5688 1095 1867 5689 1094 1867 5690 1105 1868 5691 1094 1868 5692 1106 1868 5693 1106 1869 5694 1094 1869 5695 1064 1869 5696 1106 1870 5697 1064 1870 5698 1107 1870 5699 1107 1871 5700 1064 1871 5701 1066 1871 5702 1107 1872 5703 1066 1872 5704 1108 1872 5705 1109 1873 5706 1110 1873 5707 1111 1873 5708 1112 1874 5709 1113 1874 5710 1114 1874 5711 1115 1875 5712 1087 1875 5713 1068 1875 5714 1066 1876 5715 1065 1876 5716 1116 1876 5717 1116 1877 5718 1065 1877 5719 1087 1877 5720 1109 1878 5721 1111 1878 5722 1117 1878 5723 1118 1879 5724 1119 1879 5725 1120 1879 5726 1121 1880 5727 1122 1880 5728 1123 1880 5729 1124 1881 5730 1125 1881 5731 1126 1881 5732 1127 1882 5733 1128 1882 5734 1122 1882 5735 1129 1883 5736 1130 1883 5737 1131 1883 5738 1131 1884 5739 1130 1884 5740 1132 1884 5741 1131 1885 5742 1132 1885 5743 1121 1885 5744 1121 1886 5745 1132 1886 5746 1127 1886 5747 1121 1887 5748 1127 1887 5749 1122 1887 5750 1113 1888 5751 1133 1888 5752 1114 1888 5753 1114 1889 5754 1133 1889 5755 1134 1889 5756 1114 1890 5757 1134 1890 5758 1135 1890 5759 1135 1891 5760 1134 1891 5761 1136 1891 5762 1135 1892 5763 1136 1892 5764 1137 1892 5765 1137 1893 5766 1136 1893 5767 1138 1893 5768 1137 1894 5769 1138 1894 5770 1139 1894 5771 1139 1895 5772 1138 1895 5773 1140 1895 5774 1139 1896 5775 1140 1896 5776 1129 1896 5777 1129 1897 5778 1140 1897 5779 1141 1897 5780 1129 1898 5781 1141 1898 5782 1130 1898 5783 1108 1899 5784 1066 1899 5785 1142 1899 5786 1142 1900 5787 1066 1900 5788 1116 1900 5789 1142 1901 5790 1116 1901 5791 1143 1901 5792 1143 1902 5793 1116 1902 5794 1144 1902 5795 1120 1903 5796 1117 1903 5797 1118 1903 5798 1118 1904 5799 1117 1904 5800 1111 1904 5801 1118 1905 5802 1111 1905 5803 1145 1905 5804 1145 1906 5805 1111 1906 5806 1146 1906 5807 1145 1907 5808 1146 1907 5809 1147 1907 5810 1147 1908 5811 1146 1908 5812 1148 1908 5813 1147 1909 5814 1148 1909 5815 1149 1909 5816 1149 1910 5817 1148 1910 5818 1150 1910 5819 1149 1911 5820 1150 1911 5821 1151 1911 5822 1151 1912 5823 1150 1912 5824 1152 1912 5825 1151 1913 5826 1152 1913 5827 1144 1913 5828 1144 1914 5829 1152 1914 5830 1153 1914 5831 1144 1915 5832 1153 1915 5833 1143 1915 5834 1087 1916 5835 1115 1916 5836 1116 1916 5837 1116 1917 5838 1115 1917 5839 1154 1917 5840 1116 1918 5841 1154 1918 5842 1144 1918 5843 1144 1919 5844 1154 1919 5845 1155 1919 5846 1144 1920 5847 1155 1920 5848 1151 1920 5849 1151 1921 5850 1155 1921 5851 1156 1921 5852 1151 1922 5853 1156 1922 5854 1149 1922 5855 1149 1923 5856 1156 1923 5857 1157 1923 5858 1149 1924 5859 1157 1924 5860 1147 1924 5861 1147 1925 5862 1157 1925 5863 1158 1925 5864 1147 1926 5865 1158 1926 5866 1145 1926 5867 1145 1927 5868 1158 1927 5869 1125 1927 5870 1145 1928 5871 1125 1928 5872 1118 1928 5873 1118 1929 5874 1125 1929 5875 1124 1929 5876 1118 1930 5877 1124 1930 5878 1119 1930 5879 1067 1931 5880 1112 1931 5881 1068 1931 5882 1068 1932 5883 1112 1932 5884 1114 1932 5885 1068 1933 5886 1114 1933 5887 1115 1933 5888 1115 1934 5889 1114 1934 5890 1135 1934 5891 1115 1935 5892 1135 1935 5893 1154 1935 5894 1154 1936 5895 1135 1936 5896 1137 1936 5897 1154 1937 5898 1137 1937 5899 1155 1937 5900 1155 1938 5901 1137 1938 5902 1139 1938 5903 1155 1939 5904 1139 1939 5905 1156 1939 5906 1156 1940 5907 1139 1940 5908 1129 1940 5909 1156 1941 5910 1129 1941 5911 1157 1941 5912 1157 1942 5913 1129 1942 5914 1131 1942 5915 1157 1943 5916 1131 1943 5917 1158 1943 5918 1158 1944 5919 1131 1944 5920 1121 1944 5921 1158 1945 5922 1121 1945 5923 1125 1945 5924 1125 1946 5925 1121 1946 5926 1123 1946 5927 1125 1947 5928 1123 1947 5929 1126 1947 5930 1159 1948 5931 1160 1948 5932 1161 1948 5933 1162 1949 5934 1163 1949 5935 1164 1949 5936 1165 1950 5937 1166 1950 5938 1167 1950 5939 1047 1951 5940 1168 1951 5941 1043 1951 5942 1043 1952 5943 1168 1952 5944 1169 1952 5945 1169 1953 5946 1168 1953 5947 1170 1953 5948 1170 1954 5949 1168 1954 5950 1171 1954 5951 1170 1955 5952 1171 1955 5953 1172 1955 5954 1172 1956 5955 1171 1956 5956 1173 1956 5957 1173 1957 5958 1171 1957 5959 1167 1957 5960 1173 1958 5961 1167 1958 5962 1174 1958 5963 1166 1959 5964 1175 1959 5965 1167 1959 5966 1167 1960 5967 1175 1960 5968 1176 1960 5969 1167 1961 5970 1176 1961 5971 1174 1961 5972 1174 1962 5973 1176 1962 5974 1177 1962 5975 1162 1963 5976 1164 1963 5977 1178 1963 5978 1179 1964 5979 1034 1964 5980 1033 1964 5981 1033 1965 5982 1180 1965 5983 1179 1965 5984 1179 1966 5985 1180 1966 5986 1181 1966 5987 1179 1967 5988 1181 1967 5989 1182 1967 5990 1182 1968 5991 1181 1968 5992 1183 1968 5993 1182 1969 5994 1183 1969 5995 1161 1969 5996 1161 1970 5997 1183 1970 5998 1184 1970 5999 1161 1971 6000 1184 1971 6001 1159 1971 6002 1049 1972 6003 1034 1972 6004 1185 1972 6005 1185 1973 6006 1034 1973 6007 1179 1973 6008 1185 1974 6009 1179 1974 6010 1186 1974 6011 1186 1975 6012 1179 1975 6013 1182 1975 6014 1186 1976 6015 1182 1976 6016 1164 1976 6017 1164 1977 6018 1182 1977 6019 1161 1977 6020 1164 1978 6021 1161 1978 6022 1178 1978 6023 1178 1979 6024 1161 1979 6025 1160 1979 6026 1047 1980 6027 1049 1980 6028 1168 1980 6029 1168 1981 6030 1049 1981 6031 1185 1981 6032 1168 1982 6033 1185 1982 6034 1171 1982 6035 1171 1983 6036 1185 1983 6037 1186 1983 6038 1171 1984 6039 1186 1984 6040 1167 1984 6041 1167 1985 6042 1186 1985 6043 1164 1985 6044 1167 1986 6045 1164 1986 6046 1165 1986 6047 1165 1987 6048 1164 1987 6049 1163 1987 6050 1187 1988 6051 1188 1988 6052 1189 1988 6053 1190 1989 6054 1191 1989 6055 1187 1989 6056 1192 1990 6057 1193 1990 6058 1194 1990 6059 1194 1991 6060 1193 1991 6061 1195 1991 6062 1194 1992 6063 1195 1992 6064 1196 1992 6065 1197 1993 6066 1198 1993 6067 1199 1993 6068 1199 1994 6069 1198 1994 6070 1200 1994 6071 1199 1995 6072 1200 1995 6073 1201 1995 6074 1177 1996 6075 1197 1996 6076 1174 1996 6077 1174 1997 6078 1197 1997 6079 1199 1997 6080 1174 1998 6081 1199 1998 6082 1173 1998 6083 1173 1999 6084 1199 1999 6085 1202 1999 6086 1173 2000 6087 1202 2000 6088 1172 2000 6089 1172 2001 6090 1202 2001 6091 1170 2001 6092 1170 2002 6093 1202 2002 6094 1203 2002 6095 1170 2003 6096 1203 2003 6097 1169 2003 6098 1204 2004 6099 1039 2004 6100 1041 2004 6101 1205 2005 6102 1035 2005 6103 1037 2005 6104 1187 2006 6105 1189 2006 6106 1190 2006 6107 1190 2007 6108 1189 2007 6109 1206 2007 6110 1190 2008 6111 1206 2008 6112 1207 2008 6113 1207 2009 6114 1206 2009 6115 1205 2009 6116 1207 2010 6117 1205 2010 6118 1208 2010 6119 1208 2011 6120 1205 2011 6121 1037 2011 6122 1208 2012 6123 1037 2012 6124 1039 2012 6125 1039 2013 6126 1204 2013 6127 1208 2013 6128 1208 2014 6129 1204 2014 6130 1209 2014 6131 1208 2015 6132 1209 2015 6133 1207 2015 6134 1207 2016 6135 1209 2016 6136 1194 2016 6137 1207 2017 6138 1194 2017 6139 1190 2017 6140 1190 2018 6141 1194 2018 6142 1196 2018 6143 1190 2019 6144 1196 2019 6145 1191 2019 6146 1043 2020 6147 1169 2020 6148 1041 2020 6149 1041 2021 6150 1169 2021 6151 1203 2021 6152 1041 2022 6153 1203 2022 6154 1204 2022 6155 1204 2023 6156 1203 2023 6157 1202 2023 6158 1204 2024 6159 1202 2024 6160 1209 2024 6161 1209 2025 6162 1202 2025 6163 1199 2025 6164 1209 2026 6165 1199 2026 6166 1194 2026 6167 1194 2027 6168 1199 2027 6169 1201 2027 6170 1194 2028 6171 1201 2028 6172 1192 2028 6173 1210 2029 6174 1211 2029 6175 1212 2029 6176 1210 2030 6177 1212 2030 6178 1213 2030 6179 1213 2031 6180 1212 2031 6181 1214 2031 6182 1213 2032 6183 1214 2032 6184 1215 2032 6185 1216 2033 6186 1217 2033 6187 1218 2033 6188 1218 2034 6189 1217 2034 6190 1219 2034 6191 1218 2035 6192 1219 2035 6193 1220 2035 6194 1220 2036 6195 1221 2036 6196 1218 2036 6197 1218 2037 6198 1221 2037 6199 1222 2037 6200 1218 2038 6201 1222 2038 6202 1223 2038 6203 1224 2039 6204 1225 2039 6205 1218 2039 6206 1218 2040 6207 1225 2040 6208 1226 2040 6209 1218 2041 6210 1226 2041 6211 1227 2041 6212 1227 2042 6213 1228 2042 6214 1218 2042 6215 1218 2043 6216 1228 2043 6217 1229 2043 6218 1218 2044 6219 1229 2044 6220 1230 2044 6221 1230 2045 6222 1231 2045 6223 1218 2045 6224 1218 2046 6225 1231 2046 6226 1232 2046 6227 1218 2047 6228 1232 2047 6229 1216 2047 6230 1223 2048 6231 1214 2048 6232 1218 2048 6233 1218 2049 6234 1214 2049 6235 1212 2049 6236 1218 2050 6237 1212 2050 6238 1224 2050 6239 1224 2051 6240 1212 2051 6241 1211 2051 6242 1224 2052 6243 1211 2052 6244 371 2052 6245 1233 2053 6246 862 2053 6247 1234 2053 6248 1234 2054 6249 862 2054 6250 861 2054 6251 371 2055 6252 869 2055 6253 1224 2055 6254 1224 2056 6255 869 2056 6256 868 2056 6257 1224 2057 6258 868 2057 6259 1235 2057 6260 868 2058 6261 867 2058 6262 1235 2058 6263 1235 2059 6264 867 2059 6265 866 2059 6266 1235 2060 6267 866 2060 6268 865 2060 6269 865 2061 6270 864 2061 6271 1235 2061 6272 1235 2062 6273 864 2062 6274 863 2062 6275 1235 2063 6276 863 2063 6277 1233 2063 6278 1233 2064 6279 863 2064 6280 857 2064 6281 1233 2065 6282 857 2065 6283 862 2065 6284 1236 2066 6285 1237 2066 6286 1238 2066 6287 1238 2067 6288 1237 2067 6289 1239 2067 6290 1238 2068 6291 1239 2068 6292 1240 2068 6293 1241 2069 6294 1242 2069 6295 1243 2069 6296 1244 2070 6297 1245 2070 6298 1240 2070 6299 1246 2071 6300 1247 2071 6301 1248 2071 6302 1248 2072 6303 1249 2072 6304 1246 2072 6305 1246 2073 6306 1249 2073 6307 1250 2073 6308 1246 2074 6309 1250 2074 6310 1251 2074 6311 1251 2075 6312 1252 2075 6313 1246 2075 6314 1246 2076 6315 1252 2076 6316 1253 2076 6317 1246 2077 6318 1253 2077 6319 1254 2077 6320 1244 2078 6321 1240 2078 6322 1254 2078 6323 1254 2079 6324 1240 2079 6325 1239 2079 6326 1254 2080 6327 1239 2080 6328 1246 2080 6329 1246 2081 6330 1239 2081 6331 1237 2081 6332 1246 2082 6333 1237 2082 6334 1255 2082 6335 1255 2083 6336 1256 2083 6337 1246 2083 6338 1246 2084 6339 1256 2084 6340 1257 2084 6341 1246 2085 6342 1257 2085 6343 1258 2085 6344 1258 2086 6345 1259 2086 6346 1246 2086 6347 1246 2087 6348 1259 2087 6349 1260 2087 6350 1246 2088 6351 1260 2088 6352 1247 2088 6353 1243 2089 6354 1261 2089 6355 1241 2089 6356 1241 2090 6357 1261 2090 6358 1262 2090 6359 1241 2091 6360 1262 2091 6361 1244 2091 6362 1244 2092 6363 1262 2092 6364 1263 2092 6365 1244 2093 6366 1263 2093 6367 1245 2093 6368 1264 2094 6369 1265 2094 6370 415 2094 6371 1266 2095 6372 1267 2095 6373 517 2095 6374 517 2096 6375 1267 2096 6376 587 2096 6377 1268 2097 6378 422 2097 6379 1269 2097 6380 1269 2098 6381 422 2098 6382 423 2098 6383 1269 2099 6384 423 2099 6385 1270 2099 6386 1270 2100 6387 423 2100 6388 424 2100 6389 483 2101 6390 1271 2101 6391 530 2101 6392 530 2102 6393 1271 2102 6394 1272 2102 6395 415 2103 6396 1265 2103 6397 410 2103 6398 410 2104 6399 1265 2104 6400 1273 2104 6401 410 2105 6402 1273 2105 6403 408 2105 6404 408 2106 6405 1273 2106 6406 483 2106 6407 483 2107 6408 1273 2107 6409 1274 2107 6410 483 2108 6411 1274 2108 6412 1271 2108 6413 517 2109 6414 515 2109 6415 1266 2109 6416 1266 2110 6417 515 2110 6418 500 2110 6419 1266 2111 6420 500 2111 6421 1275 2111 6422 1275 2112 6423 500 2112 6424 519 2112 6425 1275 2113 6426 519 2113 6427 1276 2113 6428 1276 2114 6429 519 2114 6430 521 2114 6431 1276 2115 6432 521 2115 6433 1277 2115 6434 1277 2116 6435 521 2116 6436 523 2116 6437 1277 2117 6438 523 2117 6439 1278 2117 6440 1278 2118 6441 523 2118 6442 525 2118 6443 1278 2119 6444 525 2119 6445 1279 2119 6446 1279 2120 6447 525 2120 6448 527 2120 6449 1279 2121 6450 527 2121 6451 1272 2121 6452 1272 2122 6453 527 2122 6454 528 2122 6455 1272 2123 6456 528 2123 6457 530 2123 6458 415 2124 6459 413 2124 6460 1264 2124 6461 1264 2125 6462 413 2125 6463 412 2125 6464 1264 2126 6465 412 2126 6466 1280 2126 6467 1280 2127 6468 412 2127 6469 390 2127 6470 1280 2128 6471 390 2128 6472 1281 2128 6473 1281 2129 6474 390 2129 6475 420 2129 6476 1281 2130 6477 420 2130 6478 1282 2130 6479 1267 2131 6480 1283 2131 6481 587 2131 6482 587 2132 6483 1283 2132 6484 1284 2132 6485 587 2133 6486 1284 2133 6487 506 2133 6488 506 2134 6489 1284 2134 6490 1285 2134 6491 1215 2135 6492 374 2135 6493 1213 2135 6494 1213 2136 6495 374 2136 6496 373 2136 6497 1213 2137 6498 373 2137 6499 1210 2137 6500 373 2138 6501 376 2138 6502 1210 2138 6503 1210 2139 6504 376 2139 6505 372 2139 6506 1210 2140 6507 372 2140 6508 1211 2140 6509 1211 73 6510 372 73 6511 371 73 6512 420 2141 6513 419 2141 6514 1282 2141 6515 1282 2142 6516 419 2142 6517 417 2142 6518 1282 2143 6519 417 2143 6520 1286 2143 6521 1286 2144 6522 417 2144 6523 387 2144 6524 1286 2145 6525 387 2145 6526 1287 2145 6527 1287 2146 6528 387 2146 6529 389 2146 6530 1287 2147 6531 389 2147 6532 1288 2147 6533 1288 2148 6534 389 2148 6535 449 2148 6536 1288 2149 6537 449 2149 6538 1289 2149 6539 1289 2150 6540 449 2150 6541 384 2150 6542 1289 2151 6543 384 2151 6544 1290 2151 6545 1290 2152 6546 384 2152 6547 386 2152 6548 1290 2153 6549 386 2153 6550 1291 2153 6551 1291 2154 6552 386 2154 6553 430 2154 6554 1291 2155 6555 430 2155 6556 1268 2155 6557 1268 2156 6558 430 2156 6559 429 2156 6560 1268 2157 6561 429 2157 6562 422 2157 6563 1285 2158 6564 1292 2158 6565 506 2158 6566 506 2159 6567 1292 2159 6568 1293 2159 6569 506 2160 6570 1293 2160 6571 507 2160 6572 507 2161 6573 1293 2161 6574 509 2161 6575 1215 2162 6576 1294 2162 6577 374 2162 6578 374 2163 6579 1294 2163 6580 1295 2163 6581 374 2164 6582 1295 2164 6583 424 2164 6584 424 2165 6585 1295 2165 6586 1296 2165 6587 424 2166 6588 1296 2166 6589 1270 2166 6590 1293 2167 6591 1297 2167 6592 509 2167 6593 509 2168 6594 1297 2168 6595 1298 2168 6596 509 2169 6597 1298 2169 6598 511 2169 6599 511 2170 6600 1298 2170 6601 1299 2170 6602 511 2171 6603 1299 2171 6604 503 2171 6605 503 2172 6606 1299 2172 6607 1300 2172 6608 503 2173 6609 1300 2173 6610 504 2173 6611 504 2174 6612 1300 2174 6613 1236 2174 6614 504 2175 6615 1236 2175 6616 610 2175 6617 610 2176 6618 1236 2176 6619 1238 2176 6620 610 2177 6621 1238 2177 6622 611 2177 6623 749 73 6624 722 73 6625 1243 73 6626 1243 73 6627 722 73 6628 721 73 6629 1243 73 6630 721 73 6631 1261 73 6632 1261 73 6633 721 73 6634 720 73 6635 1261 73 6636 720 73 6637 1262 73 6638 1262 73 6639 720 73 6640 719 73 6641 1262 2178 6642 719 2178 6643 1263 2178 6644 1263 73 6645 719 73 6646 718 73 6647 1263 2179 6648 718 2179 6649 1245 2179 6650 1245 73 6651 718 73 6652 611 73 6653 1245 2180 6654 611 2180 6655 1240 2180 6656 1240 2181 6657 611 2181 6658 1238 2181 6659 749 2182 6660 1301 2182 6661 748 2182 6662 726 2183 6663 748 2183 6664 723 2183 6665 723 2184 6666 748 2184 6667 1302 2184 6668 723 2185 6669 1302 2185 6670 724 2185 6671 724 2186 6672 1302 2186 6673 1303 2186 6674 724 73 6675 1303 73 6676 742 73 6677 1304 2187 6678 912 2187 6679 910 2187 6680 1304 2188 6681 910 2188 6682 1305 2188 6683 1303 2189 6684 1306 2189 6685 742 2189 6686 742 73 6687 1306 73 6688 1307 73 6689 742 2190 6690 1307 2190 6691 896 2190 6692 896 73 6693 1307 73 6694 1308 73 6695 896 2191 6696 1308 2191 6697 897 2191 6698 897 73 6699 1308 73 6700 1309 73 6701 897 73 6702 1309 73 6703 916 73 6704 916 2192 6705 1309 2192 6706 1310 2192 6707 916 73 6708 1310 73 6709 899 73 6710 899 73 6711 1310 73 6712 1311 73 6713 899 2193 6714 1311 2193 6715 900 2193 6716 900 2194 6717 1311 2194 6718 1312 2194 6719 900 73 6720 1312 73 6721 913 73 6722 913 73 6723 1312 73 6724 1313 73 6725 913 2195 6726 1313 2195 6727 914 2195 6728 914 73 6729 1313 73 6730 1314 73 6731 914 73 6732 1314 73 6733 915 73 6734 915 73 6735 1314 73 6736 1305 73 6737 915 2196 6738 1305 2196 6739 909 2196 6740 909 73 6741 1305 73 6742 910 73 6743 1315 2197 6744 1316 2197 6745 1317 2197 6746 1317 2198 6747 1316 2198 6748 1318 2198 6749 1306 2199 6750 1303 2199 6751 1319 2199 6752 1319 2200 6753 1303 2200 6754 1320 2200 6755 1321 2201 6756 1322 2201 6757 1320 2201 6758 1320 2202 6759 1322 2202 6760 1323 2202 6761 1320 2203 6762 1323 2203 6763 1319 2203 6764 1318 2204 6765 1324 2204 6766 1317 2204 6767 1317 2205 6768 1324 2205 6769 1325 2205 6770 1317 2206 6771 1325 2206 6772 1326 2206 6773 1326 2207 6774 1325 2207 6775 1327 2207 6776 1326 2208 6777 1327 2208 6778 1328 2208 6779 1328 2209 6780 1327 2209 6781 1329 2209 6782 1328 2210 6783 1329 2210 6784 1321 2210 6785 1321 2211 6786 1329 2211 6787 1330 2211 6788 1321 2212 6789 1330 2212 6790 1322 2212 6791 945 2213 6792 1331 2213 6793 1332 2213 6794 1333 2214 6795 1334 2214 6796 1335 2214 6797 1333 2215 6798 1335 2215 6799 1336 2215 6800 1336 2216 6801 1335 2216 6802 1337 2216 6803 1336 2217 6804 1337 2217 6805 1338 2217 6806 1338 2218 6807 1337 2218 6808 1332 2218 6809 1338 2219 6810 1332 2219 6811 1339 2219 6812 1339 2220 6813 1332 2220 6814 1331 2220 6815 1339 2221 6816 1331 2221 6817 1340 2221 6818 945 2222 6819 1332 2222 6820 944 2222 6821 944 2223 6822 1332 2223 6823 1337 2223 6824 944 2224 6825 1337 2224 6826 943 2224 6827 943 2225 6828 1337 2225 6829 1335 2225 6830 943 2226 6831 1335 2226 6832 942 2226 6833 942 2227 6834 1335 2227 6835 1334 2227 6836 942 2228 6837 1334 2228 6838 941 2228 6839 1341 2229 6840 1153 2229 6841 1342 2229 6842 1342 2230 6843 1153 2230 6844 1152 2230 6845 1342 2231 6846 1152 2231 6847 1343 2231 6848 759 2232 6849 758 2232 6850 1150 2232 6851 1150 2233 6852 758 2233 6853 855 2233 6854 855 2234 6855 856 2234 6856 1150 2234 6857 1150 2235 6858 856 2235 6859 1344 2235 6860 1150 2236 6861 1344 2236 6862 836 2236 6863 836 2237 6864 829 2237 6865 1150 2237 6866 1150 2238 6867 829 2238 6868 828 2238 6869 1150 2239 6870 828 2239 6871 842 2239 6872 1343 2240 6873 1152 2240 6874 1345 2240 6875 1345 2241 6876 1152 2241 6877 1150 2241 6878 1345 2242 6879 1150 2242 6880 1346 2242 6881 1347 2243 6882 1348 2243 6883 1346 2243 6884 1346 2244 6885 1348 2244 6886 1349 2244 6887 1349 2245 6888 1350 2245 6889 1346 2245 6890 1346 2246 6891 1350 2246 6892 1351 2246 6893 1346 2247 6894 1351 2247 6895 1345 2247 6896 842 2248 6897 1352 2248 6898 1150 2248 6899 1150 2249 6900 1352 2249 6901 1353 2249 6902 1150 2250 6903 1353 2250 6904 1346 2250 6905 1346 2251 6906 1353 2251 6907 1354 2251 6908 1346 2252 6909 1354 2252 6910 1347 2252 6911 1355 2253 6912 1356 2253 6913 1357 2253 6914 1357 2254 6915 1356 2254 6916 1358 2254 6917 1356 2255 6918 796 2255 6919 1358 2255 6920 1358 2256 6921 796 2256 6922 798 2256 6923 1358 2257 6924 798 2257 6925 1359 2257 6926 1359 2258 6927 798 2258 6928 800 2258 6929 1359 2259 6930 800 2259 6931 802 2259 6932 802 2260 6933 804 2260 6934 1359 2260 6935 1359 2261 6936 804 2261 6937 806 2261 6938 1359 2262 6939 806 2262 6940 1110 2262 6941 1110 2263 6942 806 2263 6943 808 2263 6944 1110 2264 6945 808 2264 6946 1111 2264 6947 1111 2265 6948 808 2265 6949 810 2265 6950 810 2266 6951 770 2266 6952 1111 2266 6953 1111 2267 6954 770 2267 6955 768 2267 6956 1111 2268 6957 768 2268 6958 766 2268 6959 1150 2269 6960 1148 2269 6961 759 2269 6962 759 2270 6963 1148 2270 6964 1146 2270 6965 759 2271 6966 1146 2271 6967 762 2271 6968 762 2272 6969 1146 2272 6970 1111 2272 6971 762 2273 6972 1111 2273 6973 764 2273 6974 764 2274 6975 1111 2274 6976 766 2274 6977 1341 2275 6978 1360 2275 6979 1153 2275 6980 1153 2276 6981 1360 2276 6982 1361 2276 6983 1153 2277 6984 1361 2277 6985 1143 2277 6986 1143 2278 6987 1361 2278 6988 1362 2278 6989 1143 2279 6990 1362 2279 6991 1142 2279 6992 1142 2280 6993 1362 2280 6994 1363 2280 6995 1142 2281 6996 1363 2281 6997 1108 2281 6998 1108 2282 6999 1363 2282 7000 1107 2282 7001 1107 2283 7002 1363 2283 7003 1364 2283 7004 1107 2284 7005 1364 2284 7006 1106 2284 7007 1106 2285 7008 1364 2285 7009 1365 2285 7010 1106 2286 7011 1365 2286 7012 1105 2286 7013 1365 2287 7014 1366 2287 7015 1105 2287 7016 1105 2288 7017 1366 2288 7018 1367 2288 7019 1105 2289 7020 1367 2289 7021 1368 2289 7022 1368 2290 7023 1369 2290 7024 1105 2290 7025 1105 2291 7026 1369 2291 7027 1370 2291 7028 1105 2292 7029 1370 2292 7030 1104 2292 7031 1371 2293 7032 1372 2293 7033 1103 2293 7034 1104 2294 7035 1370 2294 7036 1103 2294 7037 1103 2295 7038 1370 2295 7039 1373 2295 7040 1103 2296 7041 1373 2296 7042 1371 2296 7043 1372 2297 7044 1374 2297 7045 1103 2297 7046 1103 2298 7047 1374 2298 7048 1375 2298 7049 1103 2299 7050 1375 2299 7051 1376 2299 7052 938 2300 7053 1377 2300 7054 1103 2300 7055 1103 2301 7056 1377 2301 7057 947 2301 7058 1103 2302 7059 947 2302 7060 946 2302 7061 1376 2303 7062 1340 2303 7063 1103 2303 7064 1103 2304 7065 1340 2304 7066 1331 2304 7067 1103 2305 7068 1331 2305 7069 945 2305 7070 945 2306 7071 936 2306 7072 1103 2306 7073 1103 2307 7074 936 2307 7075 937 2307 7076 1103 2308 7077 937 2308 7078 938 2308 7079 1100 2309 7080 1101 2309 7081 1019 2309 7082 1019 2310 7083 1101 2310 7084 1018 2310 7085 946 2311 7086 956 2311 7087 1103 2311 7088 1103 2312 7089 956 2312 7090 1018 2312 7091 1103 2313 7092 1018 2313 7093 1102 2313 7094 1102 2314 7095 1018 2314 7096 1101 2314 7097 1019 2315 7098 1020 2315 7099 1100 2315 7100 1100 2316 7101 1020 2316 7102 1021 2316 7103 1100 2317 7104 1021 2317 7105 1022 2317 7106 1022 2318 7107 1023 2318 7108 1100 2318 7109 1100 2319 7110 1023 2319 7111 1024 2319 7112 1100 2320 7113 1024 2320 7114 1099 2320 7115 1099 2321 7116 1024 2321 7117 1025 2321 7118 1099 2322 7119 1025 2322 7120 1378 2322 7121 1378 2323 7122 1025 2323 7123 1026 2323 7124 1378 2324 7125 1026 2324 7126 1027 2324 7127 1030 2325 7128 1379 2325 7129 1029 2325 7130 1029 2326 7131 1379 2326 7132 1378 2326 7133 1029 2327 7134 1378 2327 7135 1028 2327 7136 1028 2328 7137 1378 2328 7138 1027 2328 7139 1030 2329 7140 1031 2329 7141 1379 2329 7142 1379 2330 7143 1031 2330 7144 1380 2330 7145 1379 2331 7146 1380 2331 7147 1381 2331 7148 1381 2332 7149 1380 2332 7150 1382 2332 7151 846 2333 7152 1383 2333 7153 1384 2333 7154 1353 2334 7155 1352 2334 7156 1385 2334 7157 1353 2335 7158 1385 2335 7159 1386 2335 7160 1386 2336 7161 1385 2336 7162 1387 2336 7163 1386 2337 7164 1387 2337 7165 1388 2337 7166 1388 2338 7167 1387 2338 7168 1384 2338 7169 1388 2339 7170 1384 2339 7171 1389 2339 7172 1389 2340 7173 1384 2340 7174 1383 2340 7175 1389 2341 7176 1383 2341 7177 1390 2341 7178 846 2342 7179 1384 2342 7180 845 2342 7181 845 2343 7182 1384 2343 7183 1387 2343 7184 845 2344 7185 1387 2344 7186 844 2344 7187 844 2345 7188 1387 2345 7189 1385 2345 7190 844 2346 7191 1385 2346 7192 843 2346 7193 843 2347 7194 1385 2347 7195 1352 2347 7196 843 2348 7197 1352 2348 7198 842 2348 7199 1391 2349 7200 1392 2349 7201 1393 2349 7202 1394 2350 7203 1395 2350 7204 1396 2350 7205 1397 2351 7206 1398 2351 7207 1399 2351 7208 1399 2352 7209 1398 2352 7210 1393 2352 7211 1391 2353 7212 1393 2353 7213 1396 2353 7214 1396 2354 7215 1393 2354 7216 1398 2354 7217 1396 2355 7218 1398 2355 7219 1394 2355 7220 1394 2356 7221 1398 2356 7222 1397 2356 7223 1394 2357 7224 1397 2357 7225 1355 2357 7226 1400 2358 7227 1401 2358 7228 826 2358 7229 826 2359 7230 752 2359 7231 1400 2359 7232 1400 2360 7233 752 2360 7234 751 2360 7235 1400 2361 7236 751 2361 7237 1356 2361 7238 1356 2362 7239 751 2362 7240 811 2362 7241 1356 2363 7242 811 2363 7243 796 2363 7244 1399 2364 7245 1401 2364 7246 1397 2364 7247 1397 2365 7248 1401 2365 7249 1400 2365 7250 1397 2366 7251 1400 2366 7252 1355 2366 7253 1355 2367 7254 1400 2367 7255 1356 2367 7256 794 2368 7257 793 2368 7258 1402 2368 7259 1402 2369 7260 793 2369 7261 822 2369 7262 1402 2370 7263 822 2370 7264 823 2370 7265 823 2371 7266 824 2371 7267 1402 2371 7268 1402 2372 7269 824 2372 7270 825 2372 7271 1402 2373 7272 825 2373 7273 826 2373 7274 1402 2374 7275 1403 2374 7276 794 2374 7277 794 2375 7278 1403 2375 7279 1404 2375 7280 794 2376 7281 1404 2376 7282 795 2376 7283 795 2377 7284 1404 2377 7285 785 2377 7286 789 2378 7287 788 2378 7288 1405 2378 7289 1405 2379 7290 788 2379 7291 787 2379 7292 1405 2380 7293 787 2380 7294 1404 2380 7295 1404 2381 7296 787 2381 7297 786 2381 7298 1404 2382 7299 786 2382 7300 785 2382 7301 791 2383 7302 790 2383 7303 1406 2383 7304 1406 2384 7305 790 2384 7306 789 2384 7307 1406 2385 7308 789 2385 7309 1407 2385 7310 1407 2386 7311 789 2386 7312 1405 2386 7313 1407 2387 7314 1405 2387 7315 1408 2387 7316 1408 2388 7317 1405 2388 7318 1404 2388 7319 1408 2389 7320 1404 2389 7321 1409 2389 7322 1409 2390 7323 1404 2390 7324 1403 2390 7325 1409 2391 7326 1410 2391 7327 1408 2391 7328 1408 2392 7329 1410 2392 7330 1411 2392 7331 1408 2393 7332 1411 2393 7333 1407 2393 7334 1407 2394 7335 1411 2394 7336 1412 2394 7337 1407 2395 7338 1412 2395 7339 1406 2395 7340 1406 2396 7341 1412 2396 7342 1413 2396 7343 1406 2397 7344 1413 2397 7345 791 2397 7346 791 2398 7347 1413 2398 7348 1414 2398 7349 791 2399 7350 1414 2399 7351 792 2399 7352 1344 2400 7353 856 2400 7354 1415 2400 7355 1415 2401 7356 856 2401 7357 854 2401 7358 1415 2402 7359 854 2402 7360 1416 2402 7361 1416 2403 7362 854 2403 7363 852 2403 7364 1416 2404 7365 852 2404 7366 1417 2404 7367 1417 2405 7368 852 2405 7369 850 2405 7370 1417 2406 7371 850 2406 7372 1418 2406 7373 1418 2407 7374 850 2407 7375 848 2407 7376 836 2408 7377 1344 2408 7378 834 2408 7379 834 2409 7380 1344 2409 7381 1415 2409 7382 834 2410 7383 1415 2410 7384 832 2410 7385 832 2411 7386 1415 2411 7387 1416 2411 7388 832 2412 7389 1416 2412 7390 830 2412 7391 830 2413 7392 1416 2413 7393 1417 2413 7394 830 2414 7395 1417 2414 7396 839 2414 7397 839 2415 7398 1417 2415 7399 1418 2415 7400 838 2416 7401 839 2416 7402 1419 2416 7403 838 2417 7404 1419 2417 7405 837 2417 7406 837 2418 7407 1419 2418 7408 1420 2418 7409 837 2419 7410 1420 2419 7411 846 2419 7412 847 2420 7413 792 2420 7414 1421 2420 7415 1421 2421 7416 792 2421 7417 1414 2421 7418 1421 2422 7419 1414 2422 7420 1422 2422 7421 1422 2423 7422 1414 2423 7423 1413 2423 7424 1422 2424 7425 1413 2424 7426 1423 2424 7427 1423 2425 7428 1413 2425 7429 1412 2425 7430 1423 2426 7431 1412 2426 7432 1424 2426 7433 1424 2427 7434 1412 2427 7435 1411 2427 7436 1424 2428 7437 1411 2428 7438 1425 2428 7439 1425 2429 7440 1411 2429 7441 1410 2429 7442 848 2430 7443 847 2430 7444 1426 2430 7445 1426 2431 7446 847 2431 7447 1421 2431 7448 1426 2432 7449 1421 2432 7450 1427 2432 7451 1427 2433 7452 1421 2433 7453 1422 2433 7454 1427 2434 7455 1422 2434 7456 1428 2434 7457 1428 2435 7458 1422 2435 7459 1423 2435 7460 1428 2436 7461 1423 2436 7462 1429 2436 7463 1429 2437 7464 1423 2437 7465 1424 2437 7466 1429 2438 7467 1424 2438 7468 1430 2438 7469 1430 2439 7470 1424 2439 7471 1425 2439 7472 1431 2440 7473 871 2440 7474 1432 2440 7475 1432 2441 7476 871 2441 7477 870 2441 7478 1432 1296 7479 870 1296 7480 1433 1296 7481 873 2442 7482 871 2442 7483 1434 2442 7484 876 2443 7485 877 2443 7486 1435 2443 7487 1436 2444 7488 860 2444 7489 859 2444 7490 876 2445 7491 1435 2445 7492 875 2445 7493 875 2446 7494 1435 2446 7495 1436 2446 7496 875 2447 7497 1436 2447 7498 874 2447 7499 874 2448 7500 1436 2448 7501 859 2448 7502 874 2449 7503 859 2449 7504 858 2449 7505 1437 2450 7506 1438 2450 7507 877 2450 7508 877 2451 7509 1438 2451 7510 1439 2451 7511 877 2452 7512 1439 2452 7513 1435 2452 7514 877 2453 7515 878 2453 7516 1437 2453 7517 1437 2454 7518 878 2454 7519 879 2454 7520 1437 2455 7521 879 2455 7522 1434 2455 7523 1434 2456 7524 879 2456 7525 880 2456 7526 1434 2457 7527 880 2457 7528 873 2457 7529 1234 2458 7530 861 2458 7531 860 2458 7532 860 2459 7533 1436 2459 7534 1234 2459 7535 1234 2460 7536 1436 2460 7537 1435 2460 7538 1234 2461 7539 1435 2461 7540 1439 2461 7541 1433 73 7542 870 73 7543 1440 73 7544 1440 73 7545 870 73 7546 872 73 7547 1440 2462 7548 872 2462 7549 1441 2462 7550 1441 73 7551 872 73 7552 28 73 7553 1441 73 7554 28 73 7555 27 73 7556 1442 2463 7557 882 2463 7558 1443 2463 7559 1443 2464 7560 882 2464 7561 881 2464 7562 881 2465 7563 883 2465 7564 1443 2465 7565 1443 2466 7566 883 2466 7567 885 2466 7568 885 2467 7569 902 2467 7570 1443 2467 7571 1443 2468 7572 902 2468 7573 1444 2468 7574 1443 2469 7575 1444 2469 7576 1445 2469 7577 1445 2470 7578 1444 2470 7579 1446 2470 7580 1445 2471 7581 1446 2471 7582 1447 2471 7583 1446 2472 7584 1448 2472 7585 1447 2472 7586 1447 2473 7587 1448 2473 7588 1449 2473 7589 1447 2474 7590 1449 2474 7591 1450 2474 7592 1449 2475 7593 1451 2475 7594 1450 2475 7595 1450 2476 7596 1451 2476 7597 1452 2476 7598 1450 2477 7599 1452 2477 7600 1453 2477 7601 882 2478 7602 1442 2478 7603 1454 2478 7604 886 2479 7605 883 2479 7606 882 2479 7607 18 2480 7608 886 2480 7609 55 2480 7610 886 2478 7611 882 2478 7612 55 2478 7613 55 2481 7614 882 2481 7615 1454 2481 7616 55 2482 7617 1454 2482 7618 58 2482 7619 18 2483 7620 55 2483 7621 16 2483 7622 16 2484 7623 55 2484 7624 53 2484 7625 16 2485 7626 53 2485 7627 11 2485 7628 1316 73 7629 1455 73 7630 1318 73 7631 1318 2486 7632 1455 2486 7633 1456 2486 7634 1318 2487 7635 1456 2487 7636 1324 2487 7637 1324 73 7638 1456 73 7639 1457 73 7640 1309 2488 7641 1308 2488 7642 1458 2488 7643 1307 2489 7644 1306 2489 7645 1319 2489 7646 1324 2490 7647 1457 2490 7648 1459 2490 7649 1330 2491 7650 1329 2491 7651 1460 2491 7652 1460 2492 7653 1329 2492 7654 1327 2492 7655 1460 2493 7656 1327 2493 7657 1461 2493 7658 1461 2494 7659 1327 2494 7660 1325 2494 7661 1461 2495 7662 1325 2495 7663 1462 2495 7664 1330 2496 7665 1460 2496 7666 1322 2496 7667 1322 2497 7668 1460 2497 7669 1463 2497 7670 1322 2498 7671 1463 2498 7672 1323 2498 7673 1323 2499 7674 1463 2499 7675 1458 2499 7676 1323 2500 7677 1458 2500 7678 1319 2500 7679 1319 2501 7680 1458 2501 7681 1308 2501 7682 1319 2502 7683 1308 2502 7684 1307 2502 7685 1464 2503 7686 1310 2503 7687 1309 2503 7688 1313 2504 7689 1312 2504 7690 1464 2504 7691 1464 2505 7692 1312 2505 7693 1311 2505 7694 1464 2506 7695 1311 2506 7696 1310 2506 7697 1305 2507 7698 1314 2507 7699 1465 2507 7700 1465 2508 7701 1314 2508 7702 1313 2508 7703 902 2509 7704 912 2509 7705 1444 2509 7706 1444 2510 7707 912 2510 7708 1304 2510 7709 1444 2511 7710 1304 2511 7711 1305 2511 7712 1305 2512 7713 1465 2512 7714 1444 2512 7715 1444 2513 7716 1465 2513 7717 1466 2513 7718 1444 2514 7719 1466 2514 7720 1446 2514 7721 1446 2515 7722 1466 2515 7723 1448 2515 7724 1448 2516 7725 1466 2516 7726 1467 2516 7727 1448 2517 7728 1467 2517 7729 1449 2517 7730 1449 2518 7731 1467 2518 7732 1468 2518 7733 1449 2519 7734 1468 2519 7735 1451 2519 7736 1451 2520 7737 1468 2520 7738 1469 2520 7739 1451 2521 7740 1469 2521 7741 1452 2521 7742 1470 2522 7743 1471 2522 7744 1472 2522 7745 1324 2523 7746 1459 2523 7747 1325 2523 7748 1325 2524 7749 1459 2524 7750 1473 2524 7751 1325 2525 7752 1473 2525 7753 1462 2525 7754 1462 2526 7755 1473 2526 7756 1474 2526 7757 1462 2527 7758 1474 2527 7759 1475 2527 7760 1313 2528 7761 1464 2528 7762 1465 2528 7763 1465 2529 7764 1464 2529 7765 1476 2529 7766 1465 2530 7767 1476 2530 7768 1466 2530 7769 1466 2531 7770 1476 2531 7771 1477 2531 7772 1466 2532 7773 1477 2532 7774 1467 2532 7775 1467 2533 7776 1477 2533 7777 1470 2533 7778 1467 2534 7779 1470 2534 7780 1468 2534 7781 1468 2535 7782 1470 2535 7783 1472 2535 7784 1468 2536 7785 1472 2536 7786 1469 2536 7787 1309 2537 7788 1458 2537 7789 1464 2537 7790 1464 2538 7791 1458 2538 7792 1463 2538 7793 1464 2539 7794 1463 2539 7795 1476 2539 7796 1476 2540 7797 1463 2540 7798 1460 2540 7799 1476 2541 7800 1460 2541 7801 1477 2541 7802 1477 2542 7803 1460 2542 7804 1461 2542 7805 1477 2543 7806 1461 2543 7807 1470 2543 7808 1470 2544 7809 1461 2544 7810 1462 2544 7811 1470 2545 7812 1462 2545 7813 1471 2545 7814 1471 2546 7815 1462 2546 7816 1475 2546 7817 1471 2547 7818 1475 2547 7819 1472 2547 7820 941 2548 7821 1478 2548 7822 927 2548 7823 927 2549 7824 1478 2549 7825 1479 2549 7826 927 2550 7827 1479 2550 7828 928 2550 7829 928 2551 7830 1479 2551 7831 935 2551 7832 1480 2552 7833 955 2552 7834 1481 2552 7835 1481 2553 7836 955 2553 7837 953 2553 7838 1481 2554 7839 953 2554 7840 1482 2554 7841 1482 2555 7842 953 2555 7843 951 2555 7844 1482 2556 7845 951 2556 7846 1483 2556 7847 1483 2557 7848 951 2557 7849 949 2557 7850 1483 2558 7851 949 2558 7852 1377 2558 7853 1377 2559 7854 949 2559 7855 947 2559 7856 935 2560 7857 1480 2560 7858 933 2560 7859 933 2561 7860 1480 2561 7861 1481 2561 7862 933 2562 7863 1481 2562 7864 931 2562 7865 931 2563 7866 1481 2563 7867 1482 2563 7868 931 2564 7869 1482 2564 7870 929 2564 7871 929 2565 7872 1482 2565 7873 1483 2565 7874 929 2566 7875 1483 2566 7876 938 2566 7877 938 2567 7878 1483 2567 7879 1377 2567 7880 954 2568 7881 955 2568 7882 1484 2568 7883 1485 2569 7884 1486 2569 7885 1487 2569 7886 1487 2570 7887 1486 2570 7888 1488 2570 7889 1487 2571 7890 1488 2571 7891 960 2571 7892 1489 2572 7893 1490 2572 7894 1485 2572 7895 1485 2573 7896 1490 2573 7897 1491 2573 7898 1485 2574 7899 1491 2574 7900 1486 2574 7901 1492 2575 7902 1493 2575 7903 1494 2575 7904 1494 2576 7905 1493 2576 7906 1495 2576 7907 1494 2577 7908 1495 2577 7909 1489 2577 7910 1489 2578 7911 1495 2578 7912 1496 2578 7913 1489 2579 7914 1496 2579 7915 1490 2579 7916 1497 2580 7917 1492 2580 7918 1498 2580 7919 1498 2581 7920 1492 2581 7921 1494 2581 7922 1498 2582 7923 1494 2582 7924 1499 2582 7925 1499 2583 7926 1494 2583 7927 1489 2583 7928 1499 2584 7929 1489 2584 7930 1500 2584 7931 1500 2585 7932 1489 2585 7933 1485 2585 7934 1500 2586 7935 1485 2586 7936 1484 2586 7937 1484 2587 7938 1485 2587 7939 1487 2587 7940 1484 2588 7941 1487 2588 7942 954 2588 7943 954 2589 7944 1487 2589 7945 960 2589 7946 1501 2590 7947 1502 2590 7948 1503 2590 7949 968 2591 7950 966 2591 7951 1504 2591 7952 1504 2592 7953 966 2592 7954 964 2592 7955 960 2593 7956 1488 2593 7957 964 2593 7958 964 2594 7959 1488 2594 7960 1486 2594 7961 964 2595 7962 1486 2595 7963 1504 2595 7964 980 2596 7965 978 2596 7966 1505 2596 7967 1505 2597 7968 978 2597 7969 976 2597 7970 1505 2598 7971 976 2598 7972 974 2598 7973 985 2599 7974 983 2599 7975 1506 2599 7976 987 2600 7977 985 2600 7978 989 2600 7979 989 2601 7980 985 2601 7981 1506 2601 7982 989 2602 7983 1506 2602 7984 991 2602 7985 1507 2603 7986 1505 2603 7987 1508 2603 7988 1508 2604 7989 1505 2604 7990 974 2604 7991 1508 2605 7992 974 2605 7993 972 2605 7994 1507 2606 7995 1501 2606 7996 1505 2606 7997 1505 2607 7998 1501 2607 7999 1503 2607 8000 1505 2608 8001 1503 2608 8002 980 2608 8003 980 2609 8004 1503 2609 8005 1506 2609 8006 980 2610 8007 1506 2610 8008 982 2610 8009 982 2611 8010 1506 2611 8011 983 2611 8012 1486 2612 8013 1491 2612 8014 1504 2612 8015 1504 2613 8016 1491 2613 8017 1507 2613 8018 1504 2614 8019 1507 2614 8020 968 2614 8021 968 2615 8022 1507 2615 8023 1508 2615 8024 968 2616 8025 1508 2616 8026 970 2616 8027 970 2617 8028 1508 2617 8029 972 2617 8030 1493 2618 8031 1502 2618 8032 1495 2618 8033 1495 2619 8034 1502 2619 8035 1501 2619 8036 1495 2620 8037 1501 2620 8038 1496 2620 8039 1496 2621 8040 1501 2621 8041 1507 2621 8042 1496 2622 8043 1507 2622 8044 1490 2622 8045 1490 2623 8046 1507 2623 8047 1491 2623 8048 991 2624 8049 1509 2624 8050 992 2624 8051 992 2625 8052 1509 2625 8053 1510 2625 8054 992 2626 8055 1510 2626 8056 961 2626 8057 961 2627 8058 1510 2627 8059 962 2627 8060 962 2628 8061 1510 2628 8062 1380 2628 8063 962 2629 8064 1380 2629 8065 1031 2629 8066 1382 2630 8067 1380 2630 8068 1511 2630 8069 1511 2631 8070 1380 2631 8071 1510 2631 8072 1511 2632 8073 1510 2632 8074 1512 2632 8075 1512 2633 8076 1510 2633 8077 1509 2633 8078 1513 2634 8079 1514 2634 8080 1515 2634 8081 1515 2635 8082 1514 2635 8083 1516 2635 8084 1516 2636 8085 1514 2636 8086 1517 2636 8087 1517 2637 8088 1514 2637 8089 1518 2637 8090 1517 2638 8091 1518 2638 8092 1519 2638 8093 1512 2639 8094 1518 2639 8095 1511 2639 8096 1511 2640 8097 1518 2640 8098 1514 2640 8099 1511 2641 8100 1514 2641 8101 1382 2641 8102 1382 2642 8103 1514 2642 8104 1513 2642 8105 1520 2643 8106 1521 2643 8107 1522 2643 8108 1519 2644 8109 1523 2644 8110 1517 2644 8111 1517 2645 8112 1523 2645 8113 1516 2645 8114 1521 2646 8115 1520 2646 8116 1524 2646 8117 1520 2647 8118 1525 2647 8119 1524 2647 8120 1524 2648 8121 1525 2648 8122 1526 2648 8123 1524 2649 8124 1526 2649 8125 1527 2649 8126 1527 2650 8127 1526 2650 8128 1528 2650 8129 1527 2651 8130 1528 2651 8131 1523 2651 8132 1523 2652 8133 1528 2652 8134 1515 2652 8135 1523 2653 8136 1515 2653 8137 1516 2653 8138 1525 2654 8139 1520 2654 8140 1529 2654 8141 1515 2655 8142 1528 2655 8143 1530 2655 8144 1530 2656 8145 1528 2656 8146 1531 2656 8147 1531 2657 8148 1528 2657 8149 1529 2657 8150 1529 2658 8151 1528 2658 8152 1526 2658 8153 1529 2659 8154 1526 2659 8155 1525 2659 8156 1060 2660 8157 1099 2660 8158 1378 2660 8159 1063 2661 8160 1061 2661 8161 1532 2661 8162 1532 2662 8163 1061 2662 8164 1060 2662 8165 1533 2663 8166 1054 2663 8167 1053 2663 8168 1059 2664 8169 1534 2664 8170 1086 2664 8171 1057 2665 8172 1056 2665 8173 1533 2665 8174 1533 2666 8175 1056 2666 8176 1054 2666 8177 1535 2667 8178 1531 2667 8179 1536 2667 8180 1513 2668 8181 1515 2668 8182 1537 2668 8183 1537 2669 8184 1515 2669 8185 1530 2669 8186 1537 2670 8187 1530 2670 8188 1531 2670 8189 1060 2671 8190 1378 2671 8191 1532 2671 8192 1532 2672 8193 1378 2672 8194 1379 2672 8195 1532 2673 8196 1379 2673 8197 1538 2673 8198 1538 2674 8199 1379 2674 8200 1381 2674 8201 1538 2675 8202 1381 2675 8203 1537 2675 8204 1537 2676 8205 1381 2676 8206 1382 2676 8207 1537 2677 8208 1382 2677 8209 1513 2677 8210 1531 2678 8211 1535 2678 8212 1537 2678 8213 1537 2679 8214 1535 2679 8215 1539 2679 8216 1537 2680 8217 1539 2680 8218 1538 2680 8219 1538 2681 8220 1539 2681 8221 1533 2681 8222 1538 2682 8223 1533 2682 8224 1532 2682 8225 1532 2683 8226 1533 2683 8227 1053 2683 8228 1532 2684 8229 1053 2684 8230 1063 2684 8231 1536 2685 8232 1540 2685 8233 1535 2685 8234 1535 2686 8235 1540 2686 8236 1541 2686 8237 1535 2687 8238 1541 2687 8239 1539 2687 8240 1539 2688 8241 1541 2688 8242 1534 2688 8243 1539 2689 8244 1534 2689 8245 1533 2689 8246 1533 2690 8247 1534 2690 8248 1059 2690 8249 1533 2691 8250 1059 2691 8251 1057 2691 8252 1542 2692 8253 1543 2692 8254 1544 2692 8255 1545 2693 8256 1546 2693 8257 1543 2693 8258 1547 2694 8259 1548 2694 8260 1549 2694 8261 1549 2695 8262 1548 2695 8263 1550 2695 8264 1549 2696 8265 1550 2696 8266 1551 2696 8267 1543 2697 8268 1546 2697 8269 1549 2697 8270 1549 2698 8271 1546 2698 8272 1552 2698 8273 1549 2699 8274 1552 2699 8275 1547 2699 8276 1542 2700 8277 1553 2700 8278 1543 2700 8279 1543 2701 8280 1553 2701 8281 1554 2701 8282 1543 2702 8283 1554 2702 8284 1545 2702 8285 1544 2703 8286 1543 2703 8287 1555 2703 8288 1555 2704 8289 1543 2704 8290 1549 2704 8291 1555 2705 8292 1549 2705 8293 1556 2705 8294 1556 2706 8295 1549 2706 8296 1551 2706 8297 1556 2707 8298 1551 2707 8299 1557 2707 8300 1553 2708 8301 1558 2708 8302 1554 2708 8303 1554 2709 8304 1558 2709 8305 1545 2709 8306 1545 2710 8307 1559 2710 8308 1546 2710 8309 1546 2711 8310 1559 2711 8311 1560 2711 8312 1546 2712 8313 1560 2712 8314 1552 2712 8315 1560 2713 8316 1561 2713 8317 1552 2713 8318 1552 2714 8319 1561 2714 8320 1562 2714 8321 1552 2715 8322 1562 2715 8323 1547 2715 8324 1563 2716 8325 1564 2716 8326 1565 2716 8327 1564 2717 8328 1563 2717 8329 1566 2717 8330 1567 2718 8331 1035 2718 8332 1205 2718 8333 1189 2719 8334 1188 2719 8335 1568 2719 8336 1569 2720 8337 1570 2720 8338 1571 2720 8339 1567 2721 8340 1205 2721 8341 1572 2721 8342 1573 2722 8343 1566 2722 8344 1574 2722 8345 1574 2723 8346 1566 2723 8347 1563 2723 8348 1574 2724 8349 1563 2724 8350 1553 2724 8351 1553 2725 8352 1563 2725 8353 1558 2725 8354 1561 2726 8355 1560 2726 8356 1563 2726 8357 1561 2727 8358 1563 2727 8359 1562 2727 8360 1560 2728 8361 1559 2728 8362 1563 2728 8363 1563 2729 8364 1559 2729 8365 1545 2729 8366 1563 2730 8367 1545 2730 8368 1558 2730 8369 1548 2731 8370 1547 2731 8371 1575 2731 8372 1576 2732 8373 1550 2732 8374 1577 2732 8375 1577 2733 8376 1550 2733 8377 1548 2733 8378 1577 2734 8379 1548 2734 8380 1578 2734 8381 1578 2735 8382 1548 2735 8383 1575 2735 8384 1579 2736 8385 1576 2736 8386 1580 2736 8387 1580 2737 8388 1576 2737 8389 1577 2737 8390 1580 2738 8391 1577 2738 8392 1581 2738 8393 1581 2739 8394 1577 2739 8395 1578 2739 8396 1581 2740 8397 1578 2740 8398 1565 2740 8399 1565 2741 8400 1578 2741 8401 1575 2741 8402 1565 2742 8403 1575 2742 8404 1563 2742 8405 1563 2743 8406 1575 2743 8407 1547 2743 8408 1563 2744 8409 1547 2744 8410 1562 2744 8411 1568 2745 8412 1582 2745 8413 1189 2745 8414 1189 2746 8415 1582 2746 8416 1583 2746 8417 1189 2747 8418 1583 2747 8419 1206 2747 8420 1206 2748 8421 1583 2748 8422 1584 2748 8423 1206 2749 8424 1584 2749 8425 1205 2749 8426 1205 2750 8427 1584 2750 8428 1569 2750 8429 1205 2751 8430 1569 2751 8431 1572 2751 8432 1572 2752 8433 1569 2752 8434 1571 2752 8435 1568 2753 8436 1579 2753 8437 1582 2753 8438 1582 2754 8439 1579 2754 8440 1580 2754 8441 1582 2755 8442 1580 2755 8443 1583 2755 8444 1583 2756 8445 1580 2756 8446 1581 2756 8447 1583 2757 8448 1581 2757 8449 1584 2757 8450 1584 2758 8451 1581 2758 8452 1565 2758 8453 1584 2759 8454 1565 2759 8455 1569 2759 8456 1569 2760 8457 1565 2760 8458 1564 2760 8459 1569 2761 8460 1564 2761 8461 1570 2761 8462 1570 2762 8463 1564 2762 8464 1566 2762 8465 1585 2763 8466 1586 2763 8467 1587 2763 8468 1588 2764 8469 1589 2764 8470 1590 2764 8471 1591 2765 8472 1592 2765 8473 1593 2765 8474 1566 2766 8475 1573 2766 8476 1594 2766 8477 1595 2767 8478 1570 2767 8479 1596 2767 8480 1596 2768 8481 1570 2768 8482 1566 2768 8483 1596 2769 8484 1566 2769 8485 1597 2769 8486 1597 2770 8487 1566 2770 8488 1594 2770 8489 1597 2771 8490 1594 2771 8491 1598 2771 8492 1599 2772 8493 1572 2772 8494 1595 2772 8495 1595 2773 8496 1572 2773 8497 1571 2773 8498 1595 2774 8499 1571 2774 8500 1570 2774 8501 1567 2775 8502 1600 2775 8503 1035 2775 8504 1035 2776 8505 1600 2776 8506 1601 2776 8507 1035 2777 8508 1601 2777 8509 1036 2777 8510 1036 2778 8511 1601 2778 8512 1038 2778 8513 1040 2779 8514 1602 2779 8515 1042 2779 8516 1042 2780 8517 1602 2780 8518 1603 2780 8519 1042 2781 8520 1603 2781 8521 1044 2781 8522 1044 2782 8523 1603 2782 8524 1604 2782 8525 1044 2783 8526 1604 2783 8527 1045 2783 8528 1588 2784 8529 1590 2784 8530 1605 2784 8531 1606 2785 8532 1607 2785 8533 1608 2785 8534 1608 2786 8535 1609 2786 8536 1606 2786 8537 1606 2787 8538 1609 2787 8539 1610 2787 8540 1606 2788 8541 1610 2788 8542 1611 2788 8543 1612 2789 8544 1613 2789 8545 1614 2789 8546 1614 2790 8547 1613 2790 8548 1615 2790 8549 1614 2791 8550 1615 2791 8551 1606 2791 8552 1606 2792 8553 1615 2792 8554 1616 2792 8555 1606 2793 8556 1616 2793 8557 1607 2793 8558 1617 2794 8559 1618 2794 8560 1619 2794 8561 1620 2795 8562 1621 2795 8563 1622 2795 8564 1622 2796 8565 1621 2796 8566 1623 2796 8567 1622 2797 8568 1623 2797 8569 1624 2797 8570 1624 2798 8571 1623 2798 8572 1612 2798 8573 1624 2799 8574 1612 2799 8575 1625 2799 8576 1625 2800 8577 1612 2800 8578 1614 2800 8579 1625 2801 8580 1614 2801 8581 1626 2801 8582 1626 2802 8583 1614 2802 8584 1606 2802 8585 1626 2803 8586 1606 2803 8587 1586 2803 8588 1586 2804 8589 1606 2804 8590 1611 2804 8591 1586 2805 8592 1611 2805 8593 1587 2805 8594 1567 2806 8595 1572 2806 8596 1600 2806 8597 1600 2807 8598 1572 2807 8599 1599 2807 8600 1600 2808 8601 1599 2808 8602 1601 2808 8603 1601 2809 8604 1599 2809 8605 1627 2809 8606 1601 2810 8607 1627 2810 8608 1038 2810 8609 1038 2811 8610 1627 2811 8611 1628 2811 8612 1038 2812 8613 1628 2812 8614 1040 2812 8615 1040 2813 8616 1628 2813 8617 1629 2813 8618 1040 2814 8619 1629 2814 8620 1602 2814 8621 1587 2815 8622 1605 2815 8623 1585 2815 8624 1585 2816 8625 1605 2816 8626 1590 2816 8627 1585 2817 8628 1590 2817 8629 1586 2817 8630 1586 2818 8631 1590 2818 8632 1630 2818 8633 1586 2819 8634 1630 2819 8635 1626 2819 8636 1626 2820 8637 1630 2820 8638 1631 2820 8639 1626 2821 8640 1631 2821 8641 1625 2821 8642 1625 2822 8643 1631 2822 8644 1632 2822 8645 1625 2823 8646 1632 2823 8647 1624 2823 8648 1624 2824 8649 1632 2824 8650 1633 2824 8651 1624 2825 8652 1633 2825 8653 1622 2825 8654 1622 2826 8655 1633 2826 8656 1634 2826 8657 1622 2827 8658 1634 2827 8659 1620 2827 8660 1620 2828 8661 1634 2828 8662 1635 2828 8663 1620 2829 8664 1635 2829 8665 1636 2829 8666 1636 2830 8667 1635 2830 8668 1617 2830 8669 1636 2831 8670 1617 2831 8671 1637 2831 8672 1637 2832 8673 1617 2832 8674 1619 2832 8675 1589 2833 8676 1591 2833 8677 1590 2833 8678 1590 2834 8679 1591 2834 8680 1593 2834 8681 1590 2835 8682 1593 2835 8683 1630 2835 8684 1630 2836 8685 1593 2836 8686 1638 2836 8687 1630 2837 8688 1638 2837 8689 1631 2837 8690 1631 2838 8691 1638 2838 8692 1639 2838 8693 1631 2839 8694 1639 2839 8695 1632 2839 8696 1632 2840 8697 1639 2840 8698 1640 2840 8699 1632 2841 8700 1640 2841 8701 1633 2841 8702 1633 2842 8703 1640 2842 8704 1641 2842 8705 1633 2843 8706 1641 2843 8707 1634 2843 8708 1634 2844 8709 1641 2844 8710 1642 2844 8711 1634 2845 8712 1642 2845 8713 1635 2845 8714 1635 2846 8715 1642 2846 8716 1643 2846 8717 1635 2847 8718 1643 2847 8719 1617 2847 8720 1617 2848 8721 1643 2848 8722 1644 2848 8723 1617 2849 8724 1644 2849 8725 1618 2849 8726 1618 2850 8727 1644 2850 8728 1645 2850 8729 1618 2851 8730 1645 2851 8731 1646 2851 8732 1646 2852 8733 1645 2852 8734 1647 2852 8735 1592 2853 8736 1604 2853 8737 1593 2853 8738 1593 2854 8739 1604 2854 8740 1603 2854 8741 1593 2855 8742 1603 2855 8743 1638 2855 8744 1638 2856 8745 1603 2856 8746 1602 2856 8747 1638 2857 8748 1602 2857 8749 1639 2857 8750 1639 2858 8751 1602 2858 8752 1629 2858 8753 1639 2859 8754 1629 2859 8755 1640 2859 8756 1640 2860 8757 1629 2860 8758 1628 2860 8759 1640 2861 8760 1628 2861 8761 1641 2861 8762 1641 2862 8763 1628 2862 8764 1627 2862 8765 1641 2863 8766 1627 2863 8767 1642 2863 8768 1642 2864 8769 1627 2864 8770 1599 2864 8771 1642 2865 8772 1599 2865 8773 1643 2865 8774 1643 2866 8775 1599 2866 8776 1595 2866 8777 1643 2867 8778 1595 2867 8779 1644 2867 8780 1644 2868 8781 1595 2868 8782 1596 2868 8783 1644 2869 8784 1596 2869 8785 1645 2869 8786 1645 2870 8787 1596 2870 8788 1597 2870 8789 1645 2871 8790 1597 2871 8791 1647 2871 8792 1647 2872 8793 1597 2872 8794 1598 2872 8795 1616 2873 8796 1615 2873 8797 1648 2873 8798 1649 2874 8799 1609 2874 8800 1608 2874 8801 1649 2875 8802 1608 2875 8803 1648 2875 8804 1648 2876 8805 1608 2876 8806 1607 2876 8807 1648 2877 8808 1607 2877 8809 1616 2877 8810 1609 2878 8811 1649 2878 8812 1650 2878 8813 1650 2879 8814 1649 2879 8815 1651 2879 8816 1652 2880 8817 1653 2880 8818 1651 2880 8819 1651 2881 8820 1653 2881 8821 1654 2881 8822 1651 2882 8823 1654 2882 8824 1650 2882 8825 1655 2883 8826 1656 2883 8827 1657 2883 8828 1658 2884 8829 1659 2884 8830 1660 2884 8831 1591 2885 8832 1589 2885 8833 1661 2885 8834 1609 2886 8835 1650 2886 8836 1610 2886 8837 1610 2887 8838 1650 2887 8839 1662 2887 8840 1610 2888 8841 1662 2888 8842 1611 2888 8843 1588 2889 8844 1605 2889 8845 1663 2889 8846 1663 2890 8847 1605 2890 8848 1587 2890 8849 1611 2891 8850 1662 2891 8851 1587 2891 8852 1587 2892 8853 1662 2892 8854 1664 2892 8855 1587 2893 8856 1664 2893 8857 1663 2893 8858 1046 2894 8859 1045 2894 8860 1604 2894 8861 1604 2895 8862 1665 2895 8863 1046 2895 8864 1046 2896 8865 1665 2896 8866 1666 2896 8867 1046 2897 8868 1666 2897 8869 1048 2897 8870 1048 2898 8871 1666 2898 8872 1667 2898 8873 1048 2899 8874 1667 2899 8875 1050 2899 8876 1050 2900 8877 1667 2900 8878 1051 2900 8879 1051 2901 8880 1667 2901 8881 1668 2901 8882 1051 2902 8883 1668 2902 8884 1052 2902 8885 1669 2903 8886 1670 2903 8887 1671 2903 8888 1671 2904 8889 1670 2904 8890 1033 2904 8891 1671 2905 8892 1033 2905 8893 1672 2905 8894 1672 2906 8895 1033 2906 8896 1032 2906 8897 1672 2907 8898 1032 2907 8899 1052 2907 8900 1669 2908 8901 1673 2908 8902 1674 2908 8903 1674 2909 8904 1673 2909 8905 1675 2909 8906 1674 2910 8907 1675 2910 8908 1660 2910 8909 1660 2911 8910 1675 2911 8911 1676 2911 8912 1660 2912 8913 1676 2912 8914 1658 2912 8915 1677 2913 8916 1678 2913 8917 1679 2913 8918 1679 2914 8919 1678 2914 8920 1680 2914 8921 1681 2915 8922 1682 2915 8923 1683 2915 8924 1683 2916 8925 1682 2916 8926 1684 2916 8927 1683 2917 8928 1684 2917 8929 1685 2917 8930 1650 2918 8931 1654 2918 8932 1662 2918 8933 1662 2919 8934 1654 2919 8935 1653 2919 8936 1662 2920 8937 1653 2920 8938 1657 2920 8939 1657 2921 8940 1653 2921 8941 1652 2921 8942 1657 2922 8943 1652 2922 8944 1655 2922 8945 1681 2923 8946 1683 2923 8947 1656 2923 8948 1656 2924 8949 1683 2924 8950 1686 2924 8951 1656 2925 8952 1686 2925 8953 1657 2925 8954 1657 2926 8955 1686 2926 8956 1687 2926 8957 1657 2927 8958 1687 2927 8959 1662 2927 8960 1662 2928 8961 1687 2928 8962 1688 2928 8963 1662 2929 8964 1688 2929 8965 1664 2929 8966 1052 2930 8967 1668 2930 8968 1672 2930 8969 1672 2931 8970 1668 2931 8971 1689 2931 8972 1672 2932 8973 1689 2932 8974 1671 2932 8975 1671 2933 8976 1689 2933 8977 1690 2933 8978 1671 2934 8979 1690 2934 8980 1669 2934 8981 1669 2935 8982 1690 2935 8983 1691 2935 8984 1669 2936 8985 1691 2936 8986 1673 2936 8987 1589 2937 8988 1588 2937 8989 1661 2937 8990 1661 2938 8991 1588 2938 8992 1663 2938 8993 1661 2939 8994 1663 2939 8995 1692 2939 8996 1692 2940 8997 1663 2940 8998 1664 2940 8999 1692 2941 9000 1664 2941 9001 1693 2941 9002 1693 2942 9003 1664 2942 9004 1688 2942 9005 1693 2943 9006 1688 2943 9007 1694 2943 9008 1694 2944 9009 1688 2944 9010 1687 2944 9011 1694 2945 9012 1687 2945 9013 1695 2945 9014 1695 2946 9015 1687 2946 9016 1686 2946 9017 1695 2947 9018 1686 2947 9019 1696 2947 9020 1696 2948 9021 1686 2948 9022 1683 2948 9023 1696 2949 9024 1683 2949 9025 1697 2949 9026 1697 2950 9027 1683 2950 9028 1685 2950 9029 1697 2951 9030 1685 2951 9031 1698 2951 9032 1698 2952 9033 1685 2952 9034 1699 2952 9035 1698 2953 9036 1699 2953 9037 1700 2953 9038 1592 2954 9039 1591 2954 9040 1701 2954 9041 1701 2955 9042 1591 2955 9043 1661 2955 9044 1701 2956 9045 1661 2956 9046 1702 2956 9047 1702 2957 9048 1661 2957 9049 1692 2957 9050 1702 2958 9051 1692 2958 9052 1703 2958 9053 1703 2959 9054 1692 2959 9055 1693 2959 9056 1703 2960 9057 1693 2960 9058 1704 2960 9059 1704 2961 9060 1693 2961 9061 1694 2961 9062 1704 2962 9063 1694 2962 9064 1705 2962 9065 1705 2963 9066 1694 2963 9067 1695 2963 9068 1705 2964 9069 1695 2964 9070 1706 2964 9071 1706 2965 9072 1695 2965 9073 1696 2965 9074 1706 2966 9075 1696 2966 9076 1707 2966 9077 1707 2967 9078 1696 2967 9079 1697 2967 9080 1707 2968 9081 1697 2968 9082 1677 2968 9083 1677 2969 9084 1697 2969 9085 1698 2969 9086 1677 2970 9087 1698 2970 9088 1678 2970 9089 1678 2971 9090 1698 2971 9091 1700 2971 9092 1604 2972 9093 1592 2972 9094 1665 2972 9095 1665 2973 9096 1592 2973 9097 1701 2973 9098 1665 2974 9099 1701 2974 9100 1666 2974 9101 1666 2975 9102 1701 2975 9103 1702 2975 9104 1666 2976 9105 1702 2976 9106 1667 2976 9107 1667 2977 9108 1702 2977 9109 1703 2977 9110 1667 2978 9111 1703 2978 9112 1668 2978 9113 1668 2979 9114 1703 2979 9115 1704 2979 9116 1668 2980 9117 1704 2980 9118 1689 2980 9119 1689 2981 9120 1704 2981 9121 1705 2981 9122 1689 2982 9123 1705 2982 9124 1690 2982 9125 1690 2983 9126 1705 2983 9127 1706 2983 9128 1690 2984 9129 1706 2984 9130 1691 2984 9131 1691 2985 9132 1706 2985 9133 1707 2985 9134 1691 2986 9135 1707 2986 9136 1673 2986 9137 1673 2987 9138 1707 2987 9139 1677 2987 9140 1673 2988 9141 1677 2988 9142 1675 2988 9143 1675 2989 9144 1677 2989 9145 1679 2989 9146 1675 2990 9147 1679 2990 9148 1676 2990 9149 1676 2991 9150 1679 2991 9151 1680 2991 9152 1708 2992 9153 1709 2992 9154 1710 2992 9155 1711 2993 9156 1712 2993 9157 1713 2993 9158 1713 2994 9159 1712 2994 9160 1714 2994 9161 1713 2995 9162 1714 2995 9163 1715 2995 9164 1715 2996 9165 1714 2996 9166 1716 2996 9167 1717 2997 9168 1718 2997 9169 1719 2997 9170 1719 2998 9171 1718 2998 9172 1720 2998 9173 1720 2999 9174 1721 2999 9175 1719 2999 9176 1719 3000 9177 1721 3000 9178 1722 3000 9179 1719 3001 9180 1722 3001 9181 1723 3001 9182 1724 3002 9183 1717 3002 9184 1725 3002 9185 1725 3003 9186 1717 3003 9187 1719 3003 9188 1725 3004 9189 1719 3004 9190 1659 3004 9191 1659 3005 9192 1719 3005 9193 1660 3005 9194 1726 3006 9195 1727 3006 9196 1674 3006 9197 1674 3007 9198 1727 3007 9199 1669 3007 9200 1669 3008 9201 1727 3008 9202 1670 3008 9203 1670 3009 9204 1727 3009 9205 1180 3009 9206 1670 3010 9207 1180 3010 9208 1033 3010 9209 1674 3011 9210 1660 3011 9211 1726 3011 9212 1726 3012 9213 1660 3012 9214 1719 3012 9215 1726 3013 9216 1719 3013 9217 1711 3013 9218 1711 3014 9219 1719 3014 9220 1723 3014 9221 1711 3015 9222 1723 3015 9223 1712 3015 9224 1728 3016 9225 1184 3016 9226 1729 3016 9227 1729 3017 9228 1184 3017 9229 1183 3017 9230 1729 3018 9231 1183 3018 9232 1730 3018 9233 1730 3019 9234 1183 3019 9235 1181 3019 9236 1730 3020 9237 1181 3020 9238 1731 3020 9239 1709 3021 9240 1728 3021 9241 1710 3021 9242 1710 3022 9243 1728 3022 9244 1729 3022 9245 1710 3023 9246 1729 3023 9247 1732 3023 9248 1732 3024 9249 1729 3024 9250 1730 3024 9251 1732 3025 9252 1730 3025 9253 1733 3025 9254 1733 3026 9255 1730 3026 9256 1731 3026 9257 1716 3027 9258 1708 3027 9259 1715 3027 9260 1715 3028 9261 1708 3028 9262 1710 3028 9263 1715 3029 9264 1710 3029 9265 1713 3029 9266 1713 3030 9267 1710 3030 9268 1732 3030 9269 1713 3031 9270 1732 3031 9271 1711 3031 9272 1711 3032 9273 1732 3032 9274 1733 3032 9275 1711 3033 9276 1733 3033 9277 1726 3033 9278 1726 3034 9279 1733 3034 9280 1731 3034 9281 1726 3035 9282 1731 3035 9283 1727 3035 9284 1727 3036 9285 1731 3036 9286 1181 3036 9287 1727 3037 9288 1181 3037 9289 1180 3037 9290 1712 3038 9291 1723 3038 9292 1734 3038 9293 1717 3039 9294 1724 3039 9295 1735 3039 9296 1717 3040 9297 1735 3040 9298 1718 3040 9299 1720 3041 9300 1718 3041 9301 1736 3041 9302 1720 3042 9303 1736 3042 9304 1721 3042 9305 1721 3043 9306 1736 3043 9307 1734 3043 9308 1721 3044 9309 1734 3044 9310 1722 3044 9311 1722 3045 9312 1734 3045 9313 1723 3045 9314 1737 3046 9315 1738 3046 9316 1739 3046 9317 1739 3047 9318 1738 3047 9319 1740 3047 9320 1718 3048 9321 1735 3048 9322 1738 3048 9323 1738 3049 9324 1735 3049 9325 1724 3049 9326 1738 3050 9327 1724 3050 9328 1740 3050 9329 1714 3051 9330 1712 3051 9331 1737 3051 9332 1737 3052 9333 1712 3052 9334 1734 3052 9335 1737 3053 9336 1734 3053 9337 1738 3053 9338 1738 3054 9339 1734 3054 9340 1736 3054 9341 1738 3055 9342 1736 3055 9343 1718 3055 9344 1739 3056 9345 1741 3056 9346 1737 3056 9347 1737 3057 9348 1741 3057 9349 1742 3057 9350 1737 3058 9351 1742 3058 9352 1714 3058 9353 1714 3059 9354 1742 3059 9355 1716 3059 9356 1576 3060 9357 1086 3060 9358 1550 3060 9359 1550 3061 9360 1086 3061 9361 1534 3061 9362 1550 3062 9363 1534 3062 9364 1551 3062 9365 1074 3063 9366 1072 3063 9367 1188 3063 9368 1188 3064 9369 1072 3064 9370 1071 3064 9371 1188 3065 9372 1071 3065 9373 1568 3065 9374 1568 3066 9375 1071 3066 9376 1082 3066 9377 1568 3067 9378 1082 3067 9379 1579 3067 9380 1579 3068 9381 1082 3068 9382 1084 3068 9383 1579 3069 9384 1084 3069 9385 1576 3069 9386 1576 3070 9387 1084 3070 9388 1085 3070 9389 1576 3071 9390 1085 3071 9391 1086 3071 9392 1188 3072 9393 1187 3072 9394 1074 3072 9395 1074 3073 9396 1187 3073 9397 1191 3073 9398 1074 3074 9399 1191 3074 9400 1076 3074 9401 1191 3075 9402 1196 3075 9403 1076 3075 9404 1076 3076 9405 1196 3076 9406 1195 3076 9407 1076 3077 9408 1195 3077 9409 1078 3077 9410 1195 3078 9411 1193 3078 9412 1078 3078 9413 1078 3079 9414 1193 3079 9415 1192 3079 9416 1078 3080 9417 1192 3080 9418 1080 3080 9419 1163 3081 9420 1136 3081 9421 1134 3081 9422 1192 3082 9423 1201 3082 9424 1080 3082 9425 1080 3083 9426 1201 3083 9427 1200 3083 9428 1080 3084 9429 1200 3084 9430 1081 3084 9431 1081 3085 9432 1200 3085 9433 1198 3085 9434 1081 3086 9435 1198 3086 9436 1069 3086 9437 1069 3087 9438 1198 3087 9439 1197 3087 9440 1069 3088 9441 1197 3088 9442 1067 3088 9443 1067 3089 9444 1197 3089 9445 1177 3089 9446 1067 3090 9447 1177 3090 9448 1112 3090 9449 1112 3091 9450 1177 3091 9451 1176 3091 9452 1112 3092 9453 1176 3092 9454 1113 3092 9455 1113 3093 9456 1176 3093 9457 1175 3093 9458 1113 3094 9459 1175 3094 9460 1133 3094 9461 1133 3095 9462 1175 3095 9463 1166 3095 9464 1133 3096 9465 1166 3096 9466 1134 3096 9467 1134 3097 9468 1166 3097 9469 1165 3097 9470 1134 3098 9471 1165 3098 9472 1163 3098 9473 1163 3099 9474 1162 3099 9475 1136 3099 9476 1136 3100 9477 1162 3100 9478 1178 3100 9479 1136 3101 9480 1178 3101 9481 1138 3101 9482 1178 3102 9483 1160 3102 9484 1138 3102 9485 1138 3103 9486 1160 3103 9487 1159 3103 9488 1138 3104 9489 1159 3104 9490 1140 3104 9491 1140 3105 9492 1159 3105 9493 1184 3105 9494 1140 3106 9495 1184 3106 9496 1141 3106 9497 1141 3107 9498 1184 3107 9499 1130 3107 9500 1130 3108 9501 1184 3108 9502 1728 3108 9503 1130 3109 9504 1728 3109 9505 1132 3109 9506 1132 3110 9507 1728 3110 9508 1709 3110 9509 1132 3111 9510 1709 3111 9511 1127 3111 9512 1127 3112 9513 1709 3112 9514 1708 3112 9515 1127 3113 9516 1708 3113 9517 1128 3113 9518 1128 3114 9519 1708 3114 9520 1716 3114 9521 1128 3115 9522 1716 3115 9523 1743 3115 9524 1743 3116 9525 1716 3116 9526 1742 3116 9527 1743 3117 9528 1742 3117 9529 1744 3117 9530 1742 3118 9531 1741 3118 9532 1744 3118 9533 1744 3119 9534 1741 3119 9535 1745 3119 9536 1744 3120 9537 1745 3120 9538 1746 3120 9539 1746 3121 9540 1745 3121 9541 1747 3121 9542 1551 3122 9543 1534 3122 9544 1557 3122 9545 1557 3123 9546 1534 3123 9547 1541 3123 9548 1557 3124 9549 1541 3124 9550 1748 3124 9551 1748 3125 9552 1541 3125 9553 1540 3125 9554 1748 3126 9555 1540 3126 9556 1536 3126 9557 1117 3127 9558 1120 3127 9559 1749 3127 9560 1126 3128 9561 1123 3128 9562 1750 3128 9563 1123 3129 9564 1122 3129 9565 1743 3129 9566 1743 3130 9567 1122 3130 9568 1128 3130 9569 1119 3131 9570 1124 3131 9571 1750 3131 9572 1750 3132 9573 1124 3132 9574 1126 3132 9575 1117 3133 9576 1749 3133 9577 1109 3133 9578 1751 3134 9579 1752 3134 9580 1395 3134 9581 1355 3135 9582 1751 3135 9583 1394 3135 9584 1394 3136 9585 1751 3136 9586 1395 3136 9587 1746 3137 9588 1747 3137 9589 1753 3137 9590 1123 3138 9591 1743 3138 9592 1750 3138 9593 1750 3139 9594 1743 3139 9595 1744 3139 9596 1750 3140 9597 1744 3140 9598 1754 3140 9599 1754 3141 9600 1744 3141 9601 1746 3141 9602 1754 3142 9603 1746 3142 9604 1755 3142 9605 1755 3143 9606 1746 3143 9607 1753 3143 9608 1755 3144 9609 1753 3144 9610 1752 3144 9611 1752 3145 9612 1751 3145 9613 1755 3145 9614 1755 3146 9615 1751 3146 9616 1756 3146 9617 1755 3147 9618 1756 3147 9619 1754 3147 9620 1754 3148 9621 1756 3148 9622 1749 3148 9623 1754 3149 9624 1749 3149 9625 1750 3149 9626 1750 3150 9627 1749 3150 9628 1120 3150 9629 1750 3151 9630 1120 3151 9631 1119 3151 9632 1355 3152 9633 1357 3152 9634 1751 3152 9635 1751 3153 9636 1357 3153 9637 1358 3153 9638 1751 3154 9639 1358 3154 9640 1756 3154 9641 1756 3155 9642 1358 3155 9643 1359 3155 9644 1756 3156 9645 1359 3156 9646 1749 3156 9647 1749 3157 9648 1359 3157 9649 1110 3157 9650 1749 3158 9651 1110 3158 9652 1109 3158 9653 1395 3159 9654 1752 3159 9655 1757 3159 9656 1757 3160 9657 1752 3160 9658 1753 3160 9659 1757 3161 9660 1753 3161 9661 1758 3161 9662 1758 3162 9663 1753 3162 9664 1759 3162 9665 1758 3163 9666 1759 3163 9667 1760 3163 9668 1760 3164 9669 1759 3164 9670 1761 3164 9671 1396 3165 9672 1762 3165 9673 1391 3165 9674 1391 3166 9675 1762 3166 9676 1392 3166 9677 1763 3167 9678 1764 3167 9679 1761 3167 9680 1761 3168 9681 1764 3168 9682 1765 3168 9683 1761 3169 9684 1765 3169 9685 1760 3169 9686 1760 3170 9687 1765 3170 9688 1766 3170 9689 1760 3171 9690 1766 3171 9691 1758 3171 9692 1758 3172 9693 1766 3172 9694 1762 3172 9695 1758 3173 9696 1762 3173 9697 1757 3173 9698 1757 3174 9699 1762 3174 9700 1396 3174 9701 1757 3175 9702 1396 3175 9703 1395 3175 9704 1224 3176 9705 1235 3176 9706 1767 3176 9707 1767 3177 9708 1235 3177 9709 1233 3177 9710 1768 3178 9711 1225 3178 9712 1224 3178 9713 1224 3179 9714 1767 3179 9715 1768 3179 9716 1768 3180 9717 1767 3180 9718 1769 3180 9719 1768 3181 9720 1769 3181 9721 1770 3181 9722 1771 3182 9723 1772 3182 9724 1773 3182 9725 1774 3183 9726 1775 3183 9727 1776 3183 9728 1776 3184 9729 1775 3184 9730 1771 3184 9731 1776 3185 9732 1771 3185 9733 1777 3185 9734 1777 3186 9735 1771 3186 9736 1773 3186 9737 1777 3187 9738 1773 3187 9739 1778 3187 9740 1779 3188 9741 1770 3188 9742 1778 3188 9743 1778 3189 9744 1770 3189 9745 1769 3189 9746 1778 3190 9747 1769 3190 9748 1777 3190 9749 1777 3191 9750 1769 3191 9751 1767 3191 9752 1777 3192 9753 1767 3192 9754 1776 3192 9755 1776 3193 9756 1767 3193 9757 1233 3193 9758 1776 3194 9759 1233 3194 9760 1774 3194 9761 1774 3195 9762 1233 3195 9763 1234 3195 9764 1780 3196 9765 1781 3196 9766 1782 3196 9767 1783 3197 9768 1784 3197 9769 1785 3197 9770 1786 3198 9771 1787 3198 9772 1788 3198 9773 1787 3199 9774 1786 3199 9775 1789 3199 9776 1215 3200 9777 1214 3200 9778 1294 3200 9779 1294 3201 9780 1214 3201 9781 1223 3201 9782 1294 3202 9783 1223 3202 9784 1295 3202 9785 1270 3203 9786 1790 3203 9787 1269 3203 9788 1269 3204 9789 1790 3204 9790 1791 3204 9791 1269 3205 9792 1791 3205 9793 1268 3205 9794 1288 3206 9795 1289 3206 9796 1792 3206 9797 1792 3207 9798 1289 3207 9799 1290 3207 9800 1793 3208 9801 1286 3208 9802 1287 3208 9803 1793 3209 9804 1794 3209 9805 1286 3209 9806 1286 3210 9807 1794 3210 9808 1795 3210 9809 1286 3211 9810 1795 3211 9811 1282 3211 9812 1282 3212 9813 1795 3212 9814 1796 3212 9815 1282 3213 9816 1796 3213 9817 1281 3213 9818 1281 3214 9819 1796 3214 9820 1797 3214 9821 1281 3215 9822 1797 3215 9823 1280 3215 9824 1265 3216 9825 1798 3216 9826 1273 3216 9827 1273 3217 9828 1798 3217 9829 1799 3217 9830 1273 3218 9831 1799 3218 9832 1800 3218 9833 1800 3219 9834 1799 3219 9835 1801 3219 9836 1800 3220 9837 1801 3220 9838 1802 3220 9839 1802 3221 9840 1801 3221 9841 1803 3221 9842 1802 3222 9843 1803 3222 9844 1804 3222 9845 1804 3223 9846 1803 3223 9847 1805 3223 9848 1804 3224 9849 1805 3224 9850 1806 3224 9851 1805 3225 9852 1807 3225 9853 1806 3225 9854 1806 3226 9855 1807 3226 9856 1808 3226 9857 1806 3227 9858 1808 3227 9859 1809 3227 9860 1809 3228 9861 1808 3228 9862 1810 3228 9863 1810 3229 9864 1808 3229 9865 1811 3229 9866 1810 3230 9867 1811 3230 9868 1812 3230 9869 1812 3231 9870 1811 3231 9871 1813 3231 9872 1812 3232 9873 1813 3232 9874 1814 3232 9875 1815 3233 9876 1816 3233 9877 1817 3233 9878 1817 3234 9879 1816 3234 9880 1818 3234 9881 1817 3235 9882 1818 3235 9883 1819 3235 9884 1819 3236 9885 1818 3236 9886 1820 3236 9887 1819 3237 9888 1820 3237 9889 1821 3237 9890 1784 3238 9891 1783 3238 9892 1822 3238 9893 1823 3239 9894 1824 3239 9895 1825 3239 9896 1826 3240 9897 1827 3240 9898 1828 3240 9899 1782 3241 9900 1781 3241 9901 1827 3241 9902 1827 3242 9903 1781 3242 9904 1829 3242 9905 1827 3243 9906 1829 3243 9907 1828 3243 9908 1830 3244 9909 1831 3244 9910 1832 3244 9911 1833 3245 9912 1834 3245 9913 1835 3245 9914 1835 3246 9915 1834 3246 9916 1836 3246 9917 1835 3247 9918 1836 3247 9919 1837 3247 9920 1837 3248 9921 1836 3248 9922 1838 3248 9923 1837 3249 9924 1838 3249 9925 1839 3249 9926 1821 3250 9927 1820 3250 9928 1840 3250 9929 1840 3251 9930 1820 3251 9931 1841 3251 9932 1840 3252 9933 1841 3252 9934 1789 3252 9935 1789 3253 9936 1841 3253 9937 1842 3253 9938 1789 3254 9939 1842 3254 9940 1787 3254 9941 1787 3255 9942 1842 3255 9943 1843 3255 9944 1787 3256 9945 1843 3256 9946 1788 3256 9947 1816 3257 9948 1844 3257 9949 1818 3257 9950 1818 3258 9951 1844 3258 9952 1833 3258 9953 1818 3259 9954 1833 3259 9955 1820 3259 9956 1820 3260 9957 1833 3260 9958 1835 3260 9959 1820 3261 9960 1835 3261 9961 1841 3261 9962 1841 3262 9963 1835 3262 9964 1837 3262 9965 1841 3263 9966 1837 3263 9967 1842 3263 9968 1842 3264 9969 1837 3264 9970 1839 3264 9971 1842 3265 9972 1839 3265 9973 1843 3265 9974 1845 3266 9975 1846 3266 9976 1847 3266 9977 1847 3267 9978 1846 3267 9979 1848 3267 9980 1847 3268 9981 1848 3268 9982 1849 3268 9983 1849 3269 9984 1848 3269 9985 1850 3269 9986 1849 3270 9987 1850 3270 9988 1851 3270 9989 1851 3271 9990 1850 3271 9991 1852 3271 9992 1851 3272 9993 1852 3272 9994 1853 3272 9995 1853 3273 9996 1852 3273 9997 1854 3273 9998 1853 3274 9999 1854 3274 10000 1855 3274 10001 1855 3275 10002 1854 3275 10003 1856 3275 10004 1855 3276 10005 1856 3276 10006 1857 3276 10007 1857 3277 10008 1856 3277 10009 1858 3277 10010 1857 3278 10011 1858 3278 10012 1859 3278 10013 1859 3279 10014 1858 3279 10015 1860 3279 10016 1859 3280 10017 1860 3280 10018 1861 3280 10019 1861 3281 10020 1860 3281 10021 1768 3281 10022 1861 3282 10023 1768 3282 10024 1770 3282 10025 1862 3283 10026 1863 3283 10027 1864 3283 10028 1863 3284 10029 1862 3284 10030 1865 3284 10031 1865 3285 10032 1862 3285 10033 1866 3285 10034 1865 3286 10035 1866 3286 10036 1867 3286 10037 1867 3287 10038 1866 3287 10039 1868 3287 10040 1867 3288 10041 1868 3288 10042 1838 3288 10043 1838 3289 10044 1868 3289 10045 1869 3289 10046 1838 3290 10047 1869 3290 10048 1839 3290 10049 1839 3291 10050 1869 3291 10051 1870 3291 10052 1839 3292 10053 1870 3292 10054 1843 3292 10055 1843 3293 10056 1870 3293 10057 1822 3293 10058 1843 3294 10059 1822 3294 10060 1788 3294 10061 1788 3295 10062 1822 3295 10063 1783 3295 10064 1788 3296 10065 1783 3296 10066 1786 3296 10067 1222 3297 10068 1871 3297 10069 1223 3297 10070 1223 3298 10071 1871 3298 10072 1296 3298 10073 1223 3299 10074 1296 3299 10075 1295 3299 10076 1790 3300 10077 1872 3300 10078 1791 3300 10079 1791 3301 10080 1872 3301 10081 1873 3301 10082 1791 3302 10083 1873 3302 10084 1864 3302 10085 1864 3303 10086 1873 3303 10087 1874 3303 10088 1864 3304 10089 1874 3304 10090 1862 3304 10091 1862 3305 10092 1874 3305 10093 1875 3305 10094 1862 3306 10095 1875 3306 10096 1866 3306 10097 1866 3307 10098 1875 3307 10099 1876 3307 10100 1866 3308 10101 1876 3308 10102 1868 3308 10103 1868 3309 10104 1876 3309 10105 1877 3309 10106 1868 3310 10107 1877 3310 10108 1869 3310 10109 1869 3311 10110 1877 3311 10111 1878 3311 10112 1869 3312 10113 1878 3312 10114 1870 3312 10115 1870 3313 10116 1878 3313 10117 1879 3313 10118 1870 3314 10119 1879 3314 10120 1822 3314 10121 1822 3315 10122 1879 3315 10123 1823 3315 10124 1822 3316 10125 1823 3316 10126 1784 3316 10127 1784 3317 10128 1823 3317 10129 1825 3317 10130 1784 3318 10131 1825 3318 10132 1785 3318 10133 1880 3319 10134 1881 3319 10135 1882 3319 10136 1882 3320 10137 1881 3320 10138 1883 3320 10139 1882 3321 10140 1883 3321 10141 1884 3321 10142 1884 3322 10143 1883 3322 10144 1885 3322 10145 1884 3323 10146 1885 3323 10147 1886 3323 10148 1886 3324 10149 1885 3324 10150 1887 3324 10151 1886 3325 10152 1887 3325 10153 1888 3325 10154 1888 3326 10155 1887 3326 10156 1889 3326 10157 1888 3327 10158 1889 3327 10159 1890 3327 10160 1890 3328 10161 1889 3328 10162 1891 3328 10163 1890 3329 10164 1891 3329 10165 1892 3329 10166 1892 3330 10167 1891 3330 10168 1893 3330 10169 1892 3331 10170 1893 3331 10171 1894 3331 10172 1894 3332 10173 1893 3332 10174 1895 3332 10175 1894 3333 10176 1895 3333 10177 1826 3333 10178 1826 3334 10179 1895 3334 10180 1896 3334 10181 1826 3335 10182 1896 3335 10183 1827 3335 10184 1827 3336 10185 1896 3336 10186 1897 3336 10187 1827 3337 10188 1897 3337 10189 1782 3337 10190 1881 3338 10191 1845 3338 10192 1883 3338 10193 1883 3339 10194 1845 3339 10195 1847 3339 10196 1883 3340 10197 1847 3340 10198 1885 3340 10199 1885 3341 10200 1847 3341 10201 1849 3341 10202 1885 3342 10203 1849 3342 10204 1887 3342 10205 1887 3343 10206 1849 3343 10207 1851 3343 10208 1887 3344 10209 1851 3344 10210 1889 3344 10211 1889 3345 10212 1851 3345 10213 1853 3345 10214 1889 3346 10215 1853 3346 10216 1891 3346 10217 1891 3347 10218 1853 3347 10219 1855 3347 10220 1891 3348 10221 1855 3348 10222 1893 3348 10223 1893 3349 10224 1855 3349 10225 1857 3349 10226 1893 3350 10227 1857 3350 10228 1895 3350 10229 1895 3351 10230 1857 3351 10231 1859 3351 10232 1895 3352 10233 1859 3352 10234 1896 3352 10235 1896 3353 10236 1859 3353 10237 1861 3353 10238 1896 3354 10239 1861 3354 10240 1897 3354 10241 1897 3355 10242 1861 3355 10243 1770 3355 10244 1897 3356 10245 1770 3356 10246 1782 3356 10247 1782 3357 10248 1770 3357 10249 1779 3357 10250 1782 3358 10251 1779 3358 10252 1780 3358 10253 1872 3359 10254 1880 3359 10255 1873 3359 10256 1873 3360 10257 1880 3360 10258 1882 3360 10259 1873 3361 10260 1882 3361 10261 1874 3361 10262 1874 3362 10263 1882 3362 10264 1884 3362 10265 1874 3363 10266 1884 3363 10267 1875 3363 10268 1875 3364 10269 1884 3364 10270 1886 3364 10271 1875 3365 10272 1886 3365 10273 1876 3365 10274 1876 3366 10275 1886 3366 10276 1888 3366 10277 1876 3367 10278 1888 3367 10279 1877 3367 10280 1877 3368 10281 1888 3368 10282 1890 3368 10283 1877 3369 10284 1890 3369 10285 1878 3369 10286 1878 3370 10287 1890 3370 10288 1892 3370 10289 1878 3371 10290 1892 3371 10291 1879 3371 10292 1879 3372 10293 1892 3372 10294 1894 3372 10295 1879 3373 10296 1894 3373 10297 1823 3373 10298 1823 3374 10299 1894 3374 10300 1826 3374 10301 1823 3375 10302 1826 3375 10303 1824 3375 10304 1824 3376 10305 1826 3376 10306 1828 3376 10307 1824 3377 10308 1828 3377 10309 1825 3377 10310 1265 3378 10311 1264 3378 10312 1798 3378 10313 1798 3379 10314 1264 3379 10315 1898 3379 10316 1798 3380 10317 1898 3380 10318 1799 3380 10319 1799 3381 10320 1898 3381 10321 1899 3381 10322 1799 3382 10323 1899 3382 10324 1801 3382 10325 1801 3383 10326 1899 3383 10327 1900 3383 10328 1801 3384 10329 1900 3384 10330 1803 3384 10331 1803 3385 10332 1900 3385 10333 1901 3385 10334 1803 3386 10335 1901 3386 10336 1805 3386 10337 1805 3387 10338 1901 3387 10339 1902 3387 10340 1805 3388 10341 1902 3388 10342 1807 3388 10343 1807 3389 10344 1902 3389 10345 1903 3389 10346 1807 3390 10347 1903 3390 10348 1808 3390 10349 1808 3391 10350 1903 3391 10351 1904 3391 10352 1808 3392 10353 1904 3392 10354 1811 3392 10355 1811 3393 10356 1904 3393 10357 1905 3393 10358 1811 3394 10359 1905 3394 10360 1813 3394 10361 1906 3395 10362 1907 3395 10363 1908 3395 10364 1907 3396 10365 1906 3396 10366 1909 3396 10367 1909 3397 10368 1906 3397 10369 1910 3397 10370 1909 3398 10371 1910 3398 10372 1911 3398 10373 1288 3399 10374 1792 3399 10375 1287 3399 10376 1287 3400 10377 1792 3400 10378 1912 3400 10379 1287 3401 10380 1912 3401 10381 1793 3401 10382 1793 3402 10383 1912 3402 10384 1913 3402 10385 1793 3403 10386 1913 3403 10387 1794 3403 10388 1794 3404 10389 1913 3404 10390 1914 3404 10391 1794 3405 10392 1914 3405 10393 1795 3405 10394 1795 3406 10395 1914 3406 10396 1915 3406 10397 1795 3407 10398 1915 3407 10399 1796 3407 10400 1831 3408 10401 1911 3408 10402 1832 3408 10403 1832 3409 10404 1911 3409 10405 1910 3409 10406 1832 3410 10407 1910 3410 10408 1915 3410 10409 1915 3411 10410 1910 3411 10411 1906 3411 10412 1915 3412 10413 1906 3412 10414 1796 3412 10415 1796 3413 10416 1906 3413 10417 1908 3413 10418 1796 3414 10419 1908 3414 10420 1797 3414 10421 1264 3415 10422 1280 3415 10423 1898 3415 10424 1898 3416 10425 1280 3416 10426 1797 3416 10427 1898 3417 10428 1797 3417 10429 1899 3417 10430 1899 3418 10431 1797 3418 10432 1908 3418 10433 1899 3419 10434 1908 3419 10435 1900 3419 10436 1900 3420 10437 1908 3420 10438 1907 3420 10439 1900 3421 10440 1907 3421 10441 1901 3421 10442 1901 3422 10443 1907 3422 10444 1909 3422 10445 1901 3423 10446 1909 3423 10447 1902 3423 10448 1902 3424 10449 1909 3424 10450 1911 3424 10451 1902 3425 10452 1911 3425 10453 1903 3425 10454 1903 3426 10455 1911 3426 10456 1831 3426 10457 1903 3427 10458 1831 3427 10459 1904 3427 10460 1904 3428 10461 1831 3428 10462 1830 3428 10463 1904 3429 10464 1830 3429 10465 1905 3429 10466 1225 3430 10467 1768 3430 10468 1226 3430 10469 1226 3431 10470 1768 3431 10471 1860 3431 10472 1226 3432 10473 1860 3432 10474 1227 3432 10475 1227 3433 10476 1860 3433 10477 1858 3433 10478 1227 3434 10479 1858 3434 10480 1228 3434 10481 1228 3435 10482 1858 3435 10483 1856 3435 10484 1228 3436 10485 1856 3436 10486 1229 3436 10487 1229 3437 10488 1856 3437 10489 1854 3437 10490 1229 3438 10491 1854 3438 10492 1230 3438 10493 1230 3439 10494 1854 3439 10495 1852 3439 10496 1230 3440 10497 1852 3440 10498 1231 3440 10499 1231 3441 10500 1852 3441 10501 1850 3441 10502 1231 3442 10503 1850 3442 10504 1232 3442 10505 1232 3443 10506 1850 3443 10507 1848 3443 10508 1232 3444 10509 1848 3444 10510 1216 3444 10511 1216 3445 10512 1848 3445 10513 1846 3445 10514 1216 3446 10515 1846 3446 10516 1217 3446 10517 1217 3447 10518 1846 3447 10519 1845 3447 10520 1217 3448 10521 1845 3448 10522 1219 3448 10523 1219 3449 10524 1845 3449 10525 1881 3449 10526 1219 3450 10527 1881 3450 10528 1220 3450 10529 1220 3451 10530 1881 3451 10531 1880 3451 10532 1220 3452 10533 1880 3452 10534 1221 3452 10535 1221 3453 10536 1880 3453 10537 1872 3453 10538 1221 3454 10539 1872 3454 10540 1222 3454 10541 1222 3455 10542 1872 3455 10543 1790 3455 10544 1222 3456 10545 1790 3456 10546 1871 3456 10547 1871 3457 10548 1790 3457 10549 1270 3457 10550 1871 3458 10551 1270 3458 10552 1296 3458 10553 1268 3459 10554 1791 3459 10555 1291 3459 10556 1291 3460 10557 1791 3460 10558 1864 3460 10559 1291 3461 10560 1864 3461 10561 1290 3461 10562 1290 3462 10563 1864 3462 10564 1863 3462 10565 1290 3463 10566 1863 3463 10567 1792 3463 10568 1792 3464 10569 1863 3464 10570 1865 3464 10571 1792 3465 10572 1865 3465 10573 1912 3465 10574 1912 3466 10575 1865 3466 10576 1867 3466 10577 1912 3467 10578 1867 3467 10579 1913 3467 10580 1913 3468 10581 1867 3468 10582 1838 3468 10583 1913 3469 10584 1838 3469 10585 1914 3469 10586 1914 3470 10587 1838 3470 10588 1836 3470 10589 1914 3471 10590 1836 3471 10591 1915 3471 10592 1915 3472 10593 1836 3472 10594 1834 3472 10595 1915 3473 10596 1834 3473 10597 1832 3473 10598 1832 3474 10599 1834 3474 10600 1833 3474 10601 1832 3475 10602 1833 3475 10603 1830 3475 10604 1830 3476 10605 1833 3476 10606 1844 3476 10607 1830 3477 10608 1844 3477 10609 1905 3477 10610 1905 3478 10611 1844 3478 10612 1816 3478 10613 1905 3479 10614 1816 3479 10615 1813 3479 10616 1813 3480 10617 1816 3480 10618 1815 3480 10619 1813 3481 10620 1815 3481 10621 1814 3481 10622 1274 3482 10623 1273 3482 10624 1916 3482 10625 1916 3483 10626 1273 3483 10627 1800 3483 10628 1916 3484 10629 1800 3484 10630 1917 3484 10631 1917 3485 10632 1800 3485 10633 1802 3485 10634 1917 3486 10635 1802 3486 10636 1918 3486 10637 1918 3487 10638 1802 3487 10639 1804 3487 10640 1918 3488 10641 1804 3488 10642 1919 3488 10643 1919 3489 10644 1804 3489 10645 1806 3489 10646 1919 3490 10647 1806 3490 10648 1920 3490 10649 1806 3491 10650 1809 3491 10651 1920 3491 10652 1920 3492 10653 1809 3492 10654 1810 3492 10655 1920 3493 10656 1810 3493 10657 1921 3493 10658 1921 3494 10659 1810 3494 10660 1812 3494 10661 1921 3495 10662 1812 3495 10663 1922 3495 10664 1922 3496 10665 1812 3496 10666 1814 3496 10667 1253 3497 10668 1252 3497 10669 1923 3497 10670 1924 3498 10671 1925 3498 10672 1926 3498 10673 1927 3499 10674 1928 3499 10675 1929 3499 10676 1930 3500 10677 1931 3500 10678 1932 3500 10679 1932 3501 10680 1931 3501 10681 1933 3501 10682 1298 3502 10683 1934 3502 10684 1299 3502 10685 1292 3503 10686 1285 3503 10687 1927 3503 10688 1935 3504 10689 1919 3504 10690 1936 3504 10691 1936 3505 10692 1919 3505 10693 1920 3505 10694 1936 3506 10695 1920 3506 10696 1937 3506 10697 1937 3507 10698 1920 3507 10699 1921 3507 10700 1937 3508 10701 1921 3508 10702 1938 3508 10703 1938 3509 10704 1921 3509 10705 1922 3509 10706 1938 3510 10707 1922 3510 10708 1939 3510 10709 1939 3511 10710 1922 3511 10711 1940 3511 10712 1939 3512 10713 1940 3512 10714 1941 3512 10715 1942 3513 10716 1916 3513 10717 1917 3513 10718 1271 3514 10719 1274 3514 10720 1943 3514 10721 1943 3515 10722 1274 3515 10723 1916 3515 10724 1271 3516 10725 1943 3516 10726 1272 3516 10727 1272 3517 10728 1943 3517 10729 1944 3517 10730 1272 3518 10731 1944 3518 10732 1279 3518 10733 1944 3519 10734 1945 3519 10735 1279 3519 10736 1279 3520 10737 1945 3520 10738 1946 3520 10739 1279 3521 10740 1946 3521 10741 1278 3521 10742 1278 3522 10743 1946 3522 10744 1947 3522 10745 1278 3523 10746 1947 3523 10747 1277 3523 10748 1277 3524 10749 1947 3524 10750 1948 3524 10751 1277 3525 10752 1948 3525 10753 1276 3525 10754 1276 3526 10755 1948 3526 10756 1949 3526 10757 1276 3527 10758 1949 3527 10759 1275 3527 10760 1950 3528 10761 1951 3528 10762 1266 3528 10763 1952 3529 10764 1283 3529 10765 1267 3529 10766 1934 3530 10767 1298 3530 10768 1929 3530 10769 1255 3531 10770 1237 3531 10771 1236 3531 10772 1953 3532 10773 1954 3532 10774 1955 3532 10775 1955 3533 10776 1954 3533 10777 1956 3533 10778 1955 3534 10779 1956 3534 10780 1957 3534 10781 1955 3535 10782 1958 3535 10783 1953 3535 10784 1953 3536 10785 1958 3536 10786 1959 3536 10787 1953 3537 10788 1959 3537 10789 1960 3537 10790 1960 3538 10791 1959 3538 10792 1961 3538 10793 1960 3539 10794 1961 3539 10795 1962 3539 10796 1963 3540 10797 1964 3540 10798 1965 3540 10799 1965 3541 10800 1964 3541 10801 1966 3541 10802 1965 3542 10803 1966 3542 10804 1967 3542 10805 1967 3543 10806 1966 3543 10807 1942 3543 10808 1967 3544 10809 1942 3544 10810 1968 3544 10811 1968 3545 10812 1942 3545 10813 1917 3545 10814 1968 3546 10815 1969 3546 10816 1967 3546 10817 1967 3547 10818 1969 3547 10819 1970 3547 10820 1967 3548 10821 1970 3548 10822 1965 3548 10823 1965 3549 10824 1970 3549 10825 1971 3549 10826 1965 3550 10827 1971 3550 10828 1963 3550 10829 1963 3551 10830 1971 3551 10831 1972 3551 10832 1969 3552 10833 1973 3552 10834 1970 3552 10835 1970 3553 10836 1973 3553 10837 1974 3553 10838 1970 3554 10839 1974 3554 10840 1971 3554 10841 1971 3555 10842 1974 3555 10843 1975 3555 10844 1971 3556 10845 1975 3556 10846 1972 3556 10847 1972 3557 10848 1975 3557 10849 1976 3557 10850 1972 3558 10851 1976 3558 10852 1977 3558 10853 1977 3559 10854 1976 3559 10855 1978 3559 10856 1977 3560 10857 1978 3560 10858 1979 3560 10859 1916 3561 10860 1942 3561 10861 1943 3561 10862 1943 3562 10863 1942 3562 10864 1966 3562 10865 1943 3563 10866 1966 3563 10867 1944 3563 10868 1944 3564 10869 1966 3564 10870 1964 3564 10871 1944 3565 10872 1964 3565 10873 1945 3565 10874 1945 3566 10875 1964 3566 10876 1963 3566 10877 1945 3567 10878 1963 3567 10879 1946 3567 10880 1946 3568 10881 1963 3568 10882 1972 3568 10883 1946 3569 10884 1972 3569 10885 1947 3569 10886 1947 3570 10887 1972 3570 10888 1977 3570 10889 1947 3571 10890 1977 3571 10891 1948 3571 10892 1948 3572 10893 1977 3572 10894 1979 3572 10895 1948 3573 10896 1979 3573 10897 1949 3573 10898 1980 3574 10899 1981 3574 10900 1982 3574 10901 1982 3575 10902 1981 3575 10903 1983 3575 10904 1982 3576 10905 1983 3576 10906 1984 3576 10907 1984 3577 10908 1983 3577 10909 1985 3577 10910 1984 3578 10911 1985 3578 10912 1986 3578 10913 1986 3579 10914 1985 3579 10915 1987 3579 10916 1986 3580 10917 1987 3580 10918 1988 3580 10919 1298 3581 10920 1297 3581 10921 1929 3581 10922 1929 3582 10923 1297 3582 10924 1293 3582 10925 1929 3583 10926 1293 3583 10927 1927 3583 10928 1927 3584 10929 1293 3584 10930 1292 3584 10931 1236 3585 10932 1300 3585 10933 1255 3585 10934 1255 3586 10935 1300 3586 10936 1299 3586 10937 1255 3587 10938 1299 3587 10939 1256 3587 10940 1256 3588 10941 1299 3588 10942 1934 3588 10943 1256 3589 10944 1934 3589 10945 1257 3589 10946 1257 3590 10947 1934 3590 10948 1929 3590 10949 1257 3591 10950 1929 3591 10951 1258 3591 10952 1258 3592 10953 1929 3592 10954 1928 3592 10955 1258 3593 10956 1928 3593 10957 1259 3593 10958 1926 3594 10959 1989 3594 10960 1990 3594 10961 1930 3595 10962 1991 3595 10963 1931 3595 10964 1931 3596 10965 1991 3596 10966 1992 3596 10967 1931 3597 10968 1992 3597 10969 1933 3597 10970 1933 3598 10971 1992 3598 10972 1993 3598 10973 1994 3599 10974 1995 3599 10975 1924 3599 10976 1996 3600 10977 1994 3600 10978 1997 3600 10979 1997 3601 10980 1994 3601 10981 1924 3601 10982 1997 3602 10983 1924 3602 10984 1998 3602 10985 1998 3603 10986 1924 3603 10987 1926 3603 10988 1998 3604 10989 1926 3604 10990 1999 3604 10991 1999 3605 10992 1926 3605 10993 1990 3605 10994 1999 3606 10995 1990 3606 10996 2000 3606 10997 2000 3607 10998 1990 3607 10999 2001 3607 11000 2000 3608 11001 2001 3608 11002 2002 3608 11003 2002 3609 11004 2001 3609 11005 2003 3609 11006 2002 3610 11007 2003 3610 11008 2004 3610 11009 2004 3611 11010 2003 3611 11011 2005 3611 11012 2004 3612 11013 2005 3612 11014 1254 3612 11015 1275 3613 11016 1949 3613 11017 2006 3613 11018 2006 3614 11019 1949 3614 11020 1979 3614 11021 2006 3615 11022 1979 3615 11023 2007 3615 11024 2007 3616 11025 1979 3616 11026 1978 3616 11027 2007 3617 11028 1978 3617 11029 2008 3617 11030 2008 3618 11031 1978 3618 11032 2009 3618 11033 2008 3619 11034 2009 3619 11035 2010 3619 11036 2010 3620 11037 2009 3620 11038 2011 3620 11039 2010 3621 11040 2011 3621 11041 2012 3621 11042 2012 3622 11043 2011 3622 11044 2013 3622 11045 2012 3623 11046 2013 3623 11047 2014 3623 11048 2014 3624 11049 2013 3624 11050 2015 3624 11051 2014 3625 11052 2015 3625 11053 2016 3625 11054 2016 3626 11055 2015 3626 11056 2017 3626 11057 2016 3627 11058 2017 3627 11059 2018 3627 11060 2018 3628 11061 2019 3628 11062 2016 3628 11063 2016 3629 11064 2019 3629 11065 2020 3629 11066 2016 3630 11067 2020 3630 11068 2014 3630 11069 2014 3631 11070 2020 3631 11071 2021 3631 11072 2014 3632 11073 2021 3632 11074 2012 3632 11075 2012 3633 11076 2021 3633 11077 2022 3633 11078 2012 3634 11079 2022 3634 11080 2010 3634 11081 2010 3635 11082 2022 3635 11083 2023 3635 11084 2010 3636 11085 2023 3636 11086 2008 3636 11087 2008 3637 11088 2023 3637 11089 2024 3637 11090 2008 3638 11091 2024 3638 11092 2007 3638 11093 2007 3639 11094 2024 3639 11095 1950 3639 11096 2007 3640 11097 1950 3640 11098 2006 3640 11099 2006 3641 11100 1950 3641 11101 1266 3641 11102 2006 3642 11103 1266 3642 11104 1275 3642 11105 2025 3643 11106 2026 3643 11107 2027 3643 11108 2027 3644 11109 2026 3644 11110 2028 3644 11111 2027 3645 11112 2028 3645 11113 2029 3645 11114 2029 3646 11115 2028 3646 11116 2030 3646 11117 2029 3647 11118 2030 3647 11119 2031 3647 11120 2031 3648 11121 2030 3648 11122 2032 3648 11123 2031 3649 11124 2032 3649 11125 2033 3649 11126 2033 3650 11127 2032 3650 11128 2034 3650 11129 2033 3651 11130 2034 3651 11131 2035 3651 11132 2035 3652 11133 2034 3652 11134 2036 3652 11135 2035 3653 11136 2036 3653 11137 1952 3653 11138 1952 3654 11139 2036 3654 11140 1284 3654 11141 1952 3655 11142 1284 3655 11143 1283 3655 11144 2026 3656 11145 1980 3656 11146 2028 3656 11147 2028 3657 11148 1980 3657 11149 1982 3657 11150 2028 3658 11151 1982 3658 11152 2030 3658 11153 2030 3659 11154 1982 3659 11155 1984 3659 11156 2030 3660 11157 1984 3660 11158 2032 3660 11159 2032 3661 11160 1984 3661 11161 1986 3661 11162 2032 3662 11163 1986 3662 11164 2034 3662 11165 2034 3663 11166 1986 3663 11167 1988 3663 11168 2034 3664 11169 1988 3664 11170 2036 3664 11171 2019 3665 11172 2025 3665 11173 2020 3665 11174 2020 3666 11175 2025 3666 11176 2027 3666 11177 2020 3667 11178 2027 3667 11179 2021 3667 11180 2021 3668 11181 2027 3668 11182 2029 3668 11183 2021 3669 11184 2029 3669 11185 2022 3669 11186 2022 3670 11187 2029 3670 11188 2031 3670 11189 2022 3671 11190 2031 3671 11191 2023 3671 11192 2023 3672 11193 2031 3672 11194 2033 3672 11195 2023 3673 11196 2033 3673 11197 2024 3673 11198 2024 3674 11199 2033 3674 11200 2035 3674 11201 2024 3675 11202 2035 3675 11203 1950 3675 11204 1950 3676 11205 2035 3676 11206 1952 3676 11207 1950 3677 11208 1952 3677 11209 1951 3677 11210 1951 3678 11211 1952 3678 11212 1267 3678 11213 1951 3679 11214 1267 3679 11215 1266 3679 11216 1941 3680 11217 2037 3680 11218 1939 3680 11219 1939 3681 11220 2037 3681 11221 2038 3681 11222 1939 3682 11223 2038 3682 11224 1938 3682 11225 1938 3683 11226 2038 3683 11227 2039 3683 11228 1938 3684 11229 2039 3684 11230 1937 3684 11231 1937 3685 11232 2039 3685 11233 2040 3685 11234 1937 3686 11235 2040 3686 11236 1936 3686 11237 1936 3687 11238 2040 3687 11239 2041 3687 11240 1936 3688 11241 2041 3688 11242 1935 3688 11243 2037 3689 11244 2042 3689 11245 2038 3689 11246 2038 3690 11247 2042 3690 11248 2043 3690 11249 2038 3691 11250 2043 3691 11251 2039 3691 11252 2039 3692 11253 2043 3692 11254 2044 3692 11255 2039 3693 11256 2044 3693 11257 2040 3693 11258 2040 3694 11259 2044 3694 11260 2045 3694 11261 2040 3695 11262 2045 3695 11263 2041 3695 11264 2046 3696 11265 1961 3696 11266 2047 3696 11267 2047 3697 11268 1961 3697 11269 1959 3697 11270 2047 3698 11271 1959 3698 11272 2048 3698 11273 2048 3699 11274 1959 3699 11275 1958 3699 11276 2048 3700 11277 1958 3700 11278 1996 3700 11279 1996 3701 11280 1958 3701 11281 1994 3701 11282 1994 3702 11283 1958 3702 11284 1955 3702 11285 1994 3703 11286 1955 3703 11287 1995 3703 11288 1995 3704 11289 1955 3704 11290 1957 3704 11291 1995 3705 11292 1957 3705 11293 1924 3705 11294 1924 3706 11295 1957 3706 11296 2049 3706 11297 1924 3707 11298 2049 3707 11299 1925 3707 11300 1925 3708 11301 2049 3708 11302 2050 3708 11303 1925 3709 11304 2050 3709 11305 1926 3709 11306 1926 3710 11307 2050 3710 11308 2051 3710 11309 1926 3711 11310 2051 3711 11311 1989 3711 11312 1989 3712 11313 2051 3712 11314 1993 3712 11315 1989 3713 11316 1993 3713 11317 1990 3713 11318 1990 3714 11319 1993 3714 11320 1992 3714 11321 1990 3715 11322 1992 3715 11323 2001 3715 11324 2001 3716 11325 1992 3716 11326 1991 3716 11327 2001 3717 11328 1991 3717 11329 2003 3717 11330 2003 3718 11331 1991 3718 11332 1930 3718 11333 2003 3719 11334 1930 3719 11335 2005 3719 11336 2042 3720 11337 1962 3720 11338 2043 3720 11339 2043 3721 11340 1962 3721 11341 1961 3721 11342 2043 3722 11343 1961 3722 11344 2044 3722 11345 2044 3723 11346 1961 3723 11347 2046 3723 11348 2044 3724 11349 2046 3724 11350 2045 3724 11351 2045 3725 11352 2046 3725 11353 2052 3725 11354 2045 3726 11355 2052 3726 11356 2041 3726 11357 2041 3727 11358 2052 3727 11359 2053 3727 11360 2041 3728 11361 2053 3728 11362 1935 3728 11363 1935 3729 11364 2053 3729 11365 2054 3729 11366 1935 3730 11367 2054 3730 11368 1919 3730 11369 1919 3731 11370 2054 3731 11371 1918 3731 11372 2017 3732 11373 1923 3732 11374 2018 3732 11375 2018 3733 11376 1923 3733 11377 1252 3733 11378 2018 3734 11379 1252 3734 11380 2019 3734 11381 2019 3735 11382 1252 3735 11383 1251 3735 11384 2019 3736 11385 1251 3736 11386 2025 3736 11387 2025 3737 11388 1251 3737 11389 1250 3737 11390 2025 3738 11391 1250 3738 11392 2026 3738 11393 2026 3739 11394 1250 3739 11395 1249 3739 11396 2026 3740 11397 1249 3740 11398 1980 3740 11399 1980 3741 11400 1249 3741 11401 1248 3741 11402 1980 3742 11403 1248 3742 11404 1981 3742 11405 1981 3743 11406 1248 3743 11407 1247 3743 11408 1981 3744 11409 1247 3744 11410 1983 3744 11411 1983 3745 11412 1247 3745 11413 1260 3745 11414 1983 3746 11415 1260 3746 11416 1985 3746 11417 1985 3747 11418 1260 3747 11419 1259 3747 11420 1985 3748 11421 1259 3748 11422 1987 3748 11423 1987 3749 11424 1259 3749 11425 1928 3749 11426 1987 3750 11427 1928 3750 11428 1988 3750 11429 1988 3751 11430 1928 3751 11431 1927 3751 11432 1988 3752 11433 1927 3752 11434 2036 3752 11435 2036 3753 11436 1927 3753 11437 1285 3753 11438 2036 3754 11439 1285 3754 11440 1284 3754 11441 1254 3755 11442 1253 3755 11443 2004 3755 11444 2004 3756 11445 1253 3756 11446 1923 3756 11447 2004 3757 11448 1923 3757 11449 2002 3757 11450 2002 3758 11451 1923 3758 11452 2017 3758 11453 2002 3759 11454 2017 3759 11455 2000 3759 11456 2000 3760 11457 2017 3760 11458 2015 3760 11459 2000 3761 11460 2015 3761 11461 1999 3761 11462 1999 3762 11463 2015 3762 11464 2013 3762 11465 1999 3763 11466 2013 3763 11467 1998 3763 11468 1998 3764 11469 2013 3764 11470 2011 3764 11471 1998 3765 11472 2011 3765 11473 1997 3765 11474 1997 3766 11475 2011 3766 11476 2009 3766 11477 1997 3767 11478 2009 3767 11479 1996 3767 11480 1996 3768 11481 2009 3768 11482 1978 3768 11483 1996 3769 11484 1978 3769 11485 2048 3769 11486 2048 3770 11487 1978 3770 11488 1976 3770 11489 2048 3771 11490 1976 3771 11491 2047 3771 11492 2047 3772 11493 1976 3772 11494 1975 3772 11495 2047 3773 11496 1975 3773 11497 2046 3773 11498 2046 3774 11499 1975 3774 11500 1974 3774 11501 2046 3775 11502 1974 3775 11503 2052 3775 11504 2052 3776 11505 1974 3776 11506 1973 3776 11507 2052 3777 11508 1973 3777 11509 2053 3777 11510 2053 3778 11511 1973 3778 11512 1969 3778 11513 2053 3779 11514 1969 3779 11515 2054 3779 11516 2054 3780 11517 1969 3780 11518 1968 3780 11519 2054 3781 11520 1968 3781 11521 1918 3781 11522 1918 3782 11523 1968 3782 11524 1917 3782 11525 2055 3783 11526 2056 3783 11527 2057 3783 11528 1930 3784 11529 1932 3784 11530 2056 3784 11531 2056 3785 11532 2055 3785 11533 1930 3785 11534 1930 3786 11535 2055 3786 11536 2058 3786 11537 1930 3787 11538 2058 3787 11539 2005 3787 11540 2059 3788 11541 1241 3788 11542 1244 3788 11543 1242 3789 11544 1241 3789 11545 2060 3789 11546 2060 3790 11547 1241 3790 11548 2059 3790 11549 2060 3791 11550 2059 3791 11551 2061 3791 11552 2061 3792 11553 2059 3792 11554 2062 3792 11555 2061 3793 11556 2062 3793 11557 2063 3793 11558 2063 3794 11559 2062 3794 11560 2064 3794 11561 2065 3795 11562 2064 3795 11563 2057 3795 11564 2057 3796 11565 2064 3796 11566 2062 3796 11567 2057 3797 11568 2062 3797 11569 2055 3797 11570 2055 3798 11571 2062 3798 11572 2059 3798 11573 2055 3799 11574 2059 3799 11575 2058 3799 11576 2058 3800 11577 2059 3800 11578 1244 3800 11579 2058 3801 11580 1244 3801 11581 2005 3801 11582 2005 3802 11583 1244 3802 11584 1254 3802 11585 749 1529 11586 1243 1529 11587 1242 1529 11588 1301 1529 11589 749 1529 11590 2066 1529 11591 2066 1529 11592 749 1529 11593 1242 1529 11594 2066 1529 11595 1242 1529 11596 2067 1529 11597 2067 1529 11598 1242 1529 11599 2068 1529 11600 1303 3803 11601 1302 3803 11602 2066 3803 11603 2066 3804 11604 1302 3804 11605 748 3804 11606 2066 3805 11607 748 3805 11608 1301 3805 11609 2069 3806 11610 1315 3806 11611 2070 3806 11612 2070 3807 11613 1315 3807 11614 1317 3807 11615 2070 3808 11616 1317 3808 11617 2071 3808 11618 2071 3809 11619 1317 3809 11620 1326 3809 11621 2071 3810 11622 1326 3810 11623 2072 3810 11624 2072 3811 11625 1326 3811 11626 1328 3811 11627 2072 3812 11628 1328 3812 11629 2068 3812 11630 2068 3813 11631 1328 3813 11632 1321 3813 11633 2068 3814 11634 1321 3814 11635 2067 3814 11636 2067 3815 11637 1321 3815 11638 2066 3815 11639 2066 3816 11640 1321 3816 11641 1320 3816 11642 2066 3817 11643 1320 3817 11644 1303 3817 11645 1455 1296 11646 1316 1296 11647 2073 1296 11648 2073 1296 11649 1316 1296 11650 1315 1296 11651 2073 3818 11652 1315 3818 11653 2074 3818 11654 2074 3819 11655 1315 3819 11656 2069 3819 11657 2075 3820 11658 2076 3820 11659 2077 3820 11660 2078 3821 11661 2079 3821 11662 2080 3821 11663 1339 3822 11664 1340 3822 11665 1376 3822 11666 1338 3823 11667 1339 3823 11668 2081 3823 11669 1333 3824 11670 2082 3824 11671 2083 3824 11672 2083 3825 11673 2082 3825 11674 2084 3825 11675 2083 3826 11676 2084 3826 11677 2085 3826 11678 2085 3827 11679 2084 3827 11680 2086 3827 11681 2085 3828 11682 2086 3828 11683 2087 3828 11684 2087 3829 11685 2086 3829 11686 2088 3829 11687 2087 3830 11688 2088 3830 11689 2089 3830 11690 2089 3831 11691 2088 3831 11692 2090 3831 11693 2089 3832 11694 2090 3832 11695 2091 3832 11696 1339 3833 11697 1376 3833 11698 2081 3833 11699 2081 3834 11700 1376 3834 11701 1375 3834 11702 2081 3835 11703 1375 3835 11704 2092 3835 11705 2092 3836 11706 1375 3836 11707 1374 3836 11708 2092 3837 11709 1374 3837 11710 2093 3837 11711 2093 3838 11712 1374 3838 11713 1372 3838 11714 2093 3839 11715 1372 3839 11716 2094 3839 11717 2094 3840 11718 1372 3840 11719 1371 3840 11720 2094 3841 11721 1371 3841 11722 2095 3841 11723 2095 3842 11724 1371 3842 11725 1373 3842 11726 2095 3843 11727 1373 3843 11728 2096 3843 11729 2096 3844 11730 1373 3844 11731 1370 3844 11732 2096 3845 11733 1370 3845 11734 2097 3845 11735 2097 3846 11736 1370 3846 11737 1369 3846 11738 2097 3847 11739 1369 3847 11740 2098 3847 11741 2098 3848 11742 1369 3848 11743 1368 3848 11744 2098 3849 11745 1368 3849 11746 2099 3849 11747 2099 3850 11748 1368 3850 11749 1367 3850 11750 2099 3851 11751 1367 3851 11752 2100 3851 11753 2100 3852 11754 1367 3852 11755 1366 3852 11756 2100 3853 11757 1366 3853 11758 2101 3853 11759 2101 3854 11760 1366 3854 11761 1365 3854 11762 2101 3855 11763 1365 3855 11764 2102 3855 11765 2102 3856 11766 2078 3856 11767 2101 3856 11768 2101 3857 11769 2078 3857 11770 2080 3857 11771 2101 3858 11772 2080 3858 11773 2100 3858 11774 2100 3859 11775 2080 3859 11776 2103 3859 11777 2100 3860 11778 2103 3860 11779 2099 3860 11780 2099 3861 11781 2103 3861 11782 2104 3861 11783 2099 3862 11784 2104 3862 11785 2098 3862 11786 2098 3863 11787 2104 3863 11788 2105 3863 11789 2098 3864 11790 2105 3864 11791 2097 3864 11792 2097 3865 11793 2105 3865 11794 2106 3865 11795 2097 3866 11796 2106 3866 11797 2096 3866 11798 2096 3867 11799 2106 3867 11800 2107 3867 11801 2096 3868 11802 2107 3868 11803 2095 3868 11804 2095 3869 11805 2107 3869 11806 2108 3869 11807 2095 3870 11808 2108 3870 11809 2094 3870 11810 2094 3871 11811 2108 3871 11812 2109 3871 11813 2094 3872 11814 2109 3872 11815 2093 3872 11816 2093 3873 11817 2109 3873 11818 2110 3873 11819 2093 3874 11820 2110 3874 11821 2092 3874 11822 2092 3875 11823 2110 3875 11824 2111 3875 11825 2092 3876 11826 2111 3876 11827 2081 3876 11828 2081 3877 11829 2111 3877 11830 2112 3877 11831 2081 3878 11832 2112 3878 11833 1338 3878 11834 1338 3879 11835 2112 3879 11836 1336 3879 11837 2079 3880 11838 2075 3880 11839 2080 3880 11840 2080 3881 11841 2075 3881 11842 2077 3881 11843 2080 3882 11844 2077 3882 11845 2103 3882 11846 2103 3883 11847 2077 3883 11848 2113 3883 11849 2103 3884 11850 2113 3884 11851 2104 3884 11852 2104 3885 11853 2113 3885 11854 2114 3885 11855 2104 3886 11856 2114 3886 11857 2105 3886 11858 2105 3887 11859 2114 3887 11860 2115 3887 11861 2105 3888 11862 2115 3888 11863 2106 3888 11864 2106 3889 11865 2115 3889 11866 2116 3889 11867 2106 3890 11868 2116 3890 11869 2107 3890 11870 2107 3891 11871 2116 3891 11872 2117 3891 11873 2107 3892 11874 2117 3892 11875 2108 3892 11876 2108 3893 11877 2117 3893 11878 2090 3893 11879 2108 3894 11880 2090 3894 11881 2109 3894 11882 2109 3895 11883 2090 3895 11884 2088 3895 11885 2109 3896 11886 2088 3896 11887 2110 3896 11888 2110 3897 11889 2088 3897 11890 2086 3897 11891 2110 3898 11892 2086 3898 11893 2111 3898 11894 2111 3899 11895 2086 3899 11896 2084 3899 11897 2111 3900 11898 2084 3900 11899 2112 3900 11900 2112 3901 11901 2084 3901 11902 2082 3901 11903 2112 3902 11904 2082 3902 11905 1336 3902 11906 1336 3903 11907 2082 3903 11908 1333 3903 11909 2091 3904 11910 2090 3904 11911 2118 3904 11912 2118 3905 11913 2090 3905 11914 2117 3905 11915 2118 3906 11916 2117 3906 11917 2119 3906 11918 2119 3907 11919 2117 3907 11920 2116 3907 11921 2119 3908 11922 2116 3908 11923 2120 3908 11924 2120 3909 11925 2116 3909 11926 2115 3909 11927 2120 3910 11928 2115 3910 11929 2121 3910 11930 2121 3911 11931 2115 3911 11932 2114 3911 11933 2121 3912 11934 2114 3912 11935 2122 3912 11936 2122 3913 11937 2114 3913 11938 2113 3913 11939 2122 3914 11940 2113 3914 11941 2123 3914 11942 2123 3915 11943 2113 3915 11944 2077 3915 11945 2123 3916 11946 2077 3916 11947 2124 3916 11948 2124 3917 11949 2077 3917 11950 2076 3917 11951 2124 3918 11952 2076 3918 11953 2125 3918 11954 1333 3919 11955 2126 3919 11956 1334 3919 11957 1334 3920 11958 2126 3920 11959 2127 3920 11960 1334 3921 11961 2127 3921 11962 941 3921 11963 941 3922 11964 2127 3922 11965 1478 3922 11966 2128 3923 11967 2125 3923 11968 2076 3923 11969 2128 3924 11970 2076 3924 11971 2129 3924 11972 2129 3925 11973 2130 3925 11974 2131 3925 11975 2131 3926 11976 2132 3926 11977 2129 3926 11978 2129 3927 11979 2132 3927 11980 2133 3927 11981 2129 3928 11982 2133 3928 11983 2128 3928 11984 2128 3929 11985 2133 3929 11986 2134 3929 11987 2128 3930 11988 2134 3930 11989 2135 3930 11990 2078 3931 11991 2130 3931 11992 2079 3931 11993 2079 3932 11994 2130 3932 11995 2129 3932 11996 2079 3933 11997 2129 3933 11998 2075 3933 11999 2075 3934 12000 2129 3934 12001 2076 3934 12002 2102 3935 12003 1365 3935 12004 1364 3935 12005 1361 3936 12006 2136 3936 12007 1362 3936 12008 1362 3937 12009 2136 3937 12010 2131 3937 12011 1362 3938 12012 2131 3938 12013 1363 3938 12014 1363 3939 12015 2131 3939 12016 2130 3939 12017 1363 3940 12018 2130 3940 12019 1364 3940 12020 1364 3941 12021 2130 3941 12022 2078 3941 12023 1364 3942 12024 2078 3942 12025 2102 3942 12026 2131 3943 12027 2136 3943 12028 2137 3943 12029 2133 3944 12030 2132 3944 12031 2138 3944 12032 1389 3945 12033 1390 3945 12034 2139 3945 12035 1388 3946 12036 1389 3946 12037 2140 3946 12038 1389 3947 12039 2139 3947 12040 2140 3947 12041 2140 3948 12042 2139 3948 12043 2141 3948 12044 2140 3949 12045 2141 3949 12046 2142 3949 12047 2142 3950 12048 2141 3950 12049 2143 3950 12050 2142 3951 12051 2143 3951 12052 2144 3951 12053 2144 3952 12054 2143 3952 12055 2145 3952 12056 2143 3953 12057 2146 3953 12058 2145 3953 12059 2145 3954 12060 2146 3954 12061 2147 3954 12062 2145 3955 12063 2147 3955 12064 2148 3955 12065 2148 3956 12066 2147 3956 12067 2149 3956 12068 2148 3957 12069 2149 3957 12070 2150 3957 12071 2149 3958 12072 2151 3958 12073 2150 3958 12074 2150 3959 12075 2151 3959 12076 2152 3959 12077 2150 3960 12078 2152 3960 12079 2153 3960 12080 2153 3961 12081 2152 3961 12082 2154 3961 12083 2153 3962 12084 2154 3962 12085 2155 3962 12086 2155 3963 12087 2154 3963 12088 2156 3963 12089 2155 3964 12090 2156 3964 12091 2157 3964 12092 2157 3965 12093 2156 3965 12094 2158 3965 12095 2157 3966 12096 2158 3966 12097 2159 3966 12098 2159 3967 12099 2158 3967 12100 2160 3967 12101 2159 3968 12102 2160 3968 12103 2161 3968 12104 2161 3969 12105 2160 3969 12106 2135 3969 12107 2161 3970 12108 2135 3970 12109 2134 3970 12110 2134 3971 12111 2133 3971 12112 2161 3971 12113 2161 3972 12114 2133 3972 12115 2138 3972 12116 2161 3973 12117 2138 3973 12118 2159 3973 12119 2159 3974 12120 2138 3974 12121 2162 3974 12122 2159 3975 12123 2162 3975 12124 2157 3975 12125 2157 3976 12126 2162 3976 12127 2163 3976 12128 2157 3977 12129 2163 3977 12130 2155 3977 12131 2155 3978 12132 2163 3978 12133 2164 3978 12134 2155 3979 12135 2164 3979 12136 2153 3979 12137 2153 3980 12138 2164 3980 12139 2165 3980 12140 2153 3981 12141 2165 3981 12142 2150 3981 12143 2150 3982 12144 2165 3982 12145 2166 3982 12146 2150 3983 12147 2166 3983 12148 2148 3983 12149 2148 3984 12150 2166 3984 12151 2167 3984 12152 2148 3985 12153 2167 3985 12154 2145 3985 12155 2145 3986 12156 2167 3986 12157 2168 3986 12158 2145 3987 12159 2168 3987 12160 2144 3987 12161 2144 3988 12162 2168 3988 12163 2169 3988 12164 2144 3989 12165 2169 3989 12166 2142 3989 12167 2142 3990 12168 2169 3990 12169 2170 3990 12170 2142 3991 12171 2170 3991 12172 2140 3991 12173 2140 3992 12174 2170 3992 12175 2171 3992 12176 2140 3993 12177 2171 3993 12178 1388 3993 12179 1388 3994 12180 2171 3994 12181 1386 3994 12182 2132 3995 12183 2131 3995 12184 2138 3995 12185 2138 3996 12186 2131 3996 12187 2137 3996 12188 2138 3997 12189 2137 3997 12190 2162 3997 12191 2162 3998 12192 2137 3998 12193 2172 3998 12194 2162 3999 12195 2172 3999 12196 2163 3999 12197 2163 4000 12198 2172 4000 12199 2173 4000 12200 2163 4001 12201 2173 4001 12202 2164 4001 12203 2164 4002 12204 2173 4002 12205 2174 4002 12206 2164 4003 12207 2174 4003 12208 2165 4003 12209 2165 4004 12210 2174 4004 12211 2175 4004 12212 2165 4005 12213 2175 4005 12214 2166 4005 12215 2166 4006 12216 2175 4006 12217 2176 4006 12218 2166 4007 12219 2176 4007 12220 2167 4007 12221 2167 4008 12222 2176 4008 12223 2177 4008 12224 2167 4009 12225 2177 4009 12226 2168 4009 12227 2168 4010 12228 2177 4010 12229 2178 4010 12230 2168 4011 12231 2178 4011 12232 2169 4011 12233 2169 4012 12234 2178 4012 12235 2179 4012 12236 2169 4013 12237 2179 4013 12238 2170 4013 12239 2170 4014 12240 2179 4014 12241 2180 4014 12242 2170 4015 12243 2180 4015 12244 2171 4015 12245 2171 4016 12246 2180 4016 12247 2181 4016 12248 2171 4017 12249 2181 4017 12250 1386 4017 12251 1386 4018 12252 2181 4018 12253 1353 4018 12254 1353 4019 12255 2181 4019 12256 1354 4019 12257 1354 4020 12258 2181 4020 12259 2180 4020 12260 1354 4021 12261 2180 4021 12262 1347 4021 12263 1347 4022 12264 2180 4022 12265 2179 4022 12266 1347 4023 12267 2179 4023 12268 1348 4023 12269 1348 4024 12270 2179 4024 12271 2178 4024 12272 1348 4025 12273 2178 4025 12274 1349 4025 12275 1349 4026 12276 2178 4026 12277 2177 4026 12278 1349 4027 12279 2177 4027 12280 1350 4027 12281 1350 4028 12282 2177 4028 12283 2176 4028 12284 1350 4029 12285 2176 4029 12286 1351 4029 12287 1351 4030 12288 2176 4030 12289 2175 4030 12290 1351 4031 12291 2175 4031 12292 1345 4031 12293 1345 4032 12294 2175 4032 12295 2174 4032 12296 1345 4033 12297 2174 4033 12298 1343 4033 12299 1343 4034 12300 2174 4034 12301 2173 4034 12302 1343 4035 12303 2173 4035 12304 1342 4035 12305 1342 4036 12306 2173 4036 12307 2172 4036 12308 1342 4037 12309 2172 4037 12310 1341 4037 12311 1341 4038 12312 2172 4038 12313 2137 4038 12314 1341 4039 12315 2137 4039 12316 1360 4039 12317 1360 4040 12318 2137 4040 12319 2136 4040 12320 1360 4041 12321 2136 4041 12322 1361 4041 12323 846 4042 12324 1420 4042 12325 1383 4042 12326 1383 4043 12327 1420 4043 12328 2182 4043 12329 1383 4044 12330 2182 4044 12331 1390 4044 12332 1390 4045 12333 2182 4045 12334 2183 4045 12335 2184 4046 12336 1393 4046 12337 1392 4046 12338 1399 4047 12339 1403 4047 12340 1401 4047 12341 1401 4048 12342 1403 4048 12343 1402 4048 12344 1401 4049 12345 1402 4049 12346 826 4049 12347 1410 4050 12348 1409 4050 12349 2185 4050 12350 2185 4051 12351 1409 4051 12352 1403 4051 12353 2185 4052 12354 1403 4052 12355 2184 4052 12356 2184 4053 12357 1403 4053 12358 1399 4053 12359 2184 4054 12360 1399 4054 12361 1393 4054 12362 1430 4055 12363 1425 4055 12364 2186 4055 12365 2186 4056 12366 1425 4056 12367 2187 4056 12368 2186 4057 12369 2187 4057 12370 2188 4057 12371 2188 4058 12372 2187 4058 12373 2189 4058 12374 2189 4059 12375 2187 4059 12376 2190 4059 12377 2189 4060 12378 2190 4060 12379 2191 4060 12380 1425 4061 12381 1410 4061 12382 2187 4061 12383 2187 4062 12384 1410 4062 12385 2185 4062 12386 2187 4063 12387 2185 4063 12388 2190 4063 12389 2190 4064 12390 2185 4064 12391 2192 4064 12392 1392 4065 12393 1762 4065 12394 2184 4065 12395 2184 4066 12396 1762 4066 12397 1766 4066 12398 2184 4067 12399 1766 4067 12400 2185 4067 12401 2185 4068 12402 1766 4068 12403 1765 4068 12404 2185 4069 12405 1765 4069 12406 2192 4069 12407 2192 4070 12408 1765 4070 12409 1764 4070 12410 2192 4071 12411 1764 4071 12412 1763 4071 12413 1418 4072 12414 848 4072 12415 1426 4072 12416 1418 4073 12417 1426 4073 12418 839 4073 12419 1419 4074 12420 839 4074 12421 2193 4074 12422 2193 4075 12423 839 4075 12424 1426 4075 12425 2193 4076 12426 1426 4076 12427 2194 4076 12428 2194 4077 12429 1426 4077 12430 1427 4077 12431 2194 4078 12432 1427 4078 12433 2195 4078 12434 2195 4079 12435 1427 4079 12436 1428 4079 12437 2195 4080 12438 1428 4080 12439 2196 4080 12440 2196 4081 12441 1428 4081 12442 1429 4081 12443 2196 4082 12444 1429 4082 12445 2197 4082 12446 2197 4083 12447 1429 4083 12448 1430 4083 12449 1420 4084 12450 1419 4084 12451 2198 4084 12452 2198 4085 12453 1419 4085 12454 2193 4085 12455 2198 4086 12456 2193 4086 12457 2199 4086 12458 2199 4087 12459 2193 4087 12460 2194 4087 12461 2199 4088 12462 2194 4088 12463 2200 4088 12464 2200 4089 12465 2194 4089 12466 2195 4089 12467 2200 4090 12468 2195 4090 12469 2201 4090 12470 2201 4091 12471 2195 4091 12472 2196 4091 12473 2201 4092 12474 2196 4092 12475 2202 4092 12476 2202 4093 12477 2196 4093 12478 2197 4093 12479 2201 4094 12480 2203 4094 12481 2200 4094 12482 2200 4095 12483 2203 4095 12484 2204 4095 12485 2200 4096 12486 2204 4096 12487 2199 4096 12488 2182 4097 12489 1420 4097 12490 2205 4097 12491 2205 4098 12492 1420 4098 12493 2198 4098 12494 2205 4099 12495 2198 4099 12496 2206 4099 12497 2207 4100 12498 2203 4100 12499 2208 4100 12500 2208 4101 12501 2203 4101 12502 2201 4101 12503 2208 4102 12504 2201 4102 12505 2202 4102 12506 2209 4103 12507 2204 4103 12508 2210 4103 12509 2210 4104 12510 2204 4104 12511 2203 4104 12512 2210 4105 12513 2203 4105 12514 2211 4105 12515 2211 4106 12516 2203 4106 12517 2207 4106 12518 2209 4107 12519 2212 4107 12520 2204 4107 12521 2204 4108 12522 2212 4108 12523 2206 4108 12524 2204 4109 12525 2206 4109 12526 2199 4109 12527 2199 4110 12528 2206 4110 12529 2198 4110 12530 2183 4111 12531 2182 4111 12532 2213 4111 12533 2213 4112 12534 2182 4112 12535 2205 4112 12536 2213 4113 12537 2205 4113 12538 2214 4113 12539 2214 4114 12540 2205 4114 12541 2206 4114 12542 2214 4115 12543 2206 4115 12544 2215 4115 12545 2215 4116 12546 2206 4116 12547 2212 4116 12548 2216 4117 12549 2217 4117 12550 1432 4117 12551 2218 4118 12552 1433 4118 12553 2219 4118 12554 2219 4119 12555 1433 4119 12556 1440 4119 12557 1432 4120 12558 1433 4120 12559 2216 4120 12560 2216 4121 12561 1433 4121 12562 2218 4121 12563 2216 4122 12564 2218 4122 12565 2220 4122 12566 2220 4123 12567 2218 4123 12568 2221 4123 12569 2220 4124 12570 2221 4124 12571 2222 4124 12572 2223 4125 12573 2224 4125 12574 2221 4125 12575 2221 4126 12576 2224 4126 12577 2225 4126 12578 2221 4127 12579 2225 4127 12580 2222 4127 12581 1432 1481 12582 2217 1481 12583 1431 1481 12584 1431 1481 12585 2217 1481 12586 2226 1481 12587 871 4128 12588 1431 4128 12589 2226 4128 12590 871 4129 12591 2226 4129 12592 1434 4129 12593 2227 4130 12594 1772 4130 12595 2226 4130 12596 2226 4131 12597 1772 4131 12598 1771 4131 12599 2226 4132 12600 1771 4132 12601 1434 4132 12602 1434 4133 12603 1771 4133 12604 1775 4133 12605 1434 4134 12606 1775 4134 12607 1437 4134 12608 1437 4135 12609 1775 4135 12610 1774 4135 12611 1437 4136 12612 1774 4136 12613 1438 4136 12614 1438 4137 12615 1774 4137 12616 1234 4137 12617 1438 4138 12618 1234 4138 12619 1439 4138 12620 2228 4139 12621 29 4139 12622 4 4139 12623 57 1481 12624 60 1481 12625 36 1481 12626 36 1481 12627 60 1481 12628 2229 1481 12629 36 4140 12630 2229 4140 12631 31 4140 12632 31 1481 12633 2229 1481 12634 2230 1481 12635 31 1481 12636 2230 1481 12637 32 1481 12638 32 1481 12639 2230 1481 12640 2231 1481 12641 32 4141 12642 2231 4141 12643 34 4141 12644 34 4142 12645 2231 4142 12646 42 4142 12647 42 1481 12648 2231 1481 12649 2232 1481 12650 42 1481 12651 2232 1481 12652 3 1481 12653 2232 4143 12654 2233 4143 12655 3 4143 12656 3 1481 12657 2233 1481 12658 2234 1481 12659 3 1481 12660 2234 1481 12661 4 1481 12662 4 1481 12663 2234 1481 12664 2235 1481 12665 4 1481 12666 2235 1481 12667 2228 1481 12668 2218 4144 12669 2219 4144 12670 2236 4144 12671 2223 4145 12672 2221 4145 12673 2237 4145 12674 2237 4146 12675 2221 4146 12676 2238 4146 12677 2237 4147 12678 2238 4147 12679 2239 4147 12680 2240 4148 12681 2241 4148 12682 2242 4148 12683 2242 4149 12684 2241 4149 12685 2243 4149 12686 2243 4150 12687 2241 4150 12688 2244 4150 12689 2244 4151 12690 2241 4151 12691 2245 4151 12692 2244 4152 12693 2245 4152 12694 2246 4152 12695 2247 4153 12696 2248 4153 12697 2249 4153 12698 2250 4154 12699 2232 4154 12700 2251 4154 12701 2251 4155 12702 2232 4155 12703 2231 4155 12704 2251 4156 12705 2231 4156 12706 2230 4156 12707 2219 4157 12708 1440 4157 12709 2236 4157 12710 2236 4158 12711 1440 4158 12712 1441 4158 12713 2236 4159 12714 1441 4159 12715 27 4159 12716 29 4160 12717 2228 4160 12718 27 4160 12719 27 4161 12720 2228 4161 12721 2235 4161 12722 27 4162 12723 2235 4162 12724 2236 4162 12725 2236 4163 12726 2235 4163 12727 2234 4163 12728 2236 4164 12729 2234 4164 12730 2250 4164 12731 2250 4165 12732 2234 4165 12733 2233 4165 12734 2250 4166 12735 2233 4166 12736 2232 4166 12737 2249 4167 12738 2246 4167 12739 2247 4167 12740 2247 4168 12741 2246 4168 12742 2245 4168 12743 2247 4169 12744 2245 4169 12745 2252 4169 12746 2252 4170 12747 2245 4170 12748 2253 4170 12749 2254 4171 12750 2255 4171 12751 2256 4171 12752 2255 4172 12753 2253 4172 12754 2256 4172 12755 2256 4173 12756 2253 4173 12757 2245 4173 12758 2256 4174 12759 2245 4174 12760 2257 4174 12761 2257 4175 12762 2245 4175 12763 2241 4175 12764 2257 4176 12765 2241 4176 12766 2238 4176 12767 2238 4177 12768 2241 4177 12769 2240 4177 12770 2238 4178 12771 2240 4178 12772 2239 4178 12773 2239 4179 12774 2240 4179 12775 2242 4179 12776 2221 4180 12777 2218 4180 12778 2238 4180 12779 2238 4181 12780 2218 4181 12781 2236 4181 12782 2238 4182 12783 2236 4182 12784 2257 4182 12785 2257 4183 12786 2236 4183 12787 2250 4183 12788 2257 4184 12789 2250 4184 12790 2256 4184 12791 2256 4185 12792 2250 4185 12793 2251 4185 12794 2256 4186 12795 2251 4186 12796 2254 4186 12797 2254 4187 12798 2251 4187 12799 2230 4187 12800 2254 4188 12801 2230 4188 12802 2229 4188 12803 2258 4189 12804 2259 4189 12805 2260 4189 12806 2261 4190 12807 2262 4190 12808 2263 4190 12809 2202 4191 12810 2197 4191 12811 2264 4191 12812 2226 4192 12813 2217 4192 12814 2227 4192 12815 2227 4193 12816 2217 4193 12817 2216 4193 12818 2216 4194 12819 2220 4194 12820 2227 4194 12821 2227 4195 12822 2220 4195 12823 2222 4195 12824 2227 4196 12825 2222 4196 12826 2265 4196 12827 2266 4197 12828 2267 4197 12829 2268 4197 12830 2264 4198 12831 2197 4198 12832 2269 4198 12833 2191 4199 12834 2267 4199 12835 2189 4199 12836 2189 4200 12837 2267 4200 12838 2266 4200 12839 2189 4201 12840 2266 4201 12841 2188 4201 12842 2188 4202 12843 2266 4202 12844 2269 4202 12845 2188 4203 12846 2269 4203 12847 2186 4203 12848 2186 4204 12849 2269 4204 12850 2197 4204 12851 2186 4205 12852 2197 4205 12853 1430 4205 12854 2262 4206 12855 2270 4206 12856 2263 4206 12857 2263 4207 12858 2270 4207 12859 2207 4207 12860 2263 4208 12861 2207 4208 12862 2264 4208 12863 2264 4209 12864 2207 4209 12865 2208 4209 12866 2264 4210 12867 2208 4210 12868 2202 4210 12869 2260 4211 12870 2259 4211 12871 2271 4211 12872 2271 4212 12873 2259 4212 12874 2272 4212 12875 2271 4213 12876 2272 4213 12877 2261 4213 12878 2273 4214 12879 68 4214 12880 67 4214 12881 67 4215 12882 2274 4215 12883 2273 4215 12884 2273 4216 12885 2274 4216 12886 2275 4216 12887 2273 4217 12888 2275 4217 12889 2260 4217 12890 2260 4218 12891 2275 4218 12892 2276 4218 12893 2260 4219 12894 2276 4219 12895 2258 4219 12896 68 4220 12897 2277 4220 12898 70 4220 12899 70 4221 12900 2277 4221 12901 2278 4221 12902 70 4222 12903 2278 4222 12904 72 4222 12905 2248 4223 12906 2279 4223 12907 2280 4223 12908 2280 4224 12909 2279 4224 12910 2281 4224 12911 2280 4225 12912 2281 4225 12913 2277 4225 12914 2277 4226 12915 2281 4226 12916 2282 4226 12917 2277 4227 12918 2282 4227 12919 2278 4227 12920 2243 4228 12921 2244 4228 12922 2283 4228 12923 2283 4229 12924 2244 4229 12925 2246 4229 12926 2283 4230 12927 2246 4230 12928 2280 4230 12929 2280 4231 12930 2246 4231 12931 2249 4231 12932 2280 4232 12933 2249 4232 12934 2248 4232 12935 2243 4233 12936 2283 4233 12937 2242 4233 12938 2242 4234 12939 2283 4234 12940 2284 4234 12941 2242 4235 12942 2284 4235 12943 2239 4235 12944 2239 4236 12945 2284 4236 12946 2285 4236 12947 2239 4237 12948 2285 4237 12949 2237 4237 12950 2222 4238 12951 2225 4238 12952 2265 4238 12953 2265 4239 12954 2225 4239 12955 2224 4239 12956 2265 4240 12957 2224 4240 12958 2285 4240 12959 2285 4241 12960 2224 4241 12961 2223 4241 12962 2285 4242 12963 2223 4242 12964 2237 4242 12965 2261 4243 12966 2263 4243 12967 2271 4243 12968 2271 4244 12969 2263 4244 12970 2264 4244 12971 2271 4245 12972 2264 4245 12973 2286 4245 12974 2286 4246 12975 2264 4246 12976 2269 4246 12977 2286 4247 12978 2269 4247 12979 2287 4247 12980 2287 4248 12981 2269 4248 12982 2266 4248 12983 2287 4249 12984 2266 4249 12985 2288 4249 12986 2288 4250 12987 2266 4250 12988 2268 4250 12989 2288 4251 12990 2268 4251 12991 2289 4251 12992 68 4252 12993 2273 4252 12994 2277 4252 12995 2277 4253 12996 2273 4253 12997 2260 4253 12998 2277 4254 12999 2260 4254 13000 2280 4254 13001 2280 4255 13002 2260 4255 13003 2271 4255 13004 2280 4256 13005 2271 4256 13006 2283 4256 13007 2283 4257 13008 2271 4257 13009 2286 4257 13010 2283 4258 13011 2286 4258 13012 2284 4258 13013 2284 4259 13014 2286 4259 13015 2287 4259 13016 2284 4260 13017 2287 4260 13018 2285 4260 13019 2285 4261 13020 2287 4261 13021 2288 4261 13022 2285 4262 13023 2288 4262 13024 2265 4262 13025 2265 4263 13026 2288 4263 13027 2289 4263 13028 2265 4264 13029 2289 4264 13030 2227 4264 13031 2290 1481 13032 1453 1481 13033 2291 1481 13034 2291 4265 13035 1453 4265 13036 1452 4265 13037 2291 1481 13038 1452 1481 13039 2292 1481 13040 2292 1481 13041 1452 1481 13042 1469 1481 13043 2292 1481 13044 1469 1481 13045 2293 1481 13046 2293 1481 13047 1469 1481 13048 1472 1481 13049 2293 4266 13050 1472 4266 13051 2294 4266 13052 2294 1481 13053 1472 1481 13054 1475 1481 13055 1459 4267 13056 2295 4267 13057 1473 4267 13058 1473 1481 13059 2295 1481 13060 2296 1481 13061 1473 4268 13062 2296 4268 13063 1474 4268 13064 1474 1481 13065 2296 1481 13066 2297 1481 13067 1474 4269 13068 2297 4269 13069 1475 4269 13070 1475 1481 13071 2297 1481 13072 2298 1481 13073 1475 1481 13074 2298 1481 13075 2294 1481 13076 1443 1529 13077 1445 1529 13078 1442 1529 13079 1442 1529 13080 1445 1529 13081 1447 1529 13082 1442 1529 13083 1447 1529 13084 1450 1529 13085 2299 1529 13086 1454 1529 13087 2300 1529 13088 2300 1529 13089 1454 1529 13090 1442 1529 13091 2300 4270 13092 1442 4270 13093 2290 4270 13094 2290 4271 13095 1442 4271 13096 1450 4271 13097 2290 1529 13098 1450 1529 13099 1453 1529 13100 2301 4272 13101 2302 4272 13102 2303 4272 13103 2304 4273 13104 2305 4273 13105 2306 4273 13106 2306 4274 13107 2305 4274 13108 2303 4274 13109 2306 4275 13110 2303 4275 13111 2307 4275 13112 2307 4276 13113 2303 4276 13114 2302 4276 13115 2301 4277 13116 2303 4277 13117 2308 4277 13118 2308 4278 13119 2303 4278 13120 2309 4278 13121 2308 4279 13122 2309 4279 13123 2310 4279 13124 2310 4280 13125 2309 4280 13126 2311 4280 13127 2310 4281 13128 2311 4281 13129 2312 4281 13130 2312 4282 13131 2311 4282 13132 2313 4282 13133 2312 4283 13134 2313 4283 13135 2314 4283 13136 2307 4284 13137 2315 4284 13138 2316 4284 13139 2317 4285 13140 2304 4285 13141 2316 4285 13142 2316 4286 13143 2304 4286 13144 2306 4286 13145 2316 4287 13146 2306 4287 13147 2307 4287 13148 2318 4288 13149 2319 4288 13150 2320 4288 13151 2320 4289 13152 2319 4289 13153 2321 4289 13154 2322 4290 13155 2323 4290 13156 2324 4290 13157 2324 4291 13158 2323 4291 13159 2325 4291 13160 2324 4292 13161 2325 4292 13162 2326 4292 13163 2326 4293 13164 2325 4293 13165 2327 4293 13166 2326 4294 13167 2327 4294 13168 2318 4294 13169 2318 4295 13170 2327 4295 13171 2328 4295 13172 2318 4296 13173 2328 4296 13174 2319 4296 13175 2315 4297 13176 2322 4297 13177 2316 4297 13178 2316 4298 13179 2322 4298 13180 2324 4298 13181 2316 4299 13182 2324 4299 13183 2317 4299 13184 2317 4300 13185 2324 4300 13186 2329 4300 13187 59 4301 13188 58 4301 13189 2321 4301 13190 2321 4302 13191 58 4302 13192 1454 4302 13193 1454 4301 13194 2299 4301 13195 2314 4301 13196 1454 4303 13197 2314 4303 13198 2321 4303 13199 2321 4304 13200 2314 4304 13201 2304 4304 13202 2321 4305 13203 2304 4305 13204 2317 4305 13205 2311 4306 13206 2309 4306 13207 2303 4306 13208 2324 4307 13209 2326 4307 13210 2329 4307 13211 2329 4308 13212 2326 4308 13213 2318 4308 13214 2329 4309 13215 2318 4309 13216 2317 4309 13217 2317 4310 13218 2318 4310 13219 2320 4310 13220 2317 4311 13221 2320 4311 13222 2321 4311 13223 2314 4312 13224 2313 4312 13225 2304 4312 13226 2304 4313 13227 2313 4313 13228 2311 4313 13229 2304 4314 13230 2311 4314 13231 2305 4314 13232 2305 4315 13233 2311 4315 13234 2303 4315 13235 2330 4316 13236 2331 4316 13237 2074 4316 13238 2074 1481 13239 2331 1481 13240 2073 1481 13241 2332 4317 13242 2333 4317 13243 2334 4317 13244 2334 4318 13245 2333 4318 13246 2335 4318 13247 2334 4319 13248 2335 4319 13249 2336 4319 13250 1456 4320 13251 1455 4320 13252 2337 4320 13253 2337 4321 13254 1455 4321 13255 2334 4321 13256 2073 4322 13257 2331 4322 13258 1455 4322 13259 1455 4323 13260 2331 4323 13261 2338 4323 13262 1455 4324 13263 2338 4324 13264 2334 4324 13265 2334 4325 13266 2338 4325 13267 2339 4325 13268 2334 4326 13269 2339 4326 13270 2332 4326 13271 2340 4327 13272 2341 4327 13273 2342 4327 13274 2343 4328 13275 2344 4328 13276 2345 4328 13277 2343 4329 13278 2345 4329 13279 2346 4329 13280 2346 4330 13281 2345 4330 13282 2347 4330 13283 2346 4331 13284 2347 4331 13285 2348 4331 13286 2348 4332 13287 2347 4332 13288 2349 4332 13289 2349 4333 13290 2347 4333 13291 2350 4333 13292 2349 4334 13293 2350 4334 13294 2351 4334 13295 2351 4335 13296 2350 4335 13297 2352 4335 13298 2351 4336 13299 2352 4336 13300 2353 4336 13301 2337 4337 13302 2334 4337 13303 2354 4337 13304 2354 4338 13305 2334 4338 13306 2336 4338 13307 2354 4339 13308 2336 4339 13309 2355 4339 13310 1459 4340 13311 1457 4340 13312 2295 4340 13313 2295 4341 13314 1457 4341 13315 2356 4341 13316 2295 4342 13317 2356 4342 13318 2296 4342 13319 2296 4343 13320 2356 4343 13321 2297 4343 13322 2297 4344 13323 2356 4344 13324 2357 4344 13325 2297 4345 13326 2357 4345 13327 2298 4345 13328 2298 4346 13329 2357 4346 13330 2294 4346 13331 2294 4347 13332 2357 4347 13333 2342 4347 13334 2294 4348 13335 2342 4348 13336 2293 4348 13337 2293 4349 13338 2342 4349 13339 2292 4349 13340 2292 4350 13341 2342 4350 13342 2341 4350 13343 2292 4351 13344 2341 4351 13345 2291 4351 13346 2358 4352 13347 2359 4352 13348 2360 4352 13349 2345 4353 13350 2358 4353 13351 2347 4353 13352 2347 4354 13353 2358 4354 13354 2360 4354 13355 2347 4355 13356 2360 4355 13357 2350 4355 13358 2350 4356 13359 2360 4356 13360 2361 4356 13361 2350 4357 13362 2361 4357 13363 2352 4357 13364 2352 4358 13365 2361 4358 13366 2354 4358 13367 2352 4359 13368 2354 4359 13369 2353 4359 13370 2353 4360 13371 2354 4360 13372 2355 4360 13373 2359 4361 13374 2340 4361 13375 2360 4361 13376 2360 4362 13377 2340 4362 13378 2342 4362 13379 2360 4363 13380 2342 4363 13381 2361 4363 13382 2361 4364 13383 2342 4364 13384 2357 4364 13385 2361 4365 13386 2357 4365 13387 2354 4365 13388 2354 4366 13389 2357 4366 13390 2356 4366 13391 2354 4367 13392 2356 4367 13393 2337 4367 13394 2337 4368 13395 2356 4368 13396 1457 4368 13397 2337 4369 13398 1457 4369 13399 1456 4369 13400 2279 4370 13401 2248 4370 13402 2247 4370 13403 2325 4371 13404 2282 4371 13405 2327 4371 13406 2327 4372 13407 2282 4372 13408 2281 4372 13409 2327 4373 13410 2281 4373 13411 2328 4373 13412 2323 4374 13413 72 4374 13414 2325 4374 13415 2325 4375 13416 72 4375 13417 2278 4375 13418 2325 4376 13419 2278 4376 13420 2282 4376 13421 2307 4377 13422 73 4377 13423 2315 4377 13424 2315 4378 13425 73 4378 13426 72 4378 13427 2315 4379 13428 72 4379 13429 2322 4379 13430 2322 4380 13431 72 4380 13432 2323 4380 13433 2307 4381 13434 2302 4381 13435 73 4381 13436 73 4382 13437 2302 4382 13438 2301 4382 13439 73 4383 13440 2301 4383 13441 2362 4383 13442 2362 4384 13443 2301 4384 13444 2308 4384 13445 2362 4385 13446 2308 4385 13447 2363 4385 13448 2363 4386 13449 2308 4386 13450 2310 4386 13451 2363 4387 13452 2310 4387 13453 2364 4387 13454 2364 4388 13455 2310 4388 13456 2365 4388 13457 2365 4389 13458 2310 4389 13459 2312 4389 13460 2365 4390 13461 2312 4390 13462 2344 4390 13463 2290 4391 13464 2291 4391 13465 2300 4391 13466 2300 4392 13467 2291 4392 13468 2341 4392 13469 2312 4393 13470 2314 4393 13471 2299 4393 13472 2341 4394 13473 2340 4394 13474 2300 4394 13475 2300 4395 13476 2340 4395 13477 2359 4395 13478 2300 4396 13479 2359 4396 13480 2299 4396 13481 2299 4397 13482 2359 4397 13483 2358 4397 13484 2299 4398 13485 2358 4398 13486 2312 4398 13487 2312 4399 13488 2358 4399 13489 2345 4399 13490 2312 4400 13491 2345 4400 13492 2344 4400 13493 59 4401 13494 2252 4401 13495 61 4401 13496 61 4402 13497 2252 4402 13498 2253 4402 13499 59 4403 13500 2321 4403 13501 2252 4403 13502 2252 4404 13503 2321 4404 13504 2319 4404 13505 2252 4405 13506 2319 4405 13507 2247 4405 13508 2247 4406 13509 2319 4406 13510 2328 4406 13511 2247 4407 13512 2328 4407 13513 2279 4407 13514 2279 4408 13515 2328 4408 13516 2281 4408 13517 2229 4409 13518 60 4409 13519 2254 4409 13520 2254 4410 13521 60 4410 13522 61 4410 13523 2254 4394 13524 61 4394 13525 2255 4394 13526 2255 4395 13527 61 4395 13528 2253 4395 13529 2124 4411 13530 2125 4411 13531 2366 4411 13532 2085 4412 13533 2367 4412 13534 2083 4412 13535 2083 4413 13536 2367 4413 13537 2126 4413 13538 2083 4414 13539 2126 4414 13540 1333 4414 13541 2118 4415 13542 2368 4415 13543 2369 4415 13544 2118 4416 13545 2369 4416 13546 2091 4416 13547 2369 4417 13548 2370 4417 13549 2091 4417 13550 2091 4418 13551 2370 4418 13552 2371 4418 13553 2091 4419 13554 2371 4419 13555 2089 4419 13556 2089 4420 13557 2371 4420 13558 2372 4420 13559 2089 4421 13560 2372 4421 13561 2087 4421 13562 2087 4422 13563 2372 4422 13564 2373 4422 13565 2087 4423 13566 2373 4423 13567 2085 4423 13568 2085 4424 13569 2373 4424 13570 2374 4424 13571 2085 4425 13572 2374 4425 13573 2367 4425 13574 2118 4426 13575 2119 4426 13576 2368 4426 13577 2368 4427 13578 2119 4427 13579 2120 4427 13580 2368 4428 13581 2120 4428 13582 2375 4428 13583 2375 4429 13584 2120 4429 13585 2121 4429 13586 2366 4430 13587 2376 4430 13588 2124 4430 13589 2124 4431 13590 2376 4431 13591 2377 4431 13592 2124 4432 13593 2377 4432 13594 2123 4432 13595 2123 4433 13596 2377 4433 13597 2378 4433 13598 2123 4434 13599 2378 4434 13600 2122 4434 13601 2122 4435 13602 2378 4435 13603 2379 4435 13604 2122 4436 13605 2379 4436 13606 2121 4436 13607 2121 4437 13608 2379 4437 13609 2380 4437 13610 2121 4438 13611 2380 4438 13612 2375 4438 13613 2381 4439 13614 2382 4439 13615 2383 4439 13616 2384 4440 13617 2126 4440 13618 2367 4440 13619 2382 4441 13620 2384 4441 13621 2385 4441 13622 2386 4442 13623 2387 4442 13624 2381 4442 13625 2387 4443 13626 2386 4443 13627 2388 4443 13628 2384 4444 13629 2367 4444 13630 2385 4444 13631 2385 4445 13632 2367 4445 13633 2374 4445 13634 2385 4446 13635 2374 4446 13636 2389 4446 13637 2389 4447 13638 2374 4447 13639 2373 4447 13640 2389 4448 13641 2373 4448 13642 2390 4448 13643 2390 4449 13644 2373 4449 13645 2372 4449 13646 2390 4450 13647 2372 4450 13648 2391 4450 13649 2372 4451 13650 2371 4451 13651 2391 4451 13652 2391 4452 13653 2371 4452 13654 2370 4452 13655 2391 4453 13656 2370 4453 13657 2392 4453 13658 2392 4454 13659 2370 4454 13660 2369 4454 13661 2392 4455 13662 2369 4455 13663 2393 4455 13664 2393 4456 13665 2369 4456 13666 2368 4456 13667 2393 4457 13668 2368 4457 13669 2394 4457 13670 2368 4458 13671 2375 4458 13672 2394 4458 13673 2394 4459 13674 2375 4459 13675 2380 4459 13676 2394 4460 13677 2380 4460 13678 2395 4460 13679 2395 4461 13680 2380 4461 13681 2379 4461 13682 2395 4462 13683 2379 4462 13684 2396 4462 13685 2396 4463 13686 2379 4463 13687 2378 4463 13688 2396 4464 13689 2378 4464 13690 2397 4464 13691 2397 4465 13692 2378 4465 13693 2377 4465 13694 2382 4466 13695 2385 4466 13696 2383 4466 13697 2383 4467 13698 2385 4467 13699 2389 4467 13700 2383 4468 13701 2389 4468 13702 2398 4468 13703 2398 4469 13704 2389 4469 13705 2390 4469 13706 2398 4470 13707 2390 4470 13708 2399 4470 13709 2399 4471 13710 2390 4471 13711 2391 4471 13712 2399 4472 13713 2391 4472 13714 2400 4472 13715 2400 4473 13716 2391 4473 13717 2392 4473 13718 2400 4474 13719 2392 4474 13720 2401 4474 13721 2401 4475 13722 2392 4475 13723 2393 4475 13724 2401 4476 13725 2393 4476 13726 2402 4476 13727 2402 4477 13728 2393 4477 13729 2394 4477 13730 2402 4478 13731 2394 4478 13732 2403 4478 13733 2403 4479 13734 2394 4479 13735 2395 4479 13736 2403 4480 13737 2395 4480 13738 2404 4480 13739 2404 4481 13740 2395 4481 13741 2396 4481 13742 2404 4482 13743 2396 4482 13744 2405 4482 13745 2405 4483 13746 2396 4483 13747 2397 4483 13748 2405 4484 13749 2397 4484 13750 2406 4484 13751 2381 4485 13752 2383 4485 13753 2386 4485 13754 2386 4486 13755 2383 4486 13756 2398 4486 13757 2386 4487 13758 2398 4487 13759 2407 4487 13760 2407 4488 13761 2398 4488 13762 2399 4488 13763 2407 4489 13764 2399 4489 13765 2408 4489 13766 2408 4490 13767 2399 4490 13768 2400 4490 13769 2408 4491 13770 2400 4491 13771 2409 4491 13772 2409 4492 13773 2400 4492 13774 2401 4492 13775 2409 4493 13776 2401 4493 13777 2410 4493 13778 2410 4494 13779 2401 4494 13780 2402 4494 13781 2410 4495 13782 2402 4495 13783 2411 4495 13784 2411 4496 13785 2402 4496 13786 2403 4496 13787 2411 4497 13788 2403 4497 13789 2412 4497 13790 2412 4498 13791 2403 4498 13792 2404 4498 13793 2412 4499 13794 2404 4499 13795 2413 4499 13796 2413 4500 13797 2404 4500 13798 2405 4500 13799 2413 4501 13800 2405 4501 13801 2414 4501 13802 2414 4502 13803 2405 4502 13804 2406 4502 13805 2414 4503 13806 2406 4503 13807 2415 4503 13808 2388 4504 13809 2386 4504 13810 2416 4504 13811 2416 4505 13812 2386 4505 13813 2407 4505 13814 2416 4506 13815 2407 4506 13816 2417 4506 13817 2417 4507 13818 2407 4507 13819 2408 4507 13820 2417 4508 13821 2408 4508 13822 2418 4508 13823 2418 4509 13824 2408 4509 13825 2409 4509 13826 2418 4510 13827 2409 4510 13828 2419 4510 13829 2419 4511 13830 2409 4511 13831 2410 4511 13832 2419 4512 13833 2410 4512 13834 2420 4512 13835 2420 4513 13836 2410 4513 13837 2411 4513 13838 2420 4514 13839 2411 4514 13840 2421 4514 13841 2421 4515 13842 2411 4515 13843 2412 4515 13844 2421 4516 13845 2412 4516 13846 2422 4516 13847 2422 4517 13848 2412 4517 13849 2413 4517 13850 2422 4518 13851 2413 4518 13852 2423 4518 13853 2423 4519 13854 2413 4519 13855 2414 4519 13856 2423 4520 13857 2414 4520 13858 2424 4520 13859 2424 4521 13860 2414 4521 13861 2415 4521 13862 2424 4522 13863 2415 4522 13864 66 4522 13865 2425 4523 13866 2376 4523 13867 2366 4523 13868 2397 4524 13869 2377 4524 13870 2376 4524 13871 2376 4525 13872 2425 4525 13873 2397 4525 13874 2397 4526 13875 2425 4526 13876 2426 4526 13877 2397 4527 13878 2426 4527 13879 2406 4527 13880 2406 4528 13881 2426 4528 13882 2427 4528 13883 2406 4529 13884 2427 4529 13885 2415 4529 13886 64 4530 13887 66 4530 13888 2415 4530 13889 2415 4531 13890 2427 4531 13891 64 4531 13892 64 4532 13893 2427 4532 13894 2428 4532 13895 64 4533 13896 2428 4533 13897 62 4533 13898 2366 4534 13899 2429 4534 13900 2425 4534 13901 2425 4535 13902 2429 4535 13903 2430 4535 13904 2425 4536 13905 2430 4536 13906 2426 4536 13907 2426 4537 13908 2430 4537 13909 2431 4537 13910 2426 4538 13911 2431 4538 13912 2427 4538 13913 2427 4539 13914 2431 4539 13915 2432 4539 13916 2427 4540 13917 2432 4540 13918 2428 4540 13919 2135 4541 13920 2433 4541 13921 2128 4541 13922 2128 4541 13923 2433 4541 13924 2366 4541 13925 2128 4541 13926 2366 4541 13927 2125 4541 13928 2213 4542 13929 2214 4542 13930 2434 4542 13931 2215 4543 13932 2212 4543 13933 2435 4543 13934 2209 4544 13935 2210 4544 13936 2436 4544 13937 2211 4545 13938 2207 4545 13939 2270 4545 13940 2211 4546 13941 2270 4546 13942 2210 4546 13943 2209 4547 13944 2436 4547 13945 2212 4547 13946 2215 4548 13947 2435 4548 13948 2214 4548 13949 2437 4549 13950 2438 4549 13951 2439 4549 13952 2439 4550 13953 2438 4550 13954 2440 4550 13955 2439 4551 13956 2440 4551 13957 2434 4551 13958 2434 4552 13959 2440 4552 13960 2183 4552 13961 2434 4553 13962 2183 4553 13963 2213 4553 13964 2441 4554 13965 2442 4554 13966 2443 4554 13967 2443 4555 13968 2442 4555 13969 2444 4555 13970 2443 4556 13971 2444 4556 13972 2445 4556 13973 2445 4557 13974 2444 4557 13975 2446 4557 13976 2445 4558 13977 2446 4558 13978 2437 4558 13979 2437 4559 13980 2446 4559 13981 2447 4559 13982 2437 4560 13983 2447 4560 13984 2438 4560 13985 2210 4561 13986 2270 4561 13987 2436 4561 13988 2436 4562 13989 2270 4562 13990 2262 4562 13991 2436 4563 13992 2262 4563 13993 2448 4563 13994 2448 4564 13995 2262 4564 13996 2261 4564 13997 2448 4565 13998 2261 4565 13999 2449 4565 14000 2449 4566 14001 2261 4566 14002 2272 4566 14003 2449 4567 14004 2272 4567 14005 2450 4567 14006 2450 4568 14007 2272 4568 14008 2259 4568 14009 2450 4569 14010 2259 4569 14011 2451 4569 14012 2451 4570 14013 2259 4570 14014 2258 4570 14015 2451 4571 14016 2258 4571 14017 2452 4571 14018 2452 4572 14019 2258 4572 14020 2276 4572 14021 2452 4573 14022 2276 4573 14023 2453 4573 14024 2453 4574 14025 2276 4574 14026 2275 4574 14027 2453 4575 14028 2275 4575 14029 2454 4575 14030 2454 4576 14031 2275 4576 14032 2274 4576 14033 2454 4577 14034 2274 4577 14035 2455 4577 14036 2212 4578 14037 2436 4578 14038 2435 4578 14039 2435 4579 14040 2436 4579 14041 2448 4579 14042 2435 4580 14043 2448 4580 14044 2456 4580 14045 2456 4581 14046 2448 4581 14047 2449 4581 14048 2456 4582 14049 2449 4582 14050 2457 4582 14051 2457 4583 14052 2449 4583 14053 2450 4583 14054 2457 4584 14055 2450 4584 14056 2458 4584 14057 2458 4585 14058 2450 4585 14059 2451 4585 14060 2458 4586 14061 2451 4586 14062 2459 4586 14063 2459 4587 14064 2451 4587 14065 2452 4587 14066 2459 4588 14067 2452 4588 14068 2460 4588 14069 2460 4589 14070 2452 4589 14071 2453 4589 14072 2460 4590 14073 2453 4590 14074 2461 4590 14075 2461 4591 14076 2453 4591 14077 2454 4591 14078 2461 4592 14079 2454 4592 14080 2462 4592 14081 2462 4593 14082 2454 4593 14083 2455 4593 14084 2462 4594 14085 2455 4594 14086 2463 4594 14087 2214 4595 14088 2435 4595 14089 2434 4595 14090 2434 4596 14091 2435 4596 14092 2456 4596 14093 2434 4597 14094 2456 4597 14095 2439 4597 14096 2439 4598 14097 2456 4598 14098 2457 4598 14099 2439 4599 14100 2457 4599 14101 2437 4599 14102 2437 4600 14103 2457 4600 14104 2458 4600 14105 2437 4601 14106 2458 4601 14107 2445 4601 14108 2445 4602 14109 2458 4602 14110 2459 4602 14111 2445 4603 14112 2459 4603 14113 2443 4603 14114 2443 4604 14115 2459 4604 14116 2460 4604 14117 2443 4605 14118 2460 4605 14119 2441 4605 14120 2441 4606 14121 2460 4606 14122 2461 4606 14123 2441 4607 14124 2461 4607 14125 2464 4607 14126 2464 4608 14127 2461 4608 14128 2462 4608 14129 2464 4609 14130 2462 4609 14131 2465 4609 14132 2465 4610 14133 2462 4610 14134 2463 4610 14135 2465 4611 14136 2463 4611 14137 2466 4611 14138 2467 4612 14139 2468 4612 14140 2466 4612 14141 2466 4613 14142 2468 4613 14143 2469 4613 14144 2466 4614 14145 2469 4614 14146 2465 4614 14147 2465 4615 14148 2469 4615 14149 2470 4615 14150 2465 4616 14151 2470 4616 14152 2464 4616 14153 2464 4617 14154 2470 4617 14155 2471 4617 14156 2464 4618 14157 2471 4618 14158 2441 4618 14159 2441 4619 14160 2471 4619 14161 2472 4619 14162 2441 4620 14163 2472 4620 14164 2442 4620 14165 2473 4621 14166 2467 4621 14167 2474 4621 14168 2474 4622 14169 2467 4622 14170 2466 4622 14171 2474 4623 14172 2466 4623 14173 2475 4623 14174 2475 4624 14175 2466 4624 14176 2463 4624 14177 2475 4625 14178 2463 4625 14179 2476 4625 14180 2476 4626 14181 2463 4626 14182 2455 4626 14183 2476 4627 14184 2455 4627 14185 67 4627 14186 67 4628 14187 2455 4628 14188 2274 4628 14189 1390 4629 14190 2183 4629 14191 2139 4629 14192 2139 4630 14193 2183 4630 14194 2440 4630 14195 2139 4631 14196 2440 4631 14197 2141 4631 14198 2141 4632 14199 2440 4632 14200 2438 4632 14201 2141 4633 14202 2438 4633 14203 2143 4633 14204 2143 4634 14205 2438 4634 14206 2447 4634 14207 2143 4635 14208 2447 4635 14209 2446 4635 14210 2143 4636 14211 2446 4636 14212 2146 4636 14213 2146 4637 14214 2446 4637 14215 2444 4637 14216 2146 4638 14217 2444 4638 14218 2147 4638 14219 2152 4639 14220 2471 4639 14221 2470 4639 14222 2152 4640 14223 2470 4640 14224 2154 4640 14225 2444 4641 14226 2442 4641 14227 2147 4641 14228 2147 4642 14229 2442 4642 14230 2472 4642 14231 2147 4643 14232 2472 4643 14233 2149 4643 14234 2149 4644 14235 2472 4644 14236 2471 4644 14237 2149 4645 14238 2471 4645 14239 2151 4645 14240 2151 4646 14241 2471 4646 14242 2152 4646 14243 2433 4647 14244 2135 4647 14245 2477 4647 14246 2477 4648 14247 2135 4648 14248 2160 4648 14249 2477 4649 14250 2160 4649 14251 2473 4649 14252 2473 4650 14253 2160 4650 14254 2158 4650 14255 2473 4651 14256 2158 4651 14257 2467 4651 14258 2467 4652 14259 2158 4652 14260 2156 4652 14261 2467 4653 14262 2156 4653 14263 2468 4653 14264 2468 4654 14265 2156 4654 14266 2154 4654 14267 2468 4655 14268 2154 4655 14269 2469 4655 14270 2469 4656 14271 2154 4656 14272 2470 4656 14273 71 4657 14274 62 4657 14275 2478 4657 14276 2478 4658 14277 62 4658 14278 2428 4658 14279 2478 4659 14280 2428 4659 14281 2479 4659 14282 2430 4660 14283 2480 4660 14284 2431 4660 14285 2431 4661 14286 2480 4661 14287 2479 4661 14288 2431 4661 14289 2479 4661 14290 2432 4661 14291 2432 4662 14292 2479 4662 14293 2428 4662 14294 2366 4663 14295 2433 4663 14296 2429 4663 14297 2429 4663 14298 2433 4663 14299 2481 4663 14300 2429 4664 14301 2481 4664 14302 2430 4664 14303 2430 4665 14304 2481 4665 14305 2482 4665 14306 2430 4660 14307 2482 4660 14308 2480 4660 14309 2483 4666 14310 69 4666 14311 71 4666 14312 2476 4667 14313 67 4667 14314 69 4667 14315 69 4668 14316 2483 4668 14317 2476 4668 14318 2476 4669 14319 2483 4669 14320 2484 4669 14321 2476 4670 14322 2484 4670 14323 2475 4670 14324 2475 4671 14325 2484 4671 14326 2485 4671 14327 2475 4672 14328 2485 4672 14329 2474 4672 14330 2477 4673 14331 2473 4673 14332 2474 4673 14333 2474 4674 14334 2485 4674 14335 2477 4674 14336 2477 4675 14337 2485 4675 14338 2481 4675 14339 2477 4676 14340 2481 4676 14341 2433 4676 14342 71 4677 14343 2478 4677 14344 2483 4677 14345 2483 4678 14346 2478 4678 14347 2479 4678 14348 2483 4679 14349 2479 4679 14350 2484 4679 14351 2484 4680 14352 2479 4680 14353 2480 4680 14354 2484 4681 14355 2480 4681 14356 2485 4681 14357 2485 4682 14358 2480 4682 14359 2482 4682 14360 2485 4683 14361 2482 4683 14362 2481 4683 14363 2486 4684 14364 2487 4684 14365 2488 4684 14366 2488 4685 14367 2487 4685 14368 2489 4685 14369 2488 4686 14370 2489 4686 14371 2490 4686 14372 2490 4687 14373 2489 4687 14374 2491 4687 14375 2490 4688 14376 2491 4688 14377 2492 4688 14378 2492 4689 14379 2491 4689 14380 2493 4689 14381 2492 4690 14382 2493 4690 14383 2494 4690 14384 2494 4691 14385 2493 4691 14386 2495 4691 14387 2494 4692 14388 2495 4692 14389 2127 4692 14390 2127 4693 14391 2495 4693 14392 1478 4693 14393 2388 4694 14394 2486 4694 14395 2387 4694 14396 2387 4695 14397 2486 4695 14398 2488 4695 14399 2387 4696 14400 2488 4696 14401 2381 4696 14402 2381 4697 14403 2488 4697 14404 2490 4697 14405 2381 4698 14406 2490 4698 14407 2382 4698 14408 2382 4699 14409 2490 4699 14410 2492 4699 14411 2382 4700 14412 2492 4700 14413 2384 4700 14414 2384 4701 14415 2492 4701 14416 2494 4701 14417 2384 4702 14418 2494 4702 14419 2126 4702 14420 2126 4703 14421 2494 4703 14422 2127 4703 14423 935 4704 14424 1479 4704 14425 2496 4704 14426 1484 4705 14427 955 4705 14428 1480 4705 14429 2497 4706 14430 1497 4706 14431 2498 4706 14432 2498 4707 14433 1497 4707 14434 1498 4707 14435 2498 4708 14436 1498 4708 14437 2499 4708 14438 2499 4709 14439 1498 4709 14440 1499 4709 14441 2499 4710 14442 1499 4710 14443 2500 4710 14444 2500 4711 14445 1499 4711 14446 1500 4711 14447 2500 4712 14448 1500 4712 14449 2496 4712 14450 2496 4713 14451 1500 4713 14452 1484 4713 14453 2496 4714 14454 1484 4714 14455 935 4714 14456 935 4715 14457 1484 4715 14458 1480 4715 14459 2487 4716 14460 2497 4716 14461 2489 4716 14462 2489 4717 14463 2497 4717 14464 2498 4717 14465 2489 4718 14466 2498 4718 14467 2491 4718 14468 2491 4719 14469 2498 4719 14470 2499 4719 14471 2491 4720 14472 2499 4720 14473 2493 4720 14474 2493 4721 14475 2499 4721 14476 2500 4721 14477 2493 4722 14478 2500 4722 14479 2495 4722 14480 2495 4723 14481 2500 4723 14482 2496 4723 14483 2495 4724 14484 2496 4724 14485 1478 4724 14486 1478 4725 14487 2496 4725 14488 1479 4725 14489 1493 4726 14490 1492 4726 14491 2501 4726 14492 1492 4727 14493 1497 4727 14494 2502 4727 14495 1518 4728 14496 1503 4728 14497 2503 4728 14498 2503 4729 14499 1503 4729 14500 1502 4729 14501 2503 4730 14502 1502 4730 14503 2504 4730 14504 1518 4731 14505 1512 4731 14506 1503 4731 14507 1503 4732 14508 1512 4732 14509 1509 4732 14510 1503 4733 14511 1509 4733 14512 1506 4733 14513 1506 4734 14514 1509 4734 14515 991 4734 14516 1527 4735 14517 1523 4735 14518 2503 4735 14519 2503 4736 14520 1523 4736 14521 1519 4736 14522 2503 4737 14523 1519 4737 14524 1518 4737 14525 1527 4738 14526 2503 4738 14527 1524 4738 14528 1524 4739 14529 2503 4739 14530 2504 4739 14531 1524 4740 14532 2504 4740 14533 1521 4740 14534 1521 4741 14535 2504 4741 14536 2505 4741 14537 1521 4742 14538 2505 4742 14539 1522 4742 14540 1492 4743 14541 2502 4743 14542 2501 4743 14543 2501 4744 14544 2502 4744 14545 2506 4744 14546 2501 4745 14547 2506 4745 14548 2507 4745 14549 1502 4746 14550 1493 4746 14551 2504 4746 14552 2504 4747 14553 1493 4747 14554 2501 4747 14555 2504 4748 14556 2501 4748 14557 2505 4748 14558 2505 4749 14559 2501 4749 14560 2507 4749 14561 2505 4750 14562 2507 4750 14563 2508 4750 14564 1724 4751 14565 1840 4751 14566 1789 4751 14567 1724 73 14568 1789 73 14569 1740 73 14570 1740 4752 14571 1789 4752 14572 1786 4752 14573 1740 4753 14574 1786 4753 14575 1739 4753 14576 1739 4754 14577 1786 4754 14578 1783 4754 14579 1739 4755 14580 1783 4755 14581 1741 4755 14582 1553 73 14583 1542 73 14584 1956 73 14585 1956 73 14586 1542 73 14587 1544 73 14588 1956 73 14589 1544 73 14590 1957 73 14591 1956 73 14592 1954 73 14593 1553 73 14594 1553 4756 14595 1954 4756 14596 1953 4756 14597 1553 4757 14598 1953 4757 14599 1960 4757 14600 2051 73 14601 1531 73 14602 1993 73 14603 1993 73 14604 1531 73 14605 1529 73 14606 1741 73 14607 1783 73 14608 1745 73 14609 1745 73 14610 1783 73 14611 1785 73 14612 1745 73 14613 1785 73 14614 1747 73 14615 1747 73 14616 1785 73 14617 1825 73 14618 1747 73 14619 1825 73 14620 1753 73 14621 1753 73 14622 1825 73 14623 1828 73 14624 1753 73 14625 1828 73 14626 1759 73 14627 1814 4758 14628 1815 4758 14629 1652 4758 14630 1960 4759 14631 1962 4759 14632 1553 4759 14633 1553 73 14634 1962 73 14635 2042 73 14636 1553 73 14637 2042 73 14638 1574 73 14639 2192 4760 14640 1763 4760 14641 1828 4760 14642 1828 4761 14643 1763 4761 14644 1761 4761 14645 1828 4762 14646 1761 4762 14647 1759 4762 14648 1544 73 14649 1555 73 14650 1957 73 14651 1957 73 14652 1555 73 14653 1556 73 14654 1957 73 14655 1556 73 14656 2049 73 14657 2049 4763 14658 1556 4763 14659 1557 4763 14660 2049 73 14661 1557 73 14662 2050 73 14663 2050 73 14664 1557 73 14665 1748 73 14666 2050 4764 14667 1748 4764 14668 2051 4764 14669 2051 73 14670 1748 73 14671 1536 73 14672 2051 4765 14673 1536 4765 14674 1531 4765 14675 1529 73 14676 1520 73 14677 1993 73 14678 1993 4766 14679 1520 4766 14680 1522 4766 14681 1993 73 14682 1522 73 14683 1933 73 14684 1933 73 14685 1522 73 14686 2505 73 14687 1933 4767 14688 2505 4767 14689 1932 4767 14690 1828 4768 14691 1829 4768 14692 2192 4768 14693 2192 4769 14694 1829 4769 14695 1781 4769 14696 2192 4770 14697 1781 4770 14698 2190 4770 14699 2190 73 14700 1781 73 14701 1780 73 14702 2190 73 14703 1780 73 14704 2191 73 14705 2191 73 14706 1780 73 14707 1779 73 14708 2191 73 14709 1779 73 14710 2267 73 14711 2267 73 14712 1779 73 14713 1778 73 14714 2267 4771 14715 1778 4771 14716 2268 4771 14717 2268 73 14718 1778 73 14719 1773 73 14720 2268 73 14721 1773 73 14722 2289 73 14723 2289 73 14724 1773 73 14725 1772 73 14726 2289 73 14727 1772 73 14728 2227 73 14729 1652 4772 14730 1815 4772 14731 1655 4772 14732 1655 73 14733 1815 73 14734 1817 73 14735 1655 4773 14736 1817 4773 14737 1656 4773 14738 1656 73 14739 1817 73 14740 1819 73 14741 1656 73 14742 1819 73 14743 1681 73 14744 1652 4774 14745 1651 4774 14746 1814 4774 14747 1814 4775 14748 1651 4775 14749 1649 4775 14750 1814 4776 14751 1649 4776 14752 1922 4776 14753 1922 4777 14754 1649 4777 14755 1648 4777 14756 1922 4778 14757 1648 4778 14758 1940 4778 14759 1940 4779 14760 1648 4779 14761 1615 4779 14762 1940 4780 14763 1615 4780 14764 1941 4780 14765 2509 73 14766 2065 73 14767 2510 73 14768 2510 4781 14769 2065 4781 14770 2057 4781 14771 2510 4782 14772 2057 4782 14773 2511 4782 14774 2511 73 14775 2057 73 14776 2056 73 14777 2511 4783 14778 2056 4783 14779 2512 4783 14780 2512 73 14781 2056 73 14782 1932 73 14783 2512 4784 14784 1932 4784 14785 2508 4784 14786 2508 4785 14787 1932 4785 14788 2505 4785 14789 1681 4786 14790 1819 4786 14791 1682 4786 14792 1682 4787 14793 1819 4787 14794 1821 4787 14795 1682 73 14796 1821 73 14797 1684 73 14798 1941 4788 14799 1615 4788 14800 2037 4788 14801 2037 4789 14802 1615 4789 14803 1613 4789 14804 2037 73 14805 1613 73 14806 2042 73 14807 2042 4790 14808 1613 4790 14809 1612 4790 14810 2042 73 14811 1612 73 14812 1623 73 14813 1678 4791 14814 1700 4791 14815 1840 4791 14816 1840 73 14817 1700 73 14818 1699 73 14819 1840 73 14820 1699 73 14821 1821 73 14822 1821 4792 14823 1699 4792 14824 1685 4792 14825 1821 4793 14826 1685 4793 14827 1684 4793 14828 1623 4794 14829 1621 4794 14830 2042 4794 14831 2042 73 14832 1621 73 14833 1620 73 14834 2042 4795 14835 1620 4795 14836 1636 4795 14837 1636 73 14838 1637 73 14839 2042 73 14840 2042 4796 14841 1637 4796 14842 1619 4796 14843 2042 4797 14844 1619 4797 14845 1618 4797 14846 1724 4798 14847 1725 4798 14848 1840 4798 14849 1840 4799 14850 1725 4799 14851 1659 4799 14852 1840 4800 14853 1659 4800 14854 1658 4800 14855 1658 73 14856 1676 73 14857 1840 73 14858 1840 4801 14859 1676 4801 14860 1680 4801 14861 1840 73 14862 1680 73 14863 1678 73 14864 1618 73 14865 1646 73 14866 2042 73 14867 2042 4802 14868 1646 4802 14869 1647 4802 14870 2042 4803 14871 1647 4803 14872 1598 4803 14873 1598 73 14874 1594 73 14875 2042 73 14876 2042 4804 14877 1594 4804 14878 1573 4804 14879 2042 4805 14880 1573 4805 14881 1574 4805 14882 2065 4806 14883 2509 4806 14884 2064 4806 14885 2064 4807 14886 2509 4807 14887 2330 4807 14888 2068 4808 14889 1242 4808 14890 2072 4808 14891 2072 4809 14892 1242 4809 14893 2060 4809 14894 2072 4810 14895 2060 4810 14896 2071 4810 14897 2060 4811 14898 2061 4811 14899 2071 4811 14900 2071 4812 14901 2061 4812 14902 2063 4812 14903 2071 4813 14904 2063 4813 14905 2070 4813 14906 2070 4814 14907 2063 4814 14908 2064 4814 14909 2070 4815 14910 2064 4815 14911 2069 4815 14912 2069 4816 14913 2064 4816 14914 2330 4816 14915 2069 4817 14916 2330 4817 14917 2074 4817 14918 2416 4818 14919 2417 4818 14920 2513 4818 14921 2331 4819 14922 2330 4819 14923 2338 4819 14924 2338 4820 14925 2330 4820 14926 2509 4820 14927 2338 4821 14928 2509 4821 14929 2339 4821 14930 2339 4822 14931 2509 4822 14932 2332 4822 14933 2355 4823 14934 2336 4823 14935 2514 4823 14936 2514 4824 14937 2336 4824 14938 2335 4824 14939 2514 4825 14940 2335 4825 14941 2515 4825 14942 2515 4826 14943 2335 4826 14944 2333 4826 14945 2515 4827 14946 2333 4827 14947 2332 4827 14948 2346 4828 14949 2348 4828 14950 2516 4828 14951 2516 4829 14952 2348 4829 14953 2349 4829 14954 2516 4830 14955 2349 4830 14956 2517 4830 14957 2517 4831 14958 2349 4831 14959 2351 4831 14960 2517 4832 14961 2351 4832 14962 2514 4832 14963 2514 4833 14964 2351 4833 14965 2353 4833 14966 2514 4834 14967 2353 4834 14968 2355 4834 14969 2346 4835 14970 2516 4835 14971 2343 4835 14972 2343 4836 14973 2516 4836 14974 2518 4836 14975 2343 4837 14976 2518 4837 14977 2344 4837 14978 2362 4838 14979 2363 4838 14980 2519 4838 14981 2519 4839 14982 2363 4839 14983 2364 4839 14984 2519 4840 14985 2364 4840 14986 2518 4840 14987 2518 4841 14988 2364 4841 14989 2365 4841 14990 2518 4842 14991 2365 4842 14992 2344 4842 14993 63 4843 14994 2520 4843 14995 65 4843 14996 65 4844 14997 2520 4844 14998 2424 4844 14999 65 4845 15000 2424 4845 15001 66 4845 15002 2420 4846 15003 2421 4846 15004 2521 4846 15005 2521 4847 15006 2421 4847 15007 2422 4847 15008 2521 4848 15009 2422 4848 15010 2520 4848 15011 2520 4849 15012 2422 4849 15013 2423 4849 15014 2520 4850 15015 2423 4850 15016 2424 4850 15017 2420 4851 15018 2521 4851 15019 2419 4851 15020 2419 4852 15021 2521 4852 15022 2522 4852 15023 2419 4853 15024 2522 4853 15025 2418 4853 15026 2523 4854 15027 2486 4854 15028 2513 4854 15029 2513 4855 15030 2486 4855 15031 2388 4855 15032 2513 4856 15033 2388 4856 15034 2416 4856 15035 2502 4857 15036 1497 4857 15037 2524 4857 15038 2524 4858 15039 1497 4858 15040 2497 4858 15041 2524 4859 15042 2497 4859 15043 2523 4859 15044 2523 4860 15045 2497 4860 15046 2487 4860 15047 2523 4861 15048 2487 4861 15049 2486 4861 15050 2502 4862 15051 2524 4862 15052 2506 4862 15053 2506 4863 15054 2524 4863 15055 2525 4863 15056 2506 4864 15057 2525 4864 15058 2507 4864 15059 2332 4865 15060 2509 4865 15061 2515 4865 15062 2515 4866 15063 2509 4866 15064 2510 4866 15065 2515 4867 15066 2510 4867 15067 2511 4867 15068 2508 4868 15069 2507 4868 15070 2512 4868 15071 2512 4869 15072 2507 4869 15073 2525 4869 15074 2512 4870 15075 2525 4870 15076 2526 4870 15077 2526 4871 15078 2525 4871 15079 2524 4871 15080 2526 4872 15081 2524 4872 15082 2527 4872 15083 2527 4873 15084 2524 4873 15085 2523 4873 15086 2527 4874 15087 2523 4874 15088 2528 4874 15089 2528 4875 15090 2523 4875 15091 2513 4875 15092 2528 4876 15093 2513 4876 15094 2522 4876 15095 2522 4877 15096 2513 4877 15097 2417 4877 15098 2522 4878 15099 2417 4878 15100 2418 4878 15101 73 4879 15102 2362 4879 15103 63 4879 15104 63 4880 15105 2362 4880 15106 2519 4880 15107 63 4881 15108 2519 4881 15109 2520 4881 15110 2520 4882 15111 2519 4882 15112 2518 4882 15113 2520 4883 15114 2518 4883 15115 2521 4883 15116 2521 4884 15117 2518 4884 15118 2516 4884 15119 2521 4885 15120 2516 4885 15121 2522 4885 15122 2522 4886 15123 2516 4886 15124 2517 4886 15125 2522 4887 15126 2517 4887 15127 2528 4887 15128 2528 4888 15129 2517 4888 15130 2514 4888 15131 2528 4889 15132 2514 4889 15133 2527 4889 15134 2527 4890 15135 2514 4890 15136 2515 4890 15137 2527 4891 15138 2515 4891 15139 2526 4891 15140 2526 4892 15141 2515 4892 15142 2511 4892 15143 2526 4893 15144 2511 4893 15145 2512 4893 15146 45 4894 15147 52 4894 15148 37 4894 15149 37 69 15150 52 69 15151 38 69 15152 38 1296 15153 52 1296 15154 39 1296 15155 39 1296 15156 52 1296 15157 54 1296 15158 39 1296 15159 54 1296 15160 56 1296 15161 2529 69 15162 2530 69 15163 2531 69 15164 2531 69 15165 2530 69 15166 2532 69 15167 2531 4895 15168 2532 4895 15169 2533 4895 15170 2533 69 15171 2532 69 15172 2534 69 15173 2535 1529 15174 2536 1529 15175 2537 1529 15176 2535 4896 15177 2537 4896 15178 2538 4896 15179 2538 1529 15180 2537 1529 15181 2539 1529 15182 2538 1529 15183 2539 1529 15184 2540 1529 15185 2541 1481 15186 2542 1481 15187 2540 1481 15188 2543 1481 15189 2538 1481 15190 2540 1481 15191 2543 1481 15192 2540 1481 15193 2544 1481 15194 2545 1481 15195 2541 1481 15196 2546 1481 15197 2546 1481 15198 2541 1481 15199 2540 1481 15200 2546 1481 15201 2540 1481 15202 2547 1481 15203 2542 1481 15204 2548 1481 15205 2540 1481 15206 2540 4897 15207 2548 4897 15208 2549 4897 15209 2540 1481 15210 2549 1481 15211 2544 1481 15212 2550 4898 15213 2536 4898 15214 2535 4898 15215 2535 4899 15216 2551 4899 15217 2550 4899 15218 2550 4900 15219 2551 4900 15220 2552 4900 15221 2550 4901 15222 2552 4901 15223 2553 4901 15224 2553 4902 15225 2554 4902 15226 2550 4902 15227 2550 4903 15228 2554 4903 15229 2555 4903 15230 2550 4904 15231 2555 4904 15232 2556 4904 15233 2557 4905 15234 2558 4905 15235 2559 4905 15236 2560 4906 15237 2561 4906 15238 2557 4906 15239 2557 4907 15240 2561 4907 15241 2562 4907 15242 2557 4908 15243 2562 4908 15244 2558 4908 15245 2536 4909 15246 2550 4909 15247 2534 4909 15248 2534 4910 15249 2550 4910 15250 2557 4910 15251 2534 4911 15252 2557 4911 15253 2533 4911 15254 2533 4912 15255 2557 4912 15256 2559 4912 15257 2533 4913 15258 2559 4913 15259 2563 4913 15260 2564 4914 15261 2565 4914 15262 2566 4914 15263 2564 4915 15264 2566 4915 15265 2567 4915 15266 2567 4916 15267 2566 4916 15268 2568 4916 15269 2567 4917 15270 2568 4917 15271 2569 4917 15272 2569 4918 15273 2568 4918 15274 2557 4918 15275 2557 4919 15276 2568 4919 15277 2570 4919 15278 2557 4920 15279 2570 4920 15280 2560 4920 15281 2560 4921 15282 2570 4921 15283 2561 4921 15284 2561 4922 15285 2570 4922 15286 2571 4922 15287 2561 4923 15288 2571 4923 15289 2562 4923 15290 2562 4924 15291 2571 4924 15292 2572 4924 15293 2562 4925 15294 2572 4925 15295 2558 4925 15296 2558 4926 15297 2572 4926 15298 2573 4926 15299 2558 4927 15300 2573 4927 15301 2559 4927 15302 2573 4928 15303 2574 4928 15304 2559 4928 15305 2559 4929 15306 2574 4929 15307 2575 4929 15308 2559 4930 15309 2575 4930 15310 2563 4930 15311 2531 4931 15312 2533 4931 15313 2576 4931 15314 2576 4932 15315 2533 4932 15316 2563 4932 15317 2576 4933 15318 2563 4933 15319 2577 4933 15320 2577 4934 15321 2563 4934 15322 2575 4934 15323 2569 4935 15324 2557 4935 15325 2578 4935 15326 2578 4936 15327 2557 4936 15328 2550 4936 15329 2538 4937 15330 2579 4937 15331 2535 4937 15332 2535 4938 15333 2579 4938 15334 2551 4938 15335 2579 4939 15336 2580 4939 15337 2551 4939 15338 2551 4940 15339 2580 4940 15340 2581 4940 15341 2551 4941 15342 2581 4941 15343 2552 4941 15344 2552 4942 15345 2581 4942 15346 2582 4942 15347 2552 4943 15348 2582 4943 15349 2553 4943 15350 2553 4944 15351 2582 4944 15352 2583 4944 15353 2553 4945 15354 2583 4945 15355 2554 4945 15356 2554 4946 15357 2583 4946 15358 2584 4946 15359 2554 4947 15360 2584 4947 15361 2555 4947 15362 2555 4948 15363 2584 4948 15364 2585 4948 15365 2555 4949 15366 2585 4949 15367 2556 4949 15368 2585 4950 15369 2586 4950 15370 2556 4950 15371 2556 4951 15372 2586 4951 15373 2587 4951 15374 2556 4952 15375 2587 4952 15376 2550 4952 15377 2588 4953 15378 2589 4953 15379 2590 4953 15380 2590 4954 15381 2589 4954 15382 2591 4954 15383 2590 4955 15384 2591 4955 15385 2587 4955 15386 2587 4956 15387 2591 4956 15388 2578 4956 15389 2587 4957 15390 2578 4957 15391 2550 4957 15392 2542 4958 15393 2541 4958 15394 2592 4958 15395 2592 4959 15396 2541 4959 15397 2593 4959 15398 2593 4960 15399 2541 4960 15400 2594 4960 15401 2594 4961 15402 2541 4961 15403 2545 4961 15404 2594 4962 15405 2545 4962 15406 2595 4962 15407 2595 4963 15408 2545 4963 15409 2596 4963 15410 2596 4964 15411 2545 4964 15412 2546 4964 15413 2596 4965 15414 2546 4965 15415 2597 4965 15416 2597 4966 15417 2546 4966 15418 2598 4966 15419 2598 4967 15420 2546 4967 15421 2547 4967 15422 2598 4968 15423 2547 4968 15424 2599 4968 15425 2599 4969 15426 2547 4969 15427 2600 4969 15428 2600 4970 15429 2547 4970 15430 2540 4970 15431 2600 4971 15432 2540 4971 15433 2539 4971 15434 2601 1481 15435 2602 1481 15436 2603 1481 15437 2531 1481 15438 2604 1481 15439 2529 1481 15440 2529 1481 15441 2604 1481 15442 2605 1481 15443 2529 1481 15444 2605 1481 15445 2606 1481 15446 2603 1481 15447 2607 1481 15448 2601 1481 15449 2601 1481 15450 2607 1481 15451 2529 1481 15452 2601 1481 15453 2529 1481 15454 2608 1481 15455 2608 4972 15456 2529 4972 15457 2606 4972 15458 2608 1481 15459 2606 1481 15460 2609 1481 15461 2610 4973 15462 2579 4973 15463 2538 4973 15464 2611 4974 15465 2612 4974 15466 2613 4974 15467 2612 4975 15468 2611 4975 15469 2585 4975 15470 2614 4976 15471 2585 4976 15472 2611 4976 15473 2585 4977 15474 2615 4977 15475 2616 4977 15476 2617 4978 15477 2615 4978 15478 2585 4978 15479 2618 4979 15480 2588 4979 15481 2590 4979 15482 2619 4980 15483 2620 4980 15484 2618 4980 15485 2620 4981 15486 2619 4981 15487 2621 4981 15488 2621 4982 15489 2619 4982 15490 2622 4982 15491 2621 4983 15492 2622 4983 15493 2623 4983 15494 2623 4984 15495 2622 4984 15496 2624 4984 15497 2624 4985 15498 2622 4985 15499 2625 4985 15500 2624 4986 15501 2625 4986 15502 2626 4986 15503 2626 4987 15504 2625 4987 15505 2627 4987 15506 2627 4988 15507 2625 4988 15508 2628 4988 15509 2627 4989 15510 2628 4989 15511 2629 4989 15512 2630 4990 15513 2631 4990 15514 2628 4990 15515 2628 4991 15516 2631 4991 15517 2632 4991 15518 2628 4992 15519 2632 4992 15520 2629 4992 15521 2584 4993 15522 2612 4993 15523 2585 4993 15524 2633 4994 15525 2616 4994 15526 2634 4994 15527 2634 4995 15528 2616 4995 15529 2615 4995 15530 2634 4996 15531 2615 4996 15532 2635 4996 15533 2635 4997 15534 2615 4997 15535 2617 4997 15536 2635 4998 15537 2617 4998 15538 2636 4998 15539 2619 4999 15540 2633 4999 15541 2622 4999 15542 2622 5000 15543 2633 5000 15544 2634 5000 15545 2622 5001 15546 2634 5001 15547 2625 5001 15548 2625 5002 15549 2634 5002 15550 2635 5002 15551 2625 5003 15552 2635 5003 15553 2628 5003 15554 2628 5004 15555 2635 5004 15556 2636 5004 15557 2628 5005 15558 2636 5005 15559 2630 5005 15560 2618 5006 15561 2590 5006 15562 2619 5006 15563 2619 5007 15564 2590 5007 15565 2587 5007 15566 2619 5008 15567 2587 5008 15568 2633 5008 15569 2633 5009 15570 2587 5009 15571 2586 5009 15572 2633 5010 15573 2586 5010 15574 2616 5010 15575 2616 5011 15576 2586 5011 15577 2585 5011 15578 2584 5012 15579 2583 5012 15580 2612 5012 15581 2612 5013 15582 2583 5013 15583 2582 5013 15584 2612 5014 15585 2582 5014 15586 2613 5014 15587 2613 5015 15588 2582 5015 15589 2581 5015 15590 2613 5016 15591 2581 5016 15592 2580 5016 15593 2614 5017 15594 2611 5017 15595 2637 5017 15596 2637 5018 15597 2611 5018 15598 2613 5018 15599 2637 5019 15600 2613 5019 15601 2610 5019 15602 2610 5020 15603 2613 5020 15604 2580 5020 15605 2610 5021 15606 2580 5021 15607 2579 5021 15608 2544 5022 15609 2549 5022 15610 2630 5022 15611 2630 5023 15612 2549 5023 15613 2548 5023 15614 2630 5024 15615 2548 5024 15616 2631 5024 15617 2543 5025 15618 2544 5025 15619 2638 5025 15620 2638 5026 15621 2544 5026 15622 2630 5026 15623 2638 5027 15624 2630 5027 15625 2639 5027 15626 2639 5028 15627 2630 5028 15628 2636 5028 15629 2639 5029 15630 2636 5029 15631 2640 5029 15632 2640 5030 15633 2636 5030 15634 2617 5030 15635 2640 5031 15636 2617 5031 15637 2585 5031 15638 2538 5032 15639 2543 5032 15640 2610 5032 15641 2610 5033 15642 2543 5033 15643 2638 5033 15644 2610 5034 15645 2638 5034 15646 2637 5034 15647 2637 5035 15648 2638 5035 15649 2639 5035 15650 2637 5036 15651 2639 5036 15652 2614 5036 15653 2614 5037 15654 2639 5037 15655 2640 5037 15656 2614 5038 15657 2640 5038 15658 2585 5038 15659 2589 5039 15660 2641 5039 15661 2591 5039 15662 2591 5040 15663 2641 5040 15664 2642 5040 15665 2591 5041 15666 2642 5041 15667 2578 5041 15668 2578 5042 15669 2642 5042 15670 2643 5042 15671 2578 5043 15672 2643 5043 15673 2569 5043 15674 2643 5044 15675 2644 5044 15676 2569 5044 15677 2569 5045 15678 2644 5045 15679 2645 5045 15680 2569 5046 15681 2645 5046 15682 2567 5046 15683 2567 5047 15684 2645 5047 15685 2564 5047 15686 2577 5048 15687 2575 5048 15688 2646 5048 15689 2647 5017 15690 2648 5017 15691 2649 5017 15692 2574 5049 15693 2573 5049 15694 2650 5049 15695 2648 5050 15696 2647 5050 15697 2571 5050 15698 2571 5051 15699 2651 5051 15700 2650 5051 15701 2652 4978 15702 2651 4978 15703 2571 4978 15704 2653 5052 15705 2654 5052 15706 2655 5052 15707 2656 5053 15708 2609 5053 15709 2606 5053 15710 2657 5054 15711 2658 5054 15712 2659 5054 15713 2659 5055 15714 2658 5055 15715 2660 5055 15716 2660 5056 15717 2658 5056 15718 2661 5056 15719 2660 5057 15720 2661 5057 15721 2662 5057 15722 2653 5058 15723 2655 5058 15724 2663 5058 15725 2575 5059 15726 2574 5059 15727 2646 5059 15728 2646 5060 15729 2574 5060 15730 2650 5060 15731 2646 5061 15732 2650 5061 15733 2664 5061 15734 2664 5062 15735 2650 5062 15736 2651 5062 15737 2664 4996 15738 2651 4996 15739 2665 4996 15740 2665 4997 15741 2651 4997 15742 2652 4997 15743 2665 4998 15744 2652 4998 15745 2666 4998 15746 2667 5019 15747 2649 5019 15748 2668 5019 15749 2668 5063 15750 2649 5063 15751 2648 5063 15752 2668 5064 15753 2648 5064 15754 2669 5064 15755 2669 5065 15756 2648 5065 15757 2571 5065 15758 2576 5066 15759 2577 5066 15760 2670 5066 15761 2670 5067 15762 2577 5067 15763 2646 5067 15764 2670 5068 15765 2646 5068 15766 2671 5068 15767 2671 5069 15768 2646 5069 15769 2664 5069 15770 2671 5070 15771 2664 5070 15772 2657 5070 15773 2657 5071 15774 2664 5071 15775 2665 5071 15776 2657 5003 15777 2665 5003 15778 2658 5003 15779 2658 5072 15780 2665 5072 15781 2666 5072 15782 2658 5073 15783 2666 5073 15784 2661 5073 15785 2573 5074 15786 2572 5074 15787 2650 5074 15788 2650 5075 15789 2572 5075 15790 2571 5075 15791 2654 5076 15792 2662 5076 15793 2655 5076 15794 2655 5077 15795 2662 5077 15796 2661 5077 15797 2655 5078 15798 2661 5078 15799 2672 5078 15800 2672 5079 15801 2661 5079 15802 2666 5079 15803 2672 5080 15804 2666 5080 15805 2673 5080 15806 2673 5030 15807 2666 5030 15808 2652 5030 15809 2673 5081 15810 2652 5081 15811 2571 5081 15812 2571 5082 15813 2570 5082 15814 2669 5082 15815 2669 5083 15816 2570 5083 15817 2568 5083 15818 2669 5084 15819 2568 5084 15820 2668 5084 15821 2668 5085 15822 2568 5085 15823 2566 5085 15824 2668 5086 15825 2566 5086 15826 2667 5086 15827 2667 5087 15828 2566 5087 15829 2565 5087 15830 2667 5088 15831 2565 5088 15832 2674 5088 15833 2659 5089 15834 2656 5089 15835 2657 5089 15836 2657 5090 15837 2656 5090 15838 2606 5090 15839 2657 5091 15840 2606 5091 15841 2671 5091 15842 2671 5092 15843 2606 5092 15844 2605 5092 15845 2671 5093 15846 2605 5093 15847 2670 5093 15848 2670 5094 15849 2605 5094 15850 2604 5094 15851 2670 5095 15852 2604 5095 15853 2576 5095 15854 2576 5096 15855 2604 5096 15856 2531 5096 15857 2674 5097 15858 2663 5097 15859 2667 5097 15860 2667 5098 15861 2663 5098 15862 2655 5098 15863 2667 5099 15864 2655 5099 15865 2649 5099 15866 2649 5100 15867 2655 5100 15868 2672 5100 15869 2649 5101 15870 2672 5101 15871 2647 5101 15872 2647 5102 15873 2672 5102 15874 2673 5102 15875 2647 5103 15876 2673 5103 15877 2571 5103 15878 2530 5104 15879 2529 5104 15880 2675 5104 15881 2675 5105 15882 2529 5105 15883 2607 5105 15884 2603 5106 15885 2676 5106 15886 2607 5106 15887 2607 5107 15888 2676 5107 15889 2677 5107 15890 2607 5108 15891 2677 5108 15892 2675 5108 15893 2602 5109 15894 2678 5109 15895 2603 5109 15896 2603 5110 15897 2678 5110 15898 2679 5110 15899 2603 5111 15900 2679 5111 15901 2676 5111 15902 2601 5112 15903 2680 5112 15904 2602 5112 15905 2602 5113 15906 2680 5113 15907 2681 5113 15908 2602 5114 15909 2681 5114 15910 2678 5114 15911 2608 5115 15912 2682 5115 15913 2601 5115 15914 2601 5116 15915 2682 5116 15916 2683 5116 15917 2601 5117 15918 2683 5117 15919 2680 5117 15920 2684 1296 15921 2537 1296 15922 2536 1296 15923 2534 5118 15924 2532 5118 15925 2685 5118 15926 2534 1296 15927 2685 1296 15928 2536 1296 15929 2536 5119 15930 2685 5119 15931 2686 5119 15932 2536 5120 15933 2686 5120 15934 2644 5120 15935 2644 1296 15936 2643 1296 15937 2536 1296 15938 2536 5121 15939 2643 5121 15940 2687 5121 15941 2536 5122 15942 2687 5122 15943 2684 5122 15944 2609 5123 15945 2656 5123 15946 2685 5123 15947 2653 5124 15948 2663 5124 15949 2688 5124 15950 2663 5125 15951 2674 5125 15952 2688 5125 15953 2688 5126 15954 2674 5126 15955 2565 5126 15956 2688 5127 15957 2565 5127 15958 2564 5127 15959 2660 5128 15960 2688 5128 15961 2659 5128 15962 2659 5129 15963 2688 5129 15964 2656 5129 15965 2660 5130 15966 2662 5130 15967 2688 5130 15968 2688 5131 15969 2662 5131 15970 2654 5131 15971 2688 5132 15972 2654 5132 15973 2653 5132 15974 2683 5133 15975 2682 5133 15976 2689 5133 15977 2689 5134 15978 2682 5134 15979 2608 5134 15980 2689 5135 15981 2608 5135 15982 2609 5135 15983 2678 5136 15984 2681 5136 15985 2689 5136 15986 2689 5137 15987 2681 5137 15988 2680 5137 15989 2689 5138 15990 2680 5138 15991 2683 5138 15992 2677 5139 15993 2676 5139 15994 2689 5139 15995 2689 5140 15996 2676 5140 15997 2679 5140 15998 2689 5141 15999 2679 5141 16000 2678 5141 16001 2685 5142 16002 2532 5142 16003 2609 5142 16004 2609 5143 16005 2532 5143 16006 2530 5143 16007 2609 5144 16008 2530 5144 16009 2689 5144 16010 2689 5145 16011 2530 5145 16012 2675 5145 16013 2689 5146 16014 2675 5146 16015 2677 5146 16016 2656 5147 16017 2688 5147 16018 2685 5147 16019 2685 5148 16020 2688 5148 16021 2564 5148 16022 2685 5149 16023 2564 5149 16024 2686 5149 16025 2686 5150 16026 2564 5150 16027 2645 5150 16028 2686 5151 16029 2645 5151 16030 2644 5151 16031 2690 5152 16032 2539 5152 16033 2537 5152 16034 2539 5153 16035 2690 5153 16036 2600 5153 16037 2597 5154 16038 2598 5154 16039 2690 5154 16040 2690 5155 16041 2598 5155 16042 2599 5155 16043 2690 5156 16044 2599 5156 16045 2600 5156 16046 2542 5157 16047 2592 5157 16048 2690 5157 16049 2690 5158 16050 2592 5158 16051 2593 5158 16052 2690 5159 16053 2593 5159 16054 2594 5159 16055 2594 5160 16056 2595 5160 16057 2690 5160 16058 2690 5161 16059 2595 5161 16060 2596 5161 16061 2690 5162 16062 2596 5162 16063 2597 5162 16064 2542 5163 16065 2690 5163 16066 2548 5163 16067 2548 5164 16068 2690 5164 16069 2537 5164 16070 2548 5165 16071 2537 5165 16072 2631 5165 16073 2631 5166 16074 2537 5166 16075 2684 5166 16076 2631 5167 16077 2684 5167 16078 2632 5167 16079 2621 5168 16080 2623 5168 16081 2684 5168 16082 2684 5169 16083 2623 5169 16084 2624 5169 16085 2684 5170 16086 2624 5170 16087 2626 5170 16088 2588 5171 16089 2618 5171 16090 2684 5171 16091 2684 5172 16092 2618 5172 16093 2620 5172 16094 2684 5173 16095 2620 5173 16096 2621 5173 16097 2626 5174 16098 2627 5174 16099 2684 5174 16100 2684 5175 16101 2627 5175 16102 2629 5175 16103 2684 5176 16104 2629 5176 16105 2632 5176 16106 2643 5177 16107 2642 5177 16108 2687 5177 16109 2687 5178 16110 2642 5178 16111 2641 5178 16112 2687 5179 16113 2641 5179 16114 2684 5179 16115 2684 5180 16116 2641 5180 16117 2589 5180 16118 2684 5181 16119 2589 5181 16120 2588 5181 16121</p>
        </triangles>
      </mesh>
    </geometry>
  </library_geometries>
  <library_visual_scenes>
    <visual_scene id="Scene" name="Scene">
      <node id="Light_005" name="Light.005" type="NODE">
        <matrix sid="transform">-0.2908646 -0.7711008 0.5663932 4.076245 0.9551712 -0.1998834 0.2183912 1.005454 -0.055189 0.6045247 0.7946723 5.903862 0 0 0 1</matrix>
        <instance_light url="#Light_005-light"/>
      </node>
      <node id="Camera_005" name="Camera.005" type="NODE">
        <matrix sid="transform">0.6859207 -0.3240135 0.6515582 7.358891 0.7276763 0.3054209 -0.6141704 -6.925791 -4.01133e-9 0.8953956 0.4452714 4.958309 0 0 0 1</matrix>
        <instance_camera url="#Camera_005-camera"/>
      </node>
      <node id="Camera_004" name="Camera.004" type="NODE">
        <matrix sid="transform">0.6859207 -0.3240135 0.6515582 7.358891 0.7276763 0.3054209 -0.6141704 -6.925791 -4.01133e-9 0.8953956 0.4452714 4.958309 0 0 0 1</matrix>
        <instance_camera url="#Camera_004-camera"/>
      </node>
      <node id="Light_004" name="Light.004" type="NODE">
        <matrix sid="transform">-0.2908649 -0.7711006 0.5663933 4.076245 0.9551711 -0.1998835 0.2183913 1.005454 -0.05518904 0.6045247 0.7946722 5.903862 0 0 0 1</matrix>
        <instance_light url="#Light_004-light"/>
      </node>
      <node id="f_distal_pst" name="f_distal_pst" type="NODE">
        <matrix sid="transform">0.001 0 0 0 0 0.001 0 0 0 0 0.001 0 0 0 0 1</matrix>
        <instance_geometry url="#f_distal_pst-mesh" name="f_distal_pst">
          <bind_material>
            <technique_common>
              <instance_material symbol="black_spec_005-material" target="#black_spec_005-material">
                <bind_vertex_input semantic="UVMap" input_semantic="TEXCOORD" input_set="0"/>
              </instance_material>
            </technique_common>
          </bind_material>
        </instance_geometry>
      </node>
      <node id="Light_003" name="Light.003" type="NODE">
        <matrix sid="transform">-0.2908646 -0.7711008 0.5663932 4.076245 0.9551712 -0.1998834 0.2183912 1.005454 -0.055189 0.6045247 0.7946723 5.903862 0 0 0 1</matrix>
        <instance_light url="#Light_003-light"/>
      </node>
      <node id="Camera_003" name="Camera.003" type="NODE">
        <matrix sid="transform">0.6859207 -0.3240135 0.6515582 7.358891 0.7276763 0.3054209 -0.6141704 -6.925791 -4.01133e-9 0.8953956 0.4452714 4.958309 0 0 0 1</matrix>
        <instance_camera url="#Camera_003-camera"/>
      </node>
      <node id="Camera_002" name="Camera.002" type="NODE">
        <matrix sid="transform">0.6859207 -0.3240135 0.6515582 7.358891 0.7276763 0.3054209 -0.6141704 -6.925791 -4.01133e-9 0.8953956 0.4452714 4.958309 0 0 0 1</matrix>
        <instance_camera url="#Camera_002-camera"/>
      </node>
      <node id="Light_002" name="Light.002" type="NODE">
        <matrix sid="transform">-0.2908649 -0.7711006 0.5663933 4.076245 0.9551711 -0.1998835 0.2183913 1.005454 -0.05518904 0.6045247 0.7946722 5.903862 0 0 0 1</matrix>
        <instance_light url="#Light_002-light"/>
      </node>
      <node id="Light_001" name="Light.001" type="NODE">
        <matrix sid="transform">-0.2908646 -0.7711008 0.5663932 4.076245 0.9551712 -0.1998834 0.2183912 1.005454 -0.055189 0.6045247 0.7946723 5.903862 0 0 0 1</matrix>
        <instance_light url="#Light_001-light"/>
      </node>
      <node id="Camera_001" name="Camera.001" type="NODE">
        <matrix sid="transform">0.6859207 -0.3240135 0.6515582 7.358891 0.7276763 0.3054209 -0.6141704 -6.925791 -4.01133e-9 0.8953956 0.4452714 4.958309 0 0 0 1</matrix>
        <instance_camera url="#Camera_001-camera"/>
      </node>
      <node id="Camera" name="Camera" type="NODE">
        <matrix sid="transform">0.6859207 -0.3240135 0.6515582 7.358891 0.7276763 0.3054208 -0.6141704 -6.925791 0 0.8953956 0.4452714 4.958309 0 0 0 1</matrix>
        <instance_camera url="#Camera-camera"/>
      </node>
      <node id="Light" name="Light" type="NODE">
        <matrix sid="transform">-0.2908646 -0.7711008 0.5663932 4.076245 0.9551712 -0.1998834 0.2183912 1.005454 -0.05518906 0.6045247 0.7946723 5.903862 0 0 0 1</matrix>
        <instance_light url="#Light-light"/>
      </node>
    </visual_scene>
  </library_visual_scenes>
  <scene>
    <instance_visual_scene url="#Scene"/>
  </scene>
</COLLADA>