<?xml version="1.0" encoding="utf-8"?>
<COLLADA xmlns="http://www.collada.org/2005/11/COLLADASchema" version="1.4.1" xmlns:xsi="http://www.w3.org/2001/XMLSchema-instance">
  <asset>
    <contributor>
      <author>Blender User</author>
      <authoring_tool>Blender 3.3.21 commit date:2024-07-15, commit time:08:57, hash:e016c21db151</authoring_tool>
    </contributor>
    <created>2025-10-31T14:37:26</created>
    <modified>2025-10-31T14:37:26</modified>
    <unit name="meter" meter="1"/>
    <up_axis>Z_UP</up_axis>
  </asset>
  <library_cameras>
    <camera id="Camera_001-camera" name="Camera.001">
      <optics>
        <technique_common>
          <perspective>
            <xfov sid="xfov">39.59775</xfov>
            <aspect_ratio>1.777778</aspect_ratio>
            <znear sid="znear">0.1</znear>
            <zfar sid="zfar">100</zfar>
          </perspective>
        </technique_common>
      </optics>
      <extra>
        <technique profile="blender">
          <shiftx sid="shiftx" type="float">0</shiftx>
          <shifty sid="shifty" type="float">0</shifty>
          <dof_distance sid="dof_distance" type="float">10</dof_distance>
        </technique>
      </extra>
    </camera>
    <camera id="Camera-camera" name="Camera">
      <optics>
        <technique_common>
          <perspective>
            <xfov sid="xfov">39.59775</xfov>
            <aspect_ratio>1.777778</aspect_ratio>
            <znear sid="znear">0.1</znear>
            <zfar sid="zfar">100</zfar>
          </perspective>
        </technique_common>
      </optics>
      <extra>
        <technique profile="blender">
          <shiftx sid="shiftx" type="float">0</shiftx>
          <shifty sid="shifty" type="float">0</shifty>
          <dof_distance sid="dof_distance" type="float">10</dof_distance>
        </technique>
      </extra>
    </camera>
  </library_cameras>
  <library_lights>
    <light id="Light_001-light" name="Light.001">
      <technique_common>
        <point>
          <color sid="color">1000 1000 1000</color>
          <constant_attenuation>1</constant_attenuation>
          <linear_attenuation>0</linear_attenuation>
          <quadratic_attenuation>0.001599967</quadratic_attenuation>
        </point>
      </technique_common>
      <extra>
        <technique profile="blender">
          <type sid="type" type="int">0</type>
          <flag sid="flag" type="int">0</flag>
          <mode sid="mode" type="int">2097153</mode>
          <gamma sid="blender_gamma" type="float">1</gamma>
          <red sid="red" type="float">1</red>
          <green sid="green" type="float">1</green>
          <blue sid="blue" type="float">1</blue>
          <shadow_r sid="blender_shadow_r" type="float">0</shadow_r>
          <shadow_g sid="blender_shadow_g" type="float">0</shadow_g>
          <shadow_b sid="blender_shadow_b" type="float">0</shadow_b>
          <energy sid="blender_energy" type="float">1000</energy>
          <dist sid="blender_dist" type="float">25</dist>
          <spotsize sid="spotsize" type="float">75</spotsize>
          <spotblend sid="spotblend" type="float">0.15</spotblend>
          <att1 sid="att1" type="float">0</att1>
          <att2 sid="att2" type="float">1</att2>
          <falloff_type sid="falloff_type" type="int">2</falloff_type>
          <clipsta sid="clipsta" type="float">0.04999995</clipsta>
          <clipend sid="clipend" type="float">40</clipend>
          <bias sid="bias" type="float">1</bias>
          <soft sid="soft" type="float">3</soft>
          <bufsize sid="bufsize" type="int">512</bufsize>
          <samp sid="samp" type="int">3</samp>
          <buffers sid="buffers" type="int">1</buffers>
          <area_shape sid="area_shape" type="int">1</area_shape>
          <area_size sid="area_size" type="float">0.1</area_size>
          <area_sizey sid="area_sizey" type="float">0.1</area_sizey>
          <area_sizez sid="area_sizez" type="float">1</area_sizez>
        </technique>
      </extra>
    </light>
    <light id="Light-light" name="Light">
      <technique_common>
        <point>
          <color sid="color">1000 1000 1000</color>
          <constant_attenuation>1</constant_attenuation>
          <linear_attenuation>0</linear_attenuation>
          <quadratic_attenuation>0.00111109</quadratic_attenuation>
        </point>
      </technique_common>
      <extra>
        <technique profile="blender">
          <type sid="type" type="int">0</type>
          <flag sid="flag" type="int">0</flag>
          <mode sid="mode" type="int">1</mode>
          <gamma sid="blender_gamma" type="float">1</gamma>
          <red sid="red" type="float">1</red>
          <green sid="green" type="float">1</green>
          <blue sid="blue" type="float">1</blue>
          <shadow_r sid="blender_shadow_r" type="float">0</shadow_r>
          <shadow_g sid="blender_shadow_g" type="float">0</shadow_g>
          <shadow_b sid="blender_shadow_b" type="float">0</shadow_b>
          <energy sid="blender_energy" type="float">1000</energy>
          <dist sid="blender_dist" type="float">29.99998</dist>
          <spotsize sid="spotsize" type="float">75</spotsize>
          <spotblend sid="spotblend" type="float">0.15</spotblend>
          <att1 sid="att1" type="float">0</att1>
          <att2 sid="att2" type="float">1</att2>
          <falloff_type sid="falloff_type" type="int">2</falloff_type>
          <clipsta sid="clipsta" type="float">0.04999995</clipsta>
          <clipend sid="clipend" type="float">30.002</clipend>
          <bias sid="bias" type="float">1</bias>
          <soft sid="soft" type="float">3</soft>
          <bufsize sid="bufsize" type="int">2880</bufsize>
          <samp sid="samp" type="int">3</samp>
          <buffers sid="buffers" type="int">1</buffers>
          <area_shape sid="area_shape" type="int">1</area_shape>
          <area_size sid="area_size" type="float">0.1</area_size>
          <area_sizey sid="area_sizey" type="float">0.1</area_sizey>
          <area_sizez sid="area_sizez" type="float">1</area_sizez>
        </technique>
      </extra>
    </light>
  </library_lights>
  <library_effects>
    <effect id="osg2mat0_002-effect">
      <profile_COMMON>
        <technique sid="common">
          <lambert>
            <emission>
              <color sid="emission">0 0 0 1</color>
            </emission>
            <diffuse>
              <color sid="diffuse">0.9 0.9 0.9 1</color>
            </diffuse>
            <transparent opaque="A_ONE">
              <color sid="alpha">0 0 0 0</color>
            </transparent>
            <index_of_refraction>
              <float sid="ior">1.5</float>
            </index_of_refraction>
          </lambert>
        </technique>
      </profile_COMMON>
    </effect>
  </library_effects>
  <library_images/>
  <library_materials>
    <material id="osg2mat0_002-material" name="osg2mat0.002">
      <instance_effect url="#osg2mat0_002-effect"/>
    </material>
  </library_materials>
  <library_geometries>
    <geometry id="wrist_001_002-mesh" name="wrist_001.002">
      <mesh>
        <source id="wrist_001_002-mesh-positions">
          <float_array id="wrist_001_002-mesh-positions-array" count="2775">-12.60386 -4e-4 -4.55191 -0.5429 13.89959 -4.46761 0.54193 13.89959 -4.46761 -1.5962 13.89959 -4.20799 1.59524 13.89959 -4.20799 -2.55677 13.89959 -3.70385 2.55581 13.89959 -3.70385 -3.36878 13.89959 -2.98447 3.36782 13.89959 -2.98447 -3.98503 13.89959 -2.09167 3.98407 13.89959 -2.09167 -4.36972 13.89959 -1.07734 4.36876 13.89959 -1.07734 -4.50048 13.89959 -4.2e-4 4.49952 13.89959 -4.2e-4 -4.36972 13.89959 1.0765 4.36876 13.89959 1.0765 -3.98503 13.89959 2.09083 3.98407 13.89959 2.09083 -3.36878 13.89959 2.98363 3.36782 13.89959 2.98363 -2.55677 13.89959 3.70301 2.55581 13.89959 3.70301 -1.59621 13.89959 4.20715 -0.5429 13.89959 4.46677 1.59524 13.89959 4.20715 0.54193 13.89959 4.46677 2.31715 10.5996 -7.13334 2.31714 10.59959 7.1325 0.78348 10.5996 -7.45934 0.78348 10.59959 7.45849 -0.78445 10.5996 -7.45934 -0.78445 10.59959 7.45849 -2.31811 10.5996 -7.13334 -2.31811 10.59959 7.1325 -3.75048 10.5996 -6.49561 -3.75048 10.59959 6.49477 -5.01896 10.59959 5.57317 -5.01896 10.5996 -5.57401 -6.06811 10.5996 -4.40881 -6.06811 10.59959 4.40797 -6.85207 10.5996 -3.05095 -6.85207 10.5996 3.0501 -7.33659 10.5996 1.55892 -7.33659 10.5996 -1.55976 -7.50048 10.5996 -4.2e-4 -7.33659 -10.60041 1.55892 -7.50049 -10.60041 -4.2e-4 -7.33659 -10.60041 -1.55976 -6.85208 -10.6004 -3.05095 -6.85208 -10.60041 3.0501 -6.06812 -10.60041 4.40797 -6.06811 -10.60041 -4.40881 -5.01897 -10.60041 -5.57401 -5.01897 -10.60041 5.57317 -3.75049 -10.60041 6.49477 -3.75048 -10.60041 -6.49561 -2.31811 -10.60041 7.1325 -2.31811 -10.60041 -7.13334 -0.78445 -10.60041 7.45849 -0.78445 -10.60041 -7.45934 0.78348 -10.60041 7.45849 0.78348 -10.60041 -7.45934 2.31714 -10.60041 7.1325 2.31714 -10.60041 -7.13334 -14.48772 7.22568 1.21112 -13.95641 7.52509 0.93113 -14.193 7.34965 1.09963 -13.90642 5.60705 -0.55767 -13.79636 3.38683 -1.54026 -13.62562 5.80287 -0.827 -13.37415 3.55958 -2.00872 -13.63172 7.84658 0.62766 -13.42834 6.02566 -1.14744 -13.47899 8.13542 0.34559 -13.59057 1.00859 -2.05556 -13.29065 0.9996 -2.43023 -13.81941 -3.37846 -1.5238 -14.03224 -5.53306 -0.46171 -13.55213 -0.99182 -2.09744 -13.25895 -1.00324 -2.49002 -13.38795 -3.54875 -1.98317 -13.58612 -5.8268 -0.86263 -14.26401 -7.32159 1.13379 -13.91214 -7.54561 0.91654 -13.62985 -7.86254 0.60894 -13.45037 -8.2021 0.28867 -13.43177 -8.35835 0.13871 -13.33815 -8.96163 6.94725 -14.02152 -9.256731 4.06271 -12.62189 -7.88431 7.72702 -13.6886 -9.47942 5.55454 -12.1722 -7.98916 7.62231 -12.79561 -9.12583 6.73785 -13.52762 -9.55666 3.80315 -13.12857 -9.800292 5.34117 -11.8059 -8.101982 7.60052 -12.36982 -9.381792 6.66783 -11.38435 -8.277212 7.68078 -12.05107 -9.64642 6.67054 -13.18897 -10.02901 3.50122 -12.6582 -10.25672 5.20334 -12.34419 -10.5004 5.65164 -13.10623 -10.46706 3.30983 -10.99744 -8.473812 7.83888 -11.76268 -9.969882 6.7357 -12.25473 -6.40498 7.99782 -11.72898 -6.4056 7.93281 -11.17216 -6.40683 8.02417 -10.64307 -6.40915 8.28321 -14.26038 9.15721 4.16294 -12.29217 6.40601 8.00338 -13.74552 9.47 5.58112 -12.55224 7.8933 7.70474 -13.03981 9.035881 6.8245 -13.85801 9.33975 3.9834 -13.33376 9.66441 5.42183 -12.56829 9.24682 6.69359 -13.50539 9.605482 3.77503 -11.92678 8.05235 7.58945 -13.02474 9.90194 5.30744 -11.80182 6.40682 7.9372 -12.21385 9.49928 6.66542 -13.26845 9.92961 3.56703 -11.1358 6.4057 8.03591 -13.11173 10.1875 3.41007 -11.28393 8.31322 7.69886 -10.73077 6.4059 8.22361 -12.64398 10.38079 5.24346 -11.84269 9.83655 6.69265 -12.47477 10.4996 5.26739 -10.75736 8.63854 8.05253 -24.88471 -9.35137 23.00377 -24.13114 -9.40305 23.00179 -23.38857 -9.26547 23.01383 -22.12126 -8.46693 23.0197 -22.70383 -8.94547 23.00735 -21.39638 -7.15635 23.02859 -21.67562 -7.85566 23.01203 -23.87215 -9.40192 20.17845 -23.19525 -9.38724 17.4733 -21.99669 -8.94589 18.29033 -20.99868 -7.85505 18.54457 -21.94929 -9.39938 14.24081 -20.17987 -8.94589 13.92521 -19.2654 -7.85505 14.39999 -19.93711 -9.40192 10.96064 -17.36017 -8.94589 10.12988 -16.57709 -7.85505 10.8007 -17.34748 -9.40192 8.119771 -13.71346 -8.96542 7.08199 -13.0499 -7.81858 7.94862 -14.23772 -9.38277 5.85688 -24.88455 9.349452 22.99273 -23.38881 9.26415 22.9985 -24.13438 9.40093 22.94129 -22.7051 8.94655 22.96461 -22.12062 8.466691 23.00962 -21.39598 7.15553 23.02449 -21.67454 7.85688 22.9857 -21.99899 8.94669 18.28904 -21.00004 7.85689 18.54399 -23.36385 9.40128 17.86201 -20.18188 8.94669 13.92356 -19.26665 7.85689 14.39923 -21.37263 9.40128 13.12622 -17.36185 8.94669 10.12793 -16.57822 7.85689 10.79978 -13.63308 8.92521 7.04131 -18.28204 9.40128 9.02243 -12.95601 7.82493 7.86842 -14.24571 9.39143 5.82465 -28.2954 7.1239 23.04268 -30.07768 4.28939 23.02099 -30.54342 2.67371 23.01016 -29.31952 5.79025 23.03187 -25.59235 9.09639 23.03309 -27.04103 8.24381 23.05341 -25.28474 9.108982 19.71424 -27.61936 7.12429 17.71068 -29.29788 4.28653 17.06409 -24.50582 9.108982 16.57668 -23.27924 9.108982 13.58126 -25.81796 7.12429 12.64688 -27.20717 4.28652 11.43173 -21.63284 9.108982 10.79699 -22.9747 7.12429 8.085842 -23.9124 4.28652 6.40789 -19.60074 9.108982 8.28056 -14.54596 9.10868 4.25243 -17.22583 9.108982 6.08501 -19.22128 7.12429 4.23888 -14.43425 5.40799 -0.30267 -14.7311 7.12708 1.28862 -19.57969 4.28652 2.24588 -14.20562 3.28901 -1.33376 -30.07768 -4.29019 23.02099 -29.31952 -5.79105 23.03187 -30.54342 -2.67451 23.01016 -28.29363 -7.12628 23.0427 -27.04103 -8.24461 23.05341 -25.60065 -9.11085 23.01348 -25.46428 -9.10979 20.96733 -25.15497 -9.10979 19.02628 -24.67524 -9.10978 17.1182 -27.61719 -7.12757 17.71145 -29.29673 -4.29047 17.06458 -25.81612 -7.12757 12.64832 -23.24655 -9.10978 13.51576 -27.20625 -4.29047 11.43263 -21.96199 -9.10978 11.28491 -20.42908 -9.10979 9.21762 -22.97337 -7.12757 8.087862 -23.91183 -4.29047 6.40911 -18.66796 -9.10979 7.34085 -16.70228 -9.10979 5.6798 -14.44149 -9.10329 4.22508 -19.22062 -7.12757 4.24131 -14.62641 -7.17487 1.26451 -14.47512 -5.33858 -0.21095 -19.57957 -4.29047 2.24733 -14.24722 -3.28159 -1.25828 -13.08897 10.47856 3.10286 -13.40044 10.4996 0.03299999 -13.40676 8.41941 0.07981997 -13.40044 -10.5004 0.03299999 -13.32003 -6.17464 -1.3695 -13.32796 6.2534 -1.48803 -13.2027 10.4996 -2.2943 -13.09723 3.74191 -2.54411 -13.05894 0.9996 -3.00666 -13.09158 -1.0005 -2.92509 -13.1902 -3.7053 -2.44498 -13.20271 -10.5004 -2.2943 -12.60386 10.4996 -4.55191 -12.60386 -10.5004 -4.55191 -11.62209 10.4996 -6.67124 -11.62209 -10.5004 -6.67124 -10.28724 10.4996 -8.587902 -10.28724 -10.5004 -8.587902 -8.63985 10.4996 -10.24366 -8.63985 -10.5004 -10.24366 -6.72998 10.4996 -11.58821 -6.72998 -10.5004 -11.58821 -4.61565 10.49959 -12.5807 -4.61565 -10.50041 -12.5807 -2.36111 10.49959 -13.19098 -2.3611 -10.50041 -13.19098 -0.03483992 10.49959 -13.40051 -0.03482997 -10.50041 -13.40051 2.29247 10.49959 -13.20291 2.29248 -10.50041 -13.20291 2.15348 10.49959 13.2252 2.15348 -10.50041 13.2252 -0.07687997 10.49959 13.39923 -0.07688999 -10.50041 13.39923 -2.30523 10.49959 13.19976 -2.30524 -10.50041 13.19976 -4.46929 10.49959 12.63234 -4.4693 -10.50041 12.63233 -6.50868 10.49959 11.71284 -6.50869 -10.50041 11.71283 -8.36659 10.49959 10.46694 -8.36661 -10.50041 10.46692 -11.33783 10.4996 7.14268 -10.58126 8.767042 8.21934 -9.991291 10.4996 8.92939 -11.34845 -10.49318 7.12164 -10.66137 -8.7071 8.120632 -10.28659 -6.40669 8.60038 -10.25925 6.40596 8.62536 -9.991312 -10.5004 8.92937 -4.9e-4 -15.4004 -7.50042 1.46269 -15.4004 -7.35631 -1.46366 -15.4004 -7.35631 2.86964 -15.4004 -6.92952 -2.87061 -15.4004 -6.92952 4.16629 -15.40041 -6.23644 -4.16726 -15.4004 -6.23644 5.30282 -15.40041 -5.30372 -5.30379 -15.4004 -5.30372 6.23554 -15.40041 -4.1672 -6.23651 -15.4004 -4.1672 6.92861 -15.40041 -2.87055 -6.92958 -15.4004 -2.87055 7.3554 -15.40041 -1.4636 -7.35638 -15.4004 -1.4636 7.49951 -15.40041 -4.2e-4 -7.50049 -15.4004 -4.2e-4 7.3554 -15.40041 1.46276 -7.35638 -15.4004 1.46276 6.92861 -15.40041 2.86971 -6.92958 -15.4004 2.86971 6.23553 -15.40041 4.16636 -6.23651 -15.40041 4.16636 5.30281 -15.40041 5.30288 -5.30379 -15.40041 5.30288 4.16629 -15.40041 6.2356 -4.16727 -15.40041 6.2356 2.86964 -15.40041 6.92868 -2.87061 -15.40041 6.92868 -1.46367 -15.40041 7.35547 -4.9e-4 -15.40041 7.49958 1.46269 -15.40041 7.35547 -4.8e-4 15.39959 7.49958 1.46269 15.39959 7.35547 -1.46366 15.39959 7.35547 2.86964 15.39959 6.92868 -2.87061 15.39959 6.92868 4.16629 15.39959 6.2356 -4.16726 15.39959 6.2356 5.30282 15.39959 5.30288 -4.8e-4 15.39959 4.49958 -5.30378 15.39959 5.30288 1.00086 15.39959 4.38676 -1.00183 15.39959 4.38676 6.23554 15.39959 4.16636 1.95199 15.39959 4.05394 -1.95296 15.39959 4.05394 -6.23651 15.39959 4.16636 -2.80619 15.39959 3.51782 -3.51872 15.39959 2.80528 -6.92958 15.39959 2.86971 -4.05484 15.39959 1.95206 -4.38766 15.39959 1.00093 -7.35637 15.39959 1.46276 -4.50048 15.39959 -4.2e-4 -7.50048 15.39959 -4.2e-4 -4.38766 15.39959 -1.00176 -4.05484 15.39959 -1.9529 -7.35637 15.39959 -1.4636 -3.51872 15.39959 -2.80612 -2.80619 15.39959 -3.51866 -6.92958 15.3996 -2.87055 1.952 15.39959 -4.05478 -1.95296 15.39959 -4.05478 1.00086 15.39959 -4.3876 -4.8e-4 15.39959 -4.50042 -1.00182 15.39959 -4.3876 -6.2365 15.39959 -4.1672 5.30282 15.39959 -5.30372 -5.30378 15.39959 -5.30372 4.1663 15.39959 -6.23644 -4.16726 15.39959 -6.23644 2.86965 15.39959 -6.92952 -2.87061 15.39959 -6.92952 -1.46366 15.39959 -7.35631 -4.8e-4 15.39959 -7.50042 1.4627 15.39959 -7.35631 -21.30162 -6.4075 23.03941 -21.30144 6.40653 23.02324 -21.05293 -6.40666 20.48503 -21.05293 6.40585 20.48503 -20.45402 -6.40666 18.02602 -20.45402 6.40585 18.02602 -19.51434 -6.40666 15.67261 -19.51434 6.40585 15.67261 -18.2539 -6.40666 13.47585 -18.2539 6.40585 13.47586 -16.69758 -6.40666 11.47834 -16.69758 6.40585 11.47835 -14.87602 -6.40666 9.71929 -12.82573 -6.40666 8.23382 -14.87602 6.40585 9.71929 -12.82573 6.40585 8.23383 -30.41643 -1.0004 19.5347 -29.69563 0.9996 16.13403 -28.54962 0.9996 12.85194 -26.99694 0.9996 9.741621 -26.99669 -1.0004 9.74117 -25.06267 0.9996 6.8532 -25.06223 -1.0004 6.85262 -22.77773 0.9996 4.23294 -22.77734 -1.0004 4.23257 -20.17892 0.9996 1.92327 -20.17875 -1.0004 1.92313 -17.30873 0.9996 -0.03816998 -14.21282 0.9996 -1.62019 -17.30859 -1.0004 -0.0382499 -14.21282 -1.0004 -1.62019 -30.69927 0.99943 23.04174 -30.70291 -1.00075 23.02165 -30.41645 0.9996 19.5349 -29.69556 -1.0004 16.13377 -28.54948 -1.0004 12.85162 35.56442 -1.00041 18.82635 35.8996 1.00018 23.02512 35.89865 -1.0003 23.04285 35.60408 0.99999 18.94442 34.68587 -1.00041 14.73265 34.68535 0.99959 14.73082 33.27864 -1.00041 10.78832 33.2779 0.99959 10.78664 31.36698 -1.00041 7.06207 31.36615 0.99959 7.0607 28.98425 -1.00041 3.61868 28.98302 0.99959 3.61714 26.1713 -1.00041 0.51695 26.16953 0.99959 0.51526 22.97604 -1.00041 -2.19013 22.97423 0.99959 -2.19147 19.453 -1.00041 -4.45602 19.45189 0.99959 -4.45665 15.66376 -1.00041 -6.24092 15.66357 0.99959 -6.24101 11.64083 -0.99333 -7.51363 11.67386 0.99959 -7.51412 26.49701 -6.4079 23.00487 26.50031 6.4068 23.03065 26.24158 -6.40714 20.03259 26.24143 6.40632 20.03162 25.5942 -6.40714 17.12513 25.59365 6.40632 17.12325 24.5692 -6.40714 14.32965 24.56801 6.40632 14.32697 23.18434 -6.40714 11.6939 23.18226 6.40632 11.69051 21.45901 -6.40714 9.25799 21.45568 6.40632 9.2539 19.4443 -6.40714 7.08838 19.44081 6.40632 7.08509 17.34859 -6.40714 5.33769 17.34648 6.40632 5.33613 15.28735 6.40805 3.98648 15.28216 -6.40734 3.98093 6.23554 15.39959 -4.1672 2.80522 15.39959 -3.51866 6.92861 15.39959 -2.87055 3.51776 15.39959 -2.80612 4.05388 15.39959 -1.9529 7.35541 15.39959 -1.4636 4.38669 15.39959 -1.00176 4.49952 15.39959 -4.2e-4 7.49952 15.39959 -4.2e-4 4.38669 15.39959 1.00093 7.35541 15.39959 1.46276 4.05388 15.39959 1.95206 3.51776 15.39959 2.80528 6.92861 15.39959 2.86971 2.80522 15.39959 3.51782 4.3237 -10.50041 12.68256 4.32371 10.49959 12.68256 6.37333 -10.50041 11.7865 6.37333 10.49959 11.78649 8.245262 -10.50041 10.56201 8.24527 10.49959 10.562 9.88738 -10.50041 9.04324 9.88738 10.49959 9.04324 11.25394 -10.50041 7.27254 11.25394 10.49959 7.27254 12.30691 -10.50041 5.29925 12.30692 10.49959 5.29925 12.48335 -6.40739 4.90258 12.71416 -9.07247 4.22862 12.43964 6.40632 4.97975 12.68775 9.13363 4.25919 13.25704 10.50525 2.32517 13.18964 -10.50041 -2.36255 12.5794 -10.50041 -4.61647 12.89855 -9.67272 -3.62335 12.57939 10.49959 -4.61647 13.18965 10.49959 -2.36255 12.88448 9.63719 -3.66647 12.21337 7.94797 -5.5056 11.58678 -10.50041 -6.73074 12.21218 -7.94114 -5.51293 11.58677 10.49959 -6.73074 11.51189 -6.06881 -6.85762 11.51664 6.08266 -6.85008 10.24212 -10.50041 -8.64053 10.67074 0.99921 -8.11293 10.66506 -1.0003 -8.111412 10.83492 -3.55577 -7.89054 10.88949 3.53806 -7.81976 10.24211 10.49959 -8.640542 8.58626 -10.50041 -10.28782 8.58625 10.49959 -10.28783 6.66952 -10.50041 -11.62256 6.66951 10.49959 -11.62256 4.55013 -10.50041 -12.6042 4.55012 10.49959 -12.6042 35.67098 -2.91176 23.41162 35.10701 -4.69323 24.05084 34.51861 -5.79096 22.99116 32.2402 -8.244522 23.00877 30.79715 -9.11441 22.99093 33.49187 -7.12698 22.99789 30.45738 -9.11051 19.15825 32.7948 -7.12707 17.0692 34.4615 -4.29016 16.35134 29.44318 -9.13203 15.4273 30.91869 -7.12707 11.40214 32.2547 -4.29016 10.0384 27.71212 -9.11051 10.95918 27.94042 -7.12707 6.22863 26.26256 -9.11051 8.52879 28.75688 -4.29016 4.33854 24.5623 -9.11051 6.26149 22.66412 -9.11051 4.21714 23.98184 -7.12707 1.7604 24.1278 -4.29015 -0.48793 20.6717 -9.11051 2.46631 18.69316 -9.1105 1.036 19.20498 -7.12707 -1.81966 16.78089 -9.1105 -0.1073 18.57887 -4.29015 -4.22057 14.85429 -9.11536 -1.01545 14.19183 -8.09903 -3.02073 13.46651 -6.7545 -4.84491 11.8847 -3.19872 -7.2078 12.61154 -4.96985 -6.2913 35.27751 4.28659 23.01634 34.51856 5.7902 23.02481 33.49437 7.12394 23.03323 32.24012 8.24375 23.04163 30.79967 9.110362 23.00775 32.80304 7.1241 17.09722 30.54383 9.109682 19.72866 34.46772 4.2864 16.37301 29.90321 9.109682 16.56613 30.92986 7.1241 11.42224 28.88781 9.109682 13.50447 32.26332 4.2864 10.0539 27.51255 9.109682 10.58758 27.95177 7.1241 6.24101 25.79234 9.109682 7.85021 28.76567 4.2864 4.34804 23.75453 9.109682 5.33895 23.99086 7.1241 1.76602 21.51544 9.109682 3.16539 24.1347 4.2864 -0.48361 19.20959 7.12411 -1.81921 19.24568 9.109682 1.4082 17.04753 9.10969 0.03940999 18.58228 4.2864 -4.22007 13.79232 7.10996 -4.35238 14.33083 8.00472 -3.01229 14.93884 9.10969 -1.0176 11.98112 3.17161 -7.16036 12.80422 5.00471 -6.2741 29.33309 9.40134 22.94975 30.08383 9.35425 22.99638 26.59515 7.15561 23.01965 26.87466 7.85676 23.00244 26.29238 7.85724 18.31521 27.27739 8.94702 18.00122 27.31973 8.46639 23.00948 27.90369 8.94572 22.99972 28.63104 9.401721 17.51563 28.58735 9.264552 23.00108 24.77109 7.85724 13.86825 25.63348 8.94702 13.27911 26.77773 9.401721 12.35932 22.37364 7.85724 9.8257 23.04388 8.94702 9.001872 23.85976 9.401721 7.72165 19.2011 7.85724 6.358 19.62173 8.94702 5.35638 20.01346 9.401721 3.81929 15.3507 7.89198 3.53765 15.50805 9.08422 2.16505 15.18956 9.39706 0.20453 29.33042 -9.4073 22.97453 26.87267 -7.85526 22.99909 26.29455 -7.85542 18.33118 27.31945 -8.467782 23.01072 27.9018 -8.946082 22.98559 27.27926 -8.94623 18.02046 28.13668 -9.43483 15.7114 28.58736 -9.266001 22.99869 24.77486 -7.85542 13.87991 25.63741 -8.94623 13.29348 25.54921 -9.40238 10.13518 22.37741 -7.85541 9.83324 23.04801 -8.94623 9.01154 22.76218 -9.40238 6.4319 19.20344 -7.85541 6.36204 19.62439 -8.94623 5.36206 19.34743 -9.40238 3.29801 15.38655 -7.90337 3.56958 15.48328 -9.08043 2.1748 15.21953 -9.384652 0.2024199 12.71159 -6.40639 4.50438 12.74383 6.40694 4.46699 13.11625 -6.40706 4.10916 13.17147 6.40534 4.06695 13.67181 -6.40729 3.82388 13.63432 6.40488 3.83865 14.16679 -6.40621 3.72869 14.16567 6.40517 3.73141 14.74828 -6.40559 3.77486 14.7899 6.40795 3.78526 12.58938 6.40624 4.72038 12.84993 8.843192 3.96175 13.47079 10.08159 2.14671 13.19677 8.554612 3.61157 13.6924 10.33885 0.1000699 13.5716 8.34648 3.40352 13.86713 9.62944 2.02199 13.98212 8.18787 3.28635 14.07981 9.873641 0.14741 14.3156 9.33661 1.97631 14.40984 8.07622 3.25155 14.5078 6.40489 3.75358 14.52968 9.59005 0.18204 14.90134 9.13856 1.99861 14.85833 8.01625 3.30744 14.85845 9.46198 0.1954799 13.48269 10.32783 -1.34628 13.95208 9.60692 -1.10757 14.66569 9.186861 -1.01369 12.93925 9.414832 -3.53728 12.36359 7.69195 -5.23325 13.11882 9.013442 -3.32705 13.65545 9.95317 -1.21632 11.6097 5.81624 -6.70498 12.71295 7.44038 -4.91488 13.41292 8.650072 -3.17383 11.93168 5.52365 -6.44411 10.94455 0.99738 -7.8714 11.28216 3.39613 -7.4388 13.14305 7.23847 -4.66389 13.77247 8.351242 -3.08141 14.29804 9.36786 -1.04865 12.3159 5.2704 -6.28185 11.73384 3.19752 -7.16874 11.35846 0.99781 -7.62773 14.1886 8.09826 -3.03375 10.90901 -0.99577 -7.89165 11.23977 -0.99918 -7.68268 13.55432 -10.50586 -0.44094 12.95099 -9.373722 -3.50425 12.34374 -7.74751 -5.26691 13.12794 -9.02062 -3.3248 11.63522 -5.80562 -6.6877 12.61567 -7.37134 -5.02173 13.92358 -9.639001 -1.11594 13.37768 -8.697482 -3.18544 11.02792 -3.5286 -7.64708 11.90387 -5.55691 -6.4636 14.30893 -9.34458 -1.04496 13.69316 -8.41773 -3.09304 11.3741 -3.36257 -7.37211 13.06867 -6.99306 -4.85521 12.23053 -5.32839 -6.30559 13.73215 -10.26075 0.11352 13.65034 -9.95749 -1.21899 14.04955 -9.92929 0.1506299 14.42913 -9.63355 0.17846 14.8779 -9.45857 0.19826 12.846 -8.85458 3.98163 13.32162 -10.49276 2.06913 13.0887 -8.63163 3.70309 12.92298 -6.40751 4.29738 13.47838 -10.08774 2.15254 13.44063 -8.41393 3.4698 13.38458 -6.40547 3.96435 13.77817 -9.70742 2.0413 13.80434 -8.24599 3.32269 14.08722 -9.47522 1.99617 14.36399 -8.07932 3.24406 14.45476 -9.2713 1.97544 14.96485 -9.129342 2.00828 14.97332 -8.007202 3.33362 7.49951 -10.60041 -4.2e-4 7.33562 -10.60041 -1.55976 6.85111 -10.60041 -3.05095 6.8511 -10.60041 3.0501 7.33562 -10.60041 1.55892 6.06714 -10.60041 4.40797 6.06714 -10.60041 -4.40881 5.01799 -10.60041 -5.57401 5.01799 -10.60041 5.57317 3.74951 -10.60041 6.49477 3.74952 -10.60041 -6.49561 3.74952 10.59959 -6.49561 3.74952 10.59959 6.49477 5.018 10.59959 -5.57401 5.018 10.59959 5.57317 6.06715 10.59959 -4.40881 6.06714 10.59959 4.40797 6.85111 10.59959 3.0501 6.85111 10.59959 -3.05095 7.33562 10.59959 -1.55976 7.49952 10.59959 -4.2e-4 7.33562 10.59959 1.55892 13.44627 10.50242 -0.01868999 35.69546 3.05739 23.43314 -25.69792 -8.06854 26.52259 -26.35478 -8.04488 26.51994 -25.26371 -8.17598 26.64023 -24.16 -9.02968 27.71689 -24.455 -8.67075 27.23014 -24.83796 -8.378931 26.87214 -24.45243 8.67238 27.23327 -24.16008 9.02875 27.71671 -24.83342 8.38089 26.8754 -25.25692 8.17761 26.64293 -25.69196 8.06858 26.52351 -26.35262 8.04343 26.51944 30.89098 -8.0694 26.52353 31.55164 -8.04425 26.51945 30.45594 -8.178421 26.64295 30.03244 -8.381711 26.87541 29.65145 -8.6732 27.23329 29.35909 -9.02957 27.71672 29.35902 9.02887 27.7169 29.65402 8.66993 27.23016 30.03698 8.37811 26.87215 30.46273 8.17516 26.64024 30.89694 8.06772 26.5226 31.5538 8.04406 26.51995 30.30964 -9.28881 26.71105 29.51329 -9.40195 27.42233 29.85156 -9.38048 27.02176 29.21206 -9.39401 28.27592 29.30267 -9.39645 27.86289 28.81621 -9.33038 28.16568 28.36078 -9.18566 27.93929 27.89046 -8.94547 27.58514 27.52685 -8.66804 27.22668 27.16869 -8.30602 26.77394 26.87688 -7.86445 26.30823 26.71915 -7.53458 25.98483 26.60021 -7.17856 25.66446 26.52537 -6.80088 25.35357 -25.11475 -9.28649 26.70846 -24.73201 -9.37661 26.9533 -24.45204 -9.39816 27.23272 -24.18235 -9.39973 27.66239 -24.01589 -9.3831 28.21809 -23.61292 -9.32953 28.16398 -23.27349 -9.22654 28.00972 -22.92326 -9.07597 27.77525 -22.57237 -8.860072 27.47989 -22.32934 -8.669342 27.22835 -22.09323 -8.43956 26.94403 -21.87564 -8.17419 26.63824 -21.68406 -7.87555 26.3196 -21.52446 -7.54521 25.99483 -21.40323 -7.1862 25.67105 -21.32681 -6.80432 25.35626 30.31377 9.28566 26.70846 29.93103 9.37579 26.95331 29.65106 9.39735 27.23273 29.38137 9.39891 27.6624 29.21495 9.38221 28.21792 28.80724 9.32764 28.16212 28.46433 9.22273 28.00512 28.10902 9.06841 27.76509 27.75194 8.84543 27.46115 27.5048 8.64778 27.20188 27.26728 8.411272 26.91131 27.05169 8.14141 26.60291 26.8649 7.84184 26.28602 26.64308 7.35032 25.80266 26.52453 6.79367 25.34855 -25.11072 9.287981 26.71104 -24.31433 9.40116 27.42237 -24.65256 9.37968 27.02179 -24.01304 9.3932 28.27591 -24.10299 9.39558 27.86508 -23.61179 9.328472 28.16351 -23.15257 9.18113 27.93344 -22.80202 9.00596 27.68408 -22.55539 8.84721 27.46354 -22.30408 8.64627 27.19994 -22.06303 8.40544 26.90438 -21.8458 8.13166 26.59218 -21.57421 7.67631 26.10763 -21.39569 7.15675 25.64643 -21.32504 6.79 25.34565 -25.60049 9.1107 26.53998 -26.06235 8.87196 26.50053 -26.53616 8.59014 26.57264 -26.98871 8.282092 26.76077 -27.9384 7.48716 25.94127 -28.70745 6.64783 25.23596 -29.35557 5.73244 24.61157 -29.90789 4.69264 24.05094 -30.33595 3.53512 23.58323 -30.60797 2.28678 23.23998 30.79951 9.110692 26.53999 31.73488 8.59032 26.57257 31.26123 8.87203 26.50054 32.18773 8.28208 26.76079 33.13742 7.48715 25.94128 33.90647 6.64782 25.23597 34.55459 5.73243 24.61159 35.10691 4.69263 24.05095 30.79951 -9.11152 26.54 31.26137 -8.87278 26.50054 31.73518 -8.59096 26.57266 32.18773 -8.28291 26.76079 33.13676 -7.48862 25.94187 33.90627 -6.6489 25.23616 34.55468 -5.7331 24.6115 -25.60049 -9.11151 26.53998 -26.53586 -8.591132 26.57256 -26.06221 -8.87285 26.50052 -26.98871 -8.2829 26.76077 -27.93774 -7.48861 25.94185 -28.70725 -6.64889 25.23615 -29.35566 -5.73309 24.61148 -29.90799 -4.69322 24.05083 -30.33597 -3.53584 23.5832 -30.70049 10.98821 34.50007 -30.70049 10.88394 32.40859 -30.70049 10.69424 36.57342 -30.70049 10.3852 30.37476 -30.7005 10.01268 38.55349 -30.70049 9.51008 28.4723 -30.7005 8.96824 40.36852 -30.70049 8.29029 26.77015 -30.7005 7.59876 41.95273 -30.70049 6.77003 25.33001 -30.7005 5.95388 43.24871 -30.70049 5.0044 24.20407 -30.7005 4.0932 44.20949 -30.70049 3.0574 23.43312 -30.7005 2.08417 44.80024 -30.7005 -4e-4 44.99957 -30.7005 -2.08498 44.80024 -30.70049 -3.0582 23.43312 -30.7005 -4.09401 44.20949 -30.70049 -5.00521 24.20407 -30.7005 -5.95468 43.24871 -30.70049 -6.77083 25.33001 -30.7005 -7.59957 41.95274 -30.70049 -8.29109 26.77015 -30.7005 -8.96904 40.36852 -30.70049 -9.51088 28.4723 -30.7005 -10.01348 38.5535 -30.70049 -10.386 30.37476 -30.70049 -10.88474 32.40859 -30.70049 -10.69504 36.57343 -30.70049 -10.98901 34.50008 -21.30049 6.407001 25.05836 -21.30049 -6.40781 25.05836 -21.30049 7.955 26.40277 -21.30049 -7.95582 26.40277 -21.30049 9.226612 28.01107 -21.30049 -9.22742 28.01107 -21.30049 10.17766 29.8274 -21.30049 -10.17846 29.8274 -21.30049 10.77512 31.78865 -21.30049 -10.77592 31.78866 -21.30049 10.99824 33.82669 -21.30049 -10.99904 33.82669 -21.30049 10.83929 35.87072 -21.30049 -10.84009 35.87072 -21.30049 10.30379 37.84973 -21.30049 -10.30459 37.84973 -21.30049 9.41035 39.69498 -21.30049 -9.41116 39.69498 -21.30049 8.19002 41.34239 -21.30049 -8.190832 41.34239 -21.30049 6.68519 42.73472 -21.30049 -6.686 42.73473 -21.30049 4.94813 43.82362 -21.30049 -4.94894 43.82363 -21.3005 3.03919 44.57127 -21.3005 1.02466 44.95171 -21.3005 -3.04 44.57127 -21.3005 -1.02547 44.95171 26.4995 1.02465 44.95172 26.4995 -1.02548 44.95172 26.4995 3.03918 44.57128 26.4995 -3.04001 44.57129 26.49951 4.94812 43.82364 26.49951 -4.94895 43.82364 26.49951 6.68518 42.73473 26.49951 -6.68601 42.73474 26.49951 8.190011 41.3424 26.49951 -8.19084 41.3424 26.49951 9.41034 39.69499 26.49951 -9.41117 39.695 26.49951 10.30378 37.84974 26.49951 -10.3046 37.84974 26.49951 10.83928 35.87073 26.49951 -10.8401 35.87073 26.49951 10.99823 33.8267 26.49951 -10.99905 33.82671 26.49951 10.77511 31.78867 26.49951 -10.77593 31.78867 26.49951 10.17765 29.82741 26.49951 -10.17847 29.82741 26.49951 9.226612 28.01108 26.49951 -9.22743 28.01108 26.49951 7.955 26.40278 26.49951 -7.95582 26.40278 26.49951 6.40699 25.05838 26.49951 -6.40781 25.05838 35.89951 10.9882 34.50008 35.89951 10.88393 32.4086 35.89951 10.69423 36.57343 35.89951 10.38519 30.37477 35.89951 10.01267 38.55351 35.89951 9.51007 28.47231 35.89951 8.968232 40.36853 35.89951 8.29028 26.77017 35.89951 7.59875 41.95275 35.89951 6.77002 25.33003 35.89951 5.95387 43.24872 35.89951 5.00439 24.20408 35.89951 4.09319 44.20951 35.89951 3.05739 23.43314 35.89951 2.08416 44.80026 35.89951 -4.1e-4 44.99959 35.89951 -2.08499 44.80026 35.89951 -3.05821 23.43314 35.89951 -4.09402 44.20951 35.89951 -5.00522 24.20408 35.89951 -5.9547 43.24872 35.89951 -6.77085 25.33003 35.89951 -7.59958 41.95275 35.89951 -8.2911 26.77017 35.89951 -8.96905 40.36853 35.89951 -9.51089 28.47231 35.89951 -10.01349 38.55351 35.89951 -10.38601 30.37477 35.89951 -10.88475 32.4086 35.89951 -10.98902 34.50009 35.89951 -10.69505 36.57344 -30.60796 -2.28766 23.24</float_array>
          <technique_common>
            <accessor source="#wrist_001_002-mesh-positions-array" count="925" stride="3">
              <param name="X" type="float"/>
              <param name="Y" type="float"/>
              <param name="Z" type="float"/>
            </accessor>
          </technique_common>
        </source>
        <source id="wrist_001_002-mesh-normals">
          <float_array id="wrist_001_002-mesh-normals-array" count="5184">0.00350815 -0.9998577 0.01650494 0 -0.9998584 0.0168308 -0.8861943 0.4484995 -0.1162241 -0.7887651 0.6065123 -0.09996247 -0.838851 0.5271334 -0.135865 -0.6572535 0.7376487 -0.1545711 -0.5071749 0.8607323 -0.04374212 -0.00723499 -0.9998553 -0.01540267 -0.009790718 -0.9998555 -0.01390749 -0.009951591 -0.9998568 -0.01369655 -0.0120958 -0.9998545 -0.01203477 -0.01357299 -0.9998632 -0.009452879 -0.01317262 -0.999843 -0.01186043 -0.01514619 -0.9998607 -0.007015526 -0.01510882 -0.9998479 -0.008716523 -0.01625812 -0.9998585 -0.004312992 -0.01637899 -0.9998518 -0.005328536 -0.01682484 -0.999857 -0.001767635 -0.01695668 -0.9998553 -0.001440644 -0.01693838 -0.999855 0.001779556 -0.01948839 -0.9997391 0.01192146 -0.02103269 -0.9997555 0.006833195 -0.02161514 -0.9997406 -0.007198333 -0.01202285 -0.9998426 0.01305478 -0.01565819 -0.9998366 0.009039998 -0.01613229 -0.9998369 0.008118152 -0.01250839 -0.9998584 0.01126319 -0.01174086 -0.9998542 0.01239979 -0.00939244 -0.9998579 0.01400572 -0.01005852 -0.9998537 0.01384472 -0.006976544 -0.9998559 0.01547336 -0.00939238 0.9998579 0.01400589 -0.01173341 0.9998543 0.01240503 -0.01250588 0.9998585 0.01126009 -0.01363784 0.9998542 0.01027828 -0.01459485 0.9998579 0.008432984 -0.01435142 0.9998592 0.008700788 -0.0194388 0.9998022 -0.004202723 -0.01934993 0.999793 0.006287813 -0.01868921 0.9997872 0.008748412 -0.01693677 0.999855 0.001779913 -0.01695501 0.9998553 -0.001440107 -0.01682329 0.999857 -0.001768827 -0.01649671 0.9998544 -0.004375696 -0.0160247 0.9998582 -0.005206704 -0.01550859 0.999854 -0.007184088 -0.01457482 0.9998584 -0.008414924 -0.01402395 0.999854 -0.009766757 -0.01252645 0.999858 -0.01127904 -0.01209461 0.9998546 -0.0120331 -0.009751021 0.9998566 -0.01385134 -0.9592655 0 -0.2825061 -0.9585492 0.004022836 -0.2848988 -0.9578792 0 -0.2871714 -0.907369 0 -0.4203348 -0.9073691 0 -0.4203347 -0.9665573 -0.005717277 -0.2563872 -0.4637726 -0.3606431 -0.8092291 -0.4531846 -0.5353585 -0.7127517 -0.9967604 0.002623558 -0.08038651 -0.9922292 -0.09399092 -0.0815289 -0.9471392 -0.2741383 -0.1666598 -0.9966421 -2.18064e-6 -0.08188188 -0.9782678 1.31677e-5 -0.2073454 -0.1818892 -0.981073 -0.06642472 -0.1683539 -0.9834628 -0.06676733 -0.9782656 -8.77827e-6 -0.2073558 -0.9441022 1.02054e-5 -0.3296529 -0.9440979 -1.5362e-5 -0.3296655 0.9952941 1.08613e-4 0.09690004 0.9952412 0 0.09744167 0.9715976 0 0.2366393 0.9715974 0 0.2366398 0.9287056 0 0.3708179 0.2079085 -0.008425295 -0.978112 0.09801393 0.00749123 -0.9951569 0 -0.008558034 -0.9999634 -0.09801393 0.007491409 -0.9951568 -0.2079097 -0.008425056 -0.9781118 -0.2902754 0.007221221 -0.9569159 -0.4067223 -0.008025169 -0.9135166 -0.4713894 0.006686806 -0.8818999 -0.5877675 -0.007354557 -0.8089966 -0.6343831 0.005885124 -0.7729964 -0.7431297 -0.006417155 -0.6691167 -0.773001 0.004814386 -0.6343864 -0.8660139 -0.005213677 -0.4999928 -0.881914 0.003475725 -0.4713974 -0.9510494 -0.00374341 -0.3090164 -0.9569393 0.001871824 -0.2902821 -0.9945201 -0.002004384 -0.1045261 -0.9951848 0 -0.0980165 -0.3302282 -0.01785117 0.9437324 -0.2392624 0.02142524 0.9707186 -0.1119418 -0.01874649 0.9935379 0 0.02186822 0.9997609 0.1119421 -0.01874727 0.9935379 0.2392645 0.02142429 0.970718 0.3302282 -0.01785123 0.9437324 0.4646253 0.02008414 0.8852797 0.5319637 -0.0160681 0.8466148 0.6630181 0.01785045 0.7483906 0.7070486 -0.01339 0.7070382 0.8228966 0.01472157 0.5680004 0.8466804 -0.009813487 0.5320113 0.9349611 0.01070916 0.3545886 0.9438694 -0.005353271 0.3302758 0.9927091 0 0.1205348 0.9936934 0.006243646 0.1119581 0.9937129 0 -0.1119592 0.9926924 0.005800187 -0.1205328 0.9438682 -0.005350887 -0.3302791 0.934961 0.01070976 -0.354589 0.8466803 -0.009813427 -0.5320115 0.8228967 0.01472151 -0.5680004 0.7070484 -0.01339 -0.7070384 0.6630188 0.01785051 -0.74839 0.5319623 -0.01606804 -0.8466156 0.4646296 0.02008199 -0.8852775 0.3302319 -0.0178529 -0.943731 0.2392618 0.02142506 -0.9707188 0.1119404 -0.01874685 -0.9935382 0 0.02186822 -0.9997609 -0.1119412 -0.01874649 -0.993538 -0.2392618 0.02142506 -0.9707188 -0.3302319 -0.0178529 -0.943731 0 1 -1.35444e-5 0 1 0 0 1 2.96005e-6 0 1 -4.14879e-6 0 1 3.14863e-6 0 1 -2.53703e-6 0 1 -1.88769e-6 0 1 3.44298e-6 0 1 -1.62144e-6 0 1 -1.57432e-6 0 1 1.57432e-6 0 1 1.62144e-6 0 1 -1.72149e-6 0 1 2.53703e-6 0 1 -3.14863e-6 0 1 4.14879e-6 0 1 -4.74188e-6 0 1 4.60399e-6 -0.9945222 0 0.1045263 -0.9951825 -0.002137541 0.09801632 -0.9569393 0.001871824 0.290282 -0.9510488 -0.003744125 0.3090184 -0.881917 0.003474175 0.4713919 -0.8660154 -0.005215585 0.4999902 -0.7729975 0.004813015 0.6343908 -0.7431295 -0.006417274 0.6691169 -0.6343833 0.005885064 0.7729963 -0.5877676 -0.007354617 0.8089964 -0.4713899 0.006686747 0.8818997 -0.4067223 -0.008025228 0.9135166 -0.2902748 0.007221162 0.9569162 -0.2079044 -0.008426129 0.9781129 -0.09801375 0.007489383 0.9951569 0 -0.008560061 0.9999634 0.09801441 0.007489264 0.9951568 0.2079045 -0.008426129 0.9781129 0.003504931 0.9998579 -0.01648938 0.00350815 0.9998577 0.01650536 0.001445889 0.999854 -0.01703029 0.001328229 0.9998542 0.01702266 0 0.9998584 -0.01683098 0 0.9998584 0.01683038 -0.001533389 0.999854 -0.01702415 -0.003503561 0.9998581 -0.01648247 -0.001522779 0.9998542 0.01701128 -0.004323303 0.9998548 0.01648855 -0.003504395 0.999858 0.01648741 -0.004459738 0.9998544 -0.01647555 -0.00688076 0.999857 -0.01545435 -0.006893575 0.9998564 0.01548337 -0.006976544 0.9998559 0.0154733 -0.007226884 0.9998553 -0.01540541 -0.0100097 0.9998551 -0.01377695 -0.01005852 0.9998537 0.01384472 0.2079044 0.008426129 0.9781129 0.09801375 -0.007489383 0.9951569 0 0.008560061 0.9999635 -0.09801369 -0.007489144 0.9951569 -0.2079043 0.008426547 0.9781129 -0.2902768 -0.007220864 0.9569156 -0.4067199 0.00802493 0.9135177 -0.4713869 -0.006687045 0.8819012 -0.5877676 0.007354617 0.8089964 -0.6343833 -0.005884826 0.7729963 -0.7431295 0.006417155 0.6691169 -0.773001 -0.004814207 0.6343865 -0.8660156 0.005213618 0.4999901 -0.8819171 -0.003476142 0.4713918 -0.9510506 0.003742396 0.3090127 -0.9569375 -0.001869976 0.2902883 -0.9945195 0.002005875 0.1045324 -0.9951848 0 0.09801644 -0.9945215 0 -0.1045327 -0.9951826 0.002139151 -0.09801626 -0.9569374 -0.001870036 -0.2902882 -0.9510512 0.003741919 -0.3090107 -0.8819172 -0.003476977 -0.4713918 -0.8660111 0.00521481 -0.4999976 -0.7730011 -0.004812657 -0.6343864 -0.7431327 0.006417691 -0.6691133 -0.6343798 -0.005885183 -0.7729991 -0.5877645 0.00735408 -0.8089988 -0.4713893 -0.006686806 -0.8819 -0.4067223 0.008025169 -0.9135167 -0.2902754 -0.007221221 -0.9569159 -0.2079097 0.008425056 -0.9781118 -0.09801459 -0.00749129 -0.9951568 0 0.008558034 -0.9999634 0.09801393 -0.007491409 -0.9951569 0.2079098 0.008425056 -0.9781118 -0.004282891 -0.9998657 -0.01582223 -0.004323363 -0.9998548 0.01648819 -0.006893515 -0.9998565 0.01548361 -0.00732547 -0.9998379 -0.0164535 -0.003504395 -0.999858 0.016487 -0.001485705 -0.9998629 -0.01649504 -0.003675758 -0.9998437 -0.01729243 -0.001522779 -0.9998542 0.01701158 0 -0.9998584 -0.01682955 0.001328229 -0.9998543 0.01702272 0.00144577 -0.999854 -0.01702833 0.003504574 -0.999858 -0.01648753 -0.2984481 0.8019328 -0.5175254 -0.4554609 0.7606101 -0.4626312 -0.4857172 0.7481092 -0.4521188 -0.5264676 0.727107 -0.4406216 -0.7051675 0.6192188 -0.3454084 -0.687294 0.6338856 -0.3547056 -0.7934598 0.5442966 -0.2723287 -0.8500952 0.4735072 -0.2304977 -0.9247553 0.3549501 -0.1372517 -0.8854649 0.4281756 -0.1806033 -0.9751008 0.2196887 -0.03025478 -0.9935533 0.1093322 0.02997362 -0.9948747 0.005295991 0.100977 -0.4491389 0.5639278 -0.6930078 -0.4871312 0.3390627 -0.8048229 -0.4687258 0.1111125 -0.8763277 -0.487807 0.5501287 -0.6777925 -0.569895 0.1266049 -0.8119057 -0.5082737 0.3273341 -0.7965615 -0.5224338 0.5409433 -0.6591232 -0.7119894 0.4188848 -0.5635661 -0.7644681 0.3827348 -0.5187511 -0.7531337 0.2346612 -0.6145923 -0.7544483 0.07597589 -0.6519474 -0.7635595 0.2318798 -0.6026679 -0.8003064 0.3461072 -0.4896116 -0.7774317 0.07741588 -0.6241848 -0.8924582 0.2598281 -0.3687924 -0.8832471 0.1371911 -0.4483897 -0.8934412 0.04445493 -0.446975 -0.8980227 0.1273427 -0.4211166 -0.9320635 0.1941064 -0.305909 -0.9266886 0.0498926 -0.3725039 -0.9631852 0.0241028 -0.2677562 -0.971196 0.12167 -0.2048773 -0.9811193 0.08870989 -0.171859 -0.5732806 0 -0.8193592 -0.5855988 0.005717098 -0.8105809 -0.7807027 -0.00191915 -0.6248998 -0.8011443 0.005185604 -0.5984489 -0.9278382 -0.003551661 -0.3729662 -0.9333211 5.88303e-4 -0.3590424 -0.5433428 -0.123545 -0.8303706 -0.5506269 -0.3295007 -0.7669675 -0.5689785 -0.3176949 -0.7585075 -0.5822882 -0.4795234 -0.6565043 -0.4715623 -0.5522114 -0.6875258 -0.5796076 -0.1285027 -0.8047 -0.6589052 -0.451404 -0.6017295 -0.740873 -0.07738822 -0.6671719 -0.7504606 -0.2310968 -0.6191957 -0.732761 -0.2479657 -0.6336989 -0.7440915 -0.407143 -0.5296814 -0.7998749 -0.07795441 -0.5950827 -0.8375594 -0.3081373 -0.4511605 -0.9329957 -0.02421343 -0.3590723 -0.9228914 -0.03442484 -0.3835186 -0.9264361 -0.09816944 -0.3634265 -0.9109933 -0.1234872 -0.3935 -0.9176995 -0.2196041 -0.3310616 -0.9293307 -0.1961244 -0.3128574 -0.9945257 -0.01995509 -0.1025692 -0.4707908 -0.7524104 -0.4606893 -0.4566847 -0.7591752 -0.4637806 -0.652144 -0.6562249 -0.379575 -0.6191545 -0.6806075 -0.3916903 -0.8290764 -0.5045095 -0.2410447 -0.8540728 -0.4703419 -0.222122 -0.9223013 -0.3633765 -0.1315976 -0.9919279 -0.1265001 0.008773028 -0.983841 -0.1781883 -0.0174914 -0.9957969 -0.01898676 0.08960056 0.2560158 -0.672714 0.6941987 0.109518 -0.9542554 0.278213 -0.2429814 -0.9607034 -0.1341981 0.02366286 -0.9389835 0.3431477 0.4162893 -0.2430703 0.8761392 0.2560964 -0.6727097 0.6941731 -0.3623062 -0.9302523 -0.05800908 0.3699505 -0.2553385 0.8932743 0.1070245 -0.6286798 0.7702646 -0.133108 -0.9175689 0.3746326 -0.5230488 -0.8522383 -0.01049059 0.03552567 -0.6257822 0.7791884 0.1726493 -0.2186573 0.9604069 -0.4993259 -0.8663802 -0.007686674 -0.2961586 -0.8305484 0.4716775 0.1193649 -0.223105 0.9674586 -0.1256546 -0.5653977 0.815191 -8.14e-4 -0.1921932 0.9813569 -0.1797849 -0.5263968 0.8310138 -0.3950384 -0.7868471 0.4741482 -0.7761133 -0.6221553 0.1028153 -0.6747212 -0.7293994 0.1128179 -0.5162786 -0.6866196 0.511869 -0.1595746 -0.1827923 0.970115 -0.2440945 -0.1482557 0.9583518 -0.3437933 -0.4494067 0.8245241 -0.5539904 -0.6621267 0.5046612 -0.3649507 -0.4311388 0.8251851 -0.4258114 -0.1164295 0.8972898 -0.4995225 -0.3435369 0.7952734 -0.5283557 -0.3120003 0.7896177 -0.6933289 -0.5170338 0.5019674 -0.9254299 -0.2842633 0.2505476 -0.7902184 -0.5598818 0.2491729 -0.4371187 -0.1168907 0.8917757 -0.8444396 -0.1340951 0.5185945 -0.8044065 -0.2340402 0.5460361 -0.6968366 -0.1592417 0.6993289 -0.6609739 -0.04771918 0.7488902 -0.6637812 -0.04752206 0.7464156 -0.737665 -0.09046268 0.6690791 0.3819711 -7.22828e-7 0.9241744 0.3965061 7.60365e-4 0.9180318 0.1227198 -7.20704e-5 0.9924414 0.1337493 4.2087e-4 0.9910152 -0.1619142 -0.001258552 0.9868041 -0.1466082 -4.90301e-4 0.9891946 -0.4397201 4.24911e-4 0.8981349 -0.4204719 0.001342177 0.9073047 -0.6647083 -0.001074433 0.7471023 -0.648543 -1.0015e-4 0.7611782 -0.206902 0.9690359 -0.1347627 -0.2172821 0.9668179 -0.1343567 0.02219647 0.9372424 0.3479714 0.1834079 0.6603112 0.7282519 0.3237043 0.2636983 0.9086687 -0.0456385 0.9347826 0.3522765 0.1540132 0.6434141 0.7498655 0.384272 0.2458761 0.8898764 -0.4287358 0.9023879 -0.04337888 0.1302115 0.2170269 0.9674422 -0.2394436 0.8663127 0.4383711 -0.4398618 0.8970752 -0.04216361 0.1241286 0.2141786 0.9688755 -0.008292436 0.6080462 0.7938585 -0.2621533 0.8589639 0.4398371 -0.03776174 0.5865172 0.8090561 -0.589192 0.8073387 0.03251582 -0.4060549 0.7673041 0.4963506 -0.6011074 0.7984415 0.03407537 -0.2743896 0.4783094 0.8342245 -0.4761054 0.7240994 0.4990028 -0.764436 0.6339712 0.1171246 -0.236887 0.1836252 0.9540264 -0.3275945 0.4615032 0.8244372 -0.7695494 0.6276398 0.117738 -0.6223166 0.5669509 0.5397117 -0.1444238 0.161289 0.9762826 -0.41512 0.3904941 0.8216994 -0.5842485 0.5987233 0.5478907 -0.8041855 0.5765752 0.1443846 -0.4171338 0.1266295 0.8999802 -0.5793961 0.8126741 0.06213933 -0.9060109 0.3387217 0.2537952 -0.5800501 0.05536693 0.8126971 -0.6404827 0.2456837 0.7276135 -0.6477202 0.05053836 0.7602003 -0.5335773 0.6512458 0.5396056 -0.7324658 0.1007164 0.6733129 -0.8192276 0.2866684 0.4966763 -0.6980649 0.02783477 0.7154933 -0.7239018 0.1073806 0.6814952 -0.3186507 -0.9476232 -0.02172809 -0.06834524 -0.9928048 -0.09832316 -0.1889311 -0.9818304 -0.01772433 0.1818957 -0.9831829 0.0162931 0.422985 -0.9056866 -0.02855604 0.6306977 -0.7702388 0.09461784 0.8059071 -0.5865262 0.0806272 0.2751687 -0.9605069 0.04133677 0.9873241 -0.1263303 0.09608256 0.9284509 -0.3711114 0.01598298 0.9757366 -0.1615083 0.1478279 0.7206049 -0.684709 0.1090974 -0.195279 -0.9802539 -0.03111875 0.3020653 -0.9506823 0.07042551 -0.1727765 -0.9837628 -0.04857188 -0.1824528 -0.9821437 -0.04587745 0.9354574 -0.2702029 0.2278372 0.26518 -0.9578612 0.1103708 0.2764629 -0.9546915 0.1101479 0.6746319 -0.6826627 0.2807907 0.9030972 -0.2043875 0.3776788 0.9161384 -0.163953 0.3658003 0.6717641 -0.6854261 0.2809345 0.8334445 -0.2769265 0.4782074 0.2727586 -0.9472911 0.168055 -0.1571276 -0.9829376 -0.095627 -0.165768 -0.9815345 -0.09545195 0.2234979 -0.960457 0.1660452 0.5870745 -0.6819878 0.4361607 0.5828528 -0.6861251 0.4353332 0.7888312 -0.1749705 0.5891782 0.7700992 -0.2166517 0.6000077 -0.1604171 -0.9798563 -0.1189462 -0.1412184 -0.9815732 -0.1287299 -0.1349348 -0.982731 -0.1266193 0.2373386 -0.9470288 0.2163493 0.6691443 -0.2685232 0.6929222 0.4670732 -0.6816459 0.5632065 0.4598788 -0.6892016 0.5599222 0.1777251 -0.9594498 0.2187919 0.621885 -0.1576557 0.767075 -0.1277082 -0.9802299 -0.1511296 -0.09871518 -0.984643 -0.1439914 0.1843771 -0.9517463 0.2453247 0.5682827 -0.2486628 0.7843607 -0.09764832 -0.9828952 -0.1561471 -0.337933 0.940761 -0.02775263 -0.07269716 0.9952903 -0.06412887 0.3026863 0.9519804 0.04598337 0.1813766 0.983331 -0.01275897 0.4230324 0.9038577 0.06391394 -0.1753393 0.9841505 -0.02653121 0.6273178 0.7729766 0.09476131 0.8059983 0.5864325 0.0803973 0.9875035 0.1244807 0.09665125 0.9289439 0.3698613 0.0163024 0.7198753 0.6854408 0.1093187 0.975508 0.1626023 0.1481371 0.9353369 0.2706447 0.2278077 -0.1959393 0.9794089 -0.04864394 0.2807338 0.9526457 0.1168538 0.6739727 0.6834173 0.2805379 0.9078018 0.1782103 0.379654 0.9075641 0.2121579 0.3623763 0.6711404 0.6861412 0.2806793 0.2834624 0.9515482 0.1191853 -0.1707332 0.9826989 -0.07178646 -0.1671199 0.9835588 -0.06843364 0.8333356 0.2773566 0.4781476 -0.1747809 0.979168 -0.1033524 0.5864992 0.6827449 0.4357501 0.2429765 0.9530864 0.1805241 0.783462 0.2092035 0.5851678 0.7789935 0.1574747 0.6069357 0.5823108 0.686842 0.434928 -0.1427703 0.9838984 -0.1075206 -0.149571 0.981346 -0.1207842 0.2466812 0.9511232 0.1857774 0.6690608 0.2689626 0.6928324 -0.135046 0.9800121 -0.1460787 0.4597575 0.6967856 0.550557 0.4636777 0.6820488 0.5655196 0.1954131 0.9535067 0.2294317 0.6219615 0.1586229 0.7668134 -0.1052376 0.9851217 -0.1358685 0.2064859 0.9438965 0.2577264 0.5674986 0.253795 0.7832839 -0.1067138 0.9819415 -0.1562149 -0.6066715 0.7912281 -0.0768615 -0.5681668 0.810735 -0.1410506 -0.7958402 0.5352433 -0.2831131 -0.5781998 0.7895422 -0.2056894 -0.8010701 0.519487 -0.2973552 -0.9171295 0.2073097 -0.3404353 -0.9173722 0.2362705 -0.3203193 -0.5476461 0.8060984 -0.2242527 -0.8817 0.1699264 -0.4401479 -0.5183122 0.7918053 -0.3231052 -0.5146442 0.8015799 -0.3043207 -0.7141287 0.5402228 -0.4451735 -0.7168599 0.5148631 -0.470136 -0.8151985 0.2227625 -0.5346291 -0.8122708 0.2105639 -0.5439476 -0.4555952 0.8106026 -0.3679084 -0.7424394 0.1721071 -0.647428 -0.6002737 0.5446591 -0.5856775 -0.4395216 0.7892544 -0.4288339 -0.6739257 0.2315804 -0.7015659 -0.652086 0.1908945 -0.7337187 -0.5956103 0.5106862 -0.6200388 -0.4010735 0.806799 -0.4338383 -0.3350217 0.7928034 -0.5091398 -0.3382988 0.8004277 -0.4948428 -0.4593387 0.5486338 -0.6985765 -0.5549139 0.1808622 -0.8120096 -0.4758856 0.3427787 -0.8099604 -0.4628149 0.5578113 -0.6889477 -0.5112981 0.2234018 -0.829859 -0.4521654 0.1121273 -0.8848581 -0.8861982 -0.4485061 -0.1161689 -0.7828376 -0.6027254 -0.1545557 -0.8446827 -0.5244539 -0.1070482 -0.9641706 -0.2332326 -0.126402 -0.6632422 -0.7436789 -0.08397364 -0.5140025 -0.8490536 -0.122105 -0.6406605 -0.766614 -0.04309511 -0.5931729 -0.799507 -0.09452265 -0.5727578 -0.806976 -0.144008 -0.5749945 -0.7921777 -0.2045384 -0.5490038 -0.8069628 -0.2177292 -0.7956581 -0.5355561 -0.2830334 -0.8008924 -0.5198054 -0.2972771 -0.9131111 -0.2266145 -0.3389308 -0.8816649 -0.1701236 -0.4401423 -0.7139688 -0.5405352 -0.445051 -0.5096043 -0.7996221 -0.3176606 -0.5421572 -0.7801331 -0.3121829 -0.7167062 -0.5151875 -0.4700151 -0.8169524 -0.2134327 -0.5357568 -0.8091834 -0.2270603 -0.5419095 -0.4734698 -0.8078187 -0.3510775 -0.7423943 -0.1723093 -0.6474259 -0.4329056 -0.7963756 -0.4223491 -0.450401 -0.7864533 -0.4226464 -0.600148 -0.5449741 -0.5855132 -0.5954914 -0.5110121 -0.6198845 -0.6796821 -0.1934995 -0.707524 -0.6420646 -0.2565413 -0.7224539 -0.3797549 -0.8085949 -0.4494003 -0.3361052 -0.7942876 -0.5061034 -0.3211666 -0.802578 -0.5027133 -0.4584302 -0.5491243 -0.6987877 -0.5548851 -0.1810666 -0.8119838 -0.5036754 -0.2306827 -0.8325242 -0.4509774 -0.133214 -0.8825381 -0.9964093 0.001121938 -0.08466017 -0.997287 0.01576548 -0.0719043 -0.9963706 -0.00892508 -0.08465278 -0.9960189 -0.0101971 -0.08855795 -0.9925512 -8.74183e-4 -0.1218256 -0.9807664 -0.008097887 -0.1950177 -0.9665589 -0.005607903 -0.2563834 -0.9828649 0.01723152 -0.1835206 -0.9760454 -0.003027379 -0.2175456 -0.9073691 0 -0.4203349 -0.8206001 0 -0.571503 -0.7088963 0 -0.7053128 -0.7088957 0 -0.7053134 -0.5756566 0 -0.8176916 -0.5756558 0 -0.8176922 -0.4249238 0 -0.9052292 -0.4249249 0 -0.9052287 -0.2612856 0 -0.9652615 -0.2612857 -1.2638e-7 -0.9652615 -0.08970713 0 -0.9959682 -0.08970838 0 -0.9959682 0.08460044 0 -0.996415 0.08460044 0 -0.996415 0.07779198 0 0.9969697 0.07779037 0 0.9969698 -0.08915758 0 0.9960176 -0.08915889 0 0.9960175 -0.2536271 0 0.9673021 -0.2536332 -3.14633e-7 0.9673005 -0.4110243 -2.436e-7 0.9116244 -0.4110233 -2.639e-7 0.9116249 -0.556956 -1.21806e-7 0.830542 -0.5569556 -2.84213e-7 0.8305422 -0.6873586 0 0.7263182 -0.6873573 0 0.7263196 -0.7983469 0.02527248 0.6016672 -0.7733718 0.003540456 0.633943 -0.7502112 0 0.6611984 -0.7994533 -0.02809387 0.6000711 -0.7757021 -0.005235075 0.6310775 -0.742484 2.78284e-4 0.6698638 0 -1 0 0 -1 1.22174e-5 0 -1 -1.15061e-5 -1.25882e-6 -1 -2.64184e-6 -1.25882e-6 -1 0 -9.89045e-7 -1 0 -9.89045e-7 -1 0 -8.41114e-7 -1 0 -8.41114e-7 -1 1.88708e-6 -7.56983e-7 -1 -1.69832e-6 -7.56983e-7 -1 1.56518e-6 -7.13062e-7 -1 -1.47437e-6 -7.13062e-7 -1 0 -6.99361e-7 -1 0 -6.99361e-7 -1 0 -7.13063e-7 -1 -1.47437e-6 -7.56983e-7 -1 0 0 -1 -9.43539e-6 0 -1 2.53161e-6 0 -1 -2.64184e-6 0 -1 9.0456e-6 0 1 -1.22174e-5 0 1 6.22838e-6 0 1 -3.83536e-6 0 1 3.92617e-6 0 1 -3.08477e-6 0 1 -2.71953e-6 0 1 3.98624e-6 0 1 -3.15283e-7 2.91803e-6 1 7.9038e-6 3.01858e-6 1 3.08099e-6 2.09392e-7 1 -1.08369e-5 3.39284e-6 1 8.05446e-6 0 1 -2.53161e-6 0 1 4.70627e-6 0 1 2.06266e-5 0 1 2.64184e-6 0 1 3.83535e-6 0 1 -6.22836e-6 0.9287059 0 0.3708173 0.8673657 0 0.4976714 0.8673652 -4.70226e-7 0.4976723 0.7888354 -7.05464e-7 0.6146047 0.7888354 -2.35155e-7 0.6146048 0.6946561 -4.70303e-7 0.719342 0.6946583 0 0.7193399 0.5867114 0 0.8097962 0.5867086 -7.05567e-7 0.8097982 -0.8947123 7.70839e-6 -0.4466431 -0.8947072 -1.09728e-5 -0.4466532 -0.8308995 1.97524e-5 -0.5564225 -0.8308856 -1.97512e-5 -0.5564435 -0.7536857 2.41395e-5 -0.6572352 -0.7536669 -2.41409e-5 -0.6572566 -0.6643021 8.7774e-6 -0.7474642 -0.6642966 -5.48637e-6 -0.7474691 -0.5642187 1.09732e-5 -0.8256254 -0.564211 -6.58402e-6 -0.8256307 -0.455035 4.38887e-6 -0.8904737 -0.455033 0 -0.8904746 -0.9531254 0.2755929 -0.1249027 -0.9794912 0.0877524 -0.1813738 -0.9601501 0.2685475 -0.07742124 -0.9632864 0.1743384 -0.2041701 -0.9632509 -0.1745313 -0.2041733 -0.9243677 -0.2033714 -0.3227761 0.9418526 -6.1941e-5 -0.3360264 0.9418317 6.55857e-5 -0.3360849 0.8897434 -5.46518e-5 -0.456461 0.8897193 5.82985e-5 -0.4565082 0.8223212 -4.91937e-5 -0.5690236 0.8222897 6.92294e-5 -0.5690692 0.7407484 -6.19492e-5 -0.6717826 0.7407004 8.5626e-5 -0.6718355 0.6464152 -7.2872e-5 -0.7629859 0.6463618 7.28754e-5 -0.7630312 0.5409399 -7.37658e-5 -0.8410614 0.5408959 3.6436e-5 -0.8410895 0.4261346 -4.73583e-5 -0.9046598 0.426114 -9.10969e-7 -0.9046695 0.3016293 -1.40132e-5 -0.9534254 0.3039923 -0.00527209 -0.9526599 -0.9388772 9.9599e-6 0.3442524 -0.9388399 -1.50819e-5 0.3443541 -0.8852472 1.50871e-5 0.465121 -0.8851754 -2.08221e-5 0.4652578 -0.8160412 2.01779e-5 0.5779938 -0.8159223 -2.72429e-5 0.5781617 -0.7327815 2.66735e-5 0.680464 -0.7326294 -2.47804e-5 0.6806279 -0.6411057 2.25028e-5 0.7674527 -0.640981 -1.20329e-5 0.7675569 -0.5481868 1.14875e-5 0.8363559 -0.5488448 -1.39679e-4 0.8359242 0 1 -8.15864e-6 0 1 2.65659e-6 0 1 -7.97249e-7 0 1 -1.55784e-6 0 1 3.081e-6 0 1 -5.51748e-7 0 1 -3.081e-6 0 1 5.75319e-6 0 1 2.70922e-6 0 1 -9.9563e-6 0 1 -1.03133e-5 0.2425703 0 0.9701339 0.2425705 0 0.9701338 0.4005749 -2.03014e-7 0.9162641 0.4005782 4.46632e-7 0.9162627 0.5474174 4.46649e-7 0.8368598 0.5474147 1.62417e-7 0.8368615 0.6789966 0 0.7341415 0.6789957 0 0.7341423 0.7916545 0 0.610969 0.7916543 0 0.6109693 0.8822511 0 0.4707792 0.8822491 -4.87295e-7 0.4707829 0.9136914 -4.18419e-7 0.4064088 0.9375899 -0.006723105 0.3476781 0.9275861 9.14359e-4 0.3736082 0.9407186 0.004027783 0.3391643 0.9520086 0.03379708 0.3041998 0.9635934 -0.05852192 -0.2608892 0.9638628 0.05350559 -0.2609707 0.945691 -0.02265989 -0.3242762 0.9246335 -0.0460512 -0.3780637 0.8937101 0.1588427 -0.4195848 0.9050523 0.01823645 -0.4249094 0.8879781 0.001839101 -0.4598822 0.8888434 -0.001732528 -0.458208 0.8045089 -0.00273621 -0.5939344 0.7881547 -8.08724e-4 -0.6154768 0.8255476 -0.00953263 -0.564252 0.8176557 -0.002665221 -0.5757014 0.8379554 0.001439869 -0.5457369 0.7761533 0 -0.6305444 0.7932217 0.001970589 -0.6089298 0.8176327 0.008160591 -0.5756823 0.7052695 0 -0.7089394 0.7052698 0 -0.7089391 0.5714557 0 -0.8206331 0.5714527 2.72205e-7 -0.820635 0.420279 2.13874e-7 -0.907395 0.4202795 1.94431e-7 -0.9073947 0.2563307 0 -0.9665892 0.2563319 1.2638e-7 -0.9665889 0.9208595 -0.3518167 -0.1680559 0.9880447 -0.1327944 -0.07831573 0.9631019 -0.2522073 -0.0939477 0.5599685 -0.8152756 -0.1475159 0.9639189 -0.1675301 -0.2068673 0.570622 -0.7991899 -0.1889074 0.8005868 -0.5374156 -0.2650385 0.8083215 -0.5165022 -0.282563 0.920516 -0.2116465 -0.3284145 0.9206155 -0.2211356 -0.3218172 0.5351208 -0.8179338 -0.2112586 0.876738 -0.1703543 -0.4497889 0.727312 -0.5437929 -0.4186964 0.5302655 -0.7866347 -0.3162664 0.5254297 -0.7952552 -0.3024777 0.8281685 -0.2363247 -0.5082203 0.7328581 -0.5105494 -0.4497315 0.8091242 -0.178436 -0.5598915 0.4711115 -0.8082331 -0.3532891 0.4556998 -0.7831408 -0.4231175 0.4522848 -0.7967941 -0.4006966 0.6255046 -0.5492281 -0.5541592 0.7177909 -0.2470303 -0.6509626 0.7075119 -0.1973845 -0.6785767 0.6227517 -0.5054029 -0.597284 0.3893655 -0.8075047 -0.4430923 0.637432 -0.1661342 -0.7523828 0.3631115 -0.7847606 -0.5022957 0.3644473 -0.794172 -0.4862809 0.4993739 -0.553762 -0.6663133 0.3028078 -0.8073372 -0.5064724 0.5300309 -0.1998181 -0.8240996 0.5434771 -0.2277708 -0.8079314 0.4830182 -0.5010921 -0.7180531 0.4195418 -0.1752237 -0.8906634 0.2610754 -0.7935776 -0.5496129 0.2794304 -0.8160675 -0.5059175 0.2911909 -0.7111284 -0.6399253 0.3593085 -0.5553945 -0.7499563 0.3649265 -0.2305986 -0.9020271 0.3349695 -0.4911932 -0.8040676 0.3429527 -0.3168542 -0.8843002 0.3000082 -0.09840589 -0.9488475 0.6265229 0.7778586 -0.04904401 0.51423 0.8503769 -0.1114752 0.6637175 0.7439806 -0.07727891 0.8471395 0.5221336 -0.09864687 0.7846115 0.6034102 -0.1424117 0.8872438 0.4484407 -0.1081633 0.9633399 0.2412178 -0.117433 0.5755686 0.8093996 -0.11659 0.9630403 0.1686855 -0.2099968 0.800893 0.5372954 -0.2643563 0.576965 0.7940381 -0.1913504 0.5781444 0.7933047 -0.1908321 0.9178107 0.2244073 -0.3275132 0.9225258 0.2130216 -0.32182 0.8087443 0.5160785 -0.2821275 0.5313872 0.8092328 -0.2505398 0.8767161 0.1703425 -0.449836 0.727684 0.5436299 -0.4182614 0.5034836 0.8039881 -0.3163977 0.5330665 0.7886447 -0.3063983 0.8284174 0.2363247 -0.5078142 0.733274 0.510163 -0.4494918 0.8091536 0.178031 -0.5599783 0.4610582 0.804642 -0.3741344 0.4606046 0.7884362 -0.4076907 0.6258526 0.5490373 -0.5539554 0.409863 0.8085435 -0.4222201 0.6231032 0.5050417 -0.597223 0.7265417 0.1945898 -0.6589932 0.7025352 0.2302966 -0.6733556 0.6374009 0.1659365 -0.7524529 0.3779463 0.7866544 -0.4881923 0.363707 0.7952705 -0.4850383 0.499627 0.5535468 -0.6663023 0.3116213 0.8077509 -0.5004305 0.4832604 0.5007482 -0.7181301 0.5252288 0.2389376 -0.8167273 0.5466631 0.2031045 -0.8123473 0.4195301 0.1751081 -0.8906916 0.3501106 0.5587062 -0.7518445 0.3626192 0.2328345 -0.9023833 0.3021023 0.1114598 -0.9467371 0.06649881 0.9956569 -0.06515699 0.3227571 0.9461416 -0.02537786 -0.928634 0.3706079 0.01699507 -0.9883024 0.1264276 0.08529084 -0.9765535 0.1778249 0.1213324 -0.7257716 0.6819928 0.09022986 -0.806388 0.5879954 0.06324464 -0.6316712 0.7711651 0.07934713 -0.3057299 0.9513375 0.03855431 -0.4226108 0.9061059 0.01929259 -0.1788249 0.9836081 0.02317214 0.1765481 0.9840294 -0.02273958 0.1954081 0.9799228 -0.03958326 -0.9370915 0.2798147 0.2087183 -0.6864973 0.6881625 0.2348484 -0.9128589 0.2336261 0.3348247 -0.9295812 0.186415 0.3180065 -0.2847219 0.953472 0.09912037 -0.693257 0.6790788 0.2413436 -0.2929819 0.9503014 0.105305 0.1806477 0.9817215 -0.0599119 0.1691415 0.9837151 -0.06079339 0.1821812 0.979506 -0.08589559 -0.8543611 0.2615554 0.4490611 -0.6215923 0.6911795 0.368638 -0.8470616 0.1735745 0.5023532 -0.2551295 0.9544892 0.1544649 -0.6302831 0.6761117 0.3815969 0.1553309 0.9830281 -0.09761244 0.1550467 0.9830788 -0.09755355 -0.2662092 0.9492512 0.1674958 -0.7839775 0.2770741 0.555526 0.1564607 0.97949 -0.1269627 -0.7155127 0.2148966 0.6647264 -0.7233734 0.1968478 0.6618021 -0.5311704 0.6940475 0.485959 -0.2153086 0.955401 0.2021173 -0.5391131 0.673228 0.5060843 -0.226131 0.9482552 0.2228833 0.1223753 0.9844451 -0.1260648 0.1336385 0.9822377 -0.131719 -0.6174434 0.2685045 0.7393707 0.1219563 0.9799544 -0.1575313 -0.5282191 0.2664032 0.8062345 -0.579966 0.1821101 0.7940248 -0.4198073 0.6966884 0.5817105 -0.4171802 0.7092665 0.5682445 -0.1567571 0.9572219 0.2432149 0.09262794 0.984528 -0.1487444 -0.05901211 0.9977826 -0.03078317 0.1628023 0.9781064 0.1296276 0.1260702 0.9596108 -0.2515026 0.1959879 -0.9804342 -0.01837182 -0.9645221 -0.250674 0.08282452 -0.9766012 -0.177818 0.120958 -0.8047904 -0.5851273 0.09969282 -0.6332772 -0.7730141 0.0375424 -0.7261578 -0.6814702 0.09106814 0.2145757 -0.9752844 -0.05270326 -0.4231177 -0.9045187 0.05307859 -0.1872268 -0.9822184 -0.01389467 -0.3609591 -0.9304613 0.06285256 0.1746521 -0.9843135 -0.02497422 -0.937213 -0.2794358 0.2086809 -0.6873674 -0.6873539 0.2346718 -0.9260014 -0.1650446 0.3395316 -0.921327 -0.22851 0.314547 -0.2810991 -0.9546993 0.0976358 -0.6940259 -0.6783936 0.2410606 0.2073763 -0.9745582 -0.08503699 -0.8546127 -0.2607932 0.4490256 0.1637979 -0.9831027 -0.08172655 -0.3223407 -0.9355874 0.144128 0.1711198 -0.9799498 -0.1020604 -0.6224007 -0.6903973 0.3687399 -0.8473958 -0.1728508 0.5020389 -0.2403193 -0.9597534 0.1453275 -0.631039 -0.6754016 0.381605 -0.7841886 -0.2766645 0.5554323 -0.2604733 -0.9453713 0.1960276 0.1487525 -0.9825627 -0.1115496 0.149165 -0.9824193 -0.1122596 0.1460494 -0.979939 -0.1356065 -0.5318452 -0.693288 0.4863049 -0.7193152 -0.1908304 0.6679591 -0.7214063 -0.2108439 0.6596346 -0.205111 -0.9596381 0.192417 -0.5397677 -0.6724941 0.5063622 -0.2188532 -0.9461694 0.2384678 0.1261659 -0.9815644 -0.1435741 0.123932 -0.9830591 -0.1350396 -0.6176376 -0.2680874 0.7393599 0.1156169 -0.9803327 -0.1599392 -0.4181205 -0.6962329 0.5834681 -0.545447 -0.1109793 0.8307655 -0.5688957 -0.2547076 0.781973 -0.1476152 -0.9613841 0.232272 -0.4154543 -0.7091551 0.5696462 -0.1302825 -0.9771173 0.1681318 0.1276947 -0.9685431 -0.2135844 0.1157601 -0.9803097 -0.1599766 0.1195102 -0.961259 -0.2483919 0.8675884 -3.5512e-5 0.4972832 0.8600473 -6.75126e-4 0.5102138 0.6987131 3.29349e-4 0.715402 0.6831467 -5.38177e-4 0.7302809 0.4567947 9.61997e-4 0.8895716 0.4423633 2.60477e-4 0.8968359 0.1888509 -5.79431e-4 0.9820057 0.1978377 -1.90815e-4 0.9802349 -0.07915014 -2.18571e-4 0.9968628 -0.08594459 -5.29465e-4 0.9962999 -0.3600918 4.12403e-4 0.9329169 -0.3749856 -2.49693e-4 0.9270306 0.8648149 0.05323189 0.4992609 0.8942369 0.04307973 0.4455161 0.9197624 0.1369014 0.3678248 0.8516616 0.07060909 0.5193139 0.8566833 0.2398522 0.4566891 0.7479696 0.1033937 0.6556304 0.7931898 0.3414124 0.5042693 0.6762099 0.1450744 0.7222836 0.9066412 0.3951513 0.1478417 0.5478342 0.1672257 0.8197032 0.6146768 0.4858223 0.6214091 0.7637727 0.625016 0.161265 0.6911783 0.4498481 0.5656052 0.4326233 0.2104462 0.8766696 0.4268761 0.6152982 0.6627104 0.34421 0.2158957 0.9137334 0.1910982 0.2562329 0.9475369 0.7489579 0.6408469 0.1684557 0.4614194 0.6055127 0.6484184 0.5508722 0.817306 0.1689701 0.144031 0.2536283 0.9565187 0.237454 0.6996122 0.6739129 -0.06177407 0.2838089 0.956889 0.5146338 0.8383423 0.1798177 0.3099076 0.9356028 0.1691291 0.2118057 0.7028797 0.6790423 0.0202912 0.7586418 0.651192 -0.08136272 0.2823493 0.9558552 -0.1099696 0.2873629 0.951488 0.3528916 0.9223894 0.1570525 -0.11063 0.7562593 0.644851 -0.3475047 0.2806005 0.8947088 0.1851725 0.9680258 0.1692252 -0.3595757 0.2841763 0.8887909 -0.1090933 0.7566189 0.6446909 0.04732912 0.987568 0.149898 0.9167674 0.3756325 -0.1357868 0.7626606 0.6146178 -0.2014792 0.7741693 0.5985208 -0.2059974 0.53176 0.8157671 -0.2274982 0.5789197 0.7763919 -0.2491338 0.3613376 0.9033424 -0.2311011 0.4460361 0.8547066 -0.265572 0.1929444 0.9496561 -0.2468313 0.258113 0.9273269 -0.271003 0.9584491 0.07639396 -0.2748444 0.9616676 0.06619489 -0.2661087 0.9328806 0.02086293 -0.3595811 0.9076243 0.09844684 -0.4080767 0.8772329 0.1543617 -0.4545711 0.9147474 0.2383689 -0.3262171 0.8805348 0.01261878 -0.4738137 0.889881 0.287464 -0.3542265 0.8700232 0.03611052 -0.4916867 0.840904 -0.001019418 -0.5411834 0.7504839 0.5114822 -0.4185214 0.7564966 0.3575576 -0.5475997 0.7365769 0.2087323 -0.6433392 0.7451036 0.3687257 -0.5557537 0.7844085 0.4589522 -0.4172127 0.7274734 0.2215697 -0.649376 0.6922348 0.1286408 -0.7101145 0.6613398 0.02956604 -0.7495036 0.7015225 0.02967506 -0.7120293 0.7119903 0.1070923 -0.6939749 0.5884644 0.3439354 -0.7317227 0.5992075 0.5241954 -0.6051195 0.5943458 0.5273181 -0.6071975 0.6354892 0.6239695 -0.4547699 0.5520152 0.679881 -0.4827433 0.505134 0.2341517 -0.83067 0.5589152 0.3736678 -0.7402609 0.505055 0.09285813 -0.8580775 0.5361363 0.07615554 -0.8406891 0.5632351 0.1862765 -0.8050263 0.4220127 0.7624782 -0.4904412 0.4576408 0.4419385 -0.771528 0.4295969 0.6493761 -0.6275008 0.4909067 0.713239 -0.5003009 0.4591989 0.6390997 -0.6169993 0.1984543 0.3379086 -0.9200183 0.3143507 0.5552933 -0.7699565 0.5281068 0.6891759 -0.4961247 0.497257 0.6159142 -0.6110526 0.3365056 0.1048168 -0.9358298 0.05363345 0.1951863 -0.9792987 0.2246658 0.8217488 -0.5236928 0.6615079 -0.002448618 -0.7499343 0.6693504 -0.004387497 -0.742934 0.5073215 -2.90891e-4 -0.8617569 0.5340367 -0.008476912 -0.8454189 0.3388589 0.005748033 -0.9408196 0.3884877 -0.006664872 -0.9214299 0.9806271 0.0616573 -0.1859269 0.9716503 -0.0820986 -0.2217102 0.9333805 -0.02099269 -0.3582739 0.9082113 -0.101065 -0.4061258 0.8603444 -0.1909748 -0.4725845 0.9062878 -0.3059775 -0.2915824 0.8836669 -0.005661785 -0.4680818 0.5113495 -0.7308865 -0.4520251 0.8536478 -0.0664972 -0.5165886 0.8197537 -0.01449519 -0.5725328 0.7755681 -0.1631935 -0.6098049 0.8214744 -0.2645864 -0.5051475 0.7526695 -0.5116604 -0.4143576 0.7985284 -0.4399884 -0.4108073 0.7547097 -0.3417701 -0.560006 0.7853736 -0.05047816 -0.6169605 0.7837224 -0.001589596 -0.6211094 0.6960932 -0.1130678 -0.7089923 0.7366726 -0.219344 -0.6396887 0.6691836 -0.0402314 -0.7420073 0.5914351 -0.6636865 -0.4579573 0.6172044 -0.4936777 -0.6126509 0.659631 -0.5901644 -0.4653956 0.6344137 -0.04473155 -0.7716984 0.6575179 -0.1471911 -0.7389215 0.6272737 -0.4818364 -0.6118509 0.5720919 -0.3608697 -0.7365351 0.5397716 -0.2074646 -0.8158462 0.5913491 -0.3395509 -0.7314448 0.5317882 -0.08055609 -0.8430374 0.4742809 -0.5948544 -0.6490039 0.5213782 -0.7075769 -0.4769694 0.3317344 -0.5192199 -0.7876313 0.4067437 -0.6506295 -0.6412807 0.3559807 -0.780858 -0.5133599 0.4356734 -0.4314932 -0.7899383 0.3421756 -0.3285353 -0.8803298 0.3778221 -0.2984805 -0.8764474 0.3347618 -0.1040422 -0.9365414 0.3880741 -0.08435642 -0.9177596 0.9235781 -0.3576746 -0.1381035 0.71913 -0.6666952 -0.1958814 0.7745341 -0.5954123 -0.2134979 0.6081255 -0.7584705 -0.2343204 0.6169763 -0.7501911 -0.2378101 0.3614151 -0.8988685 -0.2478199 0.3861916 -0.885618 -0.2579476 0.2067648 -0.9404125 -0.2699496 0.8942633 -0.0353741 0.4461412 0.9529924 -0.04741704 0.299261 0.9212322 -0.1510552 0.3584878 0.8661698 -0.05842304 0.4963233 0.8257048 -0.3102706 0.4711091 0.7848129 -0.08790254 0.6134672 0.692623 -0.1375883 0.7080557 0.7299321 -0.3970834 0.5563487 0.6911692 -0.1380513 0.709385 0.6698424 -0.449806 0.5907501 0.6089661 -0.149728 0.7789364 0.4663214 -0.1992135 0.8618923 0.9228067 -0.3751937 0.08750802 0.619444 -0.7719815 0.1425964 0.7973023 -0.5849354 0.1488621 0.727887 -0.4138479 0.5467271 0.4460279 -0.2022367 0.8718713 0.5202478 -0.5682764 0.6374984 0.4285829 -0.2087212 0.8790634 0.606853 -0.7676913 0.2058628 0.5201077 -0.5683352 0.6375603 0.7046481 -0.6922121 0.1559281 0.1835555 -0.2461794 0.9516844 0.2072256 -0.24957 0.9459241 0.2950289 -0.6686604 0.682533 0.3990198 -0.6538267 0.6428794 0.4839655 -0.8519869 0.1997395 0.6008238 -0.7852341 0.1497268 -0.07555049 -0.2856312 0.955357 0.2521038 -0.9493076 0.1877729 0.1548953 -0.7144259 0.6823512 -0.004650652 -0.7631657 0.6461862 -0.1073881 -0.2780623 0.9545414 0.3533195 -0.9232429 0.1509566 -0.1345183 -0.7558288 0.6408024 0.03588259 -0.9835257 0.1771715 0.208486 -0.9704117 0.121798 -0.3450123 -0.294041 0.8913509 -0.168379 -0.7590451 0.6288871 -0.426279 -0.267361 0.8641784 0.01279783 -0.9998518 -0.01152378 0.009672045 -0.9998568 -0.01388949 0.006796896 -0.9998693 -0.01467442 0.00678873 -0.9998565 0.01552838 0.01085782 -0.9998295 -0.01494443 0.006885588 -0.9998568 -0.01546579 0.004373252 -0.9998546 -0.01649069 0.007394731 -0.9998348 0.01660889 0.003948628 -0.9998676 0.01579225 0.9951848 0 -0.09801679 0.9945202 0.002004384 -0.1045261 0.9569394 -0.001871824 -0.2902817 0.9510512 0.00374186 -0.3090108 0.8819172 -0.003477096 -0.4713916 0.8660109 0.005215048 -0.499998 0.773001 -0.004812479 -0.6343867 0.7431296 0.006418883 -0.6691168 0.6343797 -0.005883991 -0.7729994 0.5877708 0.007353723 -0.8089941 0.4713891 -0.0066877 -0.8819001 0.4067199 0.008024871 -0.9135177 0.2902755 -0.007221221 -0.956916 0.2902749 -0.007221162 0.9569162 0.4067223 0.008025228 0.9135167 0.4713897 -0.006686687 0.8818998 0.5877677 0.007354557 0.8089964 0.6343834 -0.005885004 0.7729963 0.7431295 0.006417214 0.6691169 0.7730008 -0.004814147 0.6343868 0.8660153 0.005213558 0.4999903 0.8819142 -0.003474593 0.4713971 0.9510487 0.003744006 0.3090185 0.9569394 -0.001871883 0.2902817 0.9951825 0.002137541 0.09801656 0.9945222 0 0.1045264 0.004131019 0.9998551 0.01652127 0.9951848 0 0.09801685 0.9945195 -0.002005875 0.1045324 0.9569376 0.001870214 0.290288 0.9510506 -0.003742396 0.3090127 0.881917 0.003476142 0.4713919 0.8660126 -0.005215406 0.4999949 0.7730007 0.004812598 0.6343869 0.7431328 -0.006417393 0.6691132 0.6343801 0.005885422 0.7729989 0.5877676 -0.007353305 0.8089966 0.4713899 0.0066877 0.8818997 0.4067199 -0.00802493 0.9135177 0.2902749 0.007221162 0.9569162 -0.9936924 0.006236016 -0.1119673 -0.9927091 0 -0.1205348 -0.9438714 -0.005356848 -0.33027 -0.9349607 0.01070863 -0.3545897 -0.8466807 -0.009813547 -0.532011 -0.8228972 0.01472145 -0.5679996 -0.7070434 -0.01339137 -0.7070434 -0.6630185 0.01784586 -0.7483903 -0.5319625 -0.01607173 -0.8466154 -0.4646253 0.02008074 -0.8852798 -0.4646248 0.02008414 0.88528 -0.5319681 -0.01607048 0.8466119 -0.6630179 0.01784586 0.7483909 -0.7070437 -0.01339149 0.7070431 -0.8228971 0.01472157 0.5679998 -0.8466806 -0.009813487 0.5320111 -0.9349609 0.01070857 0.3545894 -0.9438723 -0.005359351 0.3302671 -0.9926925 0.005791962 0.1205328 -0.9937115 0 0.1119706 0.2902754 0.007221221 -0.9569159 0.4067227 -0.008025228 -0.9135165 0.4713889 0.006686687 -0.8819001 0.5877676 -0.007354557 -0.8089964 0.6343832 0.005884945 -0.7729964 0.7431297 -0.006417214 -0.6691167 0.7730009 0.004814267 -0.6343867 0.8660138 -0.005213677 -0.499993 0.8819171 0.003477156 -0.4713918 0.9510512 -0.0037418 -0.3090108 0.9569376 0.001870095 -0.290288 0.9951826 -0.002139151 -0.09801661 0.9945214 0 -0.1045327 0.9770447 6.05207e-5 -0.2130344 0.9777134 -0.006995677 -0.2098277 0.9972681 -0.01551347 -0.07222056 0.9968725 -0.001173198 -0.07901883 -0.9760821 -9.95265e-6 0.2174027 -0.9760963 5.59707e-6 0.2173388 -0.9962952 -5.40837e-6 0.08600109 -0.9963277 8.46175e-5 0.08562195 0.2645477 0.8071452 -0.5277606 0.3405374 0.5416844 -0.768513 0.3522021 0.2744581 -0.8947773 0.07351666 0.4071478 -0.9103989 0.004373729 0.9998545 -0.01649272 0.006892561 0.9998567 -0.01546442 0.007147252 0.9998555 -0.01543098 0.01002186 0.9998548 -0.01379406 0.009672045 0.9998568 -0.01388925 0.01279783 0.9998518 -0.01152336 0.01186245 0.9998586 -0.01192414 0.01397514 0.999854 -0.009839892 0.0145747 0.9998584 -0.008414328 0.01546967 0.999854 -0.007262527 0.01603114 0.999858 -0.005208611 0.01646816 0.9998545 -0.004458963 0.016837 0.9998568 -0.001769781 0.01571613 0.9998752 0.001651585 0.01506084 0.9998641 0.006714105 0.6873852 0.722292 -0.07613134 0.0163381 0.9998666 1.11676e-4 0.01632851 0.9998622 -0.002995371 0.5811164 0.8087819 -0.09041988 0.5386971 0.8414281 0.0424748 0.2749274 0.7994044 -0.5341982 0.2826585 0.741411 -0.6086164 0.01616156 0.9998557 0.005251824 0.01502174 0.9998551 0.008015513 0.01461625 0.9998576 0.008438885 0.006801009 0.9998559 0.01555591 0.006891071 0.9998565 0.01547807 0.009332537 0.9998548 0.01426732 0.009905517 0.999858 0.01363396 0.01159739 0.9998542 0.01253914 0.01250779 0.9998584 0.01126241 0.01351588 0.9998543 0.01043063 0.01186245 -0.9998586 -0.01192384 0.01397508 -0.999854 -0.009839892 0.01457464 -0.9998584 -0.008414447 0.01546967 -0.999854 -0.007263123 0.01603108 -0.999858 -0.00520879 0.01646822 -0.9998545 -0.004458427 0.01683706 -0.9998568 -0.001769244 0.01519751 -0.9998682 -0.005720138 0.01573401 -0.999875 0.001652598 0.01739823 -0.9998254 0.006831169 0.0170893 -0.9998496 0.003000676 0.01749598 -0.9998308 0.005684733 0.01480299 -0.999854 0.008545637 0.014889 -0.9998576 0.007945239 0.01287448 -0.99985 0.01159238 0.01324754 -0.9998601 0.01022416 0.01036578 -0.9998445 0.01426678 0.01124274 -0.9998629 0.01215618 0.009332537 -0.9998548 0.01426672 0.9132494 -0.3956173 -0.09727549 0.841054 -0.52604 -0.1261351 0.7892561 -0.6070134 -0.09278821 0.6636016 -0.7440074 -0.07801222 0.5933754 -0.7993035 -0.09497243 0.5161257 -0.8552429 -0.04662555 0.991047 0.112579 -0.07177603 0.9507106 0.274096 -0.1449857 0.01715689 0.8029873 -0.595749 0.03821867 0.7897007 -0.6123008 0.07552981 0.7751679 -0.6272242 0.0386703 0.7838455 -0.6197507 0.9437015 0.3297599 0.02619171 0 0.1945436 -0.9808939 0 0.3534243 -0.9354631 -0.9999999 -5.8897e-4 -2.72277e-5 -1 -2.86688e-6 -5.62724e-5 -0.9999983 0.001822412 2.68506e-5 -1 -1.05162e-5 1.10176e-4 -0.9999994 -0.001169443 5.2657e-5 -0.3652787 0.03146511 0.9303663 -0.1721546 -0.03775429 0.9843462 0.004943072 0.02518033 0.9996707 0.08046394 -0.009102642 0.996716 0.2634489 0.008526742 0.9646357 0.3228787 -0.0148245 0.9463242 0.4823169 0.01088726 0.8759292 0.5369122 -0.01160466 0.8435583 0.6829942 1.95649e-4 0.7304239 0.7069792 0.01756274 0.7070163 0.8622258 0.02245211 0.5060262 0.8469814 0.001566112 0.5316203 0.9579504 -0.01565957 0.2865062 0.9746547 -0.06454974 0.2141997 0.9018718 0.03292375 0.4307477 0.8663946 -0.03503572 0.4981296 0.7632144 0.02281022 0.6457426 0.6925017 -0.01974898 0.7211459 0.5584293 0.02038305 0.8293017 0.4849312 -0.01026314 0.8744922 0.2666045 -0.008169412 0.9637714 0.3247052 0.01521682 0.9456929 0.08067214 0.008671283 0.996703 0.007138431 -0.02531516 0.9996541 -0.172376 0.03792792 0.9843008 -0.3650306 -0.03198736 0.9304459 0.3652642 -0.03145706 0.9303722 0.1721672 0.03774905 0.9843442 -0.004943072 -0.02519321 0.9996704 -0.08047193 0.009101271 0.9967153 -0.263457 -0.008527219 0.9646335 -0.3228912 0.01483058 0.94632 -0.4823065 -0.01087868 0.8759351 -0.5369055 0.01160687 0.8435626 -0.6829834 -1.85623e-4 0.730434 -0.7069789 -0.01756256 0.7070166 -0.862228 -0.02245134 0.5060226 -0.8469825 -0.001560986 0.5316186 -0.9579558 0.01567173 0.2864876 -0.9747015 0.06521481 0.2137851 -0.9020975 -0.03361105 0.4302216 -0.8663679 0.03490734 0.498185 -0.7632591 -0.02290868 0.6456864 -0.6924782 0.01969426 0.72117 -0.558398 -0.02043694 0.8293215 -0.4849357 0.01020973 0.8744903 -0.2665979 0.008169472 0.9637733 -0.3247701 -0.01524555 0.9456702 -0.08065557 -0.008673131 0.9967044 -0.007117271 0.02531027 0.9996544 0.172347 -0.0379191 0.9843062 0.3650158 0.03200197 0.9304512 -0.0348258 -0.3679337 -0.9291996 -0.2009971 -0.4299558 -0.8801921 0.01379847 -0.4688369 -0.8831771 -0.006810367 -0.5376665 -0.8431302 -0.08526945 -0.6019422 -0.793974 0.7998824 -0.393535 -0.453121 0.2711328 -0.6439873 -0.7153792 0.07550173 -0.6817546 -0.7276746 0.007157325 -0.7028079 -0.7113437 0.003139913 -0.64168 -0.7669662 -3.17041e-4 -0.6877177 -0.7259781 -0.04496437 -0.7426302 -0.6681906 -0.003902077 -0.7284586 -0.6850787 0.04387223 -0.7836796 -0.6196143 0.06918358 -0.7772935 -0.6253228 0.03511291 -0.7913355 -0.6103731 0.01595103 -0.8040919 -0.5942911 0.00893557 -0.8123075 -0.583161 -6.93143e-6 -0.8414359 -0.5403571 -0.0257253 -0.7836049 -0.6207267 -0.006099164 -0.7031544 -0.7110111 5.52156e-4 -0.7520241 -0.6591355 1.99335e-5 -0.7571453 -0.6532465 -0.006613194 -0.812819 -0.5824788 -0.009271204 -0.818469 -0.574476 -0.00546807 -0.8064087 -0.5913334 -6.34422e-4 -0.7754449 -0.631415 9.59539e-6 -0.831687 -0.5552449 0.008444845 -0.8858742 -0.4638489 0.04678064 -0.8619065 -0.5049048 2.70036e-4 -0.8963077 -0.4434328 -0.004276156 -0.9084839 -0.417898 0.004151761 -0.9565904 -0.2914064 -0.004463374 -0.9712149 -0.2381634 0.004330575 -0.9940513 -0.1088266 -0.004632651 -0.9987489 -0.04979175 0.004490196 -0.9969801 0.07752799 -0.00478363 -0.9900862 0.1403796 0.004630982 -0.9652754 0.2611936 -0.004915475 -0.9455413 0.3254655 0.004753172 -0.9000412 0.435779 -0.005028665 -0.8667296 0.498753 0.004856288 -0.803541 0.5952296 -0.005122244 -0.7565113 0.6539607 0.004941403 -0.6791316 0.734 -0.005198955 -0.6188631 0.7854818 0.005007147 -0.5311265 0.8472778 -0.005254805 -0.4587992 0.8885245 0.005054295 -0.3646765 0.9311206 -0.005292356 -0.2821009 0.9593701 0.005082011 -0.1855655 0.9826188 -0.005312919 -0.09518533 0.9954455 0.005091547 0 0.9999871 -0.005311787 0.09518575 0.9954454 0.005082786 0.1855655 0.9826188 -0.005292356 0.282101 0.9593701 0.005055069 0.3646796 0.9311195 -0.005253195 0.4587972 0.8885256 0.005007982 0.531128 0.8472769 -0.005197048 0.6188687 0.7854773 0.004941821 0.679129 0.7340024 -0.00512278 0.7565059 0.6539669 0.004857063 0.8035414 0.595229 -0.005027651 0.8667303 0.4987519 0.004753053 0.900039 0.4357835 -0.004915535 0.9455419 0.3254635 0.004630625 0.9652754 0.2611936 -0.004783809 0.9900862 0.1403796 0.004490017 0.99698 0.07752877 -0.004632592 0.9987488 -0.04979276 0.004330575 0.9940514 -0.108826 -0.004463851 0.9712149 -0.2381634 0.004151642 0.9565896 -0.2914087 -0.004276096 0.9084848 -0.417896 0.009115815 0.8858675 -0.4638488 0.002228081 0.8908359 -0.4543198 0.006987929 0.8771351 -0.480193 -0.002102255 0.812835 -0.5824903 -0.01777905 0.7844115 -0.619986 -0.008729457 0.8074182 -0.5899151 -0.001382112 0.8379461 -0.5457513 0.001779973 0.8437194 -0.5367816 0.006426632 0.8149797 -0.5794539 0.003789305 0.8207675 -0.5712499 5.5493e-4 0.7522848 -0.6588378 2.26847e-5 0.757261 -0.6531123 -0.01788985 0.6876075 -0.7258622 -1.74147e-4 0.717885 -0.6961617 -0.005964815 0.7031055 -0.7110606 -0.02600586 0.7836159 -0.6207011 -0.002218961 0.7281005 -0.6854668 0.8126206 0.3821272 -0.4400301 0.2906354 0.6396297 -0.7116215 0.09412854 0.6788022 -0.7282634 0.003147482 0.6416426 -0.7669973 -0.03557026 0.537336 -0.8426179 -0.00424236 0.5655413 -0.8247092 0.01379019 0.4688525 -0.8831688 -0.09910261 0.3663465 -0.925186 -0.02761763 0.3832573 -0.9232286 -0.02687859 -0.1862754 -0.9821298 -0.1467528 -0.3641619 -0.9197009 0.04336619 -0.3495492 -0.9359139 -0.01380264 -0.4688457 -0.8831722 0.03555768 -0.5373386 -0.8426167 0.004237115 -0.5655334 -0.8247146 -0.8031979 -0.390627 -0.4497597 -0.2763197 -0.6428384 -0.7144272 -0.07854759 -0.6812183 -0.7278543 -0.008409023 -0.7020885 -0.7120401 -0.00314176 -0.6416849 -0.7669619 0.01789361 -0.6876108 -0.725859 1.74279e-4 -0.7179194 -0.6961262 0.002862155 -0.7247695 -0.6889855 -0.03089529 -0.784057 -0.6199194 -0.002934515 -0.8294119 -0.5586298 -0.3419213 -0.8786791 -0.333186 -0.1164273 -0.8185908 -0.5624535 0.02600002 -0.7836275 -0.6206869 0.005957961 -0.7031404 -0.7110261 -5.54138e-4 -0.7522583 -0.6588681 -2.02557e-5 -0.7572544 -0.6531201 0.002105057 -0.8128327 -0.5824936 0.01777529 -0.7844177 -0.6199783 0.008731842 -0.8074145 -0.5899199 0.001381278 -0.8379511 -0.5457438 -0.009114325 -0.8858692 -0.4638456 -0.002227723 -0.8908371 -0.4543175 -0.006827712 -0.8764697 -0.4814085 -0.001733899 -0.8441401 -0.53612 0.004275619 -0.9084842 -0.4178974 -0.004151821 -0.9565904 -0.2914066 0.004463613 -0.9712151 -0.2381625 -0.004330635 -0.9940513 -0.1088277 0.004632711 -0.9987489 -0.04979181 -0.004490017 -0.99698 0.07752925 0.004783511 -0.9900863 0.1403793 -0.004630804 -0.9652755 0.2611932 0.004914999 -0.9455413 0.3254655 -0.004752814 -0.9000423 0.4357767 0.005029261 -0.8667294 0.4987534 -0.004856109 -0.8035392 0.5952321 0.005122601 -0.7565101 0.6539619 -0.004942417 -0.6791308 0.7340007 0.005198597 -0.6188657 0.7854797 -0.00500679 -0.5311279 0.8472769 0.005254745 -0.4588016 0.8885232 -0.005054295 -0.3646796 0.9311195 0.005292356 -0.2821012 0.9593701 -0.005082368 -0.1855601 0.9826199 0.005311369 -0.09518533 0.9954454 -0.005093514 0 0.9999871 0.00530982 0.09518581 0.9954454 -0.005082786 0.1855655 0.9826188 0.005291223 0.2821011 0.9593701 -0.005055129 0.3646749 0.9311212 0.005254745 0.4588018 0.8885232 -0.00500679 0.5311304 0.8472753 0.005197465 0.6188653 0.78548 -0.004941821 0.6791284 0.734003 0.005122601 0.7565079 0.6539646 -0.004857897 0.8035418 0.5952286 0.005027294 0.8667305 0.4987516 -0.004753351 0.9000384 0.4357848 0.004915356 0.945542 0.3254634 -0.004630684 0.9652751 0.2611947 0.00478363 0.9900862 0.1403796 -0.004490017 0.9969801 0.07752799 0.004632592 0.9987488 -0.04979276 -0.004330635 0.9940512 -0.1088275 0.004463672 0.971215 -0.2381633 -0.004151761 0.9565904 -0.2914066 0.00427556 0.9084845 -0.4178967 -0.008423328 0.8858746 -0.4638482 -0.04637968 0.8622346 -0.5043814 -2.68803e-4 0.8963106 -0.4434269 0.006619513 0.8128165 -0.5824823 0.00925976 0.8184305 -0.574531 0.005465447 0.8063946 -0.5913527 6.34047e-4 0.7754531 -0.631405 -4.32136e-5 0.8314999 -0.555525 -0.03999453 0.7838039 -0.6197192 -0.07420158 0.7756196 -0.6268242 -0.03782469 0.7899242 -0.6120368 -0.01719844 0.8029849 -0.5957512 -0.009516239 0.811553 -0.5842013 2.03196e-5 0.8411417 -0.5408149 -5.50563e-4 0.7520279 -0.6591312 -2.13395e-5 0.7571007 -0.6532984 3.15078e-4 0.6877191 -0.725977 0.04491257 0.7425752 -0.6682552 0.006103038 0.7031669 -0.7109987 0.02571594 0.7835975 -0.6207364 0.004655063 0.7253053 -0.6884117 -0.8092481 0.3852502 -0.4435087 -0.2799943 0.6419358 -0.7138079 -0.009346008 0.7032762 -0.7108554 -0.003143072 0.6416438 -0.7669965 0.006823778 0.5376672 -0.8431296 0.08527046 0.6019358 -0.7939789 -0.01379269 0.4688608 -0.8831645 0.03480333 0.3679276 -0.9292029 0.3404776 -0.9402525 5.38847e-4 0.1960013 -0.9803941 -0.02027571 0.1849024 -0.9826046 -0.01729738 -0.02172231 -0.9997619 0.00209546 0.06176429 -0.99809 -0.001338064 -0.1869338 -0.9823645 -0.003959953 -0.1584157 -0.987372 -0.001061737 -0.01726132 -0.9998488 0.002121627 -0.3035535 -0.9528131 0.001573026 -0.4228623 -0.9061935 -9.22475e-4 -0.4511138 -0.8924452 -0.006175994 -0.6348226 -0.7726387 -0.005470633 -0.6057264 -0.7956719 -0.001387953 -0.711925 -0.7022535 0.001665413 -0.8079101 -0.5893055 -6.09184e-4 -0.8297327 -0.5580843 -0.009250581 -0.9021481 -0.4314267 -5.05805e-5 -0.9673652 -0.2509329 -0.03517633 -0.9447019 -0.3276575 -0.01338392 -0.9767124 -0.2132201 -0.02387833 -0.9979025 -0.0647248 0.001217961 -0.3184613 -0.9479359 -1.62918e-4 -0.3375368 -0.9413018 -0.004474103 -0.2308323 -0.9729899 0.002706766 -0.06842827 -0.9976491 -0.003730177 -0.07243692 -0.9973636 -0.004340708 -0.006835579 -0.9999765 6.37179e-4 0.09366077 -0.9956027 0.00173825 0.1821781 -0.9832655 -2.64694e-4 0.1309012 -0.9913733 -0.00662887 0.2906643 -0.9568248 7.60719e-4 0.4233564 -0.9059593 -0.002692222 0.390883 -0.9204122 -0.007203221 0.524549 -0.85138 8.38344e-4 0.6347826 -0.772681 -0.003904342 0.6123924 -0.7905161 -0.007742285 0.6974484 -0.716635 1.60888e-5 0.808045 -0.5891184 -0.001662731 0.7650355 -0.6438281 -0.01435613 0.8411607 -0.5407842 -0.001105666 0.9002945 -0.4352813 -3.20378e-4 0.9287329 -0.3706524 -0.008488059 0.9471211 -0.3208745 -0.001169919 0.9806119 -0.1959601 3.28112e-4 0.9920501 -0.1253895 -0.01068848 0.9977764 -0.06664806 -5.68277e-4 0.3225005 0.9465693 -7.35451e-5 0.3378079 0.9412085 -0.003534197 0.2314224 0.9728466 0.003640949 0.06278699 0.9980225 -0.003008663 0.07236969 0.997368 -0.004443228 0.006500422 0.9999788 4.48883e-4 -0.0949344 0.9954825 0.001485943 -0.1804485 0.9835844 -4.75154e-4 -0.1317847 0.9912571 -0.006502449 -0.2928839 0.9561477 7.90855e-4 -0.422653 0.9062873 -0.002816557 -0.3945801 0.9188375 -0.006654798 -0.530289 0.8478164 0.001021504 -0.6344994 0.772912 -0.004207074 -0.6203556 0.7842935 -0.006547808 -0.7059143 0.7082971 5.16114e-4 -0.8076458 0.5896627 -0.002526879 -0.7745507 0.6323997 -0.01191276 -0.8485016 0.5291931 -1.17483e-4 -0.92892 0.370279 -0.001078665 -0.9061692 0.422685 -0.0139662 -0.9784603 0.2064217 0.002409338 -0.9920381 0.1254931 -0.01057952 -0.9978933 0.06487607 -3.99346e-4 -0.3389256 0.9408019 -0.004626035 -0.3369075 0.9415249 -0.004927575 -0.1989237 0.9800065 0.004101693 -0.0683574 0.9976598 0.001520335 0.06944996 0.9973731 -0.02058351 -0.05851709 0.9982779 -0.004119813 0.1807733 0.9835148 -0.004443764 0.1586628 0.9873305 -0.002178728 0.02212929 0.9997547 9.44864e-4 0.3061277 0.9519895 0.001360476 0.4211769 0.9069743 -0.002768099 0.4434825 0.8962619 -0.006151795 0.5415888 0.8406435 5.39751e-4 0.6347783 0.7726761 -0.005321919 0.6222914 0.7827782 -0.003423452 0.7071838 0.7070295 6.62727e-4 0.806967 0.590559 -0.006674647 0.7823856 0.6227918 -0.001773655 0.8597264 0.5107515 0.001911878 0.9293829 0.3691173 -2.74727e-4 0.9426348 0.3336451 -0.01099556 0.9819151 0.1893216 -1.96666e-4 0.9921281 0.1252267 -4.91999e-4 0.9968192 0.07757931 -0.01824778 -0.5072469 0.8617881 -0.004694104 -0.4567707 0.8889974 -0.03231394 -0.5124111 0.8586699 -0.01099312 -0.5628654 0.8265484 -5.9109e-4 -0.6424478 0.7663286 0.001153588 -0.6658976 0.7459551 -0.01147109 -0.7401616 0.6723937 0.006894588 -0.7929539 0.6090509 -0.01677179 -0.8169323 0.5767284 0.002462148 -0.8925614 0.4509094 -0.003868162 -0.8712773 0.4884756 -0.04761809 -0.9405977 0.3387823 0.02241861 -0.9584614 0.2767496 -0.06900465 0.4591758 0.8883454 -6.18159e-5 0.5155465 0.8568602 -0.001568436 0.5709508 0.8204324 -0.03009933 0.5121831 0.8588284 -0.009080588 0.6424422 0.7663332 0.001151978 0.6659112 0.7459434 -0.01142984 0.7401551 0.6724011 0.006868362 0.7929698 0.6090317 -0.01671034 0.8169206 0.5767451 0.002447962 0.8922665 0.450532 -0.02969157 0.8824866 0.4703286 -0.002914488 0.5162622 -0.8564305 3.54359e-4 0.4568052 -0.8889946 -0.03189939 0.5123925 -0.8586826 -0.01086151 0.5628718 -0.8265441 -5.85243e-4 0.6423991 -0.7663695 0.001142919 0.6659094 -0.745947 -0.01130855 0.7400187 -0.6725536 0.006645381 0.7927504 -0.6093197 -0.01662546 0.8169183 -0.5767486 0.002408623 0.882509 -0.4702869 -0.002852857 -0.4591718 -0.8883476 -1.45688e-4 -0.5154054 -0.8569452 -0.001576602 -0.5709785 -0.8204083 -0.03023332 -0.5122015 -0.8588163 -0.009181678 -0.6424036 -0.7663657 0.001150846 -0.6658959 -0.7459564 -0.01148456 -0.7400822 -0.672482 0.006804227 -0.7927922 -0.6092581 -0.01689589 -0.8169325 -0.5767281 0.002470612 -0.8921082 -0.4508609 -0.02945131 -0.8824915 -0.4703193 -0.002933382 -0.9406032 -0.3387676 0.02240896 -1 1.83615e-5 0 -1 0 0 -1 1.26192e-5 -6.09354e-7 -1 0 -1.06099e-6 -1 0 -8.70568e-7 -1 3.9548e-6 -7.53754e-7 -1 0 -6.63074e-7 -1 0 -6.02156e-7 -1 2.14789e-6 -5.52033e-7 -1 0 -5.172e-7 -1 0 -4.8819e-7 -1 0 -4.68263e-7 -1 0 -4.52387e-7 -1 0 -4.52387e-7 -1 0 -4.68263e-7 -1 0 -4.8819e-7 -1 0 -5.172e-7 -1 0 -5.52033e-7 -1 -2.53496e-6 -6.02155e-7 -1 3.09877e-6 -6.63074e-7 -1 -3.9548e-6 -7.53754e-7 -1 5.33457e-6 -8.7057e-7 -1 0 -1.06098e-6 -1 -1.26192e-5 -6.09347e-7 -1 -1.83614e-5 0 1 -1.4628e-5 -4.6673e-4 0.9999999 0 -5.59278e-4 1 0 0 1 2.57766e-7 1.27556e-5 1 0 1.27558e-5 -1 0 -1.2756e-5 -1 0 -1.27556e-5 -1 0 -3.94124e-4 -0.9999992 2.54843e-4 0.001217663 1 1.23905e-5 0 1 3.74946e-6 0 1 4.1283e-5 2.00889e-6 1 2.67652e-6 4.18454e-6 0.9999999 -4.77817e-4 -1.7548e-5 1 5.35734e-6 -3.94363e-5 1 4.15604e-4 -1.89179e-5 1 -3.74947e-6 0 1 3.09877e-6 0 1 6.3096e-6 0 1 -1.23905e-5 0 1 1.83614e-5 0 -0.3788934 -0.1819113 -0.9073854 0.06949824 -0.2503689 -0.9656528 0.06953316 0.2503681 -0.9656506 -0.4451729 0.1670483 -0.8797249 -0.9786284 0.1974263 0.05752742 -0.9878927 0.08956426 -0.1266747 -0.9584616 -0.2767487 -0.06900477 -0.9786264 -0.1974409 0.05750989 -0.9883262 -0.09334677 -0.1204072</float_array>
          <technique_common>
            <accessor source="#wrist_001_002-mesh-normals-array" count="1728" stride="3">
              <param name="X" type="float"/>
              <param name="Y" type="float"/>
              <param name="Z" type="float"/>
            </accessor>
          </technique_common>
        </source>
        <source id="wrist_001_002-mesh-map-0">
          <float_array id="wrist_001_002-mesh-map-0-array" count="11052">0.6014493 0.5102373 0.6472725 0.5287616 0.6421383 0.5408976 0.6109544 0.4940417 0.6547859 0.5179698 0.6472725 0.5287616 0.1464655 0.2222493 0.1394979 0.1730354 0.14855 0.1745088 0.8407514 0.6508952 0.8383314 0.604005 0.8465644 0.606031 0.1464655 0.2222493 0.14855 0.1745088 0.1618404 0.2208229 0.863749 0.6394528 0.8465644 0.606031 0.8566657 0.6085624 0.863749 0.6394528 0.8566657 0.6085624 0.868282 0.6117717 0.8092548 0.5887067 0.7638267 0.5651794 0.8126429 0.5693439 0.8126429 0.5693439 0.7638267 0.5651794 0.8126584 0.5496822 0.8126584 0.5496822 0.7638267 0.5651794 0.7636432 0.5519824 0.8126584 0.5496822 0.7636432 0.5519824 0.8093014 0.5303193 0.8093014 0.5303193 0.7636432 0.5519824 0.8026736 0.511843 0.8026736 0.511843 0.7636432 0.5519824 0.7607523 0.5391137 0.8026736 0.511843 0.7607523 0.5391137 0.7929762 0.4948146 0.7929762 0.4948146 0.7607523 0.5391137 0.7552821 0.5271374 0.7929762 0.4948146 0.7552821 0.5271374 0.7805034 0.4797515 0.7805034 0.4797515 0.7552821 0.5271374 0.7474705 0.5165758 0.7805034 0.4797515 0.7474705 0.5165758 0.7376595 0.5078911 0.7805034 0.4797515 0.7376595 0.5078911 0.7656359 0.467112 0.7656359 0.467112 0.7376595 0.5078911 0.7262772 0.5014616 0.7656359 0.467112 0.7262772 0.5014616 0.7419343 0.4532548 0.7419343 0.4532548 0.7262772 0.5014616 0.713822 0.4975704 0.7419343 0.4532548 0.713822 0.4975704 0.7223919 0.4471535 0.7076253 0.4468821 0.7223919 0.4471535 0.713822 0.4975704 0.7076253 0.4468821 0.713822 0.4975704 0.7008374 0.496386 0.6888424 0.447463 0.7076253 0.4468821 0.7008374 0.496386 0.6888424 0.447463 0.7008374 0.496386 0.6878907 0.4979603 0.6888424 0.447463 0.6878907 0.4979603 0.6706081 0.4511945 0.6706081 0.4511945 0.6878907 0.4979603 0.653237 0.4579444 0.653237 0.4579444 0.6878907 0.4979603 0.675549 0.5022248 0.653237 0.4579444 0.675549 0.5022248 0.6372158 0.4675254 0.002918124 0.6788643 0 0.6602646 0.05170708 0.6706117 0.008862197 0.6967146 0.002918124 0.6788643 0.05170708 0.6706117 0.008862197 0.6967146 0.05170708 0.6706117 0.05685007 0.6827486 0.008862197 0.6967146 0.05685007 0.6827486 0.01766812 0.7133217 0.01766812 0.7133217 0.05685007 0.6827486 0.06438189 0.6935405 0.01766812 0.7133217 0.06438189 0.6935405 0.02788025 0.7286415 0.04211652 0.7409911 0.02788025 0.7286415 0.06438189 0.6935405 0.04211652 0.7409911 0.06438189 0.6935405 0.07397443 0.7025181 0.06426733 0.7542331 0.04211652 0.7409911 0.07397443 0.7025181 0.06426733 0.7542331 0.07397443 0.7025181 0.08520615 0.7092875 0.08258324 0.7609564 0.06426733 0.7542331 0.08520615 0.7092875 0.08258324 0.7609564 0.08520615 0.7092875 0.09758764 0.7135529 0.101777 0.7643705 0.08258324 0.7609564 0.09758764 0.7135529 0.101777 0.7643705 0.09758764 0.7135529 0.1105781 0.7151282 0.1212679 0.7643696 0.101777 0.7643705 0.1105781 0.7151282 0.1212679 0.7643696 0.1105781 0.7151282 0.1236093 0.7139438 0.1404617 0.7609544 0.1212679 0.7643696 0.1236093 0.7139438 0.1404617 0.7609544 0.1236093 0.7139438 0.1361111 0.7100526 0.1587756 0.7542302 0.1404617 0.7609544 0.1361111 0.7100526 0.1756543 0.7443983 0.1587756 0.7542302 0.1361111 0.7100526 0.1763895 0.4387804 0.09663355 0.4434553 0.1031938 0.4295011 0.1031938 0.4295011 0.09663355 0.4434553 0.08797329 0.4296539 0.09663355 0.4434553 0.01687765 0.4481263 0.08797329 0.4296539 0.09663355 0.4434553 0.1763895 0.4387804 0.1767104 0.4583578 0.01687765 0.4481263 0.09663355 0.4434553 0.1767104 0.4583578 0.01687765 0.4481263 0.01516175 0.4285841 0.08797329 0.4296539 0.07157337 0.414144 0.05499917 0.4061422 0.07478237 0.3713175 0.07478237 0.3713175 0.05499917 0.4061422 0.03919112 0.3948919 0.1210446 0.2009633 0.1012366 0.1735487 0.1163867 0.1725103 0.1012366 0.1735487 0.1058531 0.2018568 0.08805102 0.1748536 0.1058531 0.2018568 0.07432937 0.1768521 0.08805102 0.1748536 0.1210446 0.2009633 0.1058531 0.2018568 0.1012366 0.1735487 0.1210446 0.2009633 0.1241875 0.2298671 0.1058531 0.2018568 0.4214113 0.752214 0.4332258 0.7552705 0.4297356 0.7841836 0.4214113 0.752214 0.4297356 0.7841836 0.417191 0.7845122 0.1089962 0.2307605 0.1058531 0.2018568 0.1241875 0.2298671 0.1258355 0.2590843 0.1089962 0.2307605 0.1241875 0.2298671 0.1106441 0.2599778 0.1089962 0.2307605 0.1258355 0.2590843 0.5330752 0.1999367 0.4262892 0.1780551 0.5332179 0.1786233 0.426161 0.1992353 0.4262892 0.1780551 0.5330752 0.1999367 0.5329383 0.2212383 0.426161 0.1992353 0.5330752 0.1999367 0.4260241 0.2205368 0.426161 0.1992353 0.5329383 0.2212383 0.5328003 0.2424184 0.4260241 0.2205368 0.5329383 0.2212383 0.2350361 0.4385668 0.235038 0.4516232 0.1949821 0.4459608 0.194984 0.4579263 0.1949821 0.4459608 0.235038 0.4516232 0.235038 0.4516232 0.2350419 0.4639918 0.194984 0.4579263 0.1949899 0.4690449 0.194984 0.4579263 0.2350419 0.4639918 0.2350419 0.4639918 0.2350477 0.4751315 0.1949899 0.4690449 0.1949976 0.4788884 0.1949899 0.4690449 0.2350477 0.4751315 0.2350477 0.4751315 0.2350574 0.4845553 0.1949976 0.4788884 0.5213996 0.7714637 0.5248917 0.7624078 0.5590045 0.7685502 0.5590045 0.7685502 0.5558445 0.779349 0.5213996 0.7714637 0.5186825 0.7819916 0.5213996 0.7714637 0.5558445 0.779349 0.5558445 0.779349 0.5536595 0.7914903 0.5186825 0.7819916 0.5168471 0.7935867 0.5186825 0.7819916 0.5536595 0.7914903 0.5536595 0.7914903 0.5525428 0.8044423 0.5168471 0.7935867 0.5159615 0.8058031 0.5168471 0.7935867 0.5525428 0.8044423 0.5525428 0.8044423 0.5525428 0.8176392 0.5159615 0.8058031 0.5160605 0.8181722 0.5159615 0.8058031 0.5525428 0.8176392 0.5525428 0.8176392 0.5536595 0.830505 0.5160605 0.8181722 0.5171404 0.830218 0.5160605 0.8181722 0.5536595 0.830505 0.9599363 0.8047391 0.9599363 0.7962573 0.9724519 0.8014749 0.9724519 0.7924009 0.9724519 0.8014749 0.9599363 0.7962573 0.9599363 0.7962573 0.9599363 0.7880238 0.9724519 0.7924009 0.9724538 0.7838382 0.9724519 0.7924009 0.9599363 0.7880238 0.9599363 0.7880238 0.9599363 0.7804501 0.9724538 0.7838382 0.9724538 0.7762846 0.9724538 0.7838382 0.9599363 0.7804501 0.9599363 0.7804501 0.9599382 0.7739168 0.9724538 0.7762846 0.9599412 0.7052538 0.9599451 0.6990677 0.9724606 0.7010878 0.9724606 0.7010878 0.9724567 0.7073013 0.9599412 0.7052538 0.9599382 0.7128681 0.9599412 0.7052538 0.9724567 0.7073013 0.9724567 0.7073013 0.9724547 0.7146437 0.9599382 0.7128681 0.9599363 0.7214676 0.9599382 0.7128681 0.9724547 0.7146437 0.9724547 0.7146437 0.9724538 0.7227475 0.9599363 0.7214676 0.9599363 0.7305529 0.9599363 0.7214676 0.9724538 0.7227475 0.9724538 0.7227475 0.9724538 0.7312058 0.9599363 0.7305529 0.9599373 0.7395955 0.9599363 0.7305529 0.9724547 0.7395951 0.9599363 0.7305529 0.9724538 0.7312058 0.9724547 0.7395951 0.9724547 0.7395951 0.9724567 0.7474945 0.9599373 0.7395955 0.9599402 0.748071 0.9599373 0.7395955 0.9724567 0.7474945 0.9724567 0.7474945 0.9724606 0.7545078 0.9599402 0.748071 0.9599441 0.7554855 0.9599402 0.748071 0.9724606 0.7545078 0.8123739 0.8855313 0.8123681 0.8922688 0.7998555 0.8864898 0.7998496 0.8939754 0.7998555 0.8864898 0.8123681 0.8922688 0.8123681 0.8922688 0.8123642 0.8999841 0.7998496 0.8939754 0.7998468 0.9024955 0.7998496 0.8939754 0.8123642 0.8999841 0.8123642 0.8999841 0.8123623 0.9082906 0.7998468 0.9024955 0.7998448 0.9115548 0.7998468 0.9024955 0.8123623 0.9082906 0.8123623 0.9082906 0.8123623 0.916772 0.7998448 0.9115548 0.7998458 0.9206269 0.7998448 0.9115548 0.8123623 0.916772 0.8123623 0.916772 0.8123642 0.9250025 0.7998458 0.9206269 0.7998487 0.9291841 0.7998458 0.9206269 0.8123642 0.9250025 0.8123642 0.9250025 0.8123681 0.9325693 0.7998487 0.9291841 0.7998545 0.93673 0.7998487 0.9291841 0.8123681 0.9325693 0.8123681 0.9325693 0.8123739 0.9390938 0.7998545 0.93673 0.59252 0.9368446 0.5903535 0.9279778 0.5967268 0.9449306 0.6027297 0.9517662 0.5967268 0.9449306 0.5903535 0.9279778 0.5903535 0.9279778 0.5903535 0.9188459 0.6027297 0.9517662 0.6101799 0.956954 0.6027297 0.9517662 0.5903535 0.9188459 0.5903535 0.9188459 0.59252 0.909979 0.6101799 0.956954 0.6186445 0.9601922 0.6101799 0.956954 0.59252 0.909979 0.59252 0.909979 0.5967273 0.901893 0.6186445 0.9601922 0.6276311 0.9612933 0.6186445 0.9601922 0.5967273 0.901893 0.5967273 0.901893 0.6027302 0.8950574 0.6276311 0.9612933 0.6366176 0.9601927 0.6276311 0.9612933 0.6027302 0.8950574 0.6027302 0.8950574 0.6101804 0.8898701 0.6366176 0.9601927 0.6450817 0.9569544 0.6366176 0.9601927 0.6101804 0.8898701 0.6101804 0.8898701 0.6186445 0.8866319 0.6450817 0.9569544 0.652532 0.9517667 0.6450817 0.9569544 0.6186445 0.8866319 0.6186445 0.8866319 0.6276311 0.8855313 0.652532 0.9517667 0.6585348 0.9449316 0.652532 0.9517667 0.6276311 0.8855313 0.6276311 0.8855313 0.6366176 0.8866324 0.6585348 0.9449316 0.6627421 0.9368456 0.6585348 0.9449316 0.6366176 0.8866324 0.6366176 0.8866324 0.6450822 0.8898707 0.6627421 0.9368456 0.6649087 0.9279787 0.6627421 0.9368456 0.6450822 0.8898707 0.6450822 0.8898707 0.6525325 0.8950584 0.6649087 0.9279787 0.6649087 0.9188469 0.6649087 0.9279787 0.6525325 0.8950584 0.6525325 0.8950584 0.6585353 0.9018939 0.6649087 0.9188469 0.6627421 0.90998 0.6649087 0.9188469 0.6585353 0.9018939 0.5536595 0.830505 0.5558445 0.8424764 0.5171404 0.830218 0.5558445 0.8424764 0.5191583 0.8414776 0.5171404 0.830218 0.5220406 0.8515191 0.5191583 0.8414776 0.5558445 0.8424764 0.5558445 0.8424764 0.5590045 0.8530312 0.5220406 0.8515191 0.7232358 0.9711673 0.7232377 0.9804323 0.6831828 0.9792925 0.6831828 0.9792925 0.6831809 0.9691306 0.7232358 0.9711673 0.7232348 0.9604787 0.7232358 0.9711673 0.6831809 0.9691306 0.6831809 0.9691306 0.6831799 0.9574389 0.7232348 0.9604787 0.7232338 0.9487782 0.7232348 0.9604787 0.6831799 0.9574389 0.6831799 0.9574389 0.6831789 0.9447293 0.7232338 0.9487782 0.7232338 0.9365149 0.7232338 0.9487782 0.6831789 0.9447293 0.6831789 0.9447293 0.6831789 0.9315574 0.7232338 0.9365149 0.7232338 0.9241605 0.7232338 0.9365149 0.6831789 0.9315574 0.6831789 0.9315574 0.6831799 0.9184976 0.7232338 0.9241605 0.7232348 0.9121901 0.7232338 0.9241605 0.6831799 0.9184976 0.6831799 0.9184976 0.6831809 0.9061221 0.7232348 0.9121901 0.7232358 0.9010627 0.7232348 0.9121901 0.6831809 0.9061221 0.6831809 0.9061221 0.6831818 0.8949707 0.7232358 0.9010627 0.1707357 0.6724016 0.1736461 0.6595328 0.2195227 0.6811929 0.06562781 0.6090571 0.05778133 0.6196187 0.01892769 0.5887469 0.2195227 0.6811929 0.2128571 0.6996693 0.1707357 0.6724016 0.009787678 0.6051679 0.01892769 0.5887469 0.05778133 0.6196187 0.1652373 0.6843778 0.1707357 0.6724016 0.2128571 0.6996693 0.05778133 0.6196187 0.05228203 0.631596 0.009787678 0.6051679 0.2128571 0.6996693 0.2031121 0.7166976 0.1652373 0.6843778 0.2031121 0.7166976 0.1573899 0.6949394 0.1652373 0.6843778 0.003483295 0.6228947 0.009787678 0.6051679 0.05228203 0.631596 1.90335e-4 0.6414327 0.003483295 0.6228947 0.0493716 0.6444637 0.003483295 0.6228947 0.05228203 0.631596 0.0493716 0.6444637 0.2031121 0.7166976 0.190584 0.7317598 0.1573899 0.6949394 0.1475381 0.7036241 0.1573899 0.6949394 0.190584 0.7317598 0.0493716 0.6444637 0.0491774 0.6576617 1.90335e-4 0.6414327 0 0.6602646 1.90335e-4 0.6414327 0.0491774 0.6576617 0.190584 0.7317598 0.1756543 0.7443983 0.1475381 0.7036241 0.1756543 0.7443983 0.1361111 0.7100526 0.1475381 0.7036241 0.0491774 0.6576617 0.05170708 0.6706117 0 0.6602646 0.5560173 0.8809019 0.5560173 0.8920533 0.5159615 0.8869939 0.5159615 0.8981213 0.5159615 0.8869939 0.5560173 0.8920533 0.5560173 0.8920533 0.5560154 0.9044288 0.5159615 0.8981213 0.5159615 0.9100917 0.5159615 0.8981213 0.5560154 0.9044288 0.5560154 0.9044288 0.5560154 0.9174886 0.5159615 0.9100917 0.5159615 0.9224461 0.5159615 0.9100917 0.5560154 0.9174886 0.5560154 0.9174886 0.5560154 0.9306605 0.5159615 0.9224461 0.5159615 0.9347094 0.5159615 0.9224461 0.5560154 0.9306605 0.5560154 0.9306605 0.5560173 0.9433705 0.5159615 0.9347094 0.5159615 0.94641 0.5159615 0.9347094 0.5560173 0.9433705 0.5560173 0.9433705 0.5560173 0.9550617 0.5159615 0.94641 0.5159634 0.9570984 0.5159615 0.94641 0.5560173 0.9550617 0.5560173 0.9550617 0.5560193 0.9652237 0.5159634 0.9570984 0.5159654 0.9663635 0.5159634 0.9570984 0.5560193 0.9652237 0.5239735 0.7439765 0.520479 0.7335305 0.5600013 0.7418639 0.5568001 0.7319219 0.5600013 0.7418639 0.520479 0.7335305 0.520479 0.7335305 0.517911 0.7216361 0.5568001 0.7319219 0.5544214 0.7207338 0.5568001 0.7319219 0.517911 0.7216361 0.517911 0.7216361 0.5163829 0.7088139 0.5544214 0.7207338 0.5163829 0.7088139 0.5529565 0.7087296 0.5544214 0.7207338 0.5524622 0.6963703 0.5529565 0.7087296 0.5163829 0.7088139 0.5163829 0.7088139 0.5159605 0.6956233 0.5524622 0.6963703 0.5529565 0.6841309 0.5524622 0.6963703 0.5159605 0.6956233 0.5159605 0.6956233 0.5166631 0.6826414 0.5529565 0.6841309 0.5544214 0.6724824 0.5529565 0.6841309 0.5166631 0.6826414 0.5166631 0.6826414 0.5184592 0.6704359 0.5544214 0.6724824 0.5568001 0.6618717 0.5544214 0.6724824 0.5184592 0.6704359 0.5184592 0.6704359 0.5212709 0.6595396 0.5568001 0.6618717 0.5600013 0.6527066 0.5568001 0.6618717 0.5212709 0.6595396 0.9063113 0.2462572 0.9063006 0.2368329 0.9463594 0.2405904 0.9463506 0.2307468 0.9463594 0.2405904 0.9063006 0.2368329 0.9063006 0.2368329 0.9062928 0.2256932 0.9463506 0.2307468 0.9463448 0.2196282 0.9463506 0.2307468 0.9062928 0.2256932 0.9062928 0.2256932 0.906288 0.2133252 0.9463448 0.2196282 0.9463409 0.2076627 0.9463448 0.2196282 0.906288 0.2133252 0.906288 0.2133252 0.9062851 0.2002688 0.9463409 0.2076627 0.8092548 0.5887067 0.8025979 0.607182 0.7638267 0.5651794 0.6229892 0.4796712 0.6372158 0.4675254 0.6643512 0.5089932 0.6372158 0.4675254 0.675549 0.5022248 0.6643512 0.5089932 0.761296 0.5781284 0.7638267 0.5651794 0.8025979 0.607182 0.6643512 0.5089932 0.6547859 0.5179698 0.6229892 0.4796712 0.8025979 0.607182 0.7928743 0.6242094 0.761296 0.5781284 0.7928743 0.6242094 0.7561619 0.5902653 0.761296 0.5781284 0.6109544 0.4940417 0.6229892 0.4796712 0.6547859 0.5179698 0.7486485 0.6010572 0.7561619 0.5902653 0.7928743 0.6242094 0.6014493 0.5102373 0.6109544 0.4940417 0.6472725 0.5287616 0.7928743 0.6242094 0.7803782 0.6392706 0.7486485 0.6010572 0.7390831 0.6100328 0.7486485 0.6010572 0.7803782 0.6392706 0.9177557 0.7882623 0.9198707 0.7895986 0.9100821 0.8121072 0.9198707 0.7895986 0.9118786 0.8132553 0.9100821 0.8121072 0.9140169 0.8147835 0.9118786 0.8132553 0.9198707 0.7895986 0.9198707 0.7895986 0.9227316 0.7919106 0.9140169 0.8147835 0.9155629 0.8166527 0.9140169 0.8147835 0.9227316 0.7919106 0.9227316 0.7919106 0.9251263 0.794344 0.9155629 0.8166527 0.151236 0.3961458 0.1493142 0.3929443 0.1592481 0.3709452 0.1592481 0.3709452 0.1613093 0.3731357 0.151236 0.3961458 0.153405 0.398689 0.151236 0.3961458 0.1613093 0.3731357 0.1613093 0.3731357 0.1630339 0.3747149 0.153405 0.398689 0.1557589 0.4008678 0.153405 0.398689 0.1630339 0.3747149 0.1630339 0.3747149 0.1656588 0.3770739 0.1557589 0.4008678 0.1716141 0.400327 0.1557589 0.4008678 0.1656588 0.3770739 0.9100821 0.8121072 0.9118786 0.8132553 0.9091867 0.825791 0.9664 0.5900815 0.96912 0.5899199 0.9636245 0.6069091 0.96912 0.5899199 0.9664 0.5900815 0.9746485 0.5714524 0.9118786 0.8132553 0.9140169 0.8147835 0.9091867 0.825791 0.1033977 0.4204452 0.1045567 0.4151903 0.1212835 0.414724 0.9636245 0.6069091 0.9599363 0.6077042 0.9664 0.5900815 0.9129002 0.8289807 0.9091867 0.825791 0.9140169 0.8147835 0.1484436 0.3910007 0.1493142 0.3929443 0.1369376 0.405672 0.1379859 0.4085326 0.1369376 0.405672 0.1493142 0.3929443 0.1369376 0.405672 0.1379859 0.4085326 0.1212835 0.414724 0.1212835 0.414724 0.1220356 0.4195752 0.1033977 0.4204452 0.1220356 0.4195752 0.1212835 0.414724 0.1379859 0.4085326 0.1493142 0.3929443 0.151236 0.3961458 0.1379859 0.4085326 0.1029977 0.4242815 0.1033977 0.4204452 0.1220356 0.4195752 0.1395765 0.4115343 0.1379859 0.4085326 0.151236 0.3961458 0.1379859 0.4085326 0.1395765 0.4115343 0.1220356 0.4195752 0.1220356 0.4195752 0.1234126 0.4245244 0.1029977 0.4242815 0.1234126 0.4245244 0.1220356 0.4195752 0.1395765 0.4115343 0.151236 0.3961458 0.153405 0.398689 0.1395765 0.4115343 0.1031938 0.4295011 0.1029977 0.4242815 0.1234126 0.4245244 0.1395765 0.4115343 0.1415348 0.4144105 0.1234126 0.4245244 0.1415348 0.4144105 0.1395765 0.4115343 0.153405 0.398689 0.153405 0.398689 0.1557589 0.4008678 0.1415348 0.4144105 0.1045567 0.4151903 0.1033977 0.4204452 0.08936536 0.4160798 0.08815103 0.4217775 0.08936536 0.4160798 0.1033977 0.4204452 0.1033977 0.4204452 0.1029977 0.4242815 0.08815103 0.4217775 0.08778148 0.4257353 0.08815103 0.4217775 0.1029977 0.4242815 0.1029977 0.4242815 0.1031938 0.4295011 0.08778148 0.4257353 0.08797329 0.4296539 0.08778148 0.4257353 0.1031938 0.4295011 0.0699405 0.4175336 0.07157337 0.414144 0.08936536 0.4160798 0.07157337 0.414144 0.0699405 0.4175336 0.05499917 0.4061422 0.05255538 0.4095044 0.05499917 0.4061422 0.0699405 0.4175336 0.05499917 0.4061422 0.05255538 0.4095044 0.03919112 0.3948919 0.03716832 0.397051 0.03919112 0.3948919 0.05255538 0.4095044 0.08936536 0.4160798 0.08815103 0.4217775 0.0699405 0.4175336 0.03472697 0.3998959 0.03716832 0.397051 0.05255538 0.4095044 0.06804442 0.4224985 0.0699405 0.4175336 0.08815103 0.4217775 0.0699405 0.4175336 0.06804442 0.4224985 0.05255538 0.4095044 0.04958426 0.414101 0.05255538 0.4095044 0.06804442 0.4224985 0.05255538 0.4095044 0.04958426 0.414101 0.03472697 0.3998959 0.08815103 0.4217775 0.08778148 0.4257353 0.06804442 0.4224985 0.03193652 0.4032894 0.03472697 0.3998959 0.04958426 0.414101 0.08778148 0.4257353 0.08797329 0.4296539 0.06804442 0.4224985 0.06697475 0.4267855 0.06804442 0.4224985 0.08797329 0.4296539 0.06804442 0.4224985 0.06697475 0.4267855 0.04958426 0.414101 0.0469225 0.4190306 0.04958426 0.414101 0.06697475 0.4267855 0.04958426 0.414101 0.0469225 0.4190306 0.03193652 0.4032894 0.02931016 0.406491 0.03193652 0.4032894 0.0469225 0.4190306 0.02931016 0.406491 0.0469225 0.4190306 0.02830266 0.4077959 0.03919112 0.3948919 0.03716832 0.397051 0.01930928 0.372975 0.01710832 0.3755535 0.01930928 0.372975 0.03716832 0.397051 0.03716832 0.397051 0.03472697 0.3998959 0.01710832 0.3755535 0.01372063 0.3791821 0.01710832 0.3755535 0.03472697 0.3998959 0.03472697 0.3998959 0.03193652 0.4032894 0.01372063 0.3791821 0.03193652 0.4032894 0.00956726 0.3827676 0.01372063 0.3791821 0.03193652 0.4032894 0.02931016 0.406491 0.00956726 0.3827676 0.02931016 0.406491 0.02830266 0.4077959 0.00956726 0.3827676 0.006286859 0.3847113 0.00956726 0.3827676 0.02830266 0.4077959 0.0121023 0.4096729 0.006286859 0.3847113 0.02830266 0.4077959 0.4854243 0.6800913 0.4881842 0.6782163 0.4930998 0.6863587 0.4881842 0.6782163 0.4854243 0.6800913 0.4784964 0.6709923 0.4822721 0.6673397 0.4784964 0.6709923 0.4736701 0.6582749 0.4784964 0.6709923 0.4822721 0.6673397 0.4881842 0.6782163 0.5978183 0.7128877 0.6005248 0.7123352 0.6004005 0.7247739 0.4960753 0.6836308 0.4930998 0.6863587 0.4881842 0.6782163 0.4736701 0.6582749 0.4766591 0.6560012 0.4822721 0.6673397 0.6041829 0.7247886 0.6004005 0.7247739 0.6005248 0.7123352 0.4881842 0.6782163 0.4920627 0.6752989 0.4960753 0.6836308 0.4920627 0.6752989 0.4881842 0.6782163 0.4822721 0.6673397 0.4766591 0.6560012 0.4799764 0.6527066 0.4822721 0.6673397 0.6037391 0.7114526 0.6005248 0.7123352 0.5962957 0.7018852 0.6005248 0.7123352 0.6037391 0.7114526 0.6041829 0.7247886 0.4862089 0.6642729 0.4822721 0.6673397 0.4799764 0.6527066 0.4822721 0.6673397 0.4862089 0.6642729 0.4920627 0.6752989 0.6081081 0.7247837 0.6041829 0.7247886 0.6037391 0.7114526 0.6065417 0.7105032 0.6037391 0.7114526 0.5962957 0.7018852 0.6037391 0.7114526 0.6065417 0.7105032 0.6081081 0.7247837 0.5962957 0.7018852 0.5994235 0.6997309 0.6065417 0.7105032 0.4952362 0.6737118 0.4920627 0.6752989 0.4862089 0.6642729 0.01372063 0.3791821 0.00956726 0.3827676 0.008218884 0.3683511 0.003523111 0.3710196 0.008218884 0.3683511 0.00956726 0.3827676 0.4862089 0.6642729 0.4895087 0.6619378 0.4952362 0.6737118 0.6127296 0.7247729 0.6081081 0.7247837 0.6065417 0.7105032 0.6065417 0.7105032 0.6100736 0.7090288 0.6127296 0.7247729 0.6100736 0.7090288 0.6065417 0.7105032 0.5994235 0.6997309 0.4976893 0.672935 0.4952362 0.6737118 0.4895087 0.6619378 0.5994235 0.6997309 0.6019261 0.6975032 0.6100736 0.7090288 0.6100736 0.7090288 0.6135589 0.7073733 0.6127296 0.7247729 0.6135589 0.7073733 0.6100736 0.7090288 0.6019261 0.6975032 0.6019261 0.6975032 0.6043713 0.6947808 0.6135589 0.7073733 0.6043713 0.6947808 0.6019261 0.6975032 0.5929191 0.6923679 0.00956726 0.3827676 0.006286859 0.3847113 0.003523111 0.3710196 0.003523111 0.3710196 0.006286859 0.3847113 0 0.3685196 0.617621 0.7247533 0.6127296 0.7247729 0.6135589 0.7073733 0.5929191 0.6923679 0.5966763 0.6903155 0.6043713 0.6947808 0.5966763 0.6903155 0.6087315 0.6903753 0.6043713 0.6947808 0.6170063 0.7054091 0.6135589 0.7073733 0.6043713 0.6947808 0.6135589 0.7073733 0.6170063 0.7054091 0.617621 0.7247533 0.6213306 0.7247739 0.617621 0.7247533 0.6170063 0.7054091 0.6043713 0.6947808 0.6087315 0.6903753 0.6170063 0.7054091 0.6004005 0.7247739 0.6041829 0.7247886 0.6004005 0.8326328 0.6039071 0.8326348 0.6004005 0.8326328 0.6041829 0.7247886 0.6041829 0.7247886 0.6081081 0.7247837 0.6039071 0.8326348 0.6075516 0.8326417 0.6039071 0.8326348 0.6081081 0.7247837 0.6081081 0.7247837 0.6127296 0.7247729 0.6075516 0.8326417 0.613049 0.8326328 0.6075516 0.8326417 0.6127296 0.7247729 0.6127296 0.7247729 0.617621 0.7247533 0.613049 0.8326328 0.6167625 0.8326338 0.613049 0.8326328 0.617621 0.7247533 0.617621 0.7247533 0.6213306 0.7247739 0.6167625 0.8326338 0.621617 0.8326338 0.6167625 0.8326338 0.6213306 0.7247739 0.9198707 0.7895986 0.9177557 0.7882623 0.923491 0.7760833 0.923491 0.7760833 0.9270102 0.779132 0.9198707 0.7895986 0.9270102 0.779132 0.923491 0.7760833 0.9310287 0.7675094 0.9382886 0.762274 0.9411999 0.7644646 0.9310287 0.7675094 0.6010054 0.8451548 0.5983213 0.8445788 0.6004005 0.8326328 0.9310287 0.7675094 0.9353539 0.7705306 0.9270102 0.779132 0.594637 0.854775 0.5906244 0.8538424 0.6010054 0.8451548 0.6004005 0.8326328 0.6039071 0.8326348 0.6010054 0.8451548 0.9227316 0.7919106 0.9198707 0.7895986 0.9270102 0.779132 0.6039071 0.8326348 0.6075516 0.8326417 0.6010054 0.8451548 0.9299896 0.781295 0.9270102 0.779132 0.9353539 0.7705306 0.9270102 0.779132 0.9299896 0.781295 0.9227316 0.7919106 0.6055648 0.846495 0.6010054 0.8451548 0.6075516 0.8326417 0.6010054 0.8451548 0.6055648 0.846495 0.594637 0.854775 0.9353539 0.7705306 0.9388751 0.7725918 0.9299896 0.781295 0.5979465 0.8565511 0.594637 0.854775 0.6055648 0.846495 0.9251263 0.794344 0.9227316 0.7919106 0.9299896 0.781295 0.9322328 0.7828742 0.9299896 0.781295 0.9388751 0.7725918 0.9299896 0.781295 0.9322328 0.7828742 0.9251263 0.794344 0.6006374 0.858677 0.5979465 0.8565511 0.6055648 0.846495 0.9388751 0.7725918 0.9416661 0.7735636 0.9322328 0.7828742 0.9265849 0.7965267 0.9251263 0.794344 0.9322328 0.7828742 0.6109117 0.8486914 0.6055648 0.846495 0.6075516 0.8326417 0.6055648 0.846495 0.6109117 0.8486914 0.6006374 0.858677 0.9322328 0.7828742 0.93515 0.7841792 0.9265849 0.7965267 0.5931473 0.8660998 0.5903535 0.8620685 0.6006374 0.858677 0.6075516 0.8326417 0.613049 0.8326328 0.6109117 0.8486914 0.6036207 0.861516 0.6006374 0.858677 0.6109117 0.8486914 0.6006374 0.858677 0.6036207 0.861516 0.5931473 0.8660998 0.9275075 0.7981255 0.9265849 0.7965267 0.93515 0.7841792 0.613049 0.8326328 0.6167625 0.8326338 0.6109117 0.8486914 0.93515 0.7841792 0.936562 0.7843398 0.9275075 0.7981255 0.1605188 0.3618187 0.1656588 0.3770739 0.1630339 0.3747149 0.6160575 0.8514295 0.6109117 0.8486914 0.6167625 0.8326338 0.6109117 0.8486914 0.6160575 0.8514295 0.6036207 0.861516 0.6167625 0.8326338 0.621617 0.8326338 0.6160575 0.8514295 0.5945408 0.8671 0.5931473 0.8660998 0.6036207 0.861516 0.6088762 0.8670971 0.6036207 0.861516 0.6160575 0.8514295 0.6036207 0.861516 0.6088762 0.8670971 0.5945408 0.8671 0.621617 0.8326338 0.6179201 0.852511 0.6160575 0.8514295 0.6160575 0.8514295 0.6179201 0.852511 0.6088762 0.8670971 0.4216969 0.8344305 0.4186398 0.8174893 0.4273447 0.8327391 0.4186398 0.8174893 0.4334025 0.8311296 0.4273447 0.8327391 0.4297589 0.8076066 0.4334025 0.8311296 0.4186398 0.8174893 0.4334025 0.8311296 0.4297589 0.8076066 0.4394932 0.8297551 0.4297589 0.8076066 0.4451664 0.8284438 0.4394932 0.8297551 0.4451664 0.8284438 0.4412937 0.788571 0.4501307 0.8275798 0.5541703 0.2158776 0.5453081 0.1781139 0.550417 0.1771147 0.4412937 0.788571 0.4451664 0.8284438 0.4297589 0.8076066 0.5330752 0.1999367 0.5332179 0.1786233 0.5394679 0.1785449 0.5394679 0.1785449 0.5453081 0.1781139 0.5330752 0.1999367 0.5453081 0.1781139 0.5450614 0.2159168 0.5330752 0.1999367 0.5450614 0.2159168 0.5453081 0.1781139 0.5541703 0.2158776 0.4186398 0.8174893 0.4171929 0.8010439 0.4297589 0.8076066 0.4297589 0.8076066 0.4297356 0.7841836 0.4412937 0.788571 0.4297589 0.8076066 0.417191 0.7845122 0.4297356 0.7841836 0.4297589 0.8076066 0.4171929 0.8010439 0.417191 0.7845122 0.5329383 0.2212383 0.5330752 0.1999367 0.5450614 0.2159168 0.4470989 0.7492564 0.4412937 0.788571 0.4332258 0.7552705 0.4412937 0.788571 0.4297356 0.7841836 0.4332258 0.7552705 0.4412937 0.788571 0.4470989 0.7492564 0.4503987 0.7891284 0.5450614 0.2159168 0.5448167 0.2533906 0.5329383 0.2212383 0.5448167 0.2533906 0.5328003 0.2424184 0.5329383 0.2212383 0.4559786 0.751783 0.4503987 0.7891284 0.4470989 0.7492564 0.5326644 0.2630226 0.5328003 0.2424184 0.5448167 0.2533906 0.4332258 0.7552705 0.4428144 0.7243815 0.4470989 0.7492564 0.4428144 0.7243815 0.4332258 0.7552705 0.4272555 0.7313817 0.4272555 0.7313817 0.4332258 0.7552705 0.4214113 0.752214 0.4621664 0.7124963 0.4470989 0.7492564 0.4428144 0.7243815 0.4470989 0.7492564 0.4621664 0.7124963 0.4559786 0.751783 0.4703839 0.7168916 0.4559786 0.751783 0.4621664 0.7124963 0.5448167 0.2533906 0.5445817 0.2885014 0.5326644 0.2630226 0.5445817 0.2885014 0.5325323 0.282647 0.5326644 0.2630226 0.4272555 0.7313817 0.4354398 0.7113643 0.4428144 0.7243815 0.4579635 0.6958702 0.4428144 0.7243815 0.4458539 0.6924242 0.4428144 0.7243815 0.4354398 0.7113643 0.4458539 0.6924242 0.4428144 0.7243815 0.4579635 0.6958702 0.4621664 0.7124963 0.532408 0.3009117 0.5325323 0.282647 0.5445817 0.2885014 0.4621664 0.7124963 0.4854243 0.6800913 0.4703839 0.7168916 0.4854243 0.6800913 0.4930998 0.6863587 0.4703839 0.7168916 0.4854243 0.6800913 0.4621664 0.7124963 0.4579635 0.6958702 0.5445817 0.2885014 0.5440651 0.3193526 0.532408 0.3009117 0.4458539 0.6924242 0.4583578 0.6748149 0.4579635 0.6958702 0.4784964 0.6709923 0.4579635 0.6958702 0.4583578 0.6748149 0.4784964 0.6709923 0.4854243 0.6800913 0.4579635 0.6958702 0.532408 0.3009117 0.5440651 0.3193526 0.5322934 0.3174443 0.4736701 0.6582749 0.4784964 0.6709923 0.4583578 0.6748149 0.863749 0.6394528 0.868282 0.6117717 0.8738989 0.6135939 0.8738989 0.6135939 0.879844 0.615608 0.863749 0.6394528 0.8753284 0.6586149 0.879844 0.615608 0.8872671 0.6580741 0.879844 0.615608 0.8859891 0.6167405 0.8872671 0.6580741 0.8859891 0.6167405 0.8914505 0.6184921 0.8872671 0.6580741 0.879844 0.615608 0.8753284 0.6586149 0.863749 0.6394528 0.8872671 0.6580741 0.8914505 0.6184921 0.8962846 0.6193974 0.4091134 0.1762722 0.4141922 0.1774712 0.4048648 0.2149058 0.4262892 0.1780551 0.426161 0.1992353 0.4200412 0.1777965 0.426161 0.1992353 0.4141922 0.1774712 0.4200412 0.1777965 0.4141922 0.1774712 0.4139524 0.2150586 0.4048648 0.2149058 0.4139524 0.2150586 0.4141922 0.1774712 0.426161 0.1992353 0.426161 0.1992353 0.4260241 0.2205368 0.4139524 0.2150586 0.8634052 0.6666637 0.863749 0.6394528 0.8753284 0.6586149 0.8872671 0.6580741 0.8927091 0.6974993 0.8753284 0.6586149 0.4046065 0.2543545 0.4048648 0.2149058 0.4139524 0.2150586 0.4137076 0.2525324 0.4139524 0.2150586 0.4258852 0.241717 0.4139524 0.2150586 0.4260241 0.2205368 0.4258852 0.241717 0.4139524 0.2150586 0.4137076 0.2525324 0.4046065 0.2543545 0.8813919 0.7014297 0.8753284 0.6586149 0.8927091 0.6974993 0.8753284 0.6586149 0.8813919 0.7014297 0.8634052 0.6666637 0.8813919 0.7014297 0.866975 0.6936748 0.8634052 0.6666637 0.4258852 0.241717 0.4257493 0.2623211 0.4137076 0.2525324 0.8743805 0.719859 0.866975 0.6936748 0.8813919 0.7014297 0.9074504 0.7344205 0.8927091 0.6974993 0.9011479 0.6956341 0.8927091 0.6974993 0.9074504 0.7344205 0.8813919 0.7014297 0.4134726 0.2876471 0.4137076 0.2525324 0.4256182 0.2819455 0.4137076 0.2525324 0.4257493 0.2623211 0.4256182 0.2819455 0.9011479 0.6956341 0.9152424 0.7306783 0.9074504 0.7344205 0.8813919 0.7014297 0.8976656 0.7414388 0.8743805 0.719859 0.8976656 0.7414388 0.8854666 0.7446834 0.8743805 0.719859 0.8976656 0.7414388 0.8813919 0.7014297 0.9074504 0.7344205 0.4256182 0.2819455 0.4254929 0.3002102 0.4134726 0.2876471 0.8999962 0.7676269 0.8854666 0.7446834 0.8976656 0.7414388 0.9310287 0.7675094 0.9074504 0.7344205 0.9382886 0.762274 0.9074504 0.7344205 0.9152424 0.7306783 0.9382886 0.762274 0.9074504 0.7344205 0.9310287 0.7675094 0.8976656 0.7414388 0.4135202 0.3193526 0.4134726 0.2876471 0.4254929 0.3002102 0.8976656 0.7414388 0.923491 0.7760833 0.8999962 0.7676269 0.8976656 0.7414388 0.9310287 0.7675094 0.923491 0.7760833 0.4254929 0.3002102 0.4253783 0.3167428 0.4135202 0.3193526 0.9177557 0.7882623 0.8999962 0.7676269 0.923491 0.7760833 0.8407514 0.6508952 0.8465644 0.606031 0.863749 0.6394528 0.863749 0.6394528 0.8634052 0.6666637 0.8407514 0.6508952 0.1618404 0.2208229 0.1642813 0.2660007 0.1464655 0.2222493 0.8445911 0.695975 0.8407514 0.6508952 0.8634052 0.6666637 0.1489127 0.2727525 0.1464655 0.2222493 0.1642813 0.2660007 0.1464655 0.2222493 0.1489127 0.2727525 0.1241875 0.2298671 0.1489127 0.2727525 0.1258355 0.2590843 0.1241875 0.2298671 0.8634052 0.6666637 0.866975 0.6936748 0.8445911 0.695975 0.1259627 0.2881448 0.1258355 0.2590843 0.1489127 0.2727525 0.857903 0.7391777 0.8445911 0.695975 0.8743805 0.719859 0.8445911 0.695975 0.866975 0.6936748 0.8743805 0.719859 0.8445911 0.695975 0.857903 0.7391777 0.8309297 0.7030559 0.1466981 0.3220016 0.1489127 0.2727525 0.1627256 0.3102771 0.1489127 0.2727525 0.1466981 0.3220016 0.1259627 0.2881448 0.1466981 0.3220016 0.1245667 0.3165783 0.1259627 0.2881448 0.8743805 0.719859 0.8854666 0.7446834 0.857903 0.7391777 0.12167 0.3439303 0.1245667 0.3165783 0.1466981 0.3220016 0.857903 0.7391777 0.8800712 0.7785089 0.8469062 0.7509924 0.8800712 0.7785089 0.857903 0.7391777 0.8854666 0.7446834 0.1466981 0.3220016 0.1399344 0.3675125 0.12167 0.3439303 0.1399344 0.3675125 0.1173185 0.3697539 0.12167 0.3439303 0.8730851 0.7941246 0.8469062 0.7509924 0.8800712 0.7785089 0.8854666 0.7446834 0.8999962 0.7676269 0.8800712 0.7785089 0.8800712 0.7785089 0.9177557 0.7882623 0.9100821 0.8121072 0.8800712 0.7785089 0.8999962 0.7676269 0.9177557 0.7882623 0.8800712 0.7785089 0.9100821 0.8121072 0.8730851 0.7941246 0.1115837 0.393634 0.1173185 0.3697539 0.1399344 0.3675125 0.96912 0.5899199 0.9977334 0.6057989 0.9636245 0.6069091 0.8730851 0.7941246 0.9100821 0.8121072 0.9091867 0.825791 0.9977334 0.6057989 0.96912 0.5899199 0.9936587 0.5762575 0.9746485 0.5714524 0.9936587 0.5762575 0.96912 0.5899199 0.07432937 0.1768521 0.08131206 0.226066 0.06058055 0.1796618 0.08131206 0.226066 0.04726678 0.1831846 0.06058055 0.1796618 0.08131206 0.226066 0.05357843 0.2271632 0.04726678 0.1831846 0.08131206 0.226066 0.07432937 0.1768521 0.1058531 0.2018568 0.04726678 0.1831846 0.05357843 0.2271632 0.0349037 0.1872795 0.05357843 0.2271632 0.02395796 0.1922091 0.0349037 0.1872795 0.05357843 0.2271632 0.02677077 0.2087261 0.02395796 0.1922091 0.05357843 0.2271632 0.0288785 0.2249218 0.02677077 0.2087261 0.0304104 0.2413604 0.0288785 0.2249218 0.05357843 0.2271632 0.05357843 0.2271632 0.05601876 0.2723371 0.0304104 0.2413604 0.05601876 0.2723371 0.03169423 0.273932 0.0304104 0.2413604 0.05601876 0.2723371 0.05357843 0.2271632 0.08131206 0.226066 0.08131206 0.226066 0.08375924 0.2765653 0.05601876 0.2723371 0.08131206 0.226066 0.1106441 0.2599778 0.08375924 0.2765653 0.1106441 0.2599778 0.1107708 0.2890383 0.08375924 0.2765653 0.05446404 0.3166057 0.05601876 0.2723371 0.08375924 0.2765653 0.05601876 0.2723371 0.05446404 0.3166057 0.03169423 0.273932 0.05446404 0.3166057 0.03125965 0.2952767 0.03169423 0.273932 0.08375924 0.2765653 0.08154559 0.3258106 0.05446404 0.3166057 0.08154559 0.3258106 0.08375924 0.2765653 0.1093749 0.3174756 0.08375924 0.2765653 0.1107708 0.2890383 0.1093749 0.3174756 0.02980399 0.316065 0.03125965 0.2952767 0.05446404 0.3166057 0.1093749 0.3174756 0.1064776 0.3448237 0.08154559 0.3258106 0.05446404 0.3166057 0.04898661 0.3579275 0.02980399 0.316065 0.04898661 0.3579275 0.02734613 0.3360186 0.02980399 0.316065 0.04898661 0.3579275 0.05446404 0.3166057 0.08154559 0.3258106 0.08154559 0.3258106 0.07478237 0.3713175 0.04898661 0.3579275 0.07478237 0.3713175 0.08154559 0.3258106 0.1021266 0.3706474 0.08154559 0.3258106 0.1064776 0.3448237 0.1021266 0.3706474 0.0239191 0.3548789 0.02734613 0.3360186 0.04898661 0.3579275 0.04898661 0.3579275 0.03919112 0.3948919 0.0239191 0.3548789 0.03919112 0.3948919 0.01930928 0.372975 0.0239191 0.3548789 0.03919112 0.3948919 0.04898661 0.3579275 0.07478237 0.3713175 0.1021266 0.3706474 0.09639173 0.3945274 0.07478237 0.3713175 0.07157337 0.414144 0.07478237 0.3713175 0.09639173 0.3945274 0.09639173 0.3945274 0.08936536 0.4160798 0.07157337 0.414144 0.1716141 0.400327 0.1746735 0.4192422 0.1557589 0.4008678 0.1746735 0.4192422 0.1415348 0.4144105 0.1557589 0.4008678 0.01516175 0.4285841 0.0121023 0.4096729 0.0469225 0.4190306 0.0121023 0.4096729 0.02830266 0.4077959 0.0469225 0.4190306 0.0469225 0.4190306 0.06697475 0.4267855 0.01516175 0.4285841 0.1234126 0.4245244 0.1415348 0.4144105 0.1746735 0.4192422 0.1746735 0.4192422 0.1763895 0.4387804 0.1234126 0.4245244 0.1763895 0.4387804 0.1031938 0.4295011 0.1234126 0.4245244 0.01516175 0.4285841 0.06697475 0.4267855 0.08797329 0.4296539 0.01719862 0.4677037 0.01687765 0.4481263 0.1767104 0.4583578 0.1767104 0.4583578 0.1756262 0.4773788 0.01719862 0.4677037 0.01611441 0.4867208 0.01719862 0.4677037 0.1756262 0.4773788 0.1756262 0.4773788 0.1731697 0.4952594 0.01611441 0.4867208 0.01365798 0.5046014 0.01611441 0.4867208 0.1731697 0.4952594 0.1731697 0.4952594 0.169416 0.511459 0.01365798 0.5046014 0.009904205 0.520801 0.01365798 0.5046014 0.169416 0.511459 0.1950161 0.3712077 0.1950025 0.3574455 0.3702558 0.3712273 0.3702422 0.3574652 0.3702558 0.3712273 0.1950025 0.3574455 0.1950025 0.3574455 0.1949918 0.3414576 0.3702422 0.3574652 0.3702315 0.3414732 0.3702422 0.3574652 0.1949918 0.3414576 0.1949918 0.3414576 0.194985 0.3237219 0.3702315 0.3414732 0.3702247 0.3237415 0.3702315 0.3414732 0.194985 0.3237219 0.194985 0.3237219 0.1949811 0.3047832 0.3702247 0.3237415 0.3702208 0.3047989 0.3702247 0.3237415 0.1949811 0.3047832 0.7320815 0.8670951 0.7151358 0.8670932 0.7320805 0.6903116 0.7151349 0.6903097 0.7320805 0.6903116 0.7151358 0.8670932 0.7151358 0.8670932 0.6971219 0.8670922 0.7151349 0.6903097 0.697121 0.6903086 0.7151349 0.6903097 0.6971219 0.8670922 0.6971219 0.8670922 0.6785439 0.8670922 0.697121 0.6903086 0.6785429 0.6903086 0.697121 0.6903086 0.6785439 0.8670922 0.6785439 0.8670922 0.6599201 0.8670922 0.6785429 0.6903086 0.6599192 0.6903086 0.6785429 0.6903086 0.6599201 0.8670922 0.6599201 0.8670922 0.6417683 0.8670932 0.6599192 0.6903086 0.6417673 0.6903097 0.6599192 0.6903086 0.6417683 0.8670932 0.6417683 0.8670932 0.6245954 0.8670951 0.6417673 0.6903097 0.6245945 0.6903116 0.6417673 0.6903097 0.6245954 0.8670951 0.6245954 0.8670951 0.6088762 0.8670971 0.6179201 0.852511 0.6179201 0.852511 0.621617 0.8326338 0.6245954 0.8670951 0.621617 0.8326338 0.6245945 0.6903116 0.6245954 0.8670951 0.6245945 0.6903116 0.6170063 0.7054091 0.6087315 0.6903753 0.6245945 0.6903116 0.6213306 0.7247739 0.6170063 0.7054091 0.6245945 0.6903116 0.621617 0.8326338 0.6213306 0.7247739 0.8333137 0.8919107 0.8379925 0.8804772 0.8447844 0.8701869 0.8447844 0.8701869 0.8534291 0.8614357 0.8333137 0.8919107 0.8309287 0.9040496 0.8333137 0.8919107 0.8534291 0.8614357 0.8534291 0.8614357 0.8635936 0.8545615 0.8309287 0.9040496 0.8309287 0.9164266 0.8309287 0.9040496 0.8635936 0.8545615 0.8635936 0.8545615 0.8748884 0.8498258 0.8309287 0.9164266 0.8333137 0.9285665 0.8309287 0.9164266 0.8748884 0.8498258 0.8748884 0.8498258 0.8868796 0.8474129 0.8333137 0.9285665 0.8379925 0.940002 0.8333137 0.9285665 0.8868796 0.8474129 0.8868796 0.8474129 0.8991047 0.8474149 0.8379925 0.940002 0.8447844 0.9502933 0.8379925 0.940002 0.8991047 0.8474149 0.8991047 0.8474149 0.9110949 0.8498307 0.8447844 0.9502933 0.8534291 0.9590465 0.8447844 0.9502933 0.9110949 0.8498307 0.9110949 0.8498307 0.9223898 0.8545693 0.8534291 0.9590465 0.8635936 0.9659246 0.8534291 0.9590465 0.9223898 0.8545693 0.9223898 0.8545693 0.9325543 0.8614464 0.8635936 0.9659246 0.8748884 0.9706622 0.8635936 0.9659246 0.9325543 0.8614464 0.9325543 0.8614464 0.941199 0.8701997 0.8748884 0.9706622 0.8868786 0.973079 0.8748884 0.9706622 0.941199 0.8701997 0.941199 0.8701997 0.9479908 0.8804919 0.8868786 0.973079 0.8991038 0.97308 0.8868786 0.973079 0.9479908 0.8804919 0.9479908 0.8804919 0.9526696 0.8919274 0.8991038 0.97308 0.9110949 0.9706671 0.8991038 0.97308 0.9526696 0.8919274 0.9526696 0.8919274 0.9550546 0.9040663 0.9110949 0.9706671 0.9223888 0.9659325 0.9110949 0.9706671 0.9550546 0.9040663 0.9550546 0.9040663 0.9550546 0.9164433 0.9223888 0.9659325 0.9325543 0.9590573 0.9223888 0.9659325 0.9550546 0.9164433 0.9550546 0.9164433 0.9526696 0.9285821 0.9325543 0.9590573 0.941199 0.950307 0.9325543 0.9590573 0.9526696 0.9285821 0.9526696 0.9285821 0.9479908 0.9400167 0.941199 0.950307 0.7388783 0.3083227 0.747554 0.2995715 0.7577545 0.2926953 0.7577545 0.2926953 0.7690891 0.2879586 0.7388783 0.3083227 0.7320621 0.318614 0.7388783 0.3083227 0.7690891 0.2879586 0.7690891 0.2879586 0.781122 0.2855438 0.7320621 0.318614 0.7273678 0.3300485 0.7320621 0.318614 0.781122 0.2855438 0.781122 0.2855438 0.7933909 0.2855438 0.7273678 0.3300485 0.724974 0.3421884 0.7273678 0.3300485 0.7933909 0.2855438 0.8054228 0.2879586 0.7634344 0.3190931 0.724974 0.3421884 0.724974 0.3545654 0.724974 0.3421884 0.7575728 0.3251757 0.724974 0.3421884 0.7634344 0.3190931 0.7575728 0.3251757 0.7575728 0.3251757 0.7532 0.3324203 0.724974 0.3545654 0.7273678 0.3667042 0.724974 0.3545654 0.7505344 0.3404662 0.724974 0.3545654 0.7532 0.3324203 0.7505344 0.3404662 0.7505344 0.3404662 0.7497099 0.3489078 0.7273678 0.3667042 0.7320631 0.3781388 0.7273678 0.3667042 0.7507684 0.3573231 0.7273678 0.3667042 0.7497099 0.3489078 0.7507684 0.3573231 0.7507684 0.3573231 0.7536564 0.3652906 0.7320631 0.3781388 0.7388783 0.3884301 0.7320631 0.3781388 0.7582293 0.3724088 0.7320631 0.3781388 0.7536564 0.3652906 0.7582293 0.3724088 0.7582293 0.3724088 0.7642579 0.378323 0.7388783 0.3884301 0.747554 0.3971823 0.7388783 0.3884301 0.7642579 0.378323 0.7642579 0.378323 0.7714402 0.3827344 0.747554 0.3971823 0.7577545 0.4040585 0.747554 0.3971823 0.7794148 0.3854235 0.747554 0.3971823 0.7714402 0.3827344 0.7794148 0.3854235 0.7794148 0.3854235 0.7877828 0.3862552 0.7577545 0.4040585 0.7690891 0.4087951 0.7577545 0.4040585 0.7961245 0.3851874 0.7577545 0.4040585 0.7877828 0.3862552 0.7961245 0.3851874 0.7961245 0.3851874 0.8040215 0.3822739 0.7690891 0.4087951 0.781122 0.41121 0.7690891 0.4087951 0.8495389 0.3545654 0.7690891 0.4087951 0.8110775 0.3776597 0.8495389 0.3545654 0.7690891 0.4087951 0.8040215 0.3822739 0.8110775 0.3776597 0.8495389 0.3545654 0.8471451 0.3667042 0.781122 0.41121 0.7933909 0.41121 0.781122 0.41121 0.8471451 0.3667042 0.8471451 0.3667042 0.8424499 0.3781397 0.7933909 0.41121 0.8054237 0.4087951 0.7933909 0.41121 0.8424499 0.3781397 0.8424499 0.3781397 0.8356337 0.3884301 0.8054237 0.4087951 0.8167585 0.4040585 0.8054237 0.4087951 0.8356337 0.3884301 0.8356337 0.3884301 0.8269588 0.3971823 0.8167585 0.4040585 0.4258852 0.241717 0.4260241 0.2205368 0.5328003 0.2424184 0.5328003 0.2424184 0.5326644 0.2630226 0.4258852 0.241717 0.4257493 0.2623211 0.4258852 0.241717 0.5326644 0.2630226 0.5326644 0.2630226 0.5325323 0.282647 0.4257493 0.2623211 0.4256182 0.2819455 0.4257493 0.2623211 0.5325323 0.282647 0.5325323 0.282647 0.532408 0.3009117 0.4256182 0.2819455 0.4254929 0.3002102 0.4256182 0.2819455 0.532408 0.3009117 0.532408 0.3009117 0.5322934 0.3174443 0.4254929 0.3002102 0.4253783 0.3167428 0.4254929 0.3002102 0.5322934 0.3174443 0.1259627 0.2881448 0.1106441 0.2599778 0.1258355 0.2590843 0.1107708 0.2890383 0.1106441 0.2599778 0.1259627 0.2881448 0.1259627 0.2881448 0.1245667 0.3165783 0.1107708 0.2890383 0.1093749 0.3174756 0.1107708 0.2890383 0.1245667 0.3165783 0.1245667 0.3165783 0.12167 0.3439303 0.1093749 0.3174756 0.1064776 0.3448237 0.1093749 0.3174756 0.12167 0.3439303 0.12167 0.3439303 0.1173185 0.3697539 0.1064776 0.3448237 0.1021266 0.3706474 0.1064776 0.3448237 0.1173185 0.3697539 0.1173185 0.3697539 0.1115837 0.393634 0.1021266 0.3706474 0.09639173 0.3945274 0.1021266 0.3706474 0.1115837 0.393634 0.9936587 0.5762575 0.9746485 0.5714524 0.9977334 0.5599304 0.9787242 0.5551255 0.9977334 0.5599304 0.9746485 0.5714524 0.1394979 0.1730354 0.1464655 0.2222493 0.128675 0.1724711 0.1464655 0.2222493 0.1163867 0.1725103 0.128675 0.1724711 0.1464655 0.2222493 0.1210446 0.2009633 0.1163867 0.1725103 0.1241875 0.2298671 0.1210446 0.2009633 0.1464655 0.2222493 0.1058531 0.2018568 0.1089962 0.2307605 0.08131206 0.226066 0.1089962 0.2307605 0.1106441 0.2599778 0.08131206 0.226066 0.5015853 0.3919184 0.5071691 0.3634447 0.5179581 0.3951794 0.5235419 0.3667075 0.5179581 0.3951794 0.5071691 0.3634447 0.5071691 0.3634447 0.5121975 0.3377848 0.5235419 0.3667075 0.5285702 0.3410503 0.5235419 0.3667075 0.5121975 0.3377848 0.2910549 0.01587134 0.2910307 0.04479074 0.2743656 0.01587921 0.2743413 0.04480248 0.2743656 0.01587921 0.2910307 0.04479074 0.2910307 0.04479074 0.2910102 0.07609659 0.2743413 0.04480248 0.27432 0.07611227 0.2743413 0.04480248 0.2910102 0.07609659 0.2910102 0.07609659 0.2909937 0.1092599 0.27432 0.07611227 0.2743044 0.1092755 0.27432 0.07611227 0.2909937 0.1092599 0.2909937 0.1092599 0.2909821 0.1437124 0.2743044 0.1092755 0.2742928 0.1437202 0.2743044 0.1092755 0.2909821 0.1437124 0.2909821 0.1437124 0.2909753 0.1788506 0.2742928 0.1437202 0.274286 0.1788506 0.2742928 0.1437202 0.2909753 0.1788506 0.2909753 0.1788506 0.2909141 0.2143259 0.274286 0.1788506 0.274284 0.2140633 0.274286 0.1788506 0.2909141 0.2143259 0.8618214 0.03503388 0.8635461 0.05543959 0.7688099 0.03220218 0.7688099 0.03220218 0.7670835 0.01179158 0.8618214 0.03503388 0.2694751 0.9563113 0.2509932 0.9562603 0.2513195 0.8483945 0.2513195 0.8483945 0.2698112 0.8484445 0.2694751 0.9563113 0.2900411 0.9563681 0.2694751 0.9563113 0.2698112 0.8484445 0.2698112 0.8484445 0.2903887 0.8485013 0.2900411 0.9563681 0.3121005 0.9564298 0.2900411 0.9563681 0.2903887 0.8485013 0.2903887 0.8485013 0.3124462 0.848564 0.3121005 0.9564298 0.3335754 0.9564915 0.3121005 0.9564298 0.3124462 0.848564 0.3124462 0.848564 0.3339076 0.8486247 0.3335754 0.9564915 0.3335754 0.9564915 0.3339076 0.8486247 0.3539336 0.8486678 0.3536811 0.9565503 0.3335754 0.9564915 0.3539336 0.8486678 0.8495389 0.3545654 0.8110775 0.3776597 0.81694 0.371578 0.8495389 0.3421884 0.8495389 0.3545654 0.81694 0.371578 0.81694 0.371578 0.8213129 0.3643325 0.8495389 0.3421884 0.8495389 0.3421884 0.8213129 0.3643325 0.8239786 0.3562876 0.8471451 0.3300495 0.8495389 0.3421884 0.8239786 0.3562876 0.8239786 0.3562876 0.824803 0.3478459 0.8471451 0.3300495 0.8471451 0.3300495 0.824803 0.3478459 0.8237445 0.3394297 0.8424499 0.318614 0.8471451 0.3300495 0.8237445 0.3394297 0.8237445 0.3394297 0.8208555 0.3314632 0.8424499 0.318614 0.8424499 0.318614 0.8208555 0.3314632 0.8162826 0.324345 0.8356337 0.3083227 0.8424499 0.318614 0.8162826 0.324345 0.8162826 0.324345 0.810254 0.3184308 0.8356337 0.3083227 0.8269588 0.2995715 0.8356337 0.3083227 0.810254 0.3184308 0.810254 0.3184308 0.8030728 0.3140195 0.8269588 0.2995715 0.8269588 0.2995715 0.8030728 0.3140195 0.7950981 0.3113303 0.8167575 0.2926953 0.8269588 0.2995715 0.7950981 0.3113303 0.7950981 0.3113303 0.7867301 0.3104985 0.8167575 0.2926953 0.8167575 0.2926953 0.7867301 0.3104985 0.7783884 0.3115664 0.8054228 0.2879586 0.8167575 0.2926953 0.7783884 0.3115664 0.7783884 0.3115664 0.7704914 0.3144798 0.8054228 0.2879586 0.8054228 0.2879586 0.7704914 0.3144798 0.7634344 0.3190931 0.7933909 0.2855438 0.8054228 0.2879586 0.724974 0.3421884 0.7320805 0.6903116 0.747487 0.6903135 0.7320815 0.8670951 0.747488 0.8670971 0.7320815 0.8670951 0.747487 0.6903135 0.747487 0.6903135 0.7609241 0.6903165 0.747488 0.8670971 0.7609241 0.8671 0.747488 0.8670971 0.7609241 0.6903165 0.1613258 0.9596549 0.1474245 0.959647 0.1613258 0.7828713 0.1474245 0.7828634 0.1613258 0.7828713 0.1474245 0.959647 0.1474245 0.959647 0.1316451 0.9596411 0.1474245 0.7828634 0.1316451 0.7828576 0.1474245 0.7828634 0.1316451 0.9596411 0.1316451 0.9596411 0.1144275 0.9596362 0.1316451 0.7828576 0.1144275 0.7828527 0.1316451 0.7828576 0.1144275 0.9596362 0.1144275 0.9596362 0.09625142 0.9596333 0.1144275 0.7828527 0.09625142 0.7828508 0.1144275 0.7828527 0.09625142 0.9596333 0.09267389 0.9251769 0.09625142 0.7828508 0.09625142 0.9596333 0.08674341 0.9476119 0.09267389 0.9251769 0.09625142 0.9596333 0.09625142 0.7828508 0.09267389 0.9251769 0.09339058 0.8173081 0.09625142 0.7828508 0.09339058 0.8173081 0.08704638 0.7943489 0.07022887 0.7828018 0.09625142 0.7828508 0.08704638 0.7943489 0.2025474 0.8785157 0.2025635 0.8955227 0.1956493 0.8881423 0.01572108 0.7828625 0.03257936 0.7828566 0.02272367 0.7901198 0.02272367 0.7901198 0.009339988 0.8043453 0.01572108 0.7828625 0.20258 0.9105637 0.1812139 0.9020291 0.1956493 0.8881423 0.2025635 0.8955227 0.20258 0.9105637 0.1956493 0.8881423 8.10868e-4 0.7828703 0.01572108 0.7828625 0.009339988 0.8043453 0.3332744 0.2134167 0.3489081 0.2039415 0.3702558 0.2124567 0.009339988 0.8043453 0 0.8200541 8.10868e-4 0.7828703 0.3702422 0.2286797 0.274284 0.2237384 0.2909694 0.2237775 0.3702422 0.2286797 0.2909694 0.2237775 0.3122957 0.2217908 0.3702422 0.2286797 0.3122957 0.2217908 0.3332744 0.2134167 0.3702558 0.2124567 0.3702422 0.2286797 0.3332744 0.2134167 0.1950161 0.212441 0.2318732 0.2133462 0.2531005 0.2211481 0.274284 0.2237384 0.3702422 0.2286797 0.1950025 0.2286602 0.2531005 0.2211481 0.274284 0.2237384 0.1950025 0.2286602 0.1950025 0.2286602 0.1950161 0.212441 0.2531005 0.2211481 0.3702422 0.2286797 0.3702315 0.2465839 0.1950025 0.2286602 0.1949918 0.2465643 0.1950025 0.2286602 0.3702315 0.2465839 0.3702315 0.2465839 0.3702247 0.2656284 0.1949918 0.2465643 0.194985 0.2656088 0.1949918 0.2465643 0.3702247 0.2656284 0.3702247 0.2656284 0.3702208 0.2852333 0.194985 0.2656088 0.1949811 0.2852137 0.194985 0.2656088 0.3702208 0.2852333 0.3702208 0.2852333 0.3702208 0.3047989 0.1949811 0.2852137 0.1949811 0.3047832 0.1949811 0.2852137 0.3702208 0.3047989 0.4569361 0.4593193 0.4955431 0.4227089 0.4727592 0.4559356 0.4955431 0.4227089 0.4890795 0.4556385 0.4727592 0.4559356 0.472025 0.3999241 0.4955431 0.4227089 0.4569361 0.4593193 0.2787336 0.5867395 0.2772265 0.6191583 0.2545474 0.5960502 0.5015853 0.3919184 0.4955431 0.4227089 0.472025 0.3999241 0.2549183 0.6461262 0.2545474 0.5960502 0.2772265 0.6191583 0.4469746 0.4045547 0.455058 0.3633347 0.472025 0.3999241 0.4809825 0.354255 0.472025 0.3999241 0.455058 0.3633347 0.4809825 0.354255 0.5071691 0.3634447 0.5015853 0.3919184 0.472025 0.3999241 0.4809825 0.354255 0.5015853 0.3919184 0.2772265 0.6191583 0.2795163 0.6592732 0.2549183 0.6461262 0.5121975 0.3377848 0.5071691 0.3634447 0.4809825 0.354255 0.3422192 0.006654739 0.3421813 0.04535502 0.3185312 1.22457e-4 0.2549183 0.6461262 0.2795163 0.6592732 0.2847971 0.6824048 0.2653052 0.6950933 0.2549183 0.6461262 0.2847971 0.6824048 0.3185312 1.22457e-4 0.3184894 0.04446941 0.2910549 0.01587134 0.3184894 0.04446941 0.3185312 1.22457e-4 0.3421813 0.04535502 0.2910307 0.04479074 0.2910549 0.01587134 0.3184894 0.04446941 0.2847971 0.6824048 0.2924863 0.704878 0.2653052 0.6950933 0.2653052 0.6950933 0.2924863 0.704878 0.3023177 0.7260778 0.2852846 0.7409411 0.2653052 0.6950933 0.3023177 0.7260778 0.3421813 0.04535502 0.3421512 0.08971774 0.3184894 0.04446941 0.3184583 0.09517246 0.2910102 0.07609659 0.2910307 0.04479074 0.3184894 0.04446941 0.3184583 0.09517246 0.2910307 0.04479074 0.3184583 0.09517246 0.3184894 0.04446941 0.3421512 0.08971774 0.3023177 0.7260778 0.3136504 0.7451772 0.2852846 0.7409411 0.2909937 0.1092599 0.2910102 0.07609659 0.3184583 0.09517246 0.2852846 0.7409411 0.3136504 0.7451772 0.325694 0.7616784 0.3140369 0.7817966 0.2852846 0.7409411 0.325694 0.7616784 0.3421512 0.08971774 0.3421308 0.1379246 0.3184583 0.09517246 0.325694 0.7616784 0.3379473 0.7757188 0.3140369 0.7817966 0.3184379 0.1499195 0.2909821 0.1437124 0.2909937 0.1092599 0.3184583 0.09517246 0.3184379 0.1499195 0.2909937 0.1092599 0.3184379 0.1499195 0.3184583 0.09517246 0.3421308 0.1379246 0.2909753 0.1788506 0.2909821 0.1437124 0.3184379 0.1499195 0.3140369 0.7817966 0.3379473 0.7757188 0.3509193 0.7879175 0.3140369 0.7817966 0.3509193 0.7879175 0.3508979 0.8049282 0.3390088 0.1920838 0.3421308 0.1379246 0.3502434 0.1810019 0.3421308 0.1379246 0.3390088 0.1920838 0.3184379 0.1499195 0.3184379 0.1499195 0.3093203 0.2115044 0.2909753 0.1788506 0.3184379 0.1499195 0.3390088 0.1920838 0.3241063 0.2030794 0.3093203 0.2115044 0.3184379 0.1499195 0.3241063 0.2030794 0.2909753 0.1788506 0.3093203 0.2115044 0.2909141 0.2143259 0.5934571 0.2215332 0.6183522 0.2366746 0.6248741 0.2635695 0.5934571 0.2215332 0.6248741 0.2635695 0.6134889 0.2676115 0.6034536 0.2708203 0.5934571 0.2215332 0.6134889 0.2676115 0.5421967 0.4141262 0.5635842 0.4280943 0.5545762 0.4739818 0.5421967 0.4141262 0.5545762 0.4739818 0.5441058 0.4695506 0.5321322 0.4654054 0.5421967 0.4141262 0.5441058 0.4695506 0.5421967 0.4141262 0.5321322 0.4654054 0.5117489 0.4268418 0.6151865 0.2096996 0.6183522 0.2366746 0.5934571 0.2215332 0.5117489 0.4268418 0.5179581 0.3951794 0.5421967 0.4141262 0.5716831 0.3868048 0.5635842 0.4280943 0.5421967 0.4141262 0.5935096 0.1712247 0.6152524 0.1825454 0.6151865 0.2096996 0.5934571 0.2215332 0.5935096 0.1712247 0.6151865 0.2096996 0.5421967 0.4141262 0.5179581 0.3951794 0.5235419 0.3667075 0.5511638 0.3684027 0.5421967 0.4141262 0.5235419 0.3667075 0.5421967 0.4141262 0.5511638 0.3684027 0.5716831 0.3868048 0.6185484 0.1556023 0.6152524 0.1825454 0.5935096 0.1712247 0.5235419 0.3667075 0.5285702 0.3410503 0.5511638 0.3684027 0.2232586 0.04521787 0.2232974 0.006494104 0.2469621 9.79654e-7 0.6036071 0.1219583 0.625047 0.1291875 0.6185484 0.1556023 0.5935096 0.1712247 0.6036071 0.1219583 0.6185484 0.1556023 0.2469204 0.04436361 0.2469621 9.79654e-7 0.2743656 0.01587921 0.2469621 9.79654e-7 0.2469204 0.04436361 0.2232586 0.04521787 0.2743656 0.01587921 0.2743413 0.04480248 0.2469204 0.04436361 0.6346531 0.1037454 0.625047 0.1291875 0.6036071 0.1219583 0.6036071 0.1219583 0.6233359 0.0757541 0.6346531 0.1037454 0.2232285 0.08961582 0.2232586 0.04521787 0.2469204 0.04436361 0.6467335 0.08047419 0.6346531 0.1037454 0.6233359 0.0757541 0.2469204 0.04436361 0.2468893 0.09509795 0.2232285 0.08961582 0.2469204 0.04436361 0.2743413 0.04480248 0.27432 0.07611227 0.2468893 0.09509795 0.2469204 0.04436361 0.27432 0.07611227 0.27432 0.07611227 0.2743044 0.1092755 0.2468893 0.09509795 0.6518881 0.03450721 0.6601445 0.06045198 0.6467335 0.08047419 0.6233359 0.0757541 0.6518881 0.03450721 0.6467335 0.08047419 0.223209 0.1378736 0.2232285 0.08961582 0.2468893 0.09509795 0.6740001 0.04372406 0.6601445 0.06045198 0.6518881 0.03450721 0.2468893 0.09509795 0.2468689 0.1498802 0.223209 0.1378736 0.2468893 0.09509795 0.2743044 0.1092755 0.2742928 0.1437202 0.2468689 0.1498802 0.2468893 0.09509795 0.2742928 0.1437202 0.2742928 0.1437202 0.274286 0.1788506 0.2468689 0.1498802 0.2233169 0.1880515 0.223209 0.1378736 0.2468689 0.1498802 0.2561613 0.2105993 0.2468689 0.1498802 0.274286 0.1788506 0.274286 0.1788506 0.274284 0.2140633 0.2561613 0.2105993 0.6183522 0.2366746 0.636368 0.2592539 0.6305356 0.2616007 0.6248741 0.2635695 0.6183522 0.2366746 0.6305356 0.2616007 0.7625081 0.07609415 0.7583972 0.07415348 0.7690172 0.05422872 0.7690172 0.05422872 0.7676763 0.07771986 0.7625081 0.07609415 0.7583972 0.07415348 0.7598102 0.03777498 0.7690172 0.05422872 0.63973 0.2142652 0.6482873 0.2141624 0.655893 0.2531765 0.63973 0.2142652 0.655893 0.2531765 0.6524223 0.2544162 0.6477979 0.2558842 0.63973 0.2142652 0.6524223 0.2544162 0.6277641 0.2139522 0.63973 0.2142652 0.6477979 0.2558842 0.6277641 0.2139522 0.6477979 0.2558842 0.6424044 0.2576999 0.636368 0.2592539 0.6277641 0.2139522 0.6424044 0.2576999 0.6277641 0.2139522 0.636368 0.2592539 0.6183522 0.2366746 0.6183522 0.2366746 0.6151865 0.2096996 0.6277641 0.2139522 0.7688099 0.03220218 0.7690172 0.05422872 0.7598102 0.03777498 0.6487515 0.1745997 0.6482873 0.2141624 0.63973 0.2142652 0.2510961 0.8361782 0.2513195 0.8483945 0.2351837 0.8483504 0.7598102 0.03777498 0.7574808 0.005106449 0.7688099 0.03220218 0.6404505 0.1721796 0.63973 0.2142652 0.6277641 0.2139522 0.63973 0.2142652 0.6404505 0.1721796 0.6487515 0.1745997 0.6277641 0.2139522 0.629011 0.1678436 0.6404505 0.1721796 0.6277641 0.2139522 0.6151865 0.2096996 0.6152524 0.1825454 0.629011 0.1678436 0.6277641 0.2139522 0.6152524 0.1825454 0.6152524 0.1825454 0.6185484 0.1556023 0.629011 0.1678436 0.2698112 0.8484445 0.2513195 0.8483945 0.2510961 0.8361782 0.6572156 0.1359662 0.6487515 0.1745997 0.6404505 0.1721796 0.2510961 0.8361782 0.2815828 0.8362625 0.2698112 0.8484445 0.6498255 0.131164 0.6404505 0.1721796 0.629011 0.1678436 0.6404505 0.1721796 0.6498255 0.131164 0.6572156 0.1359662 0.629011 0.1678436 0.6185484 0.1556023 0.625047 0.1291875 0.6400485 0.1230819 0.629011 0.1678436 0.625047 0.1291875 0.629011 0.1678436 0.6400485 0.1230819 0.6498255 0.131164 0.2903887 0.8485013 0.2698112 0.8484445 0.2815828 0.8362625 0.625047 0.1291875 0.6346531 0.1037454 0.6400485 0.1230819 0.3164666 0.8363605 0.3124462 0.848564 0.2903887 0.8485013 0.2815828 0.8362625 0.3164666 0.8363605 0.2903887 0.8485013 0.6733223 0.09989088 0.6572156 0.1359662 0.6498255 0.131164 0.6674471 0.09301024 0.6498255 0.131164 0.6400485 0.1230819 0.6498255 0.131164 0.6674471 0.09301024 0.6733223 0.09989088 0.6400485 0.1230819 0.6603639 0.08175843 0.6674471 0.09301024 0.6400485 0.1230819 0.6346531 0.1037454 0.6467335 0.08047419 0.6603639 0.08175843 0.6400485 0.1230819 0.6467335 0.08047419 0.3339076 0.8486247 0.3124462 0.848564 0.3164666 0.8363605 0.6467335 0.08047419 0.6601445 0.06045198 0.6603639 0.08175843 0.3547765 0.8361772 0.3539336 0.8486678 0.3339076 0.8486247 0.3164666 0.8363605 0.3547765 0.8361772 0.3339076 0.8486247 0.3547765 0.8361772 0.3164666 0.8363605 0.3161073 0.827183 0.691744 0.05667215 0.6964927 0.06720978 0.6674471 0.09301024 0.691744 0.05667215 0.6674471 0.09301024 0.6603639 0.08175843 0.6603639 0.08175843 0.6601445 0.06045198 0.6740001 0.04372406 0.691744 0.05667215 0.6603639 0.08175843 0.6740001 0.04372406 0.6891764 0.04016315 0.691744 0.05667215 0.6740001 0.04372406 0.6879587 0.02972465 0.6891764 0.04016315 0.6740001 0.04372406 0.2787336 0.5867395 0.2858595 0.5552574 0.297505 0.5593563 0.8745582 0.1026075 0.8624284 0.1007452 0.8637525 0.07745981 0.8759766 0.06637644 0.8745582 0.1026075 0.8637525 0.07745981 0.8807716 0.1029602 0.8745582 0.1026075 0.8759766 0.06637644 0.8865352 0.1025174 0.8807716 0.1029602 0.8759766 0.06637644 0.888015 0.06399446 0.8865352 0.1025174 0.8759766 0.06637644 0.2787336 0.5867395 0.2883708 0.6204515 0.2772265 0.6191583 0.3034481 0.5609707 0.3088124 0.5626127 0.30103 0.6038678 0.297505 0.5593563 0.3034481 0.5609707 0.30103 0.6038678 0.2883708 0.6204515 0.297505 0.5593563 0.30103 0.6038678 0.297505 0.5593563 0.2883708 0.6204515 0.2787336 0.5867395 0.8637525 0.07745981 0.8635461 0.05543959 0.8759766 0.06637644 0.8759766 0.06637644 0.8736567 0.03367072 0.888015 0.06399446 0.8759766 0.06637644 0.8635461 0.05543959 0.8618214 0.03503388 0.8736567 0.03367072 0.8759766 0.06637644 0.8618214 0.03503388 0.30103 0.6038678 0.3019506 0.6458402 0.2883708 0.6204515 0.8854451 0.02931565 0.888015 0.06399446 0.8736567 0.03367072 0.2795163 0.6592732 0.2772265 0.6191583 0.2883708 0.6204515 0.2509932 0.9562603 0.2694751 0.9563113 0.2506533 0.9684512 0.2946189 0.671609 0.2795163 0.6592732 0.2883708 0.6204515 0.2946189 0.671609 0.2883708 0.6204515 0.3019506 0.6458402 0.2847971 0.6824048 0.2795163 0.6592732 0.2946189 0.671609 0.8736567 0.03367072 0.867696 0.005871057 0.8854451 0.02931565 0.2811517 0.9685344 0.2506533 0.9684512 0.2694751 0.9563113 0.3019506 0.6458402 0.3115354 0.6866839 0.2946189 0.671609 0.8789386 0 0.8854451 0.02931565 0.867696 0.005871057 0.2694751 0.9563113 0.2900411 0.9563681 0.2811517 0.9685344 0.3072567 0.7083421 0.2946189 0.671609 0.3115354 0.6866839 0.3072567 0.7083421 0.2924863 0.704878 0.2847971 0.6824048 0.2946189 0.671609 0.3072567 0.7083421 0.2847971 0.6824048 0.3023177 0.7260778 0.2924863 0.704878 0.3072567 0.7083421 0.3188167 0.6810842 0.3351215 0.7169553 0.3115354 0.6866839 0.2811517 0.9685344 0.2900411 0.9563681 0.3121005 0.9564298 0.3160568 0.9686324 0.2811517 0.9685344 0.3121005 0.9564298 0.3115354 0.6866839 0.3293667 0.7246201 0.3072567 0.7083421 0.3293667 0.7246201 0.3115354 0.6866839 0.3351215 0.7169553 0.3263369 0.7421363 0.3072567 0.7083421 0.3293667 0.7246201 0.3263369 0.7421363 0.3136504 0.7451772 0.3023177 0.7260778 0.3072567 0.7083421 0.3263369 0.7421363 0.3023177 0.7260778 0.3121005 0.9564298 0.3335754 0.9564915 0.3160568 0.9686324 0.325694 0.7616784 0.3136504 0.7451772 0.3263369 0.7421363 0.3351215 0.7169553 0.3582763 0.7490879 0.3293667 0.7246201 0.3160568 0.9686324 0.3335754 0.9564915 0.3536811 0.9565503 0.3160568 0.9686324 0.3536811 0.9565503 0.354021 0.9691448 0.3293667 0.7246201 0.3540967 0.7608007 0.3263369 0.7421363 0.3293667 0.7246201 0.3582763 0.7490879 0.3540967 0.7608007 0.3263369 0.7421363 0.3540967 0.7608007 0.3511776 0.7774431 0.3511776 0.7774431 0.3379473 0.7757188 0.325694 0.7616784 0.3263369 0.7421363 0.3511776 0.7774431 0.325694 0.7616784 0.3509193 0.7879175 0.3379473 0.7757188 0.3511776 0.7774431 0.09267389 0.9251769 0.08897209 0.925168 0.09339058 0.8173081 0.08860111 0.8173022 0.09339058 0.8173081 0.08897209 0.925168 0.08897209 0.925168 0.0849148 0.925172 0.08860111 0.8173022 0.08445549 0.817314 0.08860111 0.8173022 0.0849148 0.925172 0.3702539 0.9565984 0.3667346 0.9565895 0.3702539 0.8487393 0.3672959 0.8487344 0.3702539 0.8487393 0.3667346 0.9565895 0.3667346 0.9565895 0.3631396 0.956569 0.3672959 0.8487344 0.3634484 0.8487198 0.3672959 0.8487344 0.3631396 0.956569 0.3631396 0.956569 0.358455 0.9565503 0.3634484 0.8487198 0.3584084 0.8486816 0.3634484 0.8487198 0.358455 0.9565503 0.358455 0.9565503 0.3536811 0.9565503 0.3584084 0.8486816 0.3539336 0.8486678 0.3584084 0.8486816 0.3536811 0.9565503 0.09339058 0.8173081 0.09097641 0.8173081 0.08704638 0.7943489 0.08429914 0.7967932 0.08704638 0.7943489 0.09097641 0.8173081 0.08704638 0.7943489 0.08429914 0.7967932 0.07022887 0.7828018 0.09097641 0.8173081 0.08860111 0.8173022 0.08429914 0.7967932 0.06832945 0.7863677 0.07022887 0.7828018 0.08429914 0.7967932 0.08072936 0.7992217 0.08429914 0.7967932 0.08860111 0.8173022 0.08429914 0.7967932 0.08072936 0.7992217 0.06832945 0.7863677 0.08860111 0.8173022 0.08445549 0.817314 0.08072936 0.7992217 0.05135166 0.7842037 0.07022887 0.7828018 0.06832945 0.7863677 0.07824534 0.8009714 0.08072936 0.7992217 0.08445549 0.817314 0.08072936 0.7992217 0.07824534 0.8009714 0.06832945 0.7863677 0.06832945 0.7863677 0.06647074 0.7901717 0.05135166 0.7842037 0.06647074 0.7901717 0.06832945 0.7863677 0.07824534 0.8009714 0.3702539 0.8487393 0.3672959 0.8487344 0.3690963 0.8323938 0.06542295 0.989941 0.06226199 0.9882614 0.06542295 0.9781128 0.3662199 0.8337203 0.3690963 0.8323938 0.3672959 0.8487344 0.3672959 0.8487344 0.3634484 0.8487198 0.3662199 0.8337203 0.05090016 0.7881174 0.05135166 0.7842037 0.06647074 0.7901717 0.02094221 0.9791529 0.02352583 0.9781125 0.02352583 0.9938575 0.7044129 0.05122309 0.7007189 0.05203145 0.6978542 0.03679716 0.3629706 0.8346499 0.3662199 0.8337203 0.3634484 0.8487198 0.7067047 0.0616064 0.7032166 0.06245088 0.7007189 0.05203145 0.3634484 0.8487198 0.3607079 0.8487139 0.3629706 0.8346499 0.6943601 0.03825157 0.6978542 0.03679716 0.7007189 0.05203145 0.7007189 0.05203145 0.6961217 0.0537464 0.6943601 0.03825157 0.6961217 0.0537464 0.7007189 0.05203145 0.7032166 0.06245088 0.7032166 0.06245088 0.6998041 0.0640763 0.6961217 0.0537464 0.3592979 0.8351447 0.3629706 0.8346499 0.3607079 0.8487139 0.3607079 0.8487139 0.3584084 0.8486816 0.3592979 0.8351447 0.6917809 0.03922116 0.6943601 0.03825157 0.6961217 0.0537464 0.6998041 0.0640763 0.6964927 0.06720978 0.6961217 0.0537464 0.3547765 0.8361772 0.3592979 0.8351447 0.3584084 0.8486816 0.6891764 0.04016315 0.6917809 0.03922116 0.6961217 0.0537464 0.3584084 0.8486816 0.3539336 0.8486678 0.3547765 0.8361772 0.691744 0.05667215 0.6961217 0.0537464 0.6964927 0.06720978 0.6961217 0.0537464 0.691744 0.05667215 0.6891764 0.04016315 0.04081815 0.7874522 0.04014229 0.7842996 0.05135166 0.7842037 0.05135166 0.7842037 0.05090016 0.7881174 0.04081815 0.7874522 0.04105609 0.7903656 0.04081815 0.7874522 0.05090016 0.7881174 0.6978542 0.03679716 0.6943601 0.03825157 0.6955779 0.02641993 0.6929734 0.02779614 0.6955779 0.02641993 0.6943601 0.03825157 0.6943601 0.03825157 0.6917809 0.03922116 0.6929734 0.02779614 0.6901397 0.02903902 0.6929734 0.02779614 0.6917809 0.03922116 0.6917809 0.03922116 0.6891764 0.04016315 0.6901397 0.02903902 0.6901397 0.02903902 0.6891764 0.04016315 0.6879587 0.02972465 0.02364718 0.7919909 0.02272367 0.7901198 0.03257936 0.7828566 0.03257936 0.7828566 0.04014229 0.7842996 0.02364718 0.7919909 0.009339988 0.8043453 0.02272367 0.7901198 0.02364718 0.7919909 0.01121228 0.8064996 0.009339988 0.8043453 0.02364718 0.7919909 0.2040929 0.1923855 0.2074432 0.1903478 0.2184565 0.2019116 0.02495527 0.7953687 0.02364718 0.7919909 0.04014229 0.7842996 0.2318732 0.2133462 0.2163181 0.2038984 0.2184565 0.2019116 0.04014229 0.7842996 0.04081815 0.7874522 0.02495527 0.7953687 0.2184565 0.2019116 0.234098 0.2121863 0.2318732 0.2133462 0.2531005 0.2211481 0.2318732 0.2133462 0.234098 0.2121863 0.1996191 0.1799125 0.2025091 0.1772518 0.2074432 0.1903478 0.2205579 0.1982203 0.2184565 0.2019116 0.2074432 0.1903478 0.2184565 0.2019116 0.2205579 0.1982203 0.234098 0.2121863 0.2074432 0.1903478 0.2104769 0.1875813 0.2205579 0.1982203 0.2104769 0.1875813 0.2074432 0.1903478 0.2025091 0.1772518 0.2365403 0.2088789 0.234098 0.2121863 0.2205579 0.1982203 0.234098 0.2121863 0.2365403 0.2088789 0.2531005 0.2211481 0.2743015 0.220866 0.274284 0.2237384 0.2531005 0.2211481 0.2531005 0.2211481 0.2542871 0.2169317 0.2743015 0.220866 0.2542871 0.2169317 0.2531005 0.2211481 0.2365403 0.2088789 0.2205579 0.1982203 0.2222438 0.1940901 0.2365403 0.2088789 0.2222438 0.1940901 0.2205579 0.1982203 0.2104769 0.1875813 0.2104769 0.1875813 0.2129698 0.1844738 0.2222438 0.1940901 0.2129698 0.1844738 0.2104769 0.1875813 0.2025091 0.1772518 0.6955779 0.02641993 0.6929734 0.02779614 0.6917751 0.0101372 0.2365403 0.2088789 0.2386544 0.2053718 0.2542871 0.2169317 0.2386544 0.2053718 0.2365403 0.2088789 0.2222438 0.1940901 0.2559458 0.2125742 0.2742986 0.2168847 0.2743015 0.220866 0.2542871 0.2169317 0.2559458 0.2125742 0.2743015 0.220866 0.2559458 0.2125742 0.2542871 0.2169317 0.2386544 0.2053718 0.6929734 0.02779614 0.6901397 0.02903902 0.6917751 0.0101372 0.2222438 0.1940901 0.2233169 0.1880515 0.2386544 0.2053718 0.2233169 0.1880515 0.2222438 0.1940901 0.2129698 0.1844738 0.688584 0.01160764 0.6917751 0.0101372 0.6901397 0.02903902 0.2129698 0.1844738 0.2150809 0.1810489 0.2233169 0.1880515 0.2386544 0.2053718 0.2408704 0.2015002 0.2559458 0.2125742 0.2408704 0.2015002 0.2386544 0.2053718 0.2233169 0.1880515 0.688584 0.01160764 0.6901397 0.02903902 0.6875061 0.01215142 0.2233169 0.1880515 0.2150809 0.1810489 0.2158607 0.1798655 0.2561613 0.2105993 0.274284 0.2140633 0.2742986 0.2168847 0.2559458 0.2125742 0.2561613 0.2105993 0.2742986 0.2168847 0.6901397 0.02903902 0.6879587 0.02972465 0.6875061 0.01215142 0.274284 0.2237384 0.2743015 0.220866 0.2909694 0.2237775 0.2909335 0.2212108 0.2909694 0.2237775 0.2743015 0.220866 0.2743015 0.220866 0.2742986 0.2168847 0.2909335 0.2212108 0.2909626 0.2179858 0.2909335 0.2212108 0.2742986 0.2168847 0.2742986 0.2168847 0.274284 0.2140633 0.2909626 0.2179858 0.2909141 0.2143259 0.2909626 0.2179858 0.274284 0.2140633 0.20258 0.8636781 0.2025474 0.8785157 0.1956493 0.8881423 0.1956493 0.8881423 0.1931535 0.887289 0.20258 0.8636781 0.1956493 0.8881423 0.1812139 0.9020291 0.1931535 0.887289 0.1812139 0.9020291 0.179596 0.9003148 0.1931535 0.887289 0.3579335 0.1902851 0.3608789 0.1922091 0.3472942 0.2021821 0.1931535 0.887289 0.1902053 0.8862153 0.20258 0.8636781 0.3489081 0.2039415 0.3332744 0.2134167 0.3472942 0.2021821 0.9733248 0.9044568 0.9751088 0.8984453 0.9751088 0.9219285 0.3332744 0.2134167 0.3310788 0.2119472 0.3472942 0.2021821 0.3332744 0.2134167 0.3122957 0.2217908 0.3310788 0.2119472 0.3441566 0.1993136 0.3472942 0.2021821 0.3310788 0.2119472 0.3472942 0.2021821 0.3441566 0.1993136 0.3579335 0.1902851 0.7825772 0.8658657 0.7791949 0.8646048 0.7825772 0.8520692 0 0.9788144 0.00267148 0.9781125 0.00267148 0.9956498 0.3552377 0.1879065 0.3579335 0.1902851 0.3441566 0.1993136 0.3122957 0.2217908 0.3120704 0.2195533 0.3310788 0.2119472 0.3122957 0.2217908 0.2909694 0.2237775 0.3120704 0.2195533 0.3290045 0.2091689 0.3310788 0.2119472 0.3120704 0.2195533 0.3310788 0.2119472 0.3290045 0.2091689 0.3441566 0.1993136 0.2909694 0.2237775 0.2909335 0.2212108 0.3120704 0.2195533 0.3552057 0.7897122 0.3581229 0.7914756 0.3570236 0.8087489 0.3529033 0.1851478 0.3552377 0.1879065 0.3441566 0.1993136 0.3552377 0.1879065 0.3529033 0.1851478 0.3606536 0.1742697 0.3106867 0.2160148 0.3120704 0.2195533 0.2909335 0.2212108 0.3120704 0.2195533 0.3106867 0.2160148 0.3290045 0.2091689 0.3441566 0.1993136 0.3410004 0.19525 0.3529033 0.1851478 0.3410004 0.19525 0.3441566 0.1993136 0.3290045 0.2091689 0.3270982 0.2061242 0.3290045 0.2091689 0.3106867 0.2160148 0.3290045 0.2091689 0.3270982 0.2061242 0.3410004 0.19525 0.2909335 0.2212108 0.2909626 0.2179858 0.3106867 0.2160148 0.3502434 0.1810019 0.3529033 0.1851478 0.3410004 0.19525 0.3547163 0.807009 0.3508979 0.8049282 0.3552057 0.7897122 0.3390088 0.1920838 0.3410004 0.19525 0.3270982 0.2061242 0.3410004 0.19525 0.3390088 0.1920838 0.3502434 0.1810019 0.3509193 0.7879175 0.3552057 0.7897122 0.3508979 0.8049282 0.3270982 0.2061242 0.3241063 0.2030794 0.3390088 0.1920838 0.3241063 0.2030794 0.3270982 0.2061242 0.3106867 0.2160148 0.3106867 0.2160148 0.3093203 0.2115044 0.3241063 0.2030794 0.3093203 0.2115044 0.3106867 0.2160148 0.2909626 0.2179858 0.2909626 0.2179858 0.2909141 0.2143259 0.3093203 0.2115044 0.1235636 0.9855439 0.126506 0.9781125 0.126506 0.9890736 0.3604089 0.7812362 0.3628793 0.7825765 0.3600729 0.7932194 0.1474458 0.9883211 0.1447753 0.9883211 0.1462815 0.9781127 0.3574256 0.7798334 0.3604089 0.7812362 0.3581229 0.7914756 0.3581229 0.7914756 0.3552057 0.7897122 0.3574256 0.7798334 0.3538889 0.7784031 0.3574256 0.7798334 0.3552057 0.7897122 0.3552057 0.7897122 0.3509193 0.7879175 0.3538889 0.7784031 0.3511776 0.7774431 0.3538889 0.7784031 0.3509193 0.7879175 0.08674341 0.9476119 0.08446812 0.945778 0.09267389 0.9251769 0.08674341 0.9476119 0.09625142 0.9596333 0.06802546 0.9595686 0.08446812 0.945778 0.08674341 0.9476119 0.06802546 0.9595686 0.08897209 0.925168 0.09267389 0.9251769 0.08446812 0.945778 0.0817005 0.9439001 0.08446812 0.945778 0.06802546 0.9595686 0.08446812 0.945778 0.0817005 0.9439001 0.08897209 0.925168 0.08684825 0.9251769 0.08897209 0.925168 0.0817005 0.9439001 0.06802546 0.9595686 0.0683605 0.9561575 0.0817005 0.9439001 0.0849148 0.925172 0.08684825 0.9251769 0.0817005 0.9439001 0.07906198 0.9420661 0.0817005 0.9439001 0.0683605 0.9561575 0.0817005 0.9439001 0.07906198 0.9420661 0.0849148 0.925172 0.08316975 0.9251573 0.0849148 0.925172 0.07906198 0.9420661 0.06802546 0.9595686 0.04728764 0.9596813 0.0683605 0.9561575 0.9749981 0.9403598 0.9749981 0.9623996 0.9733248 0.957634 0.06681841 0.952955 0.0683605 0.9561575 0.05137503 0.9576162 0.0683605 0.9561575 0.06681841 0.952955 0.07906198 0.9420661 0.3695236 0.9734895 0.3671075 0.9720681 0.3685758 0.9565797 0.07709264 0.9406505 0.07906198 0.9420661 0.06681841 0.952955 0.3667346 0.9565895 0.3685758 0.9565797 0.3671075 0.9720681 0.3647788 0.766083 0.3673794 0.7666786 0.3628793 0.7825765 0.06681841 0.952955 0.06578904 0.9509986 0.07709264 0.9406505 0.3628793 0.7825765 0.3604089 0.7812362 0.3647788 0.766083 0.3631396 0.956569 0.3667346 0.9565895 0.3671075 0.9720681 0.3671075 0.9720681 0.3629609 0.9706525 0.3631396 0.956569 0.3655868 0.7544368 0.3702539 0.7553577 0.3647788 0.766083 0.3647788 0.766083 0.3617781 0.7651621 0.3655868 0.7544368 0.3617781 0.7651621 0.3647788 0.766083 0.3604089 0.7812362 0.3604089 0.7812362 0.3574256 0.7798334 0.3617781 0.7651621 0.358455 0.9565503 0.3631396 0.956569 0.3629609 0.9706525 0.3577927 0.7634928 0.3617781 0.7651621 0.3574256 0.7798334 0.3617781 0.7651621 0.3577927 0.7634928 0.3655868 0.7544368 0.3609682 0.7521052 0.3655868 0.7544368 0.3577927 0.7634928 0.3629609 0.9706525 0.3579365 0.9700304 0.358455 0.9565503 0.3574256 0.7798334 0.3538889 0.7784031 0.3577927 0.7634928 0.3577927 0.7634928 0.3540967 0.7608007 0.3609682 0.7521052 0.3540967 0.7608007 0.3577927 0.7634928 0.3538889 0.7784031 0.3538889 0.7784031 0.3511776 0.7774431 0.3540967 0.7608007 0.3536811 0.9565503 0.358455 0.9565503 0.3579365 0.9700304 0.3582763 0.7490879 0.3609682 0.7521052 0.3540967 0.7608007 0.3579365 0.9700304 0.354021 0.9691448 0.3536811 0.9565503 0.7304064 0.6684634 0.702598 0.622641 0.7155437 0.6210666 0.748663 0.661739 0.7304064 0.6684634 0.7155437 0.6210666 0.7654902 0.6519082 0.748663 0.661739 0.7155437 0.6210666 0.5910031 0.5462543 0.594736 0.5278046 0.6396076 0.5538477 0.7155437 0.6210666 0.7278854 0.6168013 0.7654902 0.6519082 0.7654902 0.6519082 0.7278854 0.6168013 0.7390831 0.6100328 0.7803782 0.6392706 0.7654902 0.6519082 0.7390831 0.6100328 0.6014493 0.5102373 0.6421383 0.5408976 0.6396076 0.5538477 0.594736 0.5278046 0.6014493 0.5102373 0.6396076 0.5538477 0.7815658 0.9519416 0.7815697 0.9635294 0.7415109 0.951945 0.7415148 0.9642715 0.7415109 0.951945 0.7815697 0.9635294 0.7815697 0.9635294 0.7815746 0.974046 0.7415148 0.9642715 0.7415206 0.9753479 0.7415148 0.9642715 0.7815746 0.974046 0.9463594 0.151359 0.9463506 0.1606379 0.9063035 0.1525023 0.9062948 0.1626784 0.9063035 0.1525023 0.9463506 0.1606379 0.9463506 0.1606379 0.9463448 0.1713367 0.9062948 0.1626784 0.9062889 0.17438 0.9062948 0.1626784 0.9463448 0.1713367 0.9463448 0.1713367 0.9463409 0.183044 0.9062889 0.17438 0.9062851 0.1870949 0.9062889 0.17438 0.9463409 0.183044 0.9463409 0.183044 0.94634 0.1953098 0.9062851 0.1870949 0.9062851 0.2002688 0.9062851 0.1870949 0.94634 0.1953098 0.94634 0.1953098 0.9463409 0.2076627 0.9062851 0.2002688 0.5159615 0.8869939 0.5159634 0.8771376 0.5560173 0.8809019 0.5560193 0.8714624 0.5560173 0.8809019 0.5159634 0.8771376 0.7815746 0.8855313 0.7815697 0.8939837 0.7415158 0.8909742 0.7415118 0.9012243 0.7415158 0.8909742 0.7815697 0.8939837 0.7815697 0.8939837 0.7815658 0.9040379 0.7415118 0.9012243 0.741509 0.9129792 0.7415118 0.9012243 0.7815658 0.9040379 0.7815658 0.9040379 0.7815639 0.9153069 0.741509 0.9129792 0.741508 0.9257255 0.741509 0.9129792 0.7815639 0.9153069 0.7815639 0.9153069 0.7815629 0.9273576 0.741508 0.9257255 0.741509 0.9389063 0.741508 0.9257255 0.7815629 0.9273576 0.7815629 0.9273576 0.7815639 0.9397277 0.741509 0.9389063 0.741509 0.9389063 0.7815639 0.9397277 0.7815658 0.9519416 0.7415109 0.951945 0.741509 0.9389063 0.7815658 0.9519416 0.01892769 0.5887469 0.03064692 0.5740893 0.06562781 0.6090571 0.9599363 0.5132924 0.9599363 0.5010786 0.9999922 0.513291 0.9999903 0.5002523 0.9999922 0.513291 0.9599363 0.5010786 0.9599363 0.5010786 0.9599363 0.488709 0.9999903 0.5002523 0.9999903 0.4870719 0.9999903 0.5002523 0.9599363 0.488709 0.9599363 0.488709 0.9599363 0.4766578 0.9999903 0.4870719 0.9999922 0.4743257 0.9999903 0.4870719 0.9599363 0.4766578 0.9599363 0.4766578 0.9599402 0.4653888 0.9999922 0.4743257 0.9999961 0.4625703 0.9999922 0.4743257 0.9599402 0.4653888 0.9599402 0.4653888 0.9599441 0.4553346 0.9999961 0.4625703 1 0.4523207 0.9999961 0.4625703 0.9599441 0.4553346 0.9599441 0.4553346 0.9599499 0.4468821 1 0.4523207 0.6831818 0.8949707 0.6831837 0.8855313 0.7232377 0.8912069 0.7232377 0.8912069 0.7232358 0.9010627 0.6831818 0.8949707 0.9599363 0.6564978 0.9713768 0.6571322 0.972145 0.6654078 0.9607326 0.6654244 0.9599363 0.6564978 0.972145 0.6654078 0.9713768 0.6486493 0.9713768 0.6571322 0.9599363 0.6564978 0.9599363 0.6564978 0.9600325 0.6473694 0.9713768 0.6486493 0.972145 0.6403844 0.9713768 0.6486493 0.9600325 0.6473694 0.9600325 0.6473694 0.9610152 0.6385692 0.972145 0.6403844 0.9736434 0.6327525 0.972145 0.6403844 0.9610152 0.6385692 0.9610152 0.6385692 0.9628282 0.630608 0.9736434 0.6327525 0.9757963 0.6261354 0.9736434 0.6327525 0.9628282 0.630608 0.7998613 0.9428249 0.7998545 0.93673 0.8123739 0.9390938 0.9724519 0.8014749 0.9724519 0.8105323 0.9599363 0.8047391 0.9599363 0.8130427 0.9599363 0.8047391 0.9724519 0.8105323 0.9724519 0.8105323 0.9724538 0.819047 0.9599363 0.8130427 0.9599363 0.8207521 0.9599363 0.8130427 0.9724538 0.819047 0.9724538 0.819047 0.9724538 0.8265242 0.9599363 0.8207521 0.9599382 0.8274813 0.9599363 0.8207521 0.9724538 0.8265242 0.9647666 0.6806365 0.9623738 0.6736295 0.9757963 0.6797088 0.9736434 0.6730613 0.9757963 0.6797088 0.9623738 0.6736295 0.9623738 0.6736295 0.9607326 0.6654244 0.9736434 0.6730613 0.972145 0.6654078 0.9736434 0.6730613 0.9607326 0.6654244 0.1949821 0.4459608 0.1949821 0.4336078 0.2350361 0.4385668 0.235038 0.4253934 0.2350361 0.4385668 0.1949821 0.4336078 0.1949821 0.4336078 0.194984 0.421342 0.235038 0.4253934 0.2350419 0.412678 0.235038 0.4253934 0.194984 0.421342 0.194984 0.421342 0.1949879 0.4096347 0.2350419 0.412678 0.2350477 0.4009765 0.2350419 0.412678 0.1949879 0.4096347 0.1949879 0.4096347 0.1949957 0.3989359 0.2350477 0.4009765 0.2350574 0.3908008 0.2350477 0.4009765 0.1949957 0.3989359 0.1949957 0.3989359 0.1950054 0.3896571 0.2350574 0.3908008 0.9999961 0.525618 1 0.5366944 0.9599441 0.5353969 0.9599441 0.5353969 0.9599402 0.5248803 0.9999961 0.525618 0.9999961 0.525618 0.9599402 0.5248803 0.9599363 0.5132924 0.9999922 0.513291 0.9999961 0.525618 0.9599363 0.5132924 0.5117489 0.4268418 0.5015853 0.3919184 0.5179581 0.3951794 0.4955431 0.4227089 0.5015853 0.3919184 0.5117489 0.4268418 0.4955431 0.4227089 0.5117489 0.4268418 0.5054814 0.4587705 0.4955431 0.4227089 0.5054814 0.4587705 0.4890795 0.4556385 0.7690172 0.05422872 0.7688099 0.03220218 0.8635461 0.05543959 0.8637525 0.07745981 0.7690172 0.05422872 0.8635461 0.05543959 0.7676763 0.07771986 0.7690172 0.05422872 0.8637525 0.07745981 0.8624284 0.1007452 0.7676763 0.07771986 0.8637525 0.07745981 0.6740001 0.04372406 0.6875061 0.01215142 0.6879587 0.02972465 0.2468689 0.1498802 0.2408704 0.2015002 0.2233169 0.1880515 0.2468689 0.1498802 0.2561613 0.2105993 0.2408704 0.2015002 0.2561613 0.2105993 0.2559458 0.2125742 0.2408704 0.2015002 0.222907 0.6618301 0.2195227 0.6811929 0.1736461 0.6595328 0.222907 0.6618301 0.1736461 0.6595328 0.1738403 0.6463349 0.222907 0.6421675 0.222907 0.6618301 0.1738403 0.6463349 0.222907 0.6421675 0.1738403 0.6463349 0.1713106 0.6333848 0.2195227 0.6228036 0.222907 0.6421675 0.1713106 0.6333848 0.2195227 0.6228036 0.1713106 0.6333848 0.1661676 0.6212479 0.2128571 0.6043273 0.2195227 0.6228036 0.1661676 0.6212479 0.2031121 0.5872989 0.2128571 0.6043273 0.1661676 0.6212479 0.2031121 0.5872989 0.1661676 0.6212479 0.1586358 0.610456 0.190585 0.5722358 0.2031121 0.5872989 0.1586358 0.610456 0.190585 0.5722358 0.1586358 0.610456 0.1490443 0.6014785 0.190585 0.5722358 0.1490443 0.6014785 0.1756582 0.5595992 0.1756582 0.5595992 0.1490443 0.6014785 0.1378116 0.594709 0.1404005 0.5424984 0.1378116 0.594709 0.1254301 0.5904436 0.1145489 0.5392332 0.1404005 0.5424984 0.1254301 0.5904436 0.1756582 0.5595992 0.1588116 0.5493462 0.1690013 0.5537595 0.1404005 0.5424984 0.1588116 0.5493462 0.1378116 0.594709 0.1588116 0.5493462 0.1756582 0.5595992 0.1378116 0.594709 0.1587844 0.547041 0.1690013 0.5537595 0.1588116 0.5493462 0.1404005 0.5424984 0.1587844 0.547041 0.1588116 0.5493462 0.6518881 0.03450721 0.6875061 0.01215142 0.6740001 0.04372406 0.6518881 0.03450721 0.6882247 0 0.6875061 0.01215142 0.1145489 0.5392332 0.1254301 0.5904436 0.1124396 0.5888693 0.09591543 0.5402942 0.1145489 0.5392332 0.1124396 0.5888693 0.09591543 0.5402942 0.1124396 0.5888693 0.0994085 0.5900528 0.03064692 0.5740893 0.04462003 0.5616036 0.06562781 0.6090571 0.04462003 0.5616036 0.07548058 0.6003724 0.06562781 0.6090571 0.04462003 0.5616036 0.06045669 0.5516376 0.07548058 0.6003724 0.06045669 0.5516376 0.08690655 0.593944 0.07548058 0.6003724 0.06045669 0.5516376 0.07771509 0.5444685 0.08690655 0.593944 0.07771509 0.5444685 0.0994085 0.5900528 0.08690655 0.593944 0.07771509 0.5444685 0.09591543 0.5402942 0.0994085 0.5900528 0.7112777 0.6718775 0.702598 0.622641 0.7304064 0.6684634 0.6918547 0.6718775 0.702598 0.622641 0.7112777 0.6718775 0.6918547 0.6718775 0.6896134 0.6214566 0.702598 0.622641 0.6727309 0.6684634 0.6896134 0.6214566 0.6918547 0.6718775 0.6727309 0.6684634 0.6771571 0.6175644 0.6896134 0.6214566 0.6544897 0.661741 0.6771571 0.6175644 0.6727309 0.6684634 0.6544897 0.661741 0.6657758 0.6111359 0.6771571 0.6175644 0.6544897 0.661741 0.6396872 0.6549392 0.6657758 0.6111359 0.6396872 0.6549392 0.6559638 0.6024503 0.6657758 0.6111359 0.6396872 0.6549392 0.623735 0.6411721 0.6559638 0.6024503 0.6066524 0.6185343 0.6481524 0.5918896 0.623735 0.6411721 0.623735 0.6411721 0.6481524 0.5918896 0.6559638 0.6024503 0.6066524 0.6185343 0.6426821 0.5799124 0.6481524 0.5918896 0.5982893 0.6017234 0.6426821 0.5799124 0.6066524 0.6185343 0.5982893 0.6017234 0.6397912 0.5670446 0.6426821 0.5799124 0.5928055 0.583736 0.6397912 0.5670446 0.5982893 0.6017234 0.5928055 0.583736 0.6396076 0.5538477 0.6397912 0.5670446 0.5903535 0.5650736 0.6396076 0.5538477 0.5928055 0.583736 0.5910031 0.5462543 0.6396076 0.5538477 0.5903535 0.5650736 0.4569361 0.4593193 0.4493615 0.4503202 0.472025 0.3999241 0.4493615 0.4503202 0.4469746 0.4045547 0.472025 0.3999241 0.4493615 0.4503202 0.4379802 0.4503722 0.4469746 0.4045547 0.2743287 0.5508059 0.2545474 0.5960502 0.2642079 0.5469068 0.2743287 0.5508059 0.2787336 0.5867395 0.2545474 0.5960502 0.2743287 0.5508059 0.2858595 0.5552574 0.2787336 0.5867395 0.5054814 0.4587705 0.5117489 0.4268418 0.5215958 0.4658287 0.5117489 0.4268418 0.5321322 0.4654054 0.5215958 0.4658287 0.913444 0.5803757 0.9036514 0.5848704 0.9021714 0.5821783 0.913444 0.5803757 0.9049838 0.5878055 0.9036514 0.5848704 0.913444 0.5803757 0.9060889 0.5908228 0.9049838 0.5878055 0.913444 0.5803757 0.9100975 0.5935384 0.9060889 0.5908228 0.5337637 0.4746879 0.5215958 0.4658287 0.5321322 0.4654054 0.1974487 0.9289946 0.1938051 0.9459191 0.1922553 0.945541 0.1922553 0.945541 0.1938051 0.9459191 0.1933196 0.9599566 0.1163867 0.1725103 0.0903418 6.43633e-4 0.1314057 0.1685094 0.1163867 0.1725103 0.07419389 9.79654e-7 0.0903418 6.43633e-4 0.1012366 0.1735487 0.07419389 9.79654e-7 0.1163867 0.1725103 0.1012366 0.1735487 0.05867379 0.002497136 0.07419389 9.79654e-7 0.1012366 0.1735487 0.08495271 0.1712289 0.05867379 0.002497136 0.2288249 0.502987 0.2290366 0.5078539 0.2242996 0.5069565 0.2290366 0.5078539 0.2291435 0.5124602 0.2242996 0.5069565 0.2219321 0.5115531 0.2242996 0.5069565 0.2291435 0.5124602 0.2291435 0.5124602 0.2291435 0.5165199 0.2219321 0.5115531 0.2211998 0.5146801 0.2219321 0.5115531 0.2291435 0.5165199 0.2291435 0.5165199 0.2287744 0.5201525 0.2211998 0.5146801 0.8072289 0.9765363 0.8071156 0.979822 0.7998447 0.9739617 0.7998447 0.9739617 0.8007516 0.9711854 0.8072289 0.9765363 0.8072289 0.9720593 0.8072289 0.9765363 0.802168 0.9686794 0.8072289 0.9765363 0.8007516 0.9711854 0.802168 0.9686794 0.8072255 0.9665575 0.8072289 0.9720593 0.804376 0.9652605 0.8072289 0.9720593 0.802168 0.9686794 0.804376 0.9652605 0.8072255 0.9665575 0.804376 0.9652605 0.8071454 0.9612576 0.2227323 0.796029 0.2228004 0.8017835 0.2208682 0.7988073 0.2208682 0.7988073 0.218654 0.7954412 0.2227323 0.796029 0.2227702 0.7905645 0.2227323 0.796029 0.218654 0.7954412 0.218654 0.7954412 0.2166553 0.7919909 0.2227702 0.7905645 0.2228004 0.7860934 0.2227702 0.7905645 0.2166553 0.7919909 0.2166553 0.7919909 0.2154024 0.788613 0.2228004 0.7860934 0.2227128 0.7828037 0.2228004 0.7860934 0.2154024 0.788613 0.1957027 0.5115765 0.1949821 0.5084417 0.2029296 0.5066489 0.1949821 0.5084417 0.2025644 0.502987 0.2029296 0.5066489 0.2029296 0.5066489 0.2029296 0.5107125 0.1957027 0.5115765 0.1980721 0.5162025 0.1957027 0.5115765 0.2029296 0.5107125 0.2029296 0.5107125 0.2028247 0.5153188 0.1980721 0.5162025 0.2028247 0.5153188 0.202613 0.5201858 0.1980721 0.5162025 0.9703552 0.3580725 0.969155 0.3542773 0.9738454 0.3548945 0.969155 0.3542773 0.9683519 0.3501045 0.9738454 0.3548945 0.9756691 0.350035 0.9738454 0.3548945 0.9683519 0.3501045 0.9683519 0.3501045 0.9679702 0.3458592 0.9756691 0.350035 0.9763003 0.3462089 0.9756691 0.350035 0.9679702 0.3458592 0.9679702 0.3458592 0.9682965 0.3412998 0.9763003 0.3462089 0.9763003 0.341823 0.9763003 0.3462089 0.9682965 0.3412998 0.9682965 0.3412998 0.9690472 0.337562 0.9763003 0.341823 0.9756293 0.3371172 0.9763003 0.341823 0.9700503 0.3347029 0.9763003 0.341823 0.9690472 0.337562 0.9700503 0.3347029 0.9743193 0.3324829 0.9756293 0.3371172 0.9713458 0.3315787 0.9756293 0.3371172 0.9700503 0.3347029 0.9713458 0.3315787 0.5924763 0.9849162 0.5903554 0.9832195 0.5924763 0.979726 0.6126074 0.979726 0.6126074 0.984107 0.6107454 0.9816148 0.9718741 0.3131465 0.9706816 0.3104378 0.9743474 0.3111246 0.9756399 0.3065251 0.9743474 0.3111246 0.9706816 0.3104378 0.9706816 0.3104378 0.969355 0.3068317 0.9756399 0.3065251 0.9763042 0.3018335 0.9756399 0.3065251 0.969355 0.3068317 0.969355 0.3068317 0.9683033 0.3023654 0.9763042 0.3018335 0.9763042 0.2974613 0.9763042 0.3018335 0.9683033 0.3023654 0.975674 0.2936211 0.9763042 0.2974613 0.9679702 0.2977631 0.9763042 0.2974613 0.9683033 0.3023654 0.9679702 0.2977631 0.9679702 0.2977631 0.9683451 0.2935153 0.975674 0.2936211 0.9738395 0.2887277 0.975674 0.2936211 0.9683451 0.2935153 0.9683451 0.2935153 0.9691404 0.289339 0.9738395 0.2887277 0.9691404 0.289339 0.9703339 0.2855438 0.9738395 0.2887277 0.7834954 0.8022841 0.7894346 0.7868536 0.7897881 0.8028063 0.7894346 0.7868536 0.7903708 0.7919802 0.7897881 0.8028063 0.7897881 0.8028063 0.7907689 0.8133787 0.7834954 0.8022841 0.7791954 0.8168908 0.7834954 0.8022841 0.7930724 0.8234975 0.7834954 0.8022841 0.7907689 0.8133787 0.7930724 0.8234975 0.8037564 0.8520696 0.8037564 0.8656982 0.8034301 0.8554603 0.8037564 0.8656982 0.8028106 0.8586332 0.8034301 0.8554603 0.8037564 0.8656982 0.8019366 0.8615273 0.8028106 0.8586332 0.8037564 0.8656982 0.800848 0.8641035 0.8019366 0.8615273 0.7930724 0.8234975 0.7967198 0.833638 0.7791954 0.8168908 0.9646297 0.1598688 0.9750078 0.1513595 0.9750078 0.1871816 0.9766858 0.8800148 0.9733259 0.8568117 0.9766858 0.8474129 0.4596105 0.8566794 0.4606535 0.8538409 0.4638833 0.8536792 0.4638833 0.8536792 0.4665383 0.8661174 0.4596105 0.8566794 0.4665383 0.8661174 0.4583461 0.8594847 0.4596105 0.8566794 0.4665383 0.8661174 0.456905 0.8621719 0.4583461 0.8594847 0.4665383 0.8661174 0.455361 0.8646264 0.456905 0.8621719 0.4665383 0.8661174 0.4530206 0.8676491 0.455361 0.8646264 0.4665383 0.8661174 0.4505949 0.8702085 0.4530206 0.8676491 0.2157229 0.932681 0.2162686 0.9289956 0.2162686 0.938171 0.1052929 0.9913966 0.1035978 0.9869765 0.1052929 0.9781125 0.432241 0.8637378 0.4360536 0.8646362 0.418498 0.8682501 0.4360536 0.8646362 0.388526 0.8760384 0.418498 0.8682501 0.3913947 0.8892676 0.388526 0.8760384 0.444945 0.8733679 0.388526 0.8760384 0.4429329 0.8697691 0.444945 0.8733679 0.388526 0.8760384 0.4397341 0.8666043 0.4429329 0.8697691 0.388526 0.8760384 0.4360536 0.8646362 0.4397341 0.8666043 0.4481166 0.8721169 0.4505949 0.8702085 0.4665383 0.8661174 0.4665383 0.8661174 0.4697701 0.8804145 0.4481166 0.8721169 0.4697701 0.8804145 0.444945 0.8733679 0.4481166 0.8721169 0.4697701 0.8804145 0.3913947 0.8892676 0.444945 0.8733679 0.3948401 0.9043049 0.3913947 0.8892676 0.4697701 0.8804145 0.4697701 0.8804145 0.4734681 0.8960738 0.3948401 0.9043049 0.3987323 0.9206058 0.3948401 0.9043049 0.4734681 0.8960738 0.4734681 0.8960738 0.4775021 0.9125511 0.3987323 0.9206058 0.4029333 0.9375798 0.3987323 0.9206058 0.4775021 0.9125511 0.4775021 0.9125511 0.4817321 0.9292738 0.4029333 0.9375798 0.4072877 0.9546106 0.4029333 0.9375798 0.4817321 0.9292738 0.4817321 0.9292738 0.4860147 0.9456615 0.4072877 0.9546106 0.4116421 0.971082 0.4072877 0.9546106 0.4860147 0.9456615 0.4860147 0.9456615 0.4901962 0.9611444 0.4116421 0.971082 0.4158353 0.986397 0.4116421 0.971082 0.4901962 0.9611444 0.4901962 0.9611444 0.4941331 0.9751853 0.4158353 0.986397 0.4197158 1 0.4158353 0.986397 0.4941331 0.9751853 0.4941331 0.9751853 0.4976893 0.9872963 0.4197158 1 0.9847736 0.1190829 0.9885335 0.1329273 0.9127174 0.1252322 0.9127174 0.1252322 0.9095584 0.1106118 0.9847736 0.1190829 0.9819861 0.1034211 0.9847736 0.1190829 0.9095584 0.1106118 0.9095584 0.1106118 0.9073894 0.0945425 0.9819861 0.1034211 0.9802724 0.08650934 0.9819861 0.1034211 0.9073894 0.0945425 0.9073894 0.0945425 0.9062855 0.07758468 0.9802724 0.08650934 0.9796938 0.06896078 0.9802724 0.08650934 0.9062855 0.07758468 0.9062855 0.07758468 0.9062855 0.06032609 0.9796938 0.06896078 0.9802721 0.05141222 0.9796938 0.06896078 0.9062855 0.06032609 0.9062855 0.06032609 0.9073894 0.04336631 0.9802721 0.05141222 0.9819861 0.03449851 0.9802721 0.05141222 0.9073894 0.04336631 0.9073894 0.04336631 0.9095584 0.02729511 0.9819861 0.03449851 0.9847736 0.01883381 0.9819861 0.03449851 0.9095584 0.02729511 0.9095584 0.02729511 0.9127174 0.01267081 0.9847736 0.01883381 0.9885335 0.004984438 0.9847736 0.01883381 0.9127174 0.01267081 0.9127174 0.01267081 0.9167569 0 0.9885335 0.004984438 0.8636927 0.4597136 0.8670992 0.4468841 0.9416661 0.4718652 0.9416661 0.4718652 0.9381313 0.485216 0.8636927 0.4597136 0.8598122 0.4744398 0.8636927 0.4597136 0.9381313 0.485216 0.9381313 0.485216 0.9341925 0.5001969 0.8598122 0.4744398 0.8555976 0.4905297 0.8598122 0.4744398 0.9341925 0.5001969 0.9341925 0.5001969 0.9299876 0.5162828 0.8555976 0.4905297 0.8512024 0.5073954 0.8555976 0.4905297 0.9299876 0.5162828 0.9299876 0.5162828 0.9256604 0.5329213 0.8512024 0.5073954 0.8467858 0.5244336 0.8512024 0.5073954 0.9256604 0.5329213 0.9256604 0.5329213 0.9213624 0.5495284 0.8467858 0.5244336 0.8425091 0.541025 0.8467858 0.5244336 0.9213624 0.5495284 0.9213624 0.5495284 0.9172429 0.565532 0.8425091 0.541025 0.8385256 0.5565623 0.8425091 0.541025 0.9172429 0.565532 0.9172429 0.565532 0.913444 0.5803757 0.8920992 0.5724248 0.8920992 0.5724248 0.8385256 0.5565623 0.9172429 0.565532 0.913444 0.5803757 0.8951038 0.5742 0.8920992 0.5724248 0.8349792 0.5704891 0.8385256 0.5565623 0.8825591 0.5821352 0.8385256 0.5565623 0.8863794 0.5800191 0.8825591 0.5821352 0.8385256 0.5565623 0.8897453 0.5766844 0.8863794 0.5800191 0.8385256 0.5565623 0.8920992 0.5724248 0.8897453 0.5766844 0.8983298 0.5770606 0.8951038 0.5742 0.913444 0.5803757 0.9021714 0.5821783 0.900641 0.5798467 0.913444 0.5803757 0.900641 0.5798467 0.8983298 0.5770606 0.913444 0.5803757 0.8825591 0.5821352 0.8786573 0.5831344 0.8649221 0.5784791 0.8649221 0.5784791 0.8349792 0.5704891 0.8825591 0.5821352 0.8319998 0.5822958 0.8349792 0.5704891 0.8555587 0.5831697 0.8349792 0.5704891 0.8649221 0.5784791 0.8555587 0.5831697 0.869558 0.5818139 0.8649221 0.5784791 0.8786573 0.5831344 0.8786573 0.5831344 0.8748991 0.5831854 0.869558 0.5818139 0.9072775 0.5953723 0.9060889 0.5908228 0.9100975 0.5935384 0.04399174 0.9781125 0.04399174 0.9917194 0.04368197 0.9884474 0.04368197 0.9884474 0.04310417 0.9854007 0.04399174 0.9781125 0.04310417 0.9854007 0.04179608 0.9812352 0.04399174 0.9781125 0.1971321 0.7828022 0.193473 0.7929271 0.179596 0.7995289 0.1838708 0.8141229 0.179596 0.7995289 0.191156 0.8030338 0.179596 0.7995289 0.193473 0.7929271 0.191156 0.8030338 0.191156 0.8030338 0.1901616 0.8135988 0.1838708 0.8141229 0.1897886 0.8295482 0.1838708 0.8141229 0.1907287 0.8244224 0.1838708 0.8141229 0.1901616 0.8135988 0.1907287 0.8244224 0.8016588 0.6903086 0.7997671 0.7075692 0.7981629 0.7060282 0.7997671 0.7075692 0.7991223 0.7241092 0.7981629 0.7060282 0.7991223 0.7241092 0.7930393 0.7203468 0.7981629 0.7060282 0.7888714 0.7284946 0.7930393 0.7203468 0.7991223 0.7241092 0.7991223 0.7241092 0.7997593 0.7393325 0.7888714 0.7284946 0.7997593 0.7393325 0.7843266 0.7355153 0.7888714 0.7284946 0.8712552 0.1307207 0.8608495 0.1171633 0.8636254 0.1201874 0.8636254 0.1201874 0.8664611 0.1232155 0.8712552 0.1307207 0.9672565 0.2580204 0.9670661 0.261555 0.9646306 0.2641648 0.9670661 0.261555 0.9672565 0.2650896 0.9646306 0.2641648 0.7791954 0.7417802 0.7843266 0.7355153 0.7997593 0.7393325 0.7997593 0.7393325 0.8016588 0.7526872 0.7791954 0.7417802 0.2549203 0.5114042 0.284366 0.5210008 0.274622 0.524555 0.3253172 0.5379528 0.3242548 0.5337912 0.3285685 0.538231 0.3328666 0.5262675 0.3285685 0.538231 0.3206928 0.5259031 0.3206928 0.5259031 0.317898 0.5220354 0.3328666 0.5262675 0.3285685 0.538231 0.3226215 0.5295082 0.3206928 0.5259031 0.3285685 0.538231 0.3242548 0.5337912 0.3226215 0.5295082 0.2159501 0.8295273 0.2154043 0.8257517 0.2159501 0.8202148 0.08369368 0.9839542 0.08532756 0.9781154 0.08532756 0.9921481 0.3017875 0.5256836 0.2978001 0.5263145 0.284366 0.5210008 0.284366 0.5210008 0.2549203 0.5114042 0.3017875 0.5256836 0.2549203 0.5114042 0.2594515 0.4986569 0.3017875 0.5256836 0.2594515 0.4986569 0.3057709 0.5240064 0.3017875 0.5256836 0.2594515 0.4986569 0.3093795 0.5211419 0.3057709 0.5240064 0.2594515 0.4986569 0.3120306 0.5173056 0.3093795 0.5211419 0.3376541 0.512423 0.3328666 0.5262675 0.3120306 0.5173056 0.3120306 0.5173056 0.2594515 0.4986569 0.3376541 0.512423 0.3328666 0.5262675 0.3148818 0.5191591 0.3120306 0.5173056 0.3328666 0.5262675 0.317898 0.5220354 0.3148818 0.5191591 0.2594515 0.4986569 0.2644468 0.4840717 0.3376541 0.512423 0.3427621 0.4971717 0.3376541 0.512423 0.2644468 0.4840717 0.2644468 0.4840717 0.2697296 0.4681739 0.3427621 0.4971717 0.3480176 0.4810466 0.3427621 0.4971717 0.2697296 0.4681739 0.2697296 0.4681739 0.2751036 0.4515394 0.3480176 0.4810466 0.3532344 0.4646119 0.3480176 0.4810466 0.2751036 0.4515394 0.2751036 0.4515394 0.2803786 0.4347755 0.3532344 0.4646119 0.3582336 0.4484319 0.3532344 0.4646119 0.2803786 0.4347755 0.2803786 0.4347755 0.2853584 0.4184858 0.3582336 0.4484319 0.3628386 0.433071 0.3582336 0.4484319 0.2853584 0.4184858 0.2853584 0.4184858 0.2898663 0.403262 0.3628386 0.433071 0.3668938 0.4190658 0.3628386 0.433071 0.2898663 0.403262 0.2898663 0.403262 0.293739 0.3896566 0.3668938 0.4190658 0.3702539 0.4068985 0.3668938 0.4190658 0.293739 0.3896566 0.8787058 0.420861 0.8745029 0.4071468 0.949701 0.4108431 0.946069 0.3963334 0.949701 0.4108431 0.8745029 0.4071468 0.8745029 0.4071468 0.8712128 0.3915845 0.946069 0.3963334 0.9433849 0.3803445 0.946069 0.3963334 0.8712128 0.3915845 0.8712128 0.3915845 0.8689521 0.3747384 0.9433849 0.3803445 0.941734 0.3634312 0.9433849 0.3803445 0.8689521 0.3747384 0.8689521 0.3747384 0.8678101 0.3572183 0.941734 0.3634312 0.9411786 0.346182 0.941734 0.3634312 0.8678101 0.3572183 0.8678101 0.3572183 0.8678218 0.3396599 0.9411786 0.346182 0.941734 0.3291953 0.9411786 0.346182 0.8678218 0.3396599 0.8678218 0.3396599 0.868991 0.3226991 0.941734 0.3291953 0.9433849 0.3130613 0.941734 0.3291953 0.868991 0.3226991 0.868991 0.3226991 0.8712711 0.3069507 0.9433849 0.3130613 0.946069 0.2983406 0.9433849 0.3130613 0.8712711 0.3069507 0.8712711 0.3069507 0.8745806 0.2929853 0.946069 0.2983406 0.949701 0.2855443 0.946069 0.2983406 0.8745806 0.2929853 0.633748 0.4284507 0.6297044 0.4158105 0.7067047 0.398856 0.7024883 0.3857075 0.7067047 0.398856 0.6297044 0.4158105 0.6297044 0.4158105 0.6250392 0.401318 0.7024883 0.3857075 0.6977338 0.37097 0.7024883 0.3857075 0.6250392 0.401318 0.6250392 0.401318 0.6199195 0.3854981 0.6977338 0.37097 0.6926083 0.3551556 0.6977338 0.37097 0.6199195 0.3854981 0.6199195 0.3854981 0.6145339 0.3689242 0.6926083 0.3551556 0.6872886 0.3388134 0.6926083 0.3551556 0.6145339 0.3689242 0.6145339 0.3689242 0.6090744 0.3521971 0.6872886 0.3388134 0.6819611 0.3225112 0.6872886 0.3388134 0.6090744 0.3521971 0.6090744 0.3521971 0.6037391 0.3359227 0.6819611 0.3225112 0.6768105 0.3068152 0.6819611 0.3225112 0.6037391 0.3359227 0.6037391 0.3359227 0.5987224 0.3206911 0.6768105 0.3068152 0.6720132 0.2922708 0.6768105 0.3068152 0.6541197 0.299551 0.6768105 0.3068152 0.6510375 0.3010708 0.6541197 0.299551 0.6768105 0.3068152 0.5987224 0.3206911 0.6510375 0.3010708 0.5987224 0.3206911 0.5942068 0.3070544 0.6510375 0.3010708 0.5942068 0.3070544 0.648567 0.2974359 0.6510375 0.3010708 0.5942068 0.3070544 0.644937 0.2943122 0.648567 0.2974359 0.5942068 0.3070544 0.6409497 0.2924506 0.644937 0.2943122 0.6541197 0.299551 0.6564232 0.2973914 0.6720132 0.2922708 0.6677384 0.2793833 0.6720132 0.2922708 0.6638948 0.28244 0.6720132 0.2922708 0.6630072 0.2854789 0.6638948 0.28244 0.6720132 0.2922708 0.6618983 0.2884322 0.6630072 0.2854789 0.6720132 0.2922708 0.660628 0.2911597 0.6618983 0.2884322 0.6720132 0.2922708 0.6586043 0.2945341 0.660628 0.2911597 0.6720132 0.2922708 0.6564232 0.2973914 0.6586043 0.2945341 0.6369565 0.2917118 0.6409497 0.2924506 0.6236039 0.2972155 0.6409497 0.2924506 0.5942068 0.3070544 0.6236039 0.2972155 0.5942068 0.3070544 0.5903554 0.2955064 0.6236039 0.2972155 0.5903554 0.2955064 0.613889 0.2931437 0.6236039 0.2972155 0.6236039 0.2972155 0.6279855 0.2936171 0.6369565 0.2917118 0.6332003 0.291911 0.6369565 0.2917118 0.6279855 0.2936171 0.6638948 0.28244 0.6645299 0.2794083 0.6677384 0.2793833 0.7661041 0.09393757 0.7536194 0.1018835 0.7631157 0.0955094 0.6677384 0.2793833 0.664998 0.2749494 0.6647164 0.2709946 0.6677384 0.2793833 0.6645299 0.2794083 0.664998 0.2749494 0.1952501 0.9773484 0.1974487 0.9851474 0.179596 0.9745887 0.179596 0.9745887 0.18625 0.9609313 0.1952501 0.9773484 0.18625 0.9609313 0.1938867 0.9690948 0.1952501 0.9773484 0.1933196 0.9599566 0.1938867 0.9690948 0.18625 0.9609313 0.18625 0.9609313 0.1922553 0.945541 0.1933196 0.9599566 0.2949374 0.5269023 0.2992898 0.5269179 0.2858595 0.5552574 0.297505 0.5593563 0.2858595 0.5552574 0.2992898 0.5269179 0.2992898 0.5269179 0.3037375 0.5256757 0.297505 0.5593563 0.297505 0.5593563 0.3074529 0.5233559 0.3102535 0.5203738 0.297505 0.5593563 0.3037375 0.5256757 0.3074529 0.5233559 0.3034481 0.5609707 0.297505 0.5593563 0.3148818 0.5191591 0.297505 0.5593563 0.3120306 0.5173056 0.3148818 0.5191591 0.297505 0.5593563 0.3102535 0.5203738 0.3120306 0.5173056 0.3148818 0.5191591 0.317898 0.5220354 0.3034481 0.5609707 0.3088124 0.5626127 0.3034481 0.5609707 0.3206928 0.5259031 0.3034481 0.5609707 0.317898 0.5220354 0.3206928 0.5259031 0.8807716 0.1029602 0.8865352 0.1025174 0.8797788 0.1366451 0.8865352 0.1025174 0.8829313 0.1393225 0.8797788 0.1366451 0.8797788 0.1366451 0.8760944 0.1330498 0.8807716 0.1029602 0.8745582 0.1026075 0.8807716 0.1029602 0.8720834 0.1290807 0.8807716 0.1029602 0.8760944 0.1330498 0.8720834 0.1290807 0.8720834 0.1290807 0.8692966 0.1261966 0.8745582 0.1026075 0.8624284 0.1007452 0.8745582 0.1026075 0.8664611 0.1232155 0.8745582 0.1026075 0.8692966 0.1261966 0.8664611 0.1232155 0.8664611 0.1232155 0.8636254 0.1201874 0.8624284 0.1007452 0.8624284 0.1007452 0.8636254 0.1201874 0.8608495 0.1171633 0.4216969 0.8344305 0.4273447 0.8327391 0.4288636 0.8631398 0.4273447 0.8327391 0.4330471 0.8634116 0.4288636 0.8631398 0.4365935 0.8645627 0.4330471 0.8634116 0.4273447 0.8327391 0.4273447 0.8327391 0.4334025 0.8311296 0.4365935 0.8645627 0.4334025 0.8311296 0.4394116 0.8662443 0.4365935 0.8645627 0.4334025 0.8311296 0.4424629 0.8691808 0.4394116 0.8662443 0.444945 0.8733679 0.4424629 0.8691808 0.4334025 0.8311296 0.4334025 0.8311296 0.4394932 0.8297551 0.444945 0.8733679 0.4394932 0.8297551 0.4481166 0.8721169 0.444945 0.8733679 0.4505949 0.8702085 0.4481166 0.8721169 0.4394932 0.8297551 0.4394932 0.8297551 0.4451664 0.8284438 0.4505949 0.8702085 0.4451664 0.8284438 0.4530206 0.8676491 0.4505949 0.8702085 0.455361 0.8646264 0.4530206 0.8676491 0.4451664 0.8284438 0.4451664 0.8284438 0.4501307 0.8275798 0.455361 0.8646264 0.4501307 0.8275798 0.456905 0.8621719 0.455361 0.8646264 0.4583461 0.8594847 0.456905 0.8621719 0.4501307 0.8275798 0.550417 0.1771147 0.5453081 0.1781139 0.5503889 0.1452563 0.5453081 0.1781139 0.5481544 0.1482031 0.5503889 0.1452563 0.5453081 0.1781139 0.5456431 0.151193 0.5481544 0.1482031 0.5428667 0.1541633 0.5456431 0.151193 0.5453081 0.1781139 0.5453081 0.1781139 0.5394679 0.1785449 0.5428667 0.1541633 0.5394679 0.1785449 0.5398515 0.1570396 0.5428667 0.1541633 0.5366478 0.1597473 0.5398515 0.1570396 0.5394679 0.1785449 0.5394679 0.1785449 0.5332179 0.1786233 0.5366478 0.1597473 0.5333238 0.1622043 0.5366478 0.1597473 0.5332179 0.1786233 0.6248741 0.2635695 0.6305356 0.2616007 0.634086 0.2918154 0.6305356 0.2616007 0.638386 0.2918885 0.634086 0.2918154 0.6420645 0.2928416 0.638386 0.2918885 0.6305356 0.2616007 0.6305356 0.2616007 0.636368 0.2592539 0.6420645 0.2928416 0.636368 0.2592539 0.6450127 0.29434 0.6420645 0.2928416 0.636368 0.2592539 0.6482718 0.2970666 0.6450127 0.29434 0.6510375 0.3010708 0.6482718 0.2970666 0.636368 0.2592539 0.636368 0.2592539 0.6424044 0.2576999 0.6510375 0.3010708 0.6424044 0.2576999 0.6541197 0.299551 0.6510375 0.3010708 0.6564232 0.2973914 0.6541197 0.299551 0.6424044 0.2576999 0.6424044 0.2576999 0.6477979 0.2558842 0.6564232 0.2973914 0.6477979 0.2558842 0.6586043 0.2945341 0.6564232 0.2973914 0.660628 0.2911597 0.6586043 0.2945341 0.6477979 0.2558842 0.6477979 0.2558842 0.6524223 0.2544162 0.660628 0.2911597 0.6524223 0.2544162 0.6618983 0.2884322 0.660628 0.2911597 0.6630072 0.2854789 0.6618983 0.2884322 0.6524223 0.2544162 0.6524223 0.2544162 0.655893 0.2531765 0.6630072 0.2854789 0.655893 0.2531765 0.6638948 0.28244 0.6630072 0.2854789 0.6645299 0.2794083 0.6638948 0.28244 0.655893 0.2531765 0.7583972 0.07415348 0.7625081 0.07609415 0.7559317 0.1004596 0.7625081 0.07609415 0.7590985 0.09790664 0.7559317 0.1004596 0.7631157 0.0955094 0.7590985 0.09790664 0.7625081 0.07609415 0.7625081 0.07609415 0.7676763 0.07771986 0.7631157 0.0955094 0.7661041 0.09393757 0.7631157 0.0955094 0.7676763 0.07771986 0.8756275 0.5831933 0.8799352 0.5828366 0.868282 0.6117717 0.8738989 0.6135939 0.868282 0.6117717 0.8799352 0.5828366 0.8799352 0.5828366 0.8842858 0.581277 0.8738989 0.6135939 0.879844 0.615608 0.8738989 0.6135939 0.8905047 0.5755794 0.8738989 0.6135939 0.8878633 0.5787338 0.8905047 0.5755794 0.8738989 0.6135939 0.8842858 0.581277 0.8878633 0.5787338 0.8859891 0.6167405 0.879844 0.615608 0.8951038 0.5742 0.879844 0.615608 0.8920992 0.5724248 0.8951038 0.5742 0.879844 0.615608 0.8905047 0.5755794 0.8920992 0.5724248 0.8951038 0.5742 0.8983298 0.5770606 0.8859891 0.6167405 0.8914505 0.6184921 0.8859891 0.6167405 0.900641 0.5798467 0.8859891 0.6167405 0.8983298 0.5770606 0.900641 0.5798467 0.900641 0.5798467 0.9021714 0.5821783 0.8914505 0.6184921 0.8962846 0.6193974 0.8914505 0.6184921 0.9036514 0.5848704 0.8914505 0.6184921 0.9021714 0.5821783 0.9036514 0.5848704 0.9036514 0.5848704 0.9049838 0.5878055 0.8962846 0.6193974 0.4141922 0.1774712 0.4091134 0.1762722 0.4120869 0.1477485 0.4091134 0.1762722 0.4098222 0.1447234 0.4120869 0.1477485 0.4120869 0.1477485 0.4158567 0.1523059 0.4141922 0.1774712 0.4200412 0.1777965 0.4141922 0.1774712 0.4201645 0.1564714 0.4141922 0.1774712 0.4158567 0.1523059 0.4201645 0.1564714 0.4201645 0.1564714 0.4232088 0.1590929 0.4200412 0.1777965 0.4262892 0.1780551 0.4200412 0.1777965 0.4263892 0.1615028 0.4200412 0.1777965 0.4232088 0.1590929 0.4263892 0.1615028 0.868282 0.6117717 0.8566657 0.6085624 0.8756275 0.5831933 0.8566657 0.6085624 0.8718265 0.5825427 0.8756275 0.5831933 0.8566657 0.6085624 0.8681655 0.5809596 0.8718265 0.5825427 0.8566657 0.6085624 0.8649221 0.5784791 0.8681655 0.5809596 0.8555587 0.5831697 0.8649221 0.5784791 0.8566657 0.6085624 0.8566657 0.6085624 0.8465644 0.606031 0.8555587 0.5831697 0.8478948 0.5873156 0.8555587 0.5831697 0.8465644 0.606031 0.8465644 0.606031 0.8383314 0.604005 0.8478948 0.5873156 0.8413826 0.5910696 0.8478948 0.5873156 0.8383314 0.604005 0.14855 0.1745088 0.1394979 0.1730354 0.1457324 0.1619888 0.1394979 0.1730354 0.140416 0.1652451 0.1457324 0.1619888 0.1336771 0.1681841 0.140416 0.1652451 0.1394979 0.1730354 0.1394979 0.1730354 0.128675 0.1724711 0.1336771 0.1681841 0.634086 0.2918154 0.6303064 0.2927095 0.6248741 0.2635695 0.6134889 0.2676115 0.6248741 0.2635695 0.6236039 0.2972155 0.6248741 0.2635695 0.6267231 0.2945256 0.6236039 0.2972155 0.6248741 0.2635695 0.6303064 0.2927095 0.6267231 0.2945256 0.6236039 0.2972155 0.613889 0.2931437 0.6134889 0.2676115 0.6034536 0.2708203 0.6134889 0.2676115 0.613889 0.2931437 0.5528419 0.4985378 0.5474018 0.4898992 0.5545762 0.4739818 0.5441058 0.4695506 0.5545762 0.4739818 0.5474018 0.4898992 0.5474018 0.4898992 0.5411615 0.4820392 0.5441058 0.4695506 0.5321322 0.4654054 0.5441058 0.4695506 0.5337637 0.4746879 0.5441058 0.4695506 0.5411615 0.4820392 0.5337637 0.4746879 0.2858595 0.5552574 0.2743287 0.5508059 0.2949374 0.5269023 0.2743287 0.5508059 0.2911365 0.5258678 0.2949374 0.5269023 0.2743287 0.5508059 0.2875201 0.5238771 0.2911365 0.5258678 0.2743287 0.5508059 0.284366 0.5210008 0.2875201 0.5238771 0.274622 0.524555 0.284366 0.5210008 0.2743287 0.5508059 0.2743287 0.5508059 0.2642079 0.5469068 0.274622 0.524555 0.4385629 0.4681304 0.430258 0.4740242 0.4379802 0.4503722 0.4379802 0.4503722 0.4493615 0.4503202 0.4385629 0.4681304 0.4473125 0.4632658 0.4385629 0.4681304 0.4493615 0.4503202 0.4493615 0.4503202 0.4569361 0.4593193 0.4473125 0.4632658 0.4288636 0.8631398 0.4251695 0.8639014 0.4216969 0.8344305 0.9646306 0.2104288 0.9753632 0.2056148 0.9753632 0.2395872 0.9709739 0.4107897 0.9679692 0.3799031 0.9709739 0.3765057 0.4216969 0.8344305 0.4251695 0.8639014 0.421625 0.8656178 0.02860951 0.1582465 0.03885173 0.1615577 0.0349037 0.1872795 0.04726678 0.1831846 0.0349037 0.1872795 0.03885173 0.1615577 0.03885173 0.1615577 0.04870837 0.164481 0.04726678 0.1831846 0.06058055 0.1796618 0.04726678 0.1831846 0.04870837 0.164481 0.04870837 0.164481 0.05864268 0.1670908 0.06058055 0.1796618 0.07432937 0.1768521 0.06058055 0.1796618 0.06912332 0.1694185 0.06058055 0.1796618 0.05864268 0.1670908 0.06912332 0.1694185 0.06912332 0.1694185 0.07996755 0.1713308 0.07432937 0.1768521 0.1687066 0.06160944 0.1742064 0.07780903 0.1767104 0.09432995 0.1767104 0.09432995 0.1761273 0.1105726 0.1687066 0.06160944 0.160409 0.046319 0.1687066 0.06160944 0.1761273 0.1105726 0.1761273 0.1105726 0.1724779 0.1259453 0.160409 0.046319 0.1496158 0.03248631 0.160409 0.046319 0.1724779 0.1259453 0.1724779 0.1259453 0.1658948 0.1398956 0.1496158 0.03248631 0.1367167 0.02061682 0.1496158 0.03248631 0.1658948 0.1398956 0.1658948 0.1398956 0.1566169 0.1519179 0.1367167 0.02061682 0.1221803 0.01114159 0.1367167 0.02061682 0.1566169 0.1519179 0.1566169 0.1519179 0.1449797 0.1615695 0.1221803 0.01114159 0.1065329 0.004401564 0.1221803 0.01114159 0.1449797 0.1615695 0.1449797 0.1615695 0.1314057 0.1685094 0.1065329 0.004401564 0.0903418 6.43633e-4 0.1065329 0.004401564 0.1314057 0.1685094 0.04434472 0.008045852 0.05867379 0.002497136 0.08495271 0.1712289 0.08495271 0.1712289 0.06894898 0.1660249 0.04434472 0.008045852 0.03172528 0.01643955 0.04434472 0.008045852 0.06894898 0.1660249 0.06894898 0.1660249 0.05376344 0.1579409 0.03172528 0.01643955 0.02127337 0.02738034 0.03172528 0.01643955 0.05376344 0.1579409 0.05376344 0.1579409 0.03994613 0.1472744 0.02127337 0.02738034 0.01336765 0.04046851 0.02127337 0.02738034 0.03994613 0.1472744 0.03994613 0.1472744 0.02799868 0.1344096 0.01336765 0.04046851 0.008294641 0.05522996 0.01336765 0.04046851 0.02799868 0.1344096 0.02799868 0.1344096 0.01835328 0.1198127 0.008294641 0.05522996 0.006237804 0.07112777 0.008294641 0.05522996 0.01835328 0.1198127 0.01835328 0.1198127 0.01135987 0.1040167 0.006237804 0.07112777 0.007272064 0.08758991 0.006237804 0.07112777 0.01135987 0.1040167 0.4262892 0.1780551 0.4263892 0.1615028 0.5332179 0.1786233 0.5333238 0.1622043 0.5332179 0.1786233 0.4263892 0.1615028 0.4263892 0.1615028 0.4135406 0.1504837 0.5333238 0.1622043 0.5463093 0.1513537 0.5333238 0.1622043 0.4135406 0.1504837 0.4135406 0.1504837 0.4030119 0.1373329 0.5463093 0.1513537 0.5570021 0.1383438 0.5463093 0.1513537 0.4030119 0.1373329 0.4030119 0.1373329 0.3951684 0.1225087 0.5570021 0.1383438 0.5650311 0.1236216 0.5570021 0.1383438 0.3951684 0.1225087 0.3951684 0.1225087 0.3902828 0.1065247 0.5650311 0.1236216 0.5701168 0.1077042 0.5650311 0.1236216 0.3902828 0.1065247 0.3902828 0.1065247 0.3885251 0.08993715 0.5701168 0.1077042 0.5720832 0.09114015 0.5701168 0.1077042 0.3885251 0.08993715 0.3885251 0.08993715 0.3899555 0.07332223 0.5720832 0.09114015 0.5708606 0.07450562 0.5720832 0.09114015 0.3899555 0.07332223 0.3899555 0.07332223 0.3945255 0.05725586 0.5708606 0.07450562 0.5664936 0.05838054 0.5708606 0.07450562 0.3945255 0.05725586 0.3945255 0.05725586 0.4020748 0.04229462 0.5664936 0.05838054 0.5591326 0.04332518 0.5664936 0.05838054 0.4020748 0.04229462 0.4020748 0.04229462 0.4123423 0.02896344 0.5591326 0.04332518 0.5490332 0.02986085 0.5591326 0.04332518 0.4123423 0.02896344 0.4123423 0.02896344 0.4249705 0.01772093 0.5490332 0.02986085 0.5365468 0.01845371 0.5490332 0.02986085 0.4249705 0.01772093 0.4249705 0.01772093 0.4395214 0.008958935 0.5365468 0.01845371 0.5221076 0.009503602 0.5365468 0.01845371 0.4395214 0.008958935 0.4395214 0.008958935 0.4554882 0.002983033 0.5221076 0.009503602 0.5062165 0.003316104 0.5221076 0.009503602 0.4554882 0.002983033 0.4554882 0.002983033 0.4723183 9.79654e-7 0.5062165 0.003316104 0.4894261 1.10701e-4 0.5062165 0.003316104 0.4723183 9.79654e-7 0.7905168 0.2627884 0.7759167 0.2560949 0.8056743 0.2665042 0.8208628 0.2671126 0.8056743 0.2665042 0.7759167 0.2560949 0.7759167 0.2560949 0.7623811 0.2466554 0.8208628 0.2671126 0.8355545 0.2645934 0.8208628 0.2671126 0.7623811 0.2466554 0.7623811 0.2466554 0.7503802 0.2347987 0.8355545 0.2645934 0.8492393 0.2590334 0.8355545 0.2645934 0.7503802 0.2347987 0.7503802 0.2347987 0.7403309 0.2209365 0.8492393 0.2590334 0.8614416 0.2506255 0.8492393 0.2590334 0.7403309 0.2209365 0.7403309 0.2209365 0.7325821 0.2055496 0.8614416 0.2506255 0.8717378 0.2396622 0.8614416 0.2506255 0.7325821 0.2055496 0.7325821 0.2055496 0.7274032 0.1891732 0.8717378 0.2396622 0.8797702 0.226524 0.8717378 0.2396622 0.7274032 0.1891732 0.7274032 0.1891732 0.7249743 0.1723756 0.8797702 0.226524 0.8852594 0.2116675 0.8797702 0.226524 0.7249743 0.1723756 0.7249743 0.1723756 0.7253795 0.1557406 0.8852594 0.2116675 0.888015 0.1956086 0.8852594 0.2116675 0.7253795 0.1557406 0.7253795 0.1557406 0.7286049 0.1398457 0.888015 0.1956086 0.8879413 0.1789054 0.888015 0.1956086 0.7286049 0.1398457 0.7286049 0.1398457 0.7345385 0.1252434 0.8879413 0.1789054 0.8850403 0.1621372 0.8879413 0.1789054 0.7345385 0.1252434 0.7345385 0.1252434 0.7429744 0.1124413 0.8850403 0.1621372 0.8794133 0.1458877 0.8850403 0.1621372 0.7429744 0.1124413 0.7429744 0.1124413 0.7536194 0.1018835 0.8794133 0.1458877 0.8712552 0.1307207 0.8794133 0.1458877 0.7536194 0.1018835 0.7536194 0.1018835 0.7661041 0.09393757 0.8712552 0.1307207 0.8608495 0.1171633 0.8712552 0.1307207 0.7661041 0.09393757 0.7661041 0.09393757 0.7676763 0.07771986 0.8608495 0.1171633 0.8624284 0.1007452 0.8608495 0.1171633 0.7676763 0.07771986 0.5692593 0.5666755 0.5636056 0.5827362 0.5716831 0.5498181 0.5707878 0.5327748 0.5716831 0.5498181 0.5636056 0.5827362 0.5636056 0.5827362 0.5549239 0.5974181 0.5707878 0.5327748 0.5666043 0.5161635 0.5707878 0.5327748 0.5549239 0.5974181 0.5549239 0.5974181 0.543531 0.6101889 0.5666043 0.5161635 0.5592861 0.500586 0.5666043 0.5161635 0.543531 0.6101889 0.543531 0.6101889 0.5298385 0.6205859 0.5592861 0.500586 0.5490993 0.4866068 0.5592861 0.500586 0.5298385 0.6205859 0.5298385 0.6205859 0.5143436 0.6282326 0.5490993 0.4866068 0.5364109 0.4747329 0.5490993 0.4866068 0.5143436 0.6282326 0.5143436 0.6282326 0.4976077 0.6328517 0.5364109 0.4747329 0.5216813 0.4653941 0.5364109 0.4747329 0.4976077 0.6328517 0.4976077 0.6328517 0.4802386 0.6342753 0.5216813 0.4653941 0.5054814 0.4587705 0.5216813 0.4653941 0.4802386 0.6342753 0.4802386 0.6342753 0.4628637 0.6324527 0.5054814 0.4587705 0.5054814 0.4587705 0.4628637 0.6324527 0.4890795 0.4556385 0.4628637 0.6324527 0.4461122 0.6274493 0.4890795 0.4556385 0.471623 0.4553811 0.4890795 0.4556385 0.4461122 0.6274493 0.4461122 0.6274493 0.4305941 0.6194466 0.471623 0.4553811 0.4544792 0.4583441 0.471623 0.4553811 0.4305941 0.6194466 0.4305941 0.6194466 0.4168686 0.6087346 0.4544792 0.4583441 0.4382619 0.4644363 0.4544792 0.4583441 0.4168686 0.6087346 0.4168686 0.6087346 0.4054349 0.5957017 0.4382619 0.4644363 0.4235614 0.4734374 0.4382619 0.4644363 0.4054349 0.5957017 0.4054349 0.5957017 0.3967066 0.58082 0.4235614 0.4734374 0.4109099 0.4850203 0.4235614 0.4734374 0.3967066 0.58082 0.3967066 0.58082 0.3910024 0.564629 0.4109099 0.4850203 0.4007658 0.4987661 0.4109099 0.4850203 0.3910024 0.564629 0.3910024 0.564629 0.388526 0.5477153 0.4007658 0.4987661 0.3934981 0.5141761 0.4007658 0.4987661 0.388526 0.5477153 0.388526 0.5477153 0.3893671 0.5306921 0.3934981 0.5141761 0.7894346 0.7868536 0.7967198 0.7711184 0.7927033 0.7812627 0.7927033 0.7812627 0.7903708 0.7919802 0.7894346 0.7868536 0.1907287 0.8244224 0.1930477 0.8351401 0.1897886 0.8295482 0.1971321 0.8452469 0.1897886 0.8295482 0.1930477 0.8351401 0.1255723 0.170645 0.1336771 0.1681841 0.128675 0.1724711 0.128675 0.1724711 0.1163867 0.1725103 0.1255723 0.170645 0.08805102 0.1748536 0.07432937 0.1768521 0.07996755 0.1713308 0.07996755 0.1713308 0.09082543 0.1726788 0.08805102 0.1748536 0.08805102 0.1748536 0.09082543 0.1726788 0.1012366 0.1735487</float_array>
          <technique_common>
            <accessor source="#wrist_001_002-mesh-map-0-array" count="5526" stride="2">
              <param name="S" type="float"/>
              <param name="T" type="float"/>
            </accessor>
          </technique_common>
        </source>
        <vertices id="wrist_001_002-mesh-vertices">
          <input semantic="POSITION" source="#wrist_001_002-mesh-positions"/>
        </vertices>
        <triangles material="osg2mat0_002-material" count="1842">
          <input semantic="VERTEX" source="#wrist_001_002-mesh-vertices" offset="0"/>
          <input semantic="NORMAL" source="#wrist_001_002-mesh-normals" offset="1"/>
          <input semantic="TEXCOORD" source="#wrist_001_002-mesh-map-0" offset="2" set="0"/>
          <p>253 0 0 61 0 1 63 0 2 255 1 3 59 1 4 61 1 5 180 2 6 173 2 7 175 2 8 179 3 9 175 3 10 172 3 11 180 4 12 175 4 13 179 4 14 178 5 15 172 5 16 177 5 17 178 6 18 177 6 19 176 6 20 245 7 21 56 7 22 243 7 23 243 8 24 56 8 25 241 8 26 241 9 27 56 9 28 53 9 29 241 10 30 53 10 31 239 10 32 239 11 33 53 11 34 237 11 35 237 12 36 53 12 37 52 12 38 237 13 39 52 13 40 235 13 41 235 14 42 52 14 43 49 14 44 235 15 45 49 15 46 233 15 47 233 16 48 49 16 49 48 16 50 233 17 51 48 17 52 47 17 53 233 18 54 47 18 55 225 18 56 225 19 57 47 19 58 46 19 59 225 20 60 46 20 61 103 20 62 103 21 63 46 21 64 50 21 65 103 22 66 50 22 67 102 22 68 267 23 69 102 23 70 50 23 71 267 24 72 50 24 73 51 24 74 271 25 75 267 25 76 51 25 77 271 26 78 51 26 79 54 26 80 271 27 81 54 27 82 263 27 83 263 28 84 54 28 85 261 28 86 261 29 87 54 29 88 55 29 89 261 30 90 55 30 91 259 30 92 262 31 93 260 31 94 37 31 95 266 32 96 262 32 97 37 32 98 266 33 99 37 33 100 40 33 101 266 34 102 40 34 103 264 34 104 264 35 105 40 35 106 42 35 107 264 36 108 42 36 109 130 36 110 222 37 111 130 37 112 42 37 113 222 38 114 42 38 115 43 38 116 223 39 117 222 39 118 43 39 119 223 40 120 43 40 121 45 40 122 228 41 123 223 41 124 45 41 125 228 42 126 45 42 127 44 42 128 234 43 129 228 43 130 44 43 131 234 44 132 44 44 133 41 44 134 236 45 135 234 45 136 41 45 137 236 46 138 41 46 139 39 46 140 238 47 141 236 47 142 39 47 143 238 48 144 39 48 145 38 48 146 240 49 147 238 49 148 38 49 149 242 50 150 240 50 151 38 50 152 234 51 153 0 51 154 230 51 155 230 52 156 0 52 157 231 52 158 0 53 159 235 53 160 231 53 161 0 54 162 234 54 163 236 54 164 235 55 165 0 55 166 236 55 167 235 56 168 233 56 169 231 56 170 221 57 171 219 57 172 220 57 173 220 58 174 219 58 175 218 58 176 382 59 177 381 59 178 380 59 179 381 60 180 365 60 181 198 60 182 365 61 183 196 61 184 198 61 185 382 62 186 365 62 187 381 62 188 382 63 189 366 63 190 365 63 191 208 64 192 143 64 193 140 64 194 208 65 195 140 65 196 204 65 197 383 66 198 365 66 199 366 66 200 367 67 201 383 67 202 366 67 203 384 68 204 383 68 205 367 68 206 351 69 207 350 69 208 349 69 209 352 70 210 350 70 211 351 70 212 353 71 213 352 71 214 351 71 215 354 72 216 352 72 217 353 72 218 355 73 219 354 73 220 353 73 221 27 74 222 29 74 223 348 74 224 347 75 225 348 75 226 29 75 227 29 76 228 31 76 229 347 76 230 346 77 231 347 77 232 31 77 233 31 78 234 33 78 235 346 78 236 345 79 237 346 79 238 33 79 239 33 80 240 35 80 241 345 80 242 343 81 243 345 81 244 35 81 245 35 82 246 38 82 247 343 82 248 341 83 249 343 83 250 38 83 251 38 84 252 39 84 253 341 84 254 339 85 255 341 85 256 39 85 257 39 86 258 41 86 259 339 86 260 333 87 261 339 87 262 41 87 263 41 88 264 44 88 265 333 88 266 330 89 267 333 89 268 44 89 269 44 90 270 45 90 271 330 90 272 327 91 273 330 91 274 45 91 275 334 92 276 336 92 277 4 92 278 2 93 279 4 93 280 336 93 281 336 94 282 337 94 283 2 94 284 1 95 285 2 95 286 337 95 287 337 96 288 338 96 289 1 96 290 3 97 291 1 97 292 338 97 293 338 98 294 335 98 295 3 98 296 5 99 297 3 99 298 335 99 299 335 100 300 332 100 301 5 100 302 7 101 303 5 101 304 332 101 305 332 102 306 331 102 307 7 102 308 9 103 309 7 103 310 331 103 311 331 104 312 329 104 313 9 104 314 11 105 315 9 105 316 329 105 317 329 106 318 328 106 319 11 106 320 13 107 321 11 107 322 326 107 323 11 108 324 328 108 325 326 108 326 326 109 327 324 109 328 13 109 329 15 110 330 13 110 331 324 110 332 324 111 333 323 111 334 15 111 335 17 112 336 15 112 337 323 112 338 323 113 339 321 113 340 17 113 341 19 114 342 17 114 343 321 114 344 321 115 345 320 115 346 19 115 347 21 116 348 19 116 349 320 116 350 320 117 351 318 117 352 21 117 353 23 118 354 21 118 355 318 118 356 318 119 357 315 119 358 23 119 359 24 120 360 23 120 361 315 120 362 315 121 363 312 121 364 24 121 365 26 122 366 24 122 367 312 122 368 312 123 369 314 123 370 26 123 371 25 124 372 26 124 373 314 124 374 314 125 375 317 125 376 25 125 377 1 126 378 3 126 379 2 126 380 4 127 381 2 127 382 3 127 383 3 127 384 5 127 385 4 127 386 6 128 387 4 128 388 5 128 389 5 129 390 7 129 391 6 129 392 8 130 393 6 130 394 7 130 395 7 131 396 9 131 397 8 131 398 10 127 399 8 127 400 9 127 401 9 132 402 11 132 403 10 132 404 12 133 405 10 133 406 11 133 407 11 134 408 13 134 409 12 134 410 14 135 411 12 135 412 13 135 413 13 136 414 15 136 415 14 136 416 16 137 417 14 137 418 15 137 419 15 138 420 17 138 421 16 138 422 18 127 423 16 127 424 17 127 425 17 127 426 19 127 427 18 127 428 20 139 429 18 139 430 19 139 431 19 140 432 21 140 433 20 140 434 22 141 435 20 141 436 21 141 437 21 127 438 23 127 439 22 127 440 25 142 441 22 142 442 23 142 443 23 143 444 24 143 445 25 143 446 26 127 447 25 127 448 24 127 449 45 144 450 43 144 451 327 144 452 43 145 453 325 145 454 327 145 455 322 146 456 325 146 457 43 146 458 43 147 459 42 147 460 322 147 461 319 148 462 322 148 463 42 148 464 42 149 465 40 149 466 319 149 467 313 150 468 319 150 469 40 150 470 40 151 471 37 151 472 313 151 473 310 152 474 313 152 475 37 152 476 37 153 477 36 153 478 310 153 479 308 154 480 310 154 481 36 154 482 36 155 483 34 155 484 308 155 485 306 156 486 308 156 487 34 156 488 34 157 489 32 157 490 306 157 491 304 158 492 306 158 493 32 158 494 32 159 495 30 159 496 304 159 497 305 160 498 304 160 499 30 160 500 30 161 501 28 161 502 305 161 503 29 162 504 27 162 505 250 162 506 28 163 507 30 163 508 252 163 509 250 164 510 248 164 511 29 164 512 254 165 513 252 165 514 30 165 515 31 166 516 29 166 517 248 166 518 30 167 519 32 167 520 254 167 521 248 168 522 246 168 523 31 168 524 246 169 525 33 169 526 31 169 527 256 170 528 254 170 529 32 170 530 258 171 531 256 171 532 34 171 533 256 172 534 32 172 535 34 172 536 246 173 537 244 173 538 33 173 539 35 174 540 33 174 541 244 174 542 34 175 543 36 175 544 258 175 545 260 176 546 258 176 547 36 176 548 244 177 549 242 177 550 35 177 551 242 178 552 38 178 553 35 178 554 36 179 555 37 179 556 260 179 557 63 180 558 61 180 559 303 180 560 302 181 561 303 181 562 61 181 563 61 182 564 59 182 565 302 182 566 301 183 567 302 183 568 59 183 569 59 184 570 57 184 571 301 184 572 300 185 573 301 185 574 57 185 575 57 186 576 55 186 577 300 186 578 298 187 579 300 187 580 55 187 581 55 188 582 54 188 583 298 188 584 296 189 585 298 189 586 54 189 587 54 190 588 51 190 589 296 190 590 294 191 591 296 191 592 51 191 593 51 192 594 50 192 595 294 192 596 292 193 597 294 193 598 50 193 599 50 194 600 46 194 601 292 194 602 290 195 603 292 195 604 46 195 605 46 196 606 47 196 607 290 196 608 288 197 609 290 197 610 47 197 611 47 198 612 48 198 613 288 198 614 48 199 615 286 199 616 288 199 617 284 200 618 286 200 619 48 200 620 48 201 621 49 201 622 284 201 623 282 202 624 284 202 625 49 202 626 49 203 627 52 203 628 282 203 629 280 204 630 282 204 631 52 204 632 52 205 633 53 205 634 280 205 635 278 206 636 280 206 637 53 206 638 53 207 639 56 207 640 278 207 641 276 208 642 278 208 643 56 208 644 56 209 645 58 209 646 276 209 647 274 210 648 276 210 649 58 210 650 58 211 651 60 211 652 274 211 653 272 212 654 274 212 655 60 212 656 60 213 657 62 213 658 272 213 659 273 214 660 272 214 661 62 214 662 62 215 663 64 215 664 273 215 665 245 216 666 247 216 667 56 216 668 257 217 669 259 217 670 57 217 671 259 218 672 55 218 673 57 218 674 58 219 675 56 219 676 247 219 677 57 220 678 59 220 679 257 220 680 247 221 681 249 221 682 58 221 683 249 222 684 60 222 685 58 222 686 255 223 687 257 223 688 59 223 689 62 224 690 60 224 691 249 224 692 253 225 693 255 225 694 61 225 695 249 226 696 251 226 697 62 226 698 64 227 699 62 227 700 251 227 701 189 228 702 110 228 703 193 228 704 110 229 705 65 229 706 193 229 707 67 230 708 65 230 709 110 230 710 110 231 711 115 231 712 67 231 713 66 232 714 67 232 715 115 232 716 115 233 717 118 233 718 66 233 719 72 234 720 66 234 721 118 234 722 118 235 723 123 235 724 72 235 725 74 236 726 72 236 727 123 236 728 123 237 729 125 237 730 74 237 731 224 238 732 74 238 733 125 238 734 125 239 735 222 239 736 224 239 737 223 240 738 224 240 739 222 240 740 193 241 741 65 241 742 192 241 743 69 242 744 195 242 745 192 242 746 195 243 747 69 243 748 377 243 749 65 244 750 67 244 751 192 244 752 75 245 753 377 245 754 69 245 755 192 246 756 68 246 757 69 246 758 68 247 759 192 247 760 67 247 761 67 248 762 66 248 763 68 248 764 70 249 765 68 249 766 66 249 767 68 250 768 70 250 769 69 250 770 69 251 771 71 251 772 75 251 773 71 252 774 69 252 775 70 252 776 66 253 777 72 253 778 70 253 779 76 254 780 75 254 781 71 254 782 73 255 783 70 255 784 72 255 785 70 256 786 73 256 787 71 256 788 71 257 789 229 257 790 76 257 791 229 258 792 71 258 793 73 258 794 72 259 795 74 259 796 73 259 797 230 260 798 76 260 799 229 260 800 73 261 801 227 261 802 229 261 803 227 262 804 73 262 805 74 262 806 74 263 807 224 263 808 227 263 809 377 264 810 75 264 811 379 264 812 79 265 813 379 265 814 75 265 815 75 266 816 76 266 817 79 266 818 80 267 819 79 267 820 76 267 821 76 268 822 230 268 823 80 268 824 231 269 825 80 269 826 230 269 827 77 270 828 221 270 829 379 270 830 221 271 831 77 271 832 219 271 833 78 272 834 219 272 835 77 272 836 219 273 837 78 273 838 218 273 839 83 274 840 218 274 841 78 274 842 379 275 843 79 275 844 77 275 845 84 276 846 83 276 847 78 276 848 81 277 849 77 277 850 79 277 851 77 278 852 81 278 853 78 278 854 82 279 855 78 279 856 81 279 857 78 280 858 82 280 859 84 280 860 79 281 861 80 281 862 81 281 863 85 282 864 84 282 865 82 282 866 80 283 867 231 283 868 81 283 869 232 284 870 81 284 871 231 284 872 81 285 873 232 285 874 82 285 875 226 286 876 82 286 877 232 286 878 82 287 879 226 287 880 85 287 881 86 288 882 85 288 883 226 288 884 86 289 885 226 289 886 87 289 887 218 290 888 83 290 889 216 290 890 89 291 891 216 291 892 83 291 893 83 292 894 84 292 895 89 292 896 94 293 897 89 293 898 84 293 899 84 294 900 85 294 901 94 294 902 85 295 903 100 295 904 94 295 905 85 296 906 86 296 907 100 296 908 86 297 909 87 297 910 100 297 911 103 298 912 100 298 913 87 298 914 225 299 915 103 299 916 87 299 917 150 300 918 88 300 919 151 300 920 88 301 921 150 301 922 152 301 923 91 302 924 152 302 925 216 302 926 152 303 927 91 303 928 88 303 929 151 304 930 90 304 931 362 304 932 90 305 933 151 305 934 88 305 935 216 306 936 89 306 937 91 306 938 106 307 939 362 307 940 90 307 941 88 308 942 93 308 943 90 308 944 93 309 945 88 309 946 91 309 947 89 310 948 94 310 949 91 310 950 92 311 951 90 311 952 93 311 953 90 312 954 92 312 955 106 312 956 95 313 957 91 313 958 94 313 959 91 314 960 95 314 961 93 314 962 107 315 963 106 315 964 92 315 965 96 316 966 92 316 967 93 316 968 92 317 969 96 317 970 107 317 971 93 318 972 97 318 973 96 318 974 97 319 975 93 319 976 95 319 977 94 320 978 100 320 979 95 320 980 101 321 981 95 321 982 100 321 983 95 322 984 101 322 985 97 322 986 108 323 987 107 323 988 96 323 989 96 324 990 98 324 991 108 324 992 98 325 993 96 325 994 97 325 995 99 326 996 97 326 997 101 326 998 97 327 999 99 327 1000 98 327 1001 98 328 1002 104 328 1003 108 328 1004 104 329 1005 98 329 1006 99 329 1007 99 330 1008 105 330 1009 104 330 1010 105 331 1011 99 331 1012 101 331 1013 100 332 1014 103 332 1015 101 332 1016 101 333 1017 103 333 1018 102 333 1019 109 334 1020 108 334 1021 104 334 1022 101 335 1023 102 335 1024 105 335 1025 102 336 1026 267 336 1027 105 336 1028 268 337 1029 104 337 1030 105 337 1031 104 338 1032 268 338 1033 109 338 1034 269 339 1035 109 339 1036 268 339 1037 105 340 1038 267 340 1039 268 340 1040 362 341 1041 106 341 1042 364 341 1043 111 342 1044 364 342 1045 106 342 1046 106 343 1047 107 343 1048 111 343 1049 121 344 1050 111 344 1051 107 344 1052 107 345 1053 108 345 1054 121 345 1055 124 346 1056 121 346 1057 108 346 1058 108 347 1059 109 347 1060 124 347 1061 127 348 1062 124 348 1063 109 348 1064 109 349 1065 269 349 1066 127 349 1067 270 350 1068 127 350 1069 269 350 1070 110 351 1071 189 351 1072 171 351 1073 171 352 1074 112 352 1075 110 352 1076 112 353 1077 171 353 1078 168 353 1079 170 354 1080 113 354 1081 168 354 1082 113 355 1083 170 355 1084 364 355 1085 168 356 1086 114 356 1087 112 356 1088 114 357 1089 168 357 1090 113 357 1091 364 358 1092 111 358 1093 113 358 1094 115 359 1095 110 359 1096 112 359 1097 111 360 1098 121 360 1099 113 360 1100 116 361 1101 112 361 1102 114 361 1103 112 362 1104 116 362 1105 115 362 1106 119 363 1107 113 363 1108 121 363 1109 113 364 1110 119 364 1111 114 364 1112 114 365 1113 117 365 1114 116 365 1115 117 366 1116 114 366 1117 119 366 1118 118 367 1119 115 367 1120 116 367 1121 120 368 1122 116 368 1123 117 368 1124 116 369 1125 120 369 1126 118 369 1127 122 370 1128 117 370 1129 119 370 1130 117 371 1131 122 371 1132 120 371 1133 123 372 1134 118 372 1135 120 372 1136 126 373 1137 119 373 1138 121 373 1139 119 374 1140 126 374 1141 122 374 1142 120 375 1143 128 375 1144 123 375 1145 128 376 1146 120 376 1147 122 376 1148 121 377 1149 124 377 1150 126 377 1151 129 378 1152 122 378 1153 126 378 1154 122 379 1155 129 379 1156 128 379 1157 125 380 1158 123 380 1159 128 380 1160 124 381 1161 127 381 1162 126 381 1163 128 382 1164 130 382 1165 125 382 1166 130 383 1167 222 383 1168 125 383 1169 131 384 1170 126 384 1171 127 384 1172 126 385 1173 131 385 1174 129 385 1175 127 386 1176 270 386 1177 131 386 1178 130 387 1179 128 387 1180 129 387 1181 264 388 1182 129 388 1183 131 388 1184 129 389 1185 264 389 1186 130 389 1187 270 390 1188 265 390 1189 131 390 1190 131 391 1191 265 391 1192 264 391 1193 201 392 1194 202 392 1195 132 392 1196 202 393 1197 133 393 1198 132 393 1199 139 394 1200 133 394 1201 202 394 1202 133 395 1203 139 395 1204 134 395 1205 139 396 1206 136 396 1207 134 396 1208 136 397 1209 141 397 1210 135 397 1211 141 398 1212 138 398 1213 135 398 1214 141 399 1215 136 399 1216 139 399 1217 351 400 1218 349 400 1219 137 400 1220 137 401 1221 138 401 1222 351 401 1223 138 402 1224 142 402 1225 351 402 1226 142 403 1227 138 403 1228 141 403 1229 202 404 1230 203 404 1231 139 404 1232 139 405 1233 140 405 1234 141 405 1235 139 406 1236 204 406 1237 140 406 1238 139 407 1239 203 407 1240 204 407 1241 353 408 1242 351 408 1243 142 408 1244 144 409 1245 141 409 1246 143 409 1247 141 410 1248 140 410 1249 143 410 1250 141 411 1251 144 411 1252 142 411 1253 142 412 1254 145 412 1255 353 412 1256 145 413 1257 355 413 1258 353 413 1259 145 414 1260 142 414 1261 144 414 1262 357 415 1263 355 415 1264 145 415 1265 143 416 1266 146 416 1267 144 416 1268 146 417 1269 143 417 1270 210 417 1271 210 418 1272 143 418 1273 208 418 1274 147 419 1275 144 419 1276 146 419 1277 144 420 1278 147 420 1279 145 420 1280 148 421 1281 145 421 1282 147 421 1283 145 422 1284 148 422 1285 357 422 1286 148 423 1287 359 423 1288 357 423 1289 210 424 1290 211 424 1291 146 424 1292 149 425 1293 146 425 1294 214 425 1295 146 426 1296 211 426 1297 214 426 1298 146 427 1299 149 427 1300 147 427 1301 361 428 1302 359 428 1303 148 428 1304 147 429 1305 150 429 1306 148 429 1307 150 430 1308 151 430 1309 148 430 1310 150 431 1311 147 431 1312 149 431 1313 148 432 1314 151 432 1315 361 432 1316 214 433 1317 215 433 1318 149 433 1319 152 434 1320 149 434 1321 215 434 1322 152 435 1323 150 435 1324 149 435 1325 361 436 1326 151 436 1327 362 436 1328 216 437 1329 152 437 1330 215 437 1331 178 438 1332 176 438 1333 153 438 1334 153 439 1335 155 439 1336 178 439 1337 162 440 1338 155 440 1339 160 440 1340 155 441 1341 154 441 1342 160 441 1343 154 442 1344 156 442 1345 160 442 1346 155 443 1347 162 443 1348 178 443 1349 160 444 1350 156 444 1351 157 444 1352 157 445 1353 159 445 1354 160 445 1355 350 446 1356 352 446 1357 158 446 1358 352 447 1359 159 447 1360 158 447 1361 159 448 1362 161 448 1363 160 448 1364 161 449 1365 159 449 1366 352 449 1367 352 450 1368 354 450 1369 161 450 1370 181 451 1371 178 451 1372 162 451 1373 160 452 1374 163 452 1375 162 452 1376 163 453 1377 160 453 1378 161 453 1379 164 454 1380 161 454 1381 356 454 1382 161 455 1383 354 455 1384 356 455 1385 161 456 1386 164 456 1387 163 456 1388 165 457 1389 162 457 1390 163 457 1391 162 458 1392 165 458 1393 181 458 1394 165 459 1395 182 459 1396 181 459 1397 356 460 1398 358 460 1399 164 460 1400 185 461 1401 182 461 1402 165 461 1403 166 462 1404 163 462 1405 164 462 1406 163 463 1407 166 463 1408 165 463 1409 167 464 1410 164 464 1411 360 464 1412 164 465 1413 358 465 1414 360 465 1415 164 466 1416 167 466 1417 166 466 1418 165 467 1419 169 467 1420 185 467 1421 169 468 1422 188 468 1423 185 468 1424 169 469 1425 165 469 1426 166 469 1427 360 470 1428 363 470 1429 167 470 1430 190 471 1431 188 471 1432 169 471 1433 168 472 1434 166 472 1435 170 472 1436 166 473 1437 167 473 1438 170 473 1439 166 474 1440 168 474 1441 169 474 1442 170 475 1443 167 475 1444 363 475 1445 169 476 1446 171 476 1447 190 476 1448 169 477 1449 168 477 1450 171 477 1451 363 478 1452 364 478 1453 170 478 1454 189 479 1455 190 479 1456 171 479 1457 179 480 1458 172 480 1459 178 480 1460 178 481 1461 181 481 1462 179 481 1463 179 482 1464 183 482 1465 180 482 1466 183 483 1467 179 483 1468 181 483 1469 184 484 1470 180 484 1471 183 484 1472 180 485 1473 184 485 1474 366 485 1475 184 486 1476 367 486 1477 366 486 1478 181 487 1479 182 487 1480 183 487 1481 368 488 1482 367 488 1483 184 488 1484 186 489 1485 183 489 1486 185 489 1487 183 490 1488 182 490 1489 185 490 1490 183 491 1491 186 491 1492 184 491 1493 187 492 1494 184 492 1495 186 492 1496 184 493 1497 187 493 1498 368 493 1499 187 494 1500 370 494 1501 368 494 1502 185 495 1503 188 495 1504 186 495 1505 372 496 1506 370 496 1507 187 496 1508 186 497 1509 191 497 1510 187 497 1511 191 498 1512 186 498 1513 188 498 1514 187 499 1515 194 499 1516 372 499 1517 194 500 1518 374 500 1519 372 500 1520 194 501 1521 187 501 1522 191 501 1523 188 502 1524 190 502 1525 191 502 1526 191 503 1527 189 503 1528 193 503 1529 191 504 1530 190 504 1531 189 504 1532 191 505 1533 193 505 1534 194 505 1535 376 506 1536 374 506 1537 194 506 1538 195 507 1539 194 507 1540 192 507 1541 194 508 1542 193 508 1543 192 508 1544 194 509 1545 195 509 1546 376 509 1547 377 510 1548 376 510 1549 195 510 1550 196 511 1551 206 511 1552 197 511 1553 206 512 1554 199 512 1555 197 512 1556 206 513 1557 205 513 1558 199 513 1559 206 514 1560 196 514 1561 365 514 1562 199 515 1563 205 515 1564 200 515 1565 205 516 1566 201 516 1567 200 516 1568 205 517 1569 202 517 1570 201 517 1571 205 518 1572 203 518 1573 202 518 1574 204 519 1575 203 519 1576 205 519 1577 205 520 1578 207 520 1579 204 520 1580 207 521 1581 208 521 1582 204 521 1583 207 522 1584 205 522 1585 206 522 1586 206 523 1587 209 523 1588 207 523 1589 206 524 1590 384 524 1591 209 524 1592 384 525 1593 369 525 1594 209 525 1595 212 526 1596 207 526 1597 209 526 1598 207 527 1599 212 527 1600 208 527 1601 212 528 1602 210 528 1603 208 528 1604 209 529 1605 213 529 1606 212 529 1607 213 530 1608 209 530 1609 371 530 1610 209 531 1611 369 531 1612 371 531 1613 211 532 1614 210 532 1615 212 532 1616 371 533 1617 373 533 1618 213 533 1619 212 534 1620 217 534 1621 211 534 1622 217 535 1623 214 535 1624 211 535 1625 217 536 1626 212 536 1627 213 536 1628 213 537 1629 220 537 1630 217 537 1631 220 538 1632 213 538 1633 375 538 1634 213 539 1635 373 539 1636 375 539 1637 215 540 1638 214 540 1639 217 540 1640 217 541 1641 218 541 1642 215 541 1643 218 542 1644 216 542 1645 215 542 1646 218 543 1647 217 543 1648 220 543 1649 375 544 1650 378 544 1651 220 544 1652 221 545 1653 220 545 1654 378 545 1655 378 546 1656 379 546 1657 221 546 1658 223 547 1659 228 547 1660 224 547 1661 228 548 1662 227 548 1663 224 548 1664 233 549 1665 225 549 1666 226 549 1667 225 550 1668 87 550 1669 226 550 1670 226 551 1671 232 551 1672 233 551 1673 229 552 1674 227 552 1675 228 552 1676 228 553 1677 234 553 1678 229 553 1679 234 554 1680 230 554 1681 229 554 1682 233 555 1683 232 555 1684 231 555 1685 237 556 1686 235 556 1687 236 556 1688 236 557 1689 238 557 1690 237 557 1691 239 557 1692 237 557 1693 238 557 1694 238 558 1695 240 558 1696 239 558 1697 241 559 1698 239 559 1699 240 559 1700 240 560 1701 242 560 1702 241 560 1703 243 561 1704 241 561 1705 242 561 1706 242 562 1707 244 562 1708 243 562 1709 245 563 1710 243 563 1711 244 563 1712 244 564 1713 246 564 1714 245 564 1715 247 565 1716 245 565 1717 246 565 1718 246 566 1719 248 566 1720 247 566 1721 249 567 1722 247 567 1723 248 567 1724 248 568 1725 250 568 1726 249 568 1727 251 569 1728 249 569 1729 250 569 1730 252 570 1731 254 570 1732 253 570 1733 255 571 1734 253 571 1735 254 571 1736 254 572 1737 256 572 1738 255 572 1739 257 573 1740 255 573 1741 256 573 1742 256 574 1743 258 574 1744 257 574 1745 259 575 1746 257 575 1747 258 575 1748 258 576 1749 260 576 1750 259 576 1751 261 577 1752 259 577 1753 260 577 1754 260 578 1755 262 578 1756 261 578 1757 263 579 1758 261 579 1759 262 579 1760 262 580 1761 266 580 1762 263 580 1763 271 581 1764 263 581 1765 266 581 1766 266 582 1767 264 582 1768 265 582 1769 265 583 1770 270 583 1771 266 583 1772 270 584 1773 271 584 1774 266 584 1775 271 585 1776 268 585 1777 267 585 1778 271 586 1779 269 586 1780 268 586 1781 271 587 1782 270 587 1783 269 587 1784 274 588 1785 272 588 1786 273 588 1787 273 589 1788 275 589 1789 274 589 1790 276 588 1791 274 588 1792 275 588 1793 275 590 1794 277 590 1795 276 590 1796 278 591 1797 276 591 1798 277 591 1799 277 592 1800 279 592 1801 278 592 1802 280 593 1803 278 593 1804 279 593 1805 279 594 1806 281 594 1807 280 594 1808 282 595 1809 280 595 1810 281 595 1811 281 596 1812 283 596 1813 282 596 1814 284 597 1815 282 597 1816 283 597 1817 283 598 1818 285 598 1819 284 598 1820 286 599 1821 284 599 1822 285 599 1823 285 600 1824 287 600 1825 286 600 1826 288 601 1827 286 601 1828 287 601 1829 287 602 1830 289 602 1831 288 602 1832 290 600 1833 288 600 1834 289 600 1835 289 603 1836 291 603 1837 290 603 1838 292 598 1839 290 598 1840 291 598 1841 291 604 1842 293 604 1843 292 604 1844 294 605 1845 292 605 1846 293 605 1847 293 588 1848 295 588 1849 294 588 1850 296 606 1851 294 606 1852 295 606 1853 295 588 1854 297 588 1855 296 588 1856 298 588 1857 296 588 1858 297 588 1859 297 607 1860 299 607 1861 298 607 1862 300 588 1863 298 588 1864 299 588 1865 299 588 1866 303 588 1867 300 588 1868 301 588 1869 300 588 1870 303 588 1871 303 608 1872 302 608 1873 301 608 1874 306 127 1875 304 127 1876 305 127 1877 305 609 1878 307 609 1879 306 609 1880 308 610 1881 306 610 1882 307 610 1883 307 611 1884 309 611 1885 308 611 1886 310 127 1887 308 127 1888 309 127 1889 309 612 1890 311 612 1891 310 612 1892 313 613 1893 310 613 1894 311 613 1895 316 127 1896 312 127 1897 313 127 1898 319 127 1899 313 127 1900 315 127 1901 313 614 1902 312 614 1903 315 614 1904 315 127 1905 318 127 1906 319 127 1907 322 127 1908 319 127 1909 320 127 1910 319 615 1911 318 615 1912 320 615 1913 320 127 1914 321 127 1915 322 127 1916 325 127 1917 322 127 1918 323 127 1919 322 127 1920 321 127 1921 323 127 1922 323 127 1923 324 127 1924 325 127 1925 327 127 1926 325 127 1927 326 127 1928 325 616 1929 324 616 1930 326 616 1931 326 127 1932 328 127 1933 327 127 1934 330 127 1935 327 127 1936 328 127 1937 328 127 1938 329 127 1939 330 127 1940 333 617 1941 330 617 1942 331 617 1943 330 127 1944 329 127 1945 331 127 1946 331 618 1947 332 618 1948 333 618 1949 339 619 1950 333 619 1951 335 619 1952 333 620 1953 332 620 1954 335 620 1955 335 127 1956 338 127 1957 339 127 1958 341 621 1959 339 621 1960 340 621 1961 339 622 1962 337 622 1963 340 622 1964 339 623 1965 338 623 1966 337 623 1967 340 127 1968 342 127 1969 341 127 1970 343 127 1971 341 127 1972 342 127 1973 342 624 1974 344 624 1975 343 624 1976 345 625 1977 343 625 1978 344 625 1979 344 626 1980 348 626 1981 345 626 1982 346 127 1983 345 127 1984 348 127 1985 348 127 1986 347 127 1987 346 127 1988 356 627 1989 354 627 1990 355 627 1991 355 628 1992 357 628 1993 356 628 1994 358 629 1995 356 629 1996 357 629 1997 357 630 1998 359 630 1999 358 630 2000 360 631 2001 358 631 2002 359 631 2003 359 632 2004 361 632 2005 360 632 2006 363 633 2007 360 633 2008 361 633 2009 361 634 2010 362 634 2011 363 634 2012 364 635 2013 363 635 2014 362 635 2015 368 636 2016 384 636 2017 367 636 2018 369 637 2019 384 637 2020 368 637 2021 368 638 2022 370 638 2023 369 638 2024 371 639 2025 369 639 2026 370 639 2027 370 640 2028 372 640 2029 371 640 2030 373 641 2031 371 641 2032 372 641 2033 372 642 2034 374 642 2035 373 642 2036 375 643 2037 373 643 2038 374 643 2039 374 644 2040 376 644 2041 375 644 2042 378 645 2043 375 645 2044 376 645 2045 376 646 2046 377 646 2047 378 646 2048 379 647 2049 378 647 2050 377 647 2051 173 648 2052 180 648 2053 174 648 2054 180 649 2055 380 649 2056 174 649 2057 180 650 2058 382 650 2059 380 650 2060 366 651 2061 382 651 2062 180 651 2063 365 652 2064 383 652 2065 206 652 2066 383 653 2067 384 653 2068 206 653 2069 389 654 2070 391 654 2071 390 654 2072 392 655 2073 390 655 2074 391 655 2075 391 656 2076 393 656 2077 392 656 2078 394 657 2079 392 657 2080 393 657 2081 393 658 2082 395 658 2083 394 658 2084 396 659 2085 394 659 2086 395 659 2087 395 660 2088 397 660 2089 396 660 2090 398 661 2091 396 661 2092 397 661 2093 397 662 2094 399 662 2095 398 662 2096 400 663 2097 398 663 2098 399 663 2099 399 664 2100 401 664 2101 400 664 2102 402 665 2103 400 665 2104 401 665 2105 401 666 2106 403 666 2107 402 666 2108 404 667 2109 402 667 2110 403 667 2111 403 668 2112 405 668 2113 404 668 2114 406 669 2115 404 669 2116 405 669 2117 413 670 2118 411 670 2119 412 670 2120 412 671 2121 414 671 2122 413 671 2123 415 672 2124 413 672 2125 414 672 2126 414 673 2127 416 673 2128 415 673 2129 417 674 2130 415 674 2131 416 674 2132 416 675 2133 418 675 2134 417 675 2135 419 676 2136 417 676 2137 418 676 2138 418 677 2139 420 677 2140 419 677 2141 421 678 2142 419 678 2143 420 678 2144 420 679 2145 422 679 2146 421 679 2147 421 680 2148 422 680 2149 423 680 2150 424 681 2151 421 681 2152 423 681 2153 340 682 2154 337 682 2155 336 682 2156 425 683 2157 340 683 2158 336 683 2159 336 127 2160 334 127 2161 425 127 2162 425 684 2163 334 684 2164 426 684 2165 427 685 2166 425 685 2167 426 685 2168 426 686 2169 428 686 2170 427 686 2171 427 127 2172 428 127 2173 429 127 2174 430 127 2175 427 127 2176 429 127 2177 429 127 2178 431 127 2179 430 127 2180 430 687 2181 431 687 2182 432 687 2183 433 127 2184 430 127 2185 432 127 2186 432 127 2187 434 127 2188 433 127 2189 435 127 2190 433 127 2191 434 127 2192 434 127 2193 436 127 2194 435 127 2195 435 127 2196 436 127 2197 437 127 2198 438 127 2199 435 127 2200 437 127 2201 437 688 2202 439 688 2203 438 688 2204 438 689 2205 439 689 2206 317 689 2207 316 690 2208 438 690 2209 317 690 2210 317 691 2211 314 691 2212 316 691 2213 316 692 2214 314 692 2215 312 692 2216 311 127 2217 316 127 2218 313 127 2219 253 693 2220 440 693 2221 252 693 2222 441 694 2223 252 694 2224 440 694 2225 440 695 2226 442 695 2227 441 695 2228 443 696 2229 441 696 2230 442 696 2231 442 697 2232 444 697 2233 443 697 2234 445 698 2235 443 698 2236 444 698 2237 444 699 2238 446 699 2239 445 699 2240 447 700 2241 445 700 2242 446 700 2243 446 701 2244 448 701 2245 447 701 2246 449 702 2247 447 702 2248 448 702 2249 448 703 2250 450 703 2251 449 703 2252 451 704 2253 449 704 2254 450 704 2255 452 705 2256 451 705 2257 450 705 2258 453 706 2259 452 706 2260 450 706 2261 451 707 2262 452 707 2263 454 707 2264 451 708 2265 454 708 2266 455 708 2267 456 709 2268 451 709 2269 455 709 2270 457 710 2271 458 710 2272 459 710 2273 460 711 2274 461 711 2275 462 711 2276 462 712 2277 463 712 2278 460 712 2279 464 713 2280 465 713 2281 459 713 2282 458 714 2283 464 714 2284 459 714 2285 466 715 2286 460 715 2287 463 715 2288 467 716 2289 465 716 2290 464 716 2291 463 717 2292 468 717 2293 466 717 2294 469 718 2295 470 718 2296 471 718 2297 469 719 2298 471 719 2299 472 719 2300 469 720 2301 472 720 2302 467 720 2303 464 721 2304 469 721 2305 467 721 2306 466 722 2307 468 722 2308 473 722 2309 470 723 2310 469 723 2311 474 723 2312 473 724 2313 470 724 2314 474 724 2315 474 725 2316 466 725 2317 473 725 2318 469 726 2319 475 726 2320 474 726 2321 476 727 2322 474 727 2323 475 727 2324 475 728 2325 477 728 2326 476 728 2327 478 729 2328 476 729 2329 477 729 2330 477 730 2331 479 730 2332 478 730 2333 480 731 2334 478 731 2335 479 731 2336 479 732 2337 251 732 2338 480 732 2339 250 733 2340 480 733 2341 251 733 2342 482 734 2343 385 734 2344 481 734 2345 385 735 2346 387 735 2347 481 735 2348 489 736 2349 385 736 2350 482 736 2351 487 737 2352 490 737 2353 488 737 2354 389 738 2355 385 738 2356 489 738 2357 491 739 2358 488 739 2359 490 739 2360 488 740 2361 491 740 2362 489 740 2363 492 741 2364 489 741 2365 491 741 2366 492 742 2367 391 742 2368 389 742 2369 489 743 2370 492 743 2371 389 743 2372 490 744 2373 493 744 2374 491 744 2375 393 745 2376 391 745 2377 492 745 2378 491 746 2379 494 746 2380 492 746 2381 491 747 2382 493 747 2383 495 747 2384 494 748 2385 491 748 2386 495 748 2387 492 749 2388 496 749 2389 393 749 2390 496 750 2391 492 750 2392 494 750 2393 395 751 2394 393 751 2395 496 751 2396 495 752 2397 497 752 2398 494 752 2399 494 753 2400 497 753 2401 498 753 2402 499 754 2403 494 754 2404 498 754 2405 494 755 2406 499 755 2407 496 755 2408 500 756 2409 397 756 2410 395 756 2411 496 757 2412 500 757 2413 395 757 2414 500 758 2415 496 758 2416 499 758 2417 498 759 2418 501 759 2419 499 759 2420 399 760 2421 397 760 2422 500 760 2423 499 761 2424 501 761 2425 502 761 2426 503 762 2427 499 762 2428 502 762 2429 499 763 2430 503 763 2431 500 763 2432 502 764 2433 504 764 2434 503 764 2435 505 765 2436 401 765 2437 399 765 2438 500 766 2439 505 766 2440 399 766 2441 505 767 2442 500 767 2443 503 767 2444 403 768 2445 401 768 2446 505 768 2447 503 769 2448 504 769 2449 506 769 2450 503 770 2451 506 770 2452 507 770 2453 508 771 2454 503 771 2455 507 771 2456 503 772 2457 508 772 2458 505 772 2459 505 773 2460 509 773 2461 403 773 2462 505 774 2463 508 774 2464 510 774 2465 509 775 2466 505 775 2467 510 775 2468 403 776 2469 509 776 2470 405 776 2471 516 777 2472 517 777 2473 515 777 2474 516 778 2475 515 778 2476 514 778 2477 513 779 2478 516 779 2479 514 779 2480 518 780 2481 516 780 2482 513 780 2483 518 781 2484 513 781 2485 512 781 2486 511 782 2487 518 782 2488 512 782 2489 518 783 2490 511 783 2491 388 783 2492 519 784 2493 517 784 2494 516 784 2495 388 785 2496 390 785 2497 518 785 2498 520 786 2499 516 786 2500 518 786 2501 520 787 2502 521 787 2503 519 787 2504 516 788 2505 520 788 2506 519 788 2507 518 789 2508 390 789 2509 392 789 2510 522 790 2511 518 790 2512 392 790 2513 518 791 2514 522 791 2515 520 791 2516 523 792 2517 521 792 2518 520 792 2519 392 793 2520 394 793 2521 522 793 2522 524 794 2523 520 794 2524 522 794 2525 524 795 2526 525 795 2527 523 795 2528 520 796 2529 524 796 2530 523 796 2531 526 797 2532 522 797 2533 394 797 2534 522 798 2535 526 798 2536 524 798 2537 394 799 2538 396 799 2539 526 799 2540 527 800 2541 525 800 2542 524 800 2543 524 801 2544 528 801 2545 527 801 2546 528 802 2547 524 802 2548 526 802 2549 529 803 2550 527 803 2551 528 803 2552 526 804 2553 530 804 2554 528 804 2555 526 805 2556 396 805 2557 398 805 2558 530 806 2559 526 806 2560 398 806 2561 398 807 2562 400 807 2563 530 807 2564 531 808 2565 532 808 2566 529 808 2567 528 809 2568 531 809 2569 529 809 2570 531 810 2571 528 810 2572 530 810 2573 533 811 2574 532 811 2575 531 811 2576 530 812 2577 534 812 2578 531 812 2579 530 813 2580 400 813 2581 402 813 2582 534 814 2583 530 814 2584 402 814 2585 402 815 2586 404 815 2587 534 815 2588 535 816 2589 531 816 2590 534 816 2591 538 817 2592 534 817 2593 404 817 2594 404 818 2595 406 818 2596 538 818 2597 517 819 2598 540 819 2599 541 819 2600 515 820 2601 517 820 2602 541 820 2603 542 821 2604 543 821 2605 410 821 2606 410 822 2607 408 822 2608 542 822 2609 543 823 2610 544 823 2611 410 823 2612 545 824 2613 544 824 2614 543 824 2615 545 825 2616 543 825 2617 546 825 2618 547 826 2619 545 826 2620 546 826 2621 548 827 2622 545 827 2623 547 827 2624 548 828 2625 547 828 2626 549 828 2627 540 829 2628 548 829 2629 549 829 2630 548 830 2631 540 830 2632 517 830 2633 517 831 2634 519 831 2635 548 831 2636 412 832 2637 410 832 2638 544 832 2639 550 833 2640 544 833 2641 545 833 2642 550 834 2643 414 834 2644 412 834 2645 544 835 2646 550 835 2647 412 835 2648 551 836 2649 545 836 2650 548 836 2651 545 837 2652 551 837 2653 550 837 2654 548 838 2655 552 838 2656 551 838 2657 548 839 2658 519 839 2659 521 839 2660 552 840 2661 548 840 2662 521 840 2663 521 841 2664 523 841 2665 552 841 2666 416 842 2667 414 842 2668 550 842 2669 553 843 2670 550 843 2671 551 843 2672 550 844 2673 553 844 2674 416 844 2675 554 845 2676 551 845 2677 552 845 2678 551 846 2679 554 846 2680 553 846 2681 552 847 2682 523 847 2683 525 847 2684 555 848 2685 552 848 2686 525 848 2687 552 849 2688 555 849 2689 554 849 2690 418 850 2691 416 850 2692 553 850 2693 525 851 2694 527 851 2695 555 851 2696 556 852 2697 420 852 2698 418 852 2699 553 853 2700 556 853 2701 418 853 2702 556 854 2703 553 854 2704 554 854 2705 557 855 2706 554 855 2707 555 855 2708 554 856 2709 557 856 2710 556 856 2711 555 857 2712 558 857 2713 557 857 2714 555 858 2715 527 858 2716 529 858 2717 558 859 2718 555 859 2719 529 859 2720 422 860 2721 420 860 2722 556 860 2723 529 861 2724 532 861 2725 558 861 2726 559 862 2727 423 862 2728 422 862 2729 556 863 2730 559 863 2731 422 863 2732 559 864 2733 556 864 2734 557 864 2735 560 865 2736 559 865 2737 557 865 2738 560 866 2739 557 866 2740 558 866 2741 558 867 2742 532 867 2743 533 867 2744 560 868 2745 558 868 2746 533 868 2747 561 869 2748 560 869 2749 533 869 2750 537 870 2751 561 870 2752 533 870 2753 487 871 2754 485 871 2755 562 871 2756 563 872 2757 407 872 2758 409 872 2759 564 873 2760 563 873 2761 409 873 2762 565 874 2763 563 874 2764 564 874 2765 566 875 2766 565 875 2767 564 875 2768 567 876 2769 566 876 2770 564 876 2771 487 877 2772 568 877 2773 490 877 2774 569 878 2775 566 878 2776 567 878 2777 562 879 2778 569 879 2779 567 879 2780 568 880 2781 562 880 2782 567 880 2783 562 881 2784 568 881 2785 487 881 2786 409 882 2787 411 882 2788 564 882 2789 564 883 2790 570 883 2791 567 883 2792 564 884 2793 411 884 2794 413 884 2795 570 885 2796 564 885 2797 413 885 2798 567 886 2799 571 886 2800 568 886 2801 571 887 2802 567 887 2803 570 887 2804 493 888 2805 490 888 2806 568 888 2807 413 889 2808 415 889 2809 570 889 2810 572 890 2811 493 890 2812 568 890 2813 572 891 2814 568 891 2815 571 891 2816 495 892 2817 493 892 2818 572 892 2819 570 893 2820 573 893 2821 571 893 2822 573 894 2823 570 894 2824 415 894 2825 571 895 2826 574 895 2827 572 895 2828 574 896 2829 571 896 2830 573 896 2831 415 897 2832 417 897 2833 573 897 2834 575 898 2835 572 898 2836 574 898 2837 575 899 2838 497 899 2839 495 899 2840 572 900 2841 575 900 2842 495 900 2843 498 901 2844 497 901 2845 575 901 2846 573 902 2847 576 902 2848 574 902 2849 573 903 2850 417 903 2851 419 903 2852 576 904 2853 573 904 2854 419 904 2855 574 905 2856 577 905 2857 575 905 2858 577 906 2859 574 906 2860 576 906 2861 578 907 2862 575 907 2863 577 907 2864 578 908 2865 501 908 2866 498 908 2867 575 909 2868 578 909 2869 498 909 2870 419 910 2871 421 910 2872 576 910 2873 502 911 2874 501 911 2875 578 911 2876 576 912 2877 579 912 2878 577 912 2879 576 913 2880 421 913 2881 424 913 2882 576 914 2883 424 914 2884 579 914 2885 577 915 2886 580 915 2887 578 915 2888 577 916 2889 579 916 2890 580 916 2891 578 917 2892 580 917 2893 581 917 2894 581 918 2895 504 918 2896 502 918 2897 578 919 2898 581 919 2899 502 919 2900 506 920 2901 504 920 2902 581 920 2903 452 921 2904 582 921 2905 454 921 2906 583 922 2907 454 922 2908 582 922 2909 582 923 2910 584 923 2911 583 923 2912 585 924 2913 583 924 2914 584 924 2915 584 925 2916 586 925 2917 585 925 2918 587 926 2919 585 926 2920 586 926 2921 586 927 2922 588 927 2923 587 927 2924 589 928 2925 587 928 2926 588 928 2927 588 929 2928 590 929 2929 589 929 2930 591 930 2931 589 930 2932 590 930 2933 590 931 2934 424 931 2935 591 931 2936 423 932 2937 591 932 2938 424 932 2939 454 933 2940 592 933 2941 455 933 2942 593 934 2943 455 934 2944 592 934 2945 455 935 2946 593 935 2947 456 935 2948 592 936 2949 583 936 2950 593 936 2951 594 937 2952 456 937 2953 593 937 2954 595 938 2955 593 938 2956 583 938 2957 593 939 2958 595 939 2959 594 939 2960 583 940 2961 585 940 2962 595 940 2963 596 941 2964 456 941 2965 594 941 2966 597 942 2967 595 942 2968 585 942 2969 595 943 2970 597 943 2971 594 943 2972 594 944 2973 598 944 2974 596 944 2975 598 945 2976 594 945 2977 597 945 2978 585 946 2979 587 946 2980 597 946 2981 597 947 2982 599 947 2983 598 947 2984 599 948 2985 597 948 2986 587 948 2987 587 949 2988 589 949 2989 599 949 2990 600 950 2991 596 950 2992 598 950 2993 601 951 2994 598 951 2995 599 951 2996 598 952 2997 601 952 2998 600 952 2999 602 953 3000 599 953 3001 589 953 3002 599 954 3003 602 954 3004 601 954 3005 589 955 3006 603 955 3007 602 955 3008 604 956 3009 600 956 3010 601 956 3011 601 957 3012 605 957 3013 604 957 3014 605 958 3015 601 958 3016 602 958 3017 602 959 3018 606 959 3019 605 959 3020 606 960 3021 602 960 3022 603 960 3023 603 961 3024 591 961 3025 606 961 3026 607 962 3027 604 962 3028 605 962 3029 606 963 3030 559 963 3031 605 963 3032 559 964 3033 606 964 3034 591 964 3035 561 965 3036 607 965 3037 605 965 3038 591 966 3039 423 966 3040 559 966 3041 560 967 3042 605 967 3043 559 967 3044 605 968 3045 560 968 3046 561 968 3047 614 969 3048 608 969 3049 596 969 3050 596 970 3051 600 970 3052 614 970 3053 609 971 3054 614 971 3055 600 971 3056 600 972 3057 604 972 3058 609 972 3059 623 973 3060 609 973 3061 604 973 3062 604 974 3063 607 974 3064 623 974 3065 610 975 3066 623 975 3067 607 975 3068 607 976 3069 561 976 3070 610 976 3071 610 977 3072 561 977 3073 537 977 3074 611 978 3075 462 978 3076 461 978 3077 461 979 3078 608 979 3079 611 979 3080 463 980 3081 462 980 3082 611 980 3083 612 981 3084 463 981 3085 611 981 3086 611 982 3087 613 982 3088 612 982 3089 613 983 3090 611 983 3091 608 983 3092 468 984 3093 463 984 3094 612 984 3095 608 985 3096 614 985 3097 613 985 3098 612 986 3099 615 986 3100 468 986 3101 473 987 3102 468 987 3103 615 987 3104 614 988 3105 609 988 3106 613 988 3107 616 989 3108 612 989 3109 613 989 3110 612 990 3111 616 990 3112 615 990 3113 613 991 3114 617 991 3115 616 991 3116 617 992 3117 613 992 3118 609 992 3119 618 993 3120 615 993 3121 616 993 3122 615 994 3123 618 994 3124 473 994 3125 619 995 3126 470 995 3127 473 995 3128 473 996 3129 620 996 3130 619 996 3131 620 997 3132 473 997 3133 618 997 3134 616 998 3135 621 998 3136 618 998 3137 621 999 3138 616 999 3139 617 999 3140 617 1000 3141 622 1000 3142 621 1000 3143 622 1001 3144 617 1001 3145 609 1001 3146 609 1002 3147 623 1002 3148 622 1002 3149 618 1003 3150 624 1003 3151 620 1003 3152 624 1004 3153 618 1004 3154 621 1004 3155 625 1005 3156 626 1005 3157 619 1005 3158 620 1006 3159 625 1006 3160 619 1006 3161 625 1007 3162 620 1007 3163 624 1007 3164 623 1008 3165 610 1008 3166 622 1008 3167 621 1009 3168 535 1009 3169 624 1009 3170 535 1010 3171 621 1010 3172 622 1010 3173 627 1011 3174 622 1011 3175 610 1011 3176 622 1012 3177 627 1012 3178 535 1012 3179 624 1013 3180 539 1013 3181 625 1013 3182 539 1014 3183 624 1014 3184 535 1014 3185 627 1015 3186 610 1015 3187 536 1015 3188 535 1016 3189 627 1016 3190 536 1016 3191 538 1017 3192 406 1017 3193 626 1017 3194 625 1018 3195 538 1018 3196 626 1018 3197 610 1019 3198 537 1019 3199 536 1019 3200 470 1020 3201 619 1020 3202 471 1020 3203 628 1021 3204 471 1021 3205 619 1021 3206 619 1022 3207 626 1022 3208 628 1022 3209 629 1023 3210 628 1023 3211 626 1023 3212 626 1024 3213 406 1024 3214 629 1024 3215 405 1025 3216 629 1025 3217 406 1025 3218 630 1026 3219 457 1026 3220 459 1026 3221 459 1027 3222 631 1027 3223 630 1027 3224 459 1028 3225 465 1028 3226 631 1028 3227 465 1029 3228 632 1029 3229 631 1029 3230 633 1030 3231 631 1030 3232 632 1030 3233 631 1031 3234 633 1031 3235 630 1031 3236 465 1032 3237 467 1032 3238 632 1032 3239 646 1033 3240 630 1033 3241 633 1033 3242 467 1034 3243 634 1034 3244 632 1034 3245 467 1035 3246 472 1035 3247 634 1035 3248 635 1036 3249 632 1036 3250 634 1036 3251 632 1037 3252 635 1037 3253 633 1037 3254 636 1038 3255 646 1038 3256 633 1038 3257 633 1039 3258 637 1039 3259 636 1039 3260 637 1040 3261 633 1040 3262 635 1040 3263 472 1041 3264 638 1041 3265 634 1041 3266 472 1042 3267 471 1042 3268 638 1042 3269 639 1043 3270 634 1043 3271 638 1043 3272 634 1044 3273 639 1044 3274 635 1044 3275 471 1045 3276 628 1045 3277 638 1045 3278 640 1046 3279 636 1046 3280 637 1046 3281 641 1047 3282 637 1047 3283 635 1047 3284 637 1048 3285 641 1048 3286 640 1048 3287 642 1049 3288 638 1049 3289 628 1049 3290 638 1050 3291 642 1050 3292 639 1050 3293 635 1051 3294 643 1051 3295 641 1051 3296 643 1052 3297 635 1052 3298 639 1052 3299 644 1053 3300 639 1053 3301 642 1053 3302 639 1054 3303 644 1054 3304 643 1054 3305 628 1055 3306 629 1055 3307 642 1055 3308 507 1056 3309 641 1056 3310 643 1056 3311 641 1057 3312 507 1057 3313 640 1057 3314 508 1058 3315 643 1058 3316 644 1058 3317 643 1059 3318 508 1059 3319 507 1059 3320 506 1060 3321 640 1060 3322 507 1060 3323 644 1061 3324 510 1061 3325 508 1061 3326 510 1062 3327 644 1062 3328 642 1062 3329 642 1063 3330 509 1063 3331 510 1063 3332 509 1064 3333 642 1064 3334 629 1064 3335 629 1065 3336 405 1065 3337 509 1065 3338 630 1066 3339 646 1066 3340 645 1066 3341 647 1067 3342 645 1067 3343 646 1067 3344 646 1068 3345 636 1068 3346 647 1068 3347 648 1069 3348 647 1069 3349 636 1069 3350 636 1070 3351 640 1070 3352 648 1070 3353 649 1071 3354 648 1071 3355 640 1071 3356 640 1072 3357 506 1072 3358 649 1072 3359 581 1073 3360 649 1073 3361 506 1073 3362 453 1074 3363 650 1074 3364 452 1074 3365 453 1075 3366 450 1075 3367 651 1075 3368 650 1076 3369 453 1076 3370 651 1076 3371 582 1077 3372 452 1077 3373 650 1077 3374 652 1078 3375 650 1078 3376 651 1078 3377 650 1079 3378 652 1079 3379 582 1079 3380 653 1080 3381 582 1080 3382 652 1080 3383 651 1081 3384 654 1081 3385 652 1081 3386 584 1082 3387 653 1082 3388 652 1082 3389 655 1083 3390 652 1083 3391 654 1083 3392 652 1084 3393 655 1084 3394 584 1084 3395 656 1085 3396 584 1085 3397 655 1085 3398 651 1086 3399 630 1086 3400 654 1086 3401 654 1087 3402 630 1087 3403 645 1087 3404 657 1088 3405 654 1088 3406 645 1088 3407 654 1089 3408 657 1089 3409 655 1089 3410 655 1090 3411 658 1090 3412 656 1090 3413 658 1091 3414 655 1091 3415 657 1091 3416 586 1092 3417 656 1092 3418 658 1092 3419 659 1093 3420 657 1093 3421 645 1093 3422 657 1094 3423 659 1094 3424 658 1094 3425 645 1095 3426 647 1095 3427 659 1095 3428 588 1096 3429 586 1096 3430 658 1096 3431 658 1097 3432 660 1097 3433 588 1097 3434 660 1098 3435 658 1098 3436 659 1098 3437 659 1099 3438 661 1099 3439 660 1099 3440 661 1100 3441 659 1100 3442 647 1100 3443 647 1101 3444 648 1101 3445 661 1101 3446 590 1102 3447 588 1102 3448 660 1102 3449 662 1103 3450 661 1103 3451 648 1103 3452 661 1104 3453 662 1104 3454 660 1104 3455 663 1105 3456 660 1105 3457 662 1105 3458 660 1106 3459 663 1106 3460 590 1106 3461 648 1107 3462 649 1107 3463 662 1107 3464 662 1108 3465 580 1108 3466 663 1108 3467 580 1109 3468 662 1109 3469 649 1109 3470 649 1110 3471 581 1110 3472 580 1110 3473 424 1111 3474 590 1111 3475 663 1111 3476 579 1112 3477 663 1112 3478 580 1112 3479 663 1113 3480 579 1113 3481 424 1113 3482 475 1114 3483 670 1114 3484 671 1114 3485 477 1115 3486 475 1115 3487 671 1115 3488 479 1116 3489 477 1116 3490 671 1116 3491 442 1117 3492 440 1117 3493 673 1117 3494 671 1118 3495 674 1118 3496 479 1118 3497 479 1119 3498 674 1119 3499 64 1119 3500 251 1120 3501 479 1120 3502 64 1120 3503 253 1121 3504 63 1121 3505 673 1121 3506 440 1122 3507 253 1122 3508 673 1122 3509 287 1123 3510 285 1123 3511 664 1123 3512 665 1124 3513 664 1124 3514 285 1124 3515 285 1125 3516 283 1125 3517 665 1125 3518 666 1126 3519 665 1126 3520 283 1126 3521 283 1127 3522 281 1127 3523 666 1127 3524 670 1128 3525 666 1128 3526 281 1128 3527 281 1129 3528 279 1129 3529 670 1129 3530 671 1130 3531 670 1130 3532 279 1130 3533 279 1131 3534 277 1131 3535 671 1131 3536 674 1132 3537 671 1132 3538 277 1132 3539 277 1133 3540 275 1133 3541 674 1133 3542 64 1134 3543 674 1134 3544 275 1134 3545 275 1135 3546 273 1135 3547 64 1135 3548 303 1136 3549 299 1136 3550 63 1136 3551 673 1137 3552 63 1137 3553 299 1137 3554 299 1138 3555 297 1138 3556 673 1138 3557 672 1139 3558 673 1139 3559 297 1139 3560 297 1140 3561 295 1140 3562 672 1140 3563 669 1141 3564 672 1141 3565 295 1141 3566 295 1142 3567 293 1142 3568 669 1142 3569 667 1143 3570 669 1143 3571 293 1143 3572 293 1144 3573 291 1144 3574 667 1144 3575 668 1145 3576 667 1145 3577 291 1145 3578 291 1146 3579 289 1146 3580 668 1146 3581 668 1147 3582 289 1147 3583 287 1147 3584 664 1148 3585 668 1148 3586 287 1148 3587 252 1149 3588 441 1149 3589 28 1149 3590 433 1150 3591 435 1150 3592 684 1150 3593 685 1151 3594 684 1151 3595 435 1151 3596 435 1152 3597 438 1152 3598 685 1152 3599 681 1153 3600 685 1153 3601 438 1153 3602 438 1154 3603 316 1154 3604 681 1154 3605 680 1155 3606 681 1155 3607 316 1155 3608 316 1156 3609 311 1156 3610 680 1156 3611 678 1157 3612 680 1157 3613 311 1157 3614 311 1158 3615 309 1158 3616 678 1158 3617 676 1159 3618 678 1159 3619 309 1159 3620 309 1160 3621 307 1160 3622 676 1160 3623 28 1161 3624 676 1161 3625 307 1161 3626 307 1162 3627 305 1162 3628 28 1162 3629 16 1163 3630 434 1163 3631 432 1163 3632 14 1164 3633 16 1164 3634 432 1164 3635 436 1165 3636 434 1165 3637 16 1165 3638 16 1166 3639 18 1166 3640 436 1166 3641 437 1167 3642 436 1167 3643 18 1167 3644 18 1168 3645 20 1168 3646 437 1168 3647 439 1169 3648 437 1169 3649 20 1169 3650 20 1170 3651 22 1170 3652 439 1170 3653 317 1171 3654 439 1171 3655 22 1171 3656 22 1172 3657 25 1172 3658 317 1172 3659 4 1173 3660 6 1173 3661 334 1173 3662 426 1174 3663 334 1174 3664 6 1174 3665 6 1175 3666 8 1175 3667 426 1175 3668 428 1176 3669 426 1176 3670 8 1176 3671 8 1177 3672 10 1177 3673 428 1177 3674 429 1178 3675 428 1178 3676 10 1178 3677 10 1179 3678 12 1179 3679 429 1179 3680 431 1180 3681 429 1180 3682 12 1180 3683 12 1181 3684 14 1181 3685 431 1181 3686 432 1182 3687 431 1182 3688 14 1182 3689 348 1183 3690 344 1183 3691 27 1183 3692 675 1184 3693 27 1184 3694 344 1184 3695 344 1185 3696 342 1185 3697 675 1185 3698 677 1186 3699 675 1186 3700 342 1186 3701 342 1187 3702 340 1187 3703 677 1187 3704 679 1188 3705 677 1188 3706 340 1188 3707 340 1189 3708 425 1189 3709 679 1189 3710 682 1190 3711 679 1190 3712 425 1190 3713 425 1191 3714 427 1191 3715 682 1191 3716 683 1192 3717 682 1192 3718 427 1192 3719 427 1193 3720 430 1193 3721 683 1193 3722 683 1194 3723 430 1194 3724 433 1194 3725 684 1195 3726 683 1195 3727 433 1195 3728 388 1196 3729 389 1196 3730 390 1196 3731 385 1197 3732 389 1197 3733 388 1197 3734 385 1198 3735 388 1198 3736 386 1198 3737 385 1199 3738 386 1199 3739 387 1199 3740 410 1200 3741 412 1200 3742 411 1200 3743 409 1201 3744 410 1201 3745 411 1201 3746 408 1202 3747 410 1202 3748 409 1202 3749 407 1203 3750 408 1203 3751 409 1203 3752 533 1204 3753 536 1204 3754 537 1204 3755 534 1205 3756 539 1205 3757 535 1205 3758 534 1206 3759 538 1206 3760 539 1206 3761 538 1207 3762 625 1207 3763 539 1207 3764 480 1208 3765 250 1208 3766 27 1208 3767 480 1209 3768 27 1209 3769 675 1209 3770 478 1210 3771 480 1210 3772 675 1210 3773 478 1211 3774 675 1211 3775 677 1211 3776 476 1212 3777 478 1212 3778 677 1212 3779 476 1213 3780 677 1213 3781 679 1213 3782 474 1214 3783 476 1214 3784 679 1214 3785 466 1215 3786 474 1215 3787 679 1215 3788 466 1216 3789 679 1216 3790 682 1216 3791 460 1217 3792 466 1217 3793 682 1217 3794 460 1218 3795 682 1218 3796 683 1218 3797 460 1219 3798 683 1219 3799 461 1219 3800 461 1220 3801 683 1220 3802 684 1220 3803 456 1221 3804 684 1221 3805 685 1221 3806 451 1222 3807 456 1222 3808 685 1222 3809 461 1223 3810 686 1223 3811 608 1223 3812 456 1224 3813 686 1224 3814 684 1224 3815 686 1225 3816 461 1225 3817 684 1225 3818 596 1226 3819 608 1226 3820 686 1226 3821 456 1227 3822 596 1227 3823 686 1227 3824 531 1228 3825 536 1228 3826 533 1228 3827 531 1229 3828 535 1229 3829 536 1229 3830 451 1230 3831 685 1230 3832 681 1230 3833 449 1231 3834 451 1231 3835 681 1231 3836 449 1232 3837 681 1232 3838 680 1232 3839 441 1233 3840 443 1233 3841 28 1233 3842 443 1234 3843 676 1234 3844 28 1234 3845 443 1235 3846 445 1235 3847 676 1235 3848 445 1236 3849 678 1236 3850 676 1236 3851 445 1237 3852 447 1237 3853 678 1237 3854 447 1238 3855 680 1238 3856 678 1238 3857 447 1239 3858 449 1239 3859 680 1239 3860 469 1240 3861 670 1240 3862 475 1240 3863 464 1241 3864 670 1241 3865 469 1241 3866 464 1242 3867 666 1242 3868 670 1242 3869 458 1243 3870 666 1243 3871 464 1243 3872 458 1244 3873 665 1244 3874 666 1244 3875 457 1245 3876 665 1245 3877 458 1245 3878 457 1246 3879 664 1246 3880 665 1246 3881 457 1247 3882 630 1247 3883 664 1247 3884 630 1248 3885 668 1248 3886 664 1248 3887 630 1249 3888 651 1249 3889 668 1249 3890 450 1250 3891 667 1250 3892 651 1250 3893 651 1251 3894 667 1251 3895 668 1251 3896 450 1252 3897 669 1252 3898 667 1252 3899 448 1253 3900 669 1253 3901 450 1253 3902 448 1254 3903 672 1254 3904 669 1254 3905 446 1255 3906 672 1255 3907 448 1255 3908 446 1256 3909 673 1256 3910 672 1256 3911 444 1257 3912 673 1257 3913 446 1257 3914 442 1258 3915 673 1258 3916 444 1258 3917 482 1259 3918 483 1259 3919 489 1259 3920 483 1260 3921 488 1260 3922 489 1260 3923 483 1261 3924 486 1261 3925 488 1261 3926 484 1262 3927 488 1262 3928 486 1262 3929 484 1263 3930 487 1263 3931 488 1263 3932 484 1264 3933 485 1264 3934 487 1264 3935 386 1265 3936 388 1265 3937 687 1265 3938 388 1266 3939 511 1266 3940 687 1266 3941 841 1267 3942 766 1267 3943 765 1267 3944 841 1268 3945 767 1268 3946 766 1268 3947 841 1269 3948 768 1269 3949 767 1269 3950 841 1270 3951 839 1270 3952 768 1270 3953 789 1271 3954 687 1271 3955 511 1271 3956 386 1272 3957 687 1272 3958 906 1272 3959 906 1273 3960 687 1273 3961 789 1273 3962 380 1274 3963 820 1274 3964 819 1274 3965 380 1275 3966 821 1275 3967 820 1275 3968 381 1276 3969 821 1276 3970 380 1276 3971 381 1277 3972 822 1277 3973 821 1277 3974 381 1278 3975 823 1278 3976 822 1278 3977 785 1279 3978 783 1279 3979 711 1279 3980 783 1280 3981 784 1280 3982 711 1280 3983 710 1281 3984 711 1281 3985 784 1281 3986 784 1282 3987 782 1282 3988 710 1282 3989 709 1283 3990 710 1283 3991 782 1283 3992 782 1284 3993 742 1284 3994 709 1284 3995 708 1285 3996 709 1285 3997 742 1285 3998 742 1286 3999 743 1286 4000 708 1286 4001 707 1287 4002 708 1287 4003 744 1287 4004 708 1288 4005 743 1288 4006 744 1288 4007 706 1289 4008 707 1289 4009 745 1289 4010 707 1290 4011 744 1290 4012 745 1290 4013 706 1291 4014 745 1291 4015 746 1291 4016 705 1292 4017 715 1292 4018 716 1292 4019 716 1293 4020 713 1293 4021 705 1293 4022 704 1294 4023 705 1294 4024 713 1294 4025 713 1295 4026 714 1295 4027 704 1295 4028 703 1296 4029 704 1296 4030 714 1296 4031 714 1297 4032 712 1297 4033 703 1297 4034 702 1298 4035 703 1298 4036 712 1298 4037 700 1299 4038 702 1299 4039 790 1299 4040 702 1300 4041 712 1300 4042 790 1300 4043 790 1301 4044 791 1301 4045 700 1301 4046 701 1302 4047 700 1302 4048 791 1302 4049 791 1303 4050 792 1303 4051 701 1303 4052 792 1304 4053 793 1304 4054 701 1304 4055 800 1305 4056 798 1305 4057 689 1305 4058 798 1306 4059 799 1306 4060 689 1306 4061 688 1307 4062 689 1307 4063 799 1307 4064 799 1308 4065 797 1308 4066 688 1308 4067 690 1309 4068 688 1309 4069 797 1309 4070 797 1310 4071 726 1310 4072 690 1310 4073 693 1311 4074 690 1311 4075 726 1311 4076 726 1312 4077 727 1312 4078 693 1312 4079 692 1313 4080 693 1313 4081 728 1313 4082 693 1314 4083 727 1314 4084 728 1314 4085 691 1315 4086 692 1315 4087 729 1315 4088 692 1316 4089 728 1316 4090 729 1316 4091 691 1317 4092 729 1317 4093 730 1317 4094 695 1318 4095 760 1318 4096 761 1318 4097 761 1319 4098 758 1319 4099 695 1319 4100 694 1320 4101 695 1320 4102 758 1320 4103 758 1321 4104 759 1321 4105 694 1321 4106 696 1322 4107 694 1322 4108 759 1322 4109 759 1323 4110 757 1323 4111 696 1323 4112 697 1324 4113 696 1324 4114 757 1324 4115 698 1325 4116 697 1325 4117 772 1325 4118 697 1326 4119 757 1326 4120 772 1326 4121 772 1327 4122 773 1327 4123 698 1327 4124 699 1328 4125 698 1328 4126 773 1328 4127 773 1329 4128 774 1329 4129 699 1329 4130 774 1330 4131 775 1330 4132 699 1330 4133 825 1331 4134 823 1331 4135 804 1331 4136 823 1332 4137 805 1332 4138 804 1332 4139 804 1333 4140 803 1333 4141 825 1333 4142 827 1334 4143 825 1334 4144 802 1334 4145 825 1335 4146 803 1335 4147 802 1335 4148 838 1336 4149 840 1336 4150 741 1336 4151 840 1337 4152 740 1337 4153 741 1337 4154 840 1338 4155 739 1338 4156 740 1338 4157 840 1339 4158 738 1339 4159 739 1339 4160 802 1340 4161 801 1340 4162 827 1340 4163 829 1341 4164 827 1341 4165 800 1341 4166 827 1342 4167 801 1342 4168 800 1342 4169 737 1343 4170 738 1343 4171 840 1343 4172 840 1344 4173 842 1344 4174 737 1344 4175 842 1345 4176 736 1345 4177 737 1345 4178 842 1346 4179 735 1346 4180 736 1346 4181 842 1347 4182 734 1347 4183 735 1347 4184 842 1348 4185 733 1348 4186 734 1348 4187 842 1349 4188 732 1349 4189 733 1349 4190 688 1350 4191 690 1350 4192 689 1350 4193 800 1351 4194 689 1351 4195 690 1351 4196 690 1352 4197 693 1352 4198 800 1352 4199 693 1353 4200 829 1353 4201 800 1353 4202 831 1354 4203 829 1354 4204 730 1354 4205 829 1355 4206 691 1355 4207 730 1355 4208 829 1356 4209 692 1356 4210 691 1356 4211 829 1357 4212 693 1357 4213 692 1357 4214 731 1358 4215 732 1358 4216 842 1358 4217 842 1359 4218 844 1359 4219 731 1359 4220 844 1360 4221 730 1360 4222 731 1360 4223 844 1361 4224 831 1361 4225 730 1361 4226 833 1362 4227 831 1362 4228 844 1362 4229 844 1363 4230 846 1363 4231 833 1363 4232 834 1364 4233 833 1364 4234 846 1364 4235 846 1365 4236 848 1365 4237 834 1365 4238 836 1366 4239 834 1366 4240 848 1366 4241 848 1367 4242 850 1367 4243 836 1367 4244 835 1368 4245 836 1368 4246 850 1368 4247 850 1369 4248 852 1369 4249 835 1369 4250 832 1370 4251 835 1370 4252 852 1370 4253 852 1371 4254 854 1371 4255 832 1371 4256 830 1372 4257 832 1372 4258 854 1372 4259 854 1373 4260 856 1373 4261 830 1373 4262 828 1374 4263 830 1374 4264 856 1374 4265 856 1375 4266 858 1375 4267 828 1375 4268 826 1376 4269 828 1376 4270 858 1376 4271 858 1377 4272 860 1377 4273 826 1377 4274 824 1378 4275 826 1378 4276 860 1378 4277 860 1379 4278 863 1379 4279 824 1379 4280 822 1380 4281 824 1380 4282 863 1380 4283 863 1381 4284 864 1381 4285 822 1381 4286 821 1382 4287 822 1382 4288 864 1382 4289 864 1383 4290 862 1383 4291 821 1383 4292 820 1384 4293 821 1384 4294 862 1384 4295 862 1385 4296 861 1385 4297 820 1385 4298 818 1386 4299 820 1386 4300 861 1386 4301 861 1387 4302 859 1387 4303 818 1387 4304 816 1388 4305 818 1388 4306 859 1388 4307 859 1389 4308 857 1389 4309 816 1389 4310 814 1390 4311 816 1390 4312 857 1390 4313 857 1391 4314 855 1391 4315 814 1391 4316 812 1392 4317 814 1392 4318 855 1392 4319 855 1393 4320 853 1393 4321 812 1393 4322 810 1394 4323 812 1394 4324 853 1394 4325 853 1395 4326 851 1395 4327 810 1395 4328 808 1396 4329 810 1396 4330 851 1396 4331 851 1397 4332 849 1397 4333 808 1397 4334 806 1398 4335 808 1398 4336 849 1398 4337 849 1399 4338 847 1399 4339 806 1399 4340 807 1400 4341 806 1400 4342 847 1400 4343 847 1401 4344 845 1401 4345 807 1401 4346 809 1402 4347 807 1402 4348 845 1402 4349 845 1403 4350 843 1403 4351 809 1403 4352 811 1404 4353 809 1404 4354 843 1404 4355 843 1405 4356 841 1405 4357 760 1405 4358 760 1406 4359 811 1406 4360 843 1406 4361 841 1407 4362 762 1407 4363 760 1407 4364 813 1408 4365 811 1408 4366 696 1408 4367 811 1409 4368 694 1409 4369 696 1409 4370 811 1410 4371 695 1410 4372 694 1410 4373 811 1411 4374 760 1411 4375 695 1411 4376 763 1412 4377 762 1412 4378 841 1412 4379 765 1413 4380 764 1413 4381 841 1413 4382 764 1414 4383 763 1414 4384 841 1414 4385 696 1415 4386 697 1415 4387 775 1415 4388 775 1416 4389 813 1416 4390 696 1416 4391 815 1417 4392 813 1417 4393 776 1417 4394 813 1418 4395 775 1418 4396 776 1418 4397 699 1419 4398 775 1419 4399 697 1419 4400 697 1420 4401 698 1420 4402 699 1420 4403 769 1421 4404 768 1421 4405 839 1421 4406 839 1422 4407 837 1422 4408 771 1422 4409 771 1423 4410 770 1423 4411 839 1423 4412 770 1424 4413 769 1424 4414 839 1424 4415 776 1425 4416 777 1425 4417 815 1425 4418 817 1426 4419 815 1426 4420 778 1426 4421 815 1427 4422 777 1427 4423 778 1427 4424 778 1428 4425 779 1428 4426 817 1428 4427 819 1429 4428 817 1429 4429 780 1429 4430 817 1430 4431 779 1430 4432 780 1430 4433 387 1431 4434 910 1431 4435 481 1431 4436 910 1432 4437 912 1432 4438 481 1432 4439 912 1433 4440 482 1433 4441 481 1433 4442 796 1434 4443 482 1434 4444 912 1434 4445 912 1435 4446 914 1435 4447 796 1435 4448 914 1436 4449 795 1436 4450 796 1436 4451 890 1437 4452 892 1437 4453 725 1437 4454 725 1438 4455 724 1438 4456 890 1438 4457 724 1439 4458 723 1439 4459 890 1439 4460 723 1440 4461 722 1440 4462 890 1440 4463 794 1441 4464 795 1441 4465 914 1441 4466 914 1442 4467 916 1442 4468 794 1442 4469 916 1443 4470 793 1443 4471 794 1443 4472 722 1444 4473 721 1444 4474 890 1444 4475 888 1445 4476 890 1445 4477 719 1445 4478 719 1446 4479 718 1446 4480 888 1446 4481 890 1447 4482 720 1447 4483 719 1447 4484 890 1448 4485 721 1448 4486 720 1448 4487 702 1449 4488 700 1449 4489 701 1449 4490 701 1450 4491 793 1450 4492 702 1450 4493 703 1451 4494 702 1451 4495 793 1451 4496 793 1452 4497 916 1452 4498 703 1452 4499 916 1453 4500 918 1453 4501 703 1453 4502 918 1454 4503 704 1454 4504 703 1454 4505 918 1455 4506 705 1455 4507 704 1455 4508 918 1456 4509 715 1456 4510 705 1456 4511 886 1457 4512 888 1457 4513 715 1457 4514 715 1458 4515 918 1458 4516 886 1458 4517 888 1459 4518 717 1459 4519 715 1459 4520 888 1460 4521 718 1460 4522 717 1460 4523 918 1461 4524 920 1461 4525 886 1461 4526 884 1462 4527 886 1462 4528 920 1462 4529 920 1463 4530 921 1463 4531 884 1463 4532 882 1464 4533 884 1464 4534 921 1464 4535 921 1465 4536 922 1465 4537 882 1465 4538 880 1466 4539 882 1466 4540 922 1466 4541 922 1467 4542 923 1467 4543 880 1467 4544 878 1468 4545 880 1468 4546 923 1468 4547 923 1469 4548 919 1469 4549 878 1469 4550 876 1470 4551 878 1470 4552 919 1470 4553 919 1471 4554 917 1471 4555 876 1471 4556 874 1472 4557 876 1472 4558 917 1472 4559 917 1473 4560 915 1473 4561 874 1473 4562 872 1474 4563 874 1474 4564 915 1474 4565 915 1475 4566 913 1475 4567 872 1475 4568 870 1476 4569 872 1476 4570 913 1476 4571 913 1477 4572 911 1477 4573 870 1477 4574 868 1478 4575 870 1478 4576 911 1478 4577 911 1479 4578 909 1479 4579 868 1479 4580 866 1480 4581 868 1480 4582 909 1480 4583 909 1481 4584 908 1481 4585 866 1481 4586 865 1482 4587 866 1482 4588 908 1482 4589 908 1483 4590 907 1483 4591 865 1483 4592 867 1484 4593 865 1484 4594 907 1484 4595 907 1485 4596 905 1485 4597 867 1485 4598 869 1486 4599 867 1486 4600 905 1486 4601 905 1487 4602 903 1487 4603 869 1487 4604 871 1488 4605 869 1488 4606 903 1488 4607 903 1489 4608 901 1489 4609 871 1489 4610 873 1490 4611 871 1490 4612 901 1490 4613 901 1491 4614 899 1491 4615 873 1491 4616 875 1492 4617 873 1492 4618 899 1492 4619 899 1493 4620 897 1493 4621 875 1493 4622 877 1494 4623 875 1494 4624 897 1494 4625 897 1495 4626 895 1495 4627 877 1495 4628 879 1496 4629 877 1496 4630 895 1496 4631 895 1497 4632 893 1497 4633 879 1497 4634 881 1498 4635 879 1498 4636 893 1498 4637 893 1499 4638 894 1499 4639 881 1499 4640 883 1500 4641 881 1500 4642 894 1500 4643 894 1501 4644 896 1501 4645 883 1501 4646 885 1502 4647 883 1502 4648 896 1502 4649 896 1503 4650 898 1503 4651 885 1503 4652 887 1504 4653 885 1504 4654 747 1504 4655 885 1505 4656 746 1505 4657 747 1505 4658 885 1506 4659 898 1506 4660 746 1506 4661 898 1507 4662 900 1507 4663 746 1507 4664 900 1508 4665 706 1508 4666 746 1508 4667 900 1509 4668 707 1509 4669 706 1509 4670 900 1510 4671 708 1510 4672 707 1510 4673 747 1511 4674 748 1511 4675 887 1511 4676 889 1512 4677 887 1512 4678 753 1512 4679 887 1513 4680 752 1513 4681 753 1513 4682 887 1514 4683 751 1514 4684 752 1514 4685 887 1515 4686 750 1515 4687 751 1515 4688 887 1516 4689 749 1516 4690 750 1516 4691 887 1517 4692 748 1517 4693 749 1517 4694 709 1518 4695 708 1518 4696 785 1518 4697 708 1519 4698 900 1519 4699 785 1519 4700 900 1520 4701 902 1520 4702 785 1520 4703 902 1521 4704 786 1521 4705 785 1521 4706 785 1522 4707 711 1522 4708 709 1522 4709 710 1523 4710 709 1523 4711 711 1523 4712 753 1524 4713 754 1524 4714 889 1524 4715 891 1525 4716 889 1525 4717 756 1525 4718 889 1526 4719 755 1526 4720 756 1526 4721 889 1527 4722 754 1527 4723 755 1527 4724 787 1528 4725 786 1528 4726 902 1528 4727 902 1529 4728 904 1529 4729 787 1529 4730 904 1530 4731 788 1530 4732 787 1530 4733 789 1531 4734 788 1531 4735 904 1531 4736 904 1532 4737 906 1532 4738 789 1532 4739 790 1533 4740 712 1533 4741 485 1533 4742 562 1534 4743 485 1534 4744 712 1534 4745 712 1535 4746 714 1535 4747 562 1535 4748 562 1536 4749 713 1536 4750 716 1536 4751 562 1537 4752 714 1537 4753 713 1537 4754 569 1538 4755 562 1538 4756 717 1538 4757 562 1539 4758 715 1539 4759 717 1539 4760 562 1540 4761 716 1540 4762 715 1540 4763 717 1541 4764 718 1541 4765 569 1541 4766 566 1542 4767 569 1542 4768 719 1542 4769 569 1543 4770 718 1543 4771 719 1543 4772 565 1544 4773 566 1544 4774 720 1544 4775 566 1545 4776 719 1545 4777 720 1545 4778 720 1546 4779 721 1546 4780 565 1546 4781 563 1547 4782 565 1547 4783 722 1547 4784 565 1548 4785 721 1548 4786 722 1548 4787 722 1549 4788 723 1549 4789 563 1549 4790 407 1550 4791 563 1550 4792 724 1550 4793 563 1551 4794 723 1551 4795 724 1551 4796 724 1552 4797 725 1552 4798 407 1552 4799 407 1553 4800 725 1553 4801 892 1553 4802 201 1554 4803 132 1554 4804 797 1554 4805 132 1555 4806 726 1555 4807 797 1555 4808 727 1556 4809 726 1556 4810 132 1556 4811 132 1557 4812 133 1557 4813 727 1557 4814 133 1558 4815 728 1558 4816 727 1558 4817 133 1559 4818 729 1559 4819 728 1559 4820 730 1560 4821 729 1560 4822 133 1560 4823 133 1561 4824 134 1561 4825 730 1561 4826 134 1562 4827 731 1562 4828 730 1562 4829 732 1563 4830 731 1563 4831 134 1563 4832 134 1564 4833 136 1564 4834 732 1564 4835 136 1565 4836 733 1565 4837 732 1565 4838 734 1566 4839 733 1566 4840 136 1566 4841 136 1567 4842 135 1567 4843 734 1567 4844 135 1568 4845 735 1568 4846 734 1568 4847 736 1569 4848 735 1569 4849 135 1569 4850 135 1570 4851 138 1570 4852 736 1570 4853 138 1571 4854 737 1571 4855 736 1571 4856 138 1572 4857 738 1572 4858 737 1572 4859 739 1573 4860 738 1573 4861 138 1573 4862 138 1574 4863 137 1574 4864 739 1574 4865 137 1575 4866 740 1575 4867 739 1575 4868 741 1576 4869 740 1576 4870 137 1576 4871 137 1577 4872 349 1577 4873 741 1577 4874 838 1578 4875 741 1578 4876 349 1578 4877 515 1579 4878 541 1579 4879 782 1579 4880 541 1580 4881 742 1580 4882 782 1580 4883 743 1581 4884 742 1581 4885 541 1581 4886 541 1582 4887 540 1582 4888 743 1582 4889 540 1583 4890 744 1583 4891 743 1583 4892 540 1584 4893 745 1584 4894 744 1584 4895 746 1585 4896 745 1585 4897 540 1585 4898 540 1586 4899 549 1586 4900 746 1586 4901 549 1587 4902 747 1587 4903 746 1587 4904 748 1588 4905 747 1588 4906 549 1588 4907 549 1589 4908 547 1589 4909 748 1589 4910 547 1590 4911 749 1590 4912 748 1590 4913 750 1591 4914 749 1591 4915 547 1591 4916 547 1592 4917 546 1592 4918 750 1592 4919 546 1593 4920 751 1593 4921 750 1593 4922 752 1594 4923 751 1594 4924 546 1594 4925 546 1595 4926 543 1595 4927 752 1595 4928 543 1596 4929 753 1596 4930 752 1596 4931 754 1597 4932 753 1597 4933 543 1597 4934 543 1598 4935 542 1598 4936 754 1598 4937 542 1599 4938 755 1599 4939 754 1599 4940 756 1600 4941 755 1600 4942 542 1600 4943 542 1601 4944 408 1601 4945 756 1601 4946 891 1602 4947 756 1602 4948 408 1602 4949 772 1603 4950 757 1603 4951 176 1603 4952 153 1604 4953 176 1604 4954 757 1604 4955 757 1605 4956 759 1605 4957 153 1605 4958 155 1606 4959 153 1606 4960 761 1606 4961 153 1607 4962 758 1607 4963 761 1607 4964 153 1608 4965 759 1608 4966 758 1608 4967 154 1609 4968 155 1609 4969 762 1609 4970 155 1610 4971 760 1610 4972 762 1610 4973 155 1611 4974 761 1611 4975 760 1611 4976 762 1612 4977 763 1612 4978 154 1612 4979 156 1613 4980 154 1613 4981 764 1613 4982 154 1614 4983 763 1614 4984 764 1614 4985 764 1615 4986 765 1615 4987 156 1615 4988 157 1616 4989 156 1616 4990 766 1616 4991 156 1617 4992 765 1617 4993 766 1617 4994 766 1618 4995 767 1618 4996 157 1618 4997 159 1619 4998 157 1619 4999 768 1619 5000 157 1620 5001 767 1620 5002 768 1620 5003 768 1621 5004 769 1621 5005 159 1621 5006 158 1622 5007 159 1622 5008 770 1622 5009 159 1623 5010 769 1623 5011 770 1623 5012 770 1624 5013 771 1624 5014 158 1624 5015 350 1625 5016 158 1625 5017 837 1625 5018 158 1626 5019 771 1626 5020 837 1626 5021 176 1627 5022 177 1627 5023 772 1627 5024 177 1628 5025 773 1628 5026 772 1628 5027 177 1629 5028 774 1629 5029 773 1629 5030 177 1630 5031 775 1630 5032 774 1630 5033 776 1631 5034 775 1631 5035 177 1631 5036 177 1632 5037 172 1632 5038 776 1632 5039 777 1633 5040 776 1633 5041 172 1633 5042 172 1634 5043 175 1634 5044 777 1634 5045 778 1635 5046 777 1635 5047 175 1635 5048 175 1636 5049 173 1636 5050 778 1636 5051 173 1637 5052 779 1637 5053 778 1637 5054 780 1638 5055 779 1638 5056 173 1638 5057 173 1639 5058 174 1639 5059 780 1639 5060 782 1640 5061 784 1640 5062 515 1640 5063 514 1641 5064 515 1641 5065 785 1641 5066 515 1642 5067 783 1642 5068 785 1642 5069 515 1643 5070 784 1643 5071 783 1643 5072 785 1644 5073 786 1644 5074 514 1644 5075 513 1645 5076 514 1645 5077 786 1645 5078 786 1646 5079 787 1646 5080 513 1646 5081 512 1647 5082 513 1647 5083 787 1647 5084 787 1648 5085 788 1648 5086 512 1648 5087 511 1649 5088 512 1649 5089 789 1649 5090 512 1650 5091 788 1650 5092 789 1650 5093 485 1651 5094 484 1651 5095 790 1651 5096 484 1652 5097 791 1652 5098 790 1652 5099 484 1653 5100 792 1653 5101 791 1653 5102 484 1654 5103 793 1654 5104 792 1654 5105 794 1655 5106 793 1655 5107 484 1655 5108 484 1656 5109 486 1656 5110 794 1656 5111 795 1657 5112 794 1657 5113 486 1657 5114 486 1658 5115 483 1658 5116 795 1658 5117 796 1659 5118 795 1659 5119 483 1659 5120 483 1660 5121 482 1660 5122 796 1660 5123 797 1661 5124 799 1661 5125 201 1661 5126 200 1662 5127 201 1662 5128 800 1662 5129 201 1663 5130 798 1663 5131 800 1663 5132 201 1664 5133 799 1664 5134 798 1664 5135 800 1665 5136 801 1665 5137 200 1665 5138 199 1666 5139 200 1666 5140 801 1666 5141 801 1667 5142 802 1667 5143 199 1667 5144 197 1668 5145 199 1668 5146 802 1668 5147 802 1669 5148 803 1669 5149 197 1669 5150 196 1670 5151 197 1670 5152 804 1670 5153 197 1671 5154 803 1671 5155 804 1671 5156 804 1672 5157 805 1672 5158 196 1672 5159 808 1673 5160 806 1673 5161 807 1673 5162 807 1674 5163 809 1674 5164 808 1674 5165 810 1675 5166 808 1675 5167 809 1675 5168 809 1676 5169 811 1676 5170 810 1676 5171 812 1677 5172 810 1677 5173 811 1677 5174 811 1678 5175 813 1678 5176 812 1678 5177 814 1679 5178 812 1679 5179 813 1679 5180 813 1680 5181 815 1680 5182 814 1680 5183 816 1681 5184 814 1681 5185 815 1681 5186 815 1682 5187 817 1682 5188 816 1682 5189 818 1683 5190 816 1683 5191 817 1683 5192 817 1684 5193 819 1684 5194 818 1684 5195 820 1685 5196 818 1685 5197 819 1685 5198 824 1686 5199 822 1686 5200 823 1686 5201 823 1687 5202 825 1687 5203 824 1687 5204 826 1688 5205 824 1688 5206 825 1688 5207 825 1689 5208 827 1689 5209 826 1689 5210 828 1690 5211 826 1690 5212 827 1690 5213 827 1691 5214 829 1691 5215 828 1691 5216 830 1692 5217 828 1692 5218 829 1692 5219 829 1693 5220 831 1693 5221 830 1693 5222 832 1694 5223 830 1694 5224 831 1694 5225 831 1695 5226 833 1695 5227 832 1695 5228 835 1696 5229 832 1696 5230 833 1696 5231 833 1674 5232 834 1674 5233 835 1674 5234 836 1697 5235 835 1697 5236 834 1697 5237 350 1698 5238 837 1698 5239 349 1698 5240 838 1699 5241 349 1699 5242 837 1699 5243 837 1700 5244 839 1700 5245 838 1700 5246 840 1700 5247 838 1700 5248 839 1700 5249 839 1700 5250 841 1700 5251 840 1700 5252 842 1700 5253 840 1700 5254 841 1700 5255 841 1700 5256 843 1700 5257 842 1700 5258 844 1700 5259 842 1700 5260 843 1700 5261 843 1700 5262 845 1700 5263 844 1700 5264 846 1700 5265 844 1700 5266 845 1700 5267 845 1700 5268 847 1700 5269 846 1700 5270 848 1700 5271 846 1700 5272 847 1700 5273 847 1700 5274 849 1700 5275 848 1700 5276 850 1700 5277 848 1700 5278 849 1700 5279 849 1700 5280 851 1700 5281 850 1700 5282 852 1700 5283 850 1700 5284 851 1700 5285 851 1700 5286 853 1700 5287 852 1700 5288 854 1700 5289 852 1700 5290 853 1700 5291 853 1700 5292 855 1700 5293 854 1700 5294 856 1700 5295 854 1700 5296 855 1700 5297 855 1700 5298 857 1700 5299 856 1700 5300 858 1700 5301 856 1700 5302 857 1700 5303 857 1700 5304 859 1700 5305 858 1700 5306 860 1700 5307 858 1700 5308 859 1700 5309 859 1701 5310 861 1701 5311 860 1701 5312 863 1702 5313 860 1702 5314 861 1702 5315 861 1700 5316 862 1700 5317 863 1700 5318 864 1700 5319 863 1700 5320 862 1700 5321 865 1674 5322 867 1674 5323 866 1674 5324 868 1674 5325 866 1674 5326 867 1674 5327 867 1703 5328 869 1703 5329 868 1703 5330 870 1704 5331 868 1704 5332 869 1704 5333 869 1674 5334 871 1674 5335 870 1674 5336 872 1674 5337 870 1674 5338 871 1674 5339 871 1674 5340 873 1674 5341 872 1674 5342 874 1674 5343 872 1674 5344 873 1674 5345 873 1674 5346 875 1674 5347 874 1674 5348 876 1674 5349 874 1674 5350 875 1674 5351 875 1674 5352 877 1674 5353 876 1674 5354 878 1674 5355 876 1674 5356 877 1674 5357 877 1674 5358 879 1674 5359 878 1674 5360 880 1674 5361 878 1674 5362 879 1674 5363 879 1674 5364 881 1674 5365 880 1674 5366 882 1674 5367 880 1674 5368 881 1674 5369 881 1674 5370 883 1674 5371 882 1674 5372 884 1674 5373 882 1674 5374 883 1674 5375 883 1674 5376 885 1674 5377 884 1674 5378 886 1674 5379 884 1674 5380 885 1674 5381 885 1674 5382 887 1674 5383 886 1674 5384 888 1674 5385 886 1674 5386 887 1674 5387 887 1674 5388 889 1674 5389 888 1674 5390 890 1674 5391 888 1674 5392 889 1674 5393 889 1674 5394 891 1674 5395 890 1674 5396 892 1674 5397 890 1674 5398 891 1674 5399 891 1705 5400 408 1705 5401 892 1705 5402 407 1706 5403 892 1706 5404 408 1706 5405 893 1700 5406 895 1700 5407 894 1700 5408 896 1707 5409 894 1707 5410 895 1707 5411 895 1700 5412 897 1700 5413 896 1700 5414 898 1700 5415 896 1700 5416 897 1700 5417 897 1700 5418 899 1700 5419 898 1700 5420 900 1700 5421 898 1700 5422 899 1700 5423 899 1700 5424 901 1700 5425 900 1700 5426 902 1700 5427 900 1700 5428 901 1700 5429 901 1700 5430 903 1700 5431 902 1700 5432 904 1708 5433 902 1708 5434 903 1708 5435 903 1700 5436 905 1700 5437 904 1700 5438 906 1700 5439 904 1700 5440 905 1700 5441 905 1700 5442 907 1700 5443 906 1700 5444 386 1709 5445 906 1709 5446 907 1709 5447 907 1710 5448 908 1710 5449 386 1710 5450 386 1711 5451 908 1711 5452 387 1711 5453 908 1712 5454 909 1712 5455 387 1712 5456 910 1713 5457 387 1713 5458 909 1713 5459 909 1700 5460 911 1700 5461 910 1700 5462 912 1700 5463 910 1700 5464 911 1700 5465 911 1700 5466 913 1700 5467 912 1700 5468 914 1714 5469 912 1714 5470 913 1714 5471 913 1700 5472 915 1700 5473 914 1700 5474 916 1700 5475 914 1700 5476 915 1700 5477 915 1715 5478 917 1715 5479 916 1715 5480 918 1700 5481 916 1700 5482 917 1700 5483 917 1700 5484 919 1700 5485 918 1700 5486 920 1700 5487 918 1700 5488 919 1700 5489 919 1716 5490 923 1716 5491 920 1716 5492 921 1717 5493 920 1717 5494 923 1717 5495 923 1718 5496 922 1718 5497 921 1718 5498 823 1719 5499 381 1719 5500 924 1719 5501 924 1720 5502 805 1720 5503 823 1720 5504 780 1721 5505 781 1721 5506 819 1721 5507 380 1722 5508 819 1722 5509 781 1722 5510 781 1723 5511 780 1723 5512 174 1723 5513 174 1724 5514 380 1724 5515 781 1724 5516 198 1725 5517 196 1725 5518 805 1725 5519 805 1726 5520 924 1726 5521 198 1726 5522 198 1727 5523 924 1727 5524 381 1727 5525</p>
        </triangles>
      </mesh>
    </geometry>
  </library_geometries>
  <library_visual_scenes>
    <visual_scene id="Scene" name="Scene">
      <node id="Light_001" name="Light.001" type="NODE">
        <matrix sid="transform">-0.2908646 -0.7711008 0.5663932 4.076245 0.9551712 -0.1998834 0.2183912 1.005454 -0.055189 0.6045247 0.7946723 5.903862 0 0 0 1</matrix>
        <instance_light url="#Light_001-light"/>
      </node>
      <node id="Camera_001" name="Camera.001" type="NODE">
        <matrix sid="transform">0.6859207 -0.3240135 0.6515582 7.358891 0.7276763 0.3054209 -0.6141704 -6.925791 -4.01133e-9 0.8953956 0.4452714 4.958309 0 0 0 1</matrix>
        <instance_camera url="#Camera_001-camera"/>
      </node>
      <node id="wrist" name="wrist" type="NODE">
        <matrix sid="transform">0.001 0 0 0 0 0.001 0 0 0 0 0.001 0 0 0 0 1</matrix>
        <instance_geometry url="#wrist_001_002-mesh" name="wrist">
          <bind_material>
            <technique_common>
              <instance_material symbol="osg2mat0_002-material" target="#osg2mat0_002-material">
                <bind_vertex_input semantic="UVMap" input_semantic="TEXCOORD" input_set="0"/>
              </instance_material>
            </technique_common>
          </bind_material>
        </instance_geometry>
      </node>
      <node id="Camera" name="Camera" type="NODE">
        <matrix sid="transform">0.6859207 -0.3240135 0.6515582 7.358891 0.7276763 0.3054208 -0.6141704 -6.925791 0 0.8953956 0.4452714 4.958309 0 0 0 1</matrix>
        <instance_camera url="#Camera-camera"/>
      </node>
      <node id="Light" name="Light" type="NODE">
        <matrix sid="transform">-0.2908646 -0.7711008 0.5663932 4.076245 0.9551712 -0.1998834 0.2183912 1.005454 -0.05518906 0.6045247 0.7946723 5.903862 0 0 0 1</matrix>
        <instance_light url="#Light-light"/>
      </node>
    </visual_scene>
  </library_visual_scenes>
  <scene>
    <instance_visual_scene url="#Scene"/>
  </scene>
</COLLADA>