<?xml version="1.0" encoding="utf-8"?>
<COLLADA xmlns="http://www.collada.org/2005/11/COLLADASchema" version="1.4.1" xmlns:xsi="http://www.w3.org/2001/XMLSchema-instance">
  <asset>
    <contributor>
      <author>Blender User</author>
      <authoring_tool>Blender 3.3.21 commit date:2024-07-15, commit time:08:57, hash:e016c21db151</authoring_tool>
    </contributor>
    <created>2025-10-31T15:22:35</created>
    <modified>2025-10-31T15:22:35</modified>
    <unit name="meter" meter="1"/>
    <up_axis>Z_UP</up_axis>
  </asset>
  <library_cameras>
    <camera id="Camera_006-camera" name="Camera.006">
      <optics>
        <technique_common>
          <perspective>
            <xfov sid="xfov">39.59775</xfov>
            <aspect_ratio>1.777778</aspect_ratio>
            <znear sid="znear">0.1</znear>
            <zfar sid="zfar">100</zfar>
          </perspective>
        </technique_common>
      </optics>
      <extra>
        <technique profile="blender">
          <shiftx sid="shiftx" type="float">0</shiftx>
          <shifty sid="shifty" type="float">0</shifty>
          <dof_distance sid="dof_distance" type="float">10</dof_distance>
        </technique>
      </extra>
    </camera>
    <camera id="Camera_005-camera" name="Camera.005">
      <optics>
        <technique_common>
          <perspective>
            <xfov sid="xfov">39.59775</xfov>
            <aspect_ratio>1.777778</aspect_ratio>
            <znear sid="znear">0.1</znear>
            <zfar sid="zfar">100</zfar>
          </perspective>
        </technique_common>
      </optics>
      <extra>
        <technique profile="blender">
          <shiftx sid="shiftx" type="float">0</shiftx>
          <shifty sid="shifty" type="float">0</shifty>
          <dof_distance sid="dof_distance" type="float">10</dof_distance>
        </technique>
      </extra>
    </camera>
    <camera id="Camera_004-camera" name="Camera.004">
      <optics>
        <technique_common>
          <perspective>
            <xfov sid="xfov">39.59775</xfov>
            <aspect_ratio>1.777778</aspect_ratio>
            <znear sid="znear">0.1</znear>
            <zfar sid="zfar">100</zfar>
          </perspective>
        </technique_common>
      </optics>
      <extra>
        <technique profile="blender">
          <shiftx sid="shiftx" type="float">0</shiftx>
          <shifty sid="shifty" type="float">0</shifty>
          <dof_distance sid="dof_distance" type="float">10</dof_distance>
        </technique>
      </extra>
    </camera>
    <camera id="Camera_003-camera" name="Camera.003">
      <optics>
        <technique_common>
          <perspective>
            <xfov sid="xfov">39.59775</xfov>
            <aspect_ratio>1.777778</aspect_ratio>
            <znear sid="znear">0.1</znear>
            <zfar sid="zfar">100</zfar>
          </perspective>
        </technique_common>
      </optics>
      <extra>
        <technique profile="blender">
          <shiftx sid="shiftx" type="float">0</shiftx>
          <shifty sid="shifty" type="float">0</shifty>
          <dof_distance sid="dof_distance" type="float">10</dof_distance>
        </technique>
      </extra>
    </camera>
    <camera id="Camera_002-camera" name="Camera.002">
      <optics>
        <technique_common>
          <perspective>
            <xfov sid="xfov">39.59775</xfov>
            <aspect_ratio>1.777778</aspect_ratio>
            <znear sid="znear">0.1</znear>
            <zfar sid="zfar">100</zfar>
          </perspective>
        </technique_common>
      </optics>
      <extra>
        <technique profile="blender">
          <shiftx sid="shiftx" type="float">0</shiftx>
          <shifty sid="shifty" type="float">0</shifty>
          <dof_distance sid="dof_distance" type="float">10</dof_distance>
        </technique>
      </extra>
    </camera>
    <camera id="Camera_001-camera" name="Camera.001">
      <optics>
        <technique_common>
          <perspective>
            <xfov sid="xfov">39.59775</xfov>
            <aspect_ratio>1.777778</aspect_ratio>
            <znear sid="znear">0.1</znear>
            <zfar sid="zfar">100</zfar>
          </perspective>
        </technique_common>
      </optics>
      <extra>
        <technique profile="blender">
          <shiftx sid="shiftx" type="float">0</shiftx>
          <shifty sid="shifty" type="float">0</shifty>
          <dof_distance sid="dof_distance" type="float">10</dof_distance>
        </technique>
      </extra>
    </camera>
    <camera id="Camera-camera" name="Camera">
      <optics>
        <technique_common>
          <perspective>
            <xfov sid="xfov">39.59775</xfov>
            <aspect_ratio>1.777778</aspect_ratio>
            <znear sid="znear">0.1</znear>
            <zfar sid="zfar">100</zfar>
          </perspective>
        </technique_common>
      </optics>
      <extra>
        <technique profile="blender">
          <shiftx sid="shiftx" type="float">0</shiftx>
          <shifty sid="shifty" type="float">0</shifty>
          <dof_distance sid="dof_distance" type="float">10</dof_distance>
        </technique>
      </extra>
    </camera>
  </library_cameras>
  <library_lights>
    <light id="Light_006-light" name="Light.006">
      <technique_common>
        <point>
          <color sid="color">1000 1000 1000</color>
          <constant_attenuation>1</constant_attenuation>
          <linear_attenuation>0</linear_attenuation>
          <quadratic_attenuation>0.001599967</quadratic_attenuation>
        </point>
      </technique_common>
      <extra>
        <technique profile="blender">
          <type sid="type" type="int">0</type>
          <flag sid="flag" type="int">0</flag>
          <mode sid="mode" type="int">2097153</mode>
          <gamma sid="blender_gamma" type="float">1</gamma>
          <red sid="red" type="float">1</red>
          <green sid="green" type="float">1</green>
          <blue sid="blue" type="float">1</blue>
          <shadow_r sid="blender_shadow_r" type="float">0</shadow_r>
          <shadow_g sid="blender_shadow_g" type="float">0</shadow_g>
          <shadow_b sid="blender_shadow_b" type="float">0</shadow_b>
          <energy sid="blender_energy" type="float">1000</energy>
          <dist sid="blender_dist" type="float">25</dist>
          <spotsize sid="spotsize" type="float">75</spotsize>
          <spotblend sid="spotblend" type="float">0.15</spotblend>
          <att1 sid="att1" type="float">0</att1>
          <att2 sid="att2" type="float">1</att2>
          <falloff_type sid="falloff_type" type="int">2</falloff_type>
          <clipsta sid="clipsta" type="float">0.04999995</clipsta>
          <clipend sid="clipend" type="float">40</clipend>
          <bias sid="bias" type="float">1</bias>
          <soft sid="soft" type="float">3</soft>
          <bufsize sid="bufsize" type="int">512</bufsize>
          <samp sid="samp" type="int">3</samp>
          <buffers sid="buffers" type="int">1</buffers>
          <area_shape sid="area_shape" type="int">1</area_shape>
          <area_size sid="area_size" type="float">0.1</area_size>
          <area_sizey sid="area_sizey" type="float">0.1</area_sizey>
          <area_sizez sid="area_sizez" type="float">1</area_sizez>
        </technique>
      </extra>
    </light>
    <light id="Light_005-light" name="Light.005">
      <technique_common>
        <point>
          <color sid="color">1000 1000 1000</color>
          <constant_attenuation>1</constant_attenuation>
          <linear_attenuation>0</linear_attenuation>
          <quadratic_attenuation>0.001599967</quadratic_attenuation>
        </point>
      </technique_common>
      <extra>
        <technique profile="blender">
          <type sid="type" type="int">0</type>
          <flag sid="flag" type="int">0</flag>
          <mode sid="mode" type="int">2097153</mode>
          <gamma sid="blender_gamma" type="float">1</gamma>
          <red sid="red" type="float">1</red>
          <green sid="green" type="float">1</green>
          <blue sid="blue" type="float">1</blue>
          <shadow_r sid="blender_shadow_r" type="float">0</shadow_r>
          <shadow_g sid="blender_shadow_g" type="float">0</shadow_g>
          <shadow_b sid="blender_shadow_b" type="float">0</shadow_b>
          <energy sid="blender_energy" type="float">1000</energy>
          <dist sid="blender_dist" type="float">25</dist>
          <spotsize sid="spotsize" type="float">75</spotsize>
          <spotblend sid="spotblend" type="float">0.15</spotblend>
          <att1 sid="att1" type="float">0</att1>
          <att2 sid="att2" type="float">1</att2>
          <falloff_type sid="falloff_type" type="int">2</falloff_type>
          <clipsta sid="clipsta" type="float">0.04999995</clipsta>
          <clipend sid="clipend" type="float">40</clipend>
          <bias sid="bias" type="float">1</bias>
          <soft sid="soft" type="float">3</soft>
          <bufsize sid="bufsize" type="int">512</bufsize>
          <samp sid="samp" type="int">3</samp>
          <buffers sid="buffers" type="int">1</buffers>
          <area_shape sid="area_shape" type="int">1</area_shape>
          <area_size sid="area_size" type="float">0.1</area_size>
          <area_sizey sid="area_sizey" type="float">0.1</area_sizey>
          <area_sizez sid="area_sizez" type="float">1</area_sizez>
        </technique>
      </extra>
    </light>
    <light id="Light_004-light" name="Light.004">
      <technique_common>
        <point>
          <color sid="color">1000 1000 1000</color>
          <constant_attenuation>1</constant_attenuation>
          <linear_attenuation>0</linear_attenuation>
          <quadratic_attenuation>0.001599967</quadratic_attenuation>
        </point>
      </technique_common>
      <extra>
        <technique profile="blender">
          <type sid="type" type="int">0</type>
          <flag sid="flag" type="int">0</flag>
          <mode sid="mode" type="int">2097153</mode>
          <gamma sid="blender_gamma" type="float">1</gamma>
          <red sid="red" type="float">1</red>
          <green sid="green" type="float">1</green>
          <blue sid="blue" type="float">1</blue>
          <shadow_r sid="blender_shadow_r" type="float">0</shadow_r>
          <shadow_g sid="blender_shadow_g" type="float">0</shadow_g>
          <shadow_b sid="blender_shadow_b" type="float">0</shadow_b>
          <energy sid="blender_energy" type="float">1000</energy>
          <dist sid="blender_dist" type="float">25</dist>
          <spotsize sid="spotsize" type="float">75</spotsize>
          <spotblend sid="spotblend" type="float">0.15</spotblend>
          <att1 sid="att1" type="float">0</att1>
          <att2 sid="att2" type="float">1</att2>
          <falloff_type sid="falloff_type" type="int">2</falloff_type>
          <clipsta sid="clipsta" type="float">0.04999995</clipsta>
          <clipend sid="clipend" type="float">40</clipend>
          <bias sid="bias" type="float">1</bias>
          <soft sid="soft" type="float">3</soft>
          <bufsize sid="bufsize" type="int">512</bufsize>
          <samp sid="samp" type="int">3</samp>
          <buffers sid="buffers" type="int">1</buffers>
          <area_shape sid="area_shape" type="int">1</area_shape>
          <area_size sid="area_size" type="float">0.1</area_size>
          <area_sizey sid="area_sizey" type="float">0.1</area_sizey>
          <area_sizez sid="area_sizez" type="float">1</area_sizez>
        </technique>
      </extra>
    </light>
    <light id="Light_003-light" name="Light.003">
      <technique_common>
        <point>
          <color sid="color">1000 1000 1000</color>
          <constant_attenuation>1</constant_attenuation>
          <linear_attenuation>0</linear_attenuation>
          <quadratic_attenuation>0.001599967</quadratic_attenuation>
        </point>
      </technique_common>
      <extra>
        <technique profile="blender">
          <type sid="type" type="int">0</type>
          <flag sid="flag" type="int">0</flag>
          <mode sid="mode" type="int">2097153</mode>
          <gamma sid="blender_gamma" type="float">1</gamma>
          <red sid="red" type="float">1</red>
          <green sid="green" type="float">1</green>
          <blue sid="blue" type="float">1</blue>
          <shadow_r sid="blender_shadow_r" type="float">0</shadow_r>
          <shadow_g sid="blender_shadow_g" type="float">0</shadow_g>
          <shadow_b sid="blender_shadow_b" type="float">0</shadow_b>
          <energy sid="blender_energy" type="float">1000</energy>
          <dist sid="blender_dist" type="float">25</dist>
          <spotsize sid="spotsize" type="float">75</spotsize>
          <spotblend sid="spotblend" type="float">0.15</spotblend>
          <att1 sid="att1" type="float">0</att1>
          <att2 sid="att2" type="float">1</att2>
          <falloff_type sid="falloff_type" type="int">2</falloff_type>
          <clipsta sid="clipsta" type="float">0.04999995</clipsta>
          <clipend sid="clipend" type="float">40</clipend>
          <bias sid="bias" type="float">1</bias>
          <soft sid="soft" type="float">3</soft>
          <bufsize sid="bufsize" type="int">512</bufsize>
          <samp sid="samp" type="int">3</samp>
          <buffers sid="buffers" type="int">1</buffers>
          <area_shape sid="area_shape" type="int">1</area_shape>
          <area_size sid="area_size" type="float">0.1</area_size>
          <area_sizey sid="area_sizey" type="float">0.1</area_sizey>
          <area_sizez sid="area_sizez" type="float">1</area_sizez>
        </technique>
      </extra>
    </light>
    <light id="Light_002-light" name="Light.002">
      <technique_common>
        <point>
          <color sid="color">1000 1000 1000</color>
          <constant_attenuation>1</constant_attenuation>
          <linear_attenuation>0</linear_attenuation>
          <quadratic_attenuation>0.001599967</quadratic_attenuation>
        </point>
      </technique_common>
      <extra>
        <technique profile="blender">
          <type sid="type" type="int">0</type>
          <flag sid="flag" type="int">0</flag>
          <mode sid="mode" type="int">2097153</mode>
          <gamma sid="blender_gamma" type="float">1</gamma>
          <red sid="red" type="float">1</red>
          <green sid="green" type="float">1</green>
          <blue sid="blue" type="float">1</blue>
          <shadow_r sid="blender_shadow_r" type="float">0</shadow_r>
          <shadow_g sid="blender_shadow_g" type="float">0</shadow_g>
          <shadow_b sid="blender_shadow_b" type="float">0</shadow_b>
          <energy sid="blender_energy" type="float">1000</energy>
          <dist sid="blender_dist" type="float">25</dist>
          <spotsize sid="spotsize" type="float">75</spotsize>
          <spotblend sid="spotblend" type="float">0.15</spotblend>
          <att1 sid="att1" type="float">0</att1>
          <att2 sid="att2" type="float">1</att2>
          <falloff_type sid="falloff_type" type="int">2</falloff_type>
          <clipsta sid="clipsta" type="float">0.04999995</clipsta>
          <clipend sid="clipend" type="float">40</clipend>
          <bias sid="bias" type="float">1</bias>
          <soft sid="soft" type="float">3</soft>
          <bufsize sid="bufsize" type="int">512</bufsize>
          <samp sid="samp" type="int">3</samp>
          <buffers sid="buffers" type="int">1</buffers>
          <area_shape sid="area_shape" type="int">1</area_shape>
          <area_size sid="area_size" type="float">0.1</area_size>
          <area_sizey sid="area_sizey" type="float">0.1</area_sizey>
          <area_sizez sid="area_sizez" type="float">1</area_sizez>
        </technique>
      </extra>
    </light>
    <light id="Light_001-light" name="Light.001">
      <technique_common>
        <point>
          <color sid="color">1000 1000 1000</color>
          <constant_attenuation>1</constant_attenuation>
          <linear_attenuation>0</linear_attenuation>
          <quadratic_attenuation>0.001599967</quadratic_attenuation>
        </point>
      </technique_common>
      <extra>
        <technique profile="blender">
          <type sid="type" type="int">0</type>
          <flag sid="flag" type="int">0</flag>
          <mode sid="mode" type="int">2097153</mode>
          <gamma sid="blender_gamma" type="float">1</gamma>
          <red sid="red" type="float">1</red>
          <green sid="green" type="float">1</green>
          <blue sid="blue" type="float">1</blue>
          <shadow_r sid="blender_shadow_r" type="float">0</shadow_r>
          <shadow_g sid="blender_shadow_g" type="float">0</shadow_g>
          <shadow_b sid="blender_shadow_b" type="float">0</shadow_b>
          <energy sid="blender_energy" type="float">1000</energy>
          <dist sid="blender_dist" type="float">25</dist>
          <spotsize sid="spotsize" type="float">75</spotsize>
          <spotblend sid="spotblend" type="float">0.15</spotblend>
          <att1 sid="att1" type="float">0</att1>
          <att2 sid="att2" type="float">1</att2>
          <falloff_type sid="falloff_type" type="int">2</falloff_type>
          <clipsta sid="clipsta" type="float">0.04999995</clipsta>
          <clipend sid="clipend" type="float">40</clipend>
          <bias sid="bias" type="float">1</bias>
          <soft sid="soft" type="float">3</soft>
          <bufsize sid="bufsize" type="int">512</bufsize>
          <samp sid="samp" type="int">3</samp>
          <buffers sid="buffers" type="int">1</buffers>
          <area_shape sid="area_shape" type="int">1</area_shape>
          <area_size sid="area_size" type="float">0.1</area_size>
          <area_sizey sid="area_sizey" type="float">0.1</area_sizey>
          <area_sizez sid="area_sizez" type="float">1</area_sizez>
        </technique>
      </extra>
    </light>
    <light id="Light-light" name="Light">
      <technique_common>
        <point>
          <color sid="color">1000 1000 1000</color>
          <constant_attenuation>1</constant_attenuation>
          <linear_attenuation>0</linear_attenuation>
          <quadratic_attenuation>0.00111109</quadratic_attenuation>
        </point>
      </technique_common>
      <extra>
        <technique profile="blender">
          <type sid="type" type="int">0</type>
          <flag sid="flag" type="int">0</flag>
          <mode sid="mode" type="int">1</mode>
          <gamma sid="blender_gamma" type="float">1</gamma>
          <red sid="red" type="float">1</red>
          <green sid="green" type="float">1</green>
          <blue sid="blue" type="float">1</blue>
          <shadow_r sid="blender_shadow_r" type="float">0</shadow_r>
          <shadow_g sid="blender_shadow_g" type="float">0</shadow_g>
          <shadow_b sid="blender_shadow_b" type="float">0</shadow_b>
          <energy sid="blender_energy" type="float">1000</energy>
          <dist sid="blender_dist" type="float">29.99998</dist>
          <spotsize sid="spotsize" type="float">75</spotsize>
          <spotblend sid="spotblend" type="float">0.15</spotblend>
          <att1 sid="att1" type="float">0</att1>
          <att2 sid="att2" type="float">1</att2>
          <falloff_type sid="falloff_type" type="int">2</falloff_type>
          <clipsta sid="clipsta" type="float">0.04999995</clipsta>
          <clipend sid="clipend" type="float">30.002</clipend>
          <bias sid="bias" type="float">1</bias>
          <soft sid="soft" type="float">3</soft>
          <bufsize sid="bufsize" type="int">2880</bufsize>
          <samp sid="samp" type="int">3</samp>
          <buffers sid="buffers" type="int">1</buffers>
          <area_shape sid="area_shape" type="int">1</area_shape>
          <area_size sid="area_size" type="float">0.1</area_size>
          <area_sizey sid="area_sizey" type="float">0.1</area_sizey>
          <area_sizez sid="area_sizez" type="float">1</area_sizez>
        </technique>
      </extra>
    </light>
  </library_lights>
  <library_effects>
    <effect id="black_spec_009-effect">
      <profile_COMMON>
        <technique sid="common">
          <lambert>
            <emission>
              <color sid="emission">0 0 0 1</color>
            </emission>
            <diffuse>
              <color sid="diffuse">0.16355 0.16355 0.16355 1</color>
            </diffuse>
            <transparent opaque="A_ONE">
              <color sid="alpha">0 0 0 0</color>
            </transparent>
            <index_of_refraction>
              <float sid="ior">1.5</float>
            </index_of_refraction>
          </lambert>
        </technique>
      </profile_COMMON>
    </effect>
  </library_effects>
  <library_images/>
  <library_materials>
    <material id="black_spec_009-material" name="black_spec.009">
      <instance_effect url="#black_spec_009-effect"/>
    </material>
  </library_materials>
  <library_geometries>
    <geometry id="th_distal_pst-mesh" name="th_distal_pst">
      <mesh>
        <source id="th_distal_pst-mesh-positions">
          <float_array id="th_distal_pst-mesh-positions-array" count="7140">-2.55768 9 19.17331 -2.506939 9 19.86789 -2.034731 9 19.8462 2.034731 9 19.8462 2.506939 9 19.86789 2.557679 9 19.17331 -3.073899 9 10.60533 3.073899 9 10.60534 3.353007 9 3.341558 -3.353007 9 3.341558 5.05 5.8 9.00833 5.05 5.2 9.464127 5.05 5.8 9.482215 5.05 5.2 9.482215 -5.05 5.2 9.464127 -5.05 5.8 9.00833 -5.05 5.2 9.482215 -5.05 5.8 9.482215 7.68301 7.569204 5.82024 7.978376 7.347282 5.685114 7.978376 7.316722 5.745363 6.241808 5.130235 9.482215 6.633532 5.886308 8.801447 6.446928 5.070229 9.482215 6.616663 5 9.482215 7.978376 5 8.52235 7.867467 5 8.654623 7.357062 5.690253 8.574788 7.504492 5 9.002189 7.368324 5 9.105569 6.955405 5 9.34893 6.848075 8.095848 5.768563 7.211372 7.884189 5.852874 7.357062 7.741002 5.962769 7.532063 7.67517 5.851119 6.204217 8.410559 5.417622 6.492428 8.278827 5.606901 6.633532 8.007719 6.099435 5.85709 8.539525 5.14048 5.85709 8.550559 5.110346 5.85709 8.09869 6.146049 5.85709 7.723468 6.808475 6.633532 7.418167 7.088432 5.85709 7.502441 7.146282 5.85709 6.783347 8.062187 6.633532 6.707151 7.994046 5.85709 6.585812 8.276091 5.85709 5.953179 8.87876 5.85709 5.173926 9.482215 7.357062 7.171091 6.918825 7.357062 6.483756 7.794275 7.978376 6.778047 6.649018 7.978376 6.128385 7.476485 7.978376 5.378374 8.214219 -7.121905 5 9.262449 -7.348607 5 9.119502 -7.357062 5.690253 8.574788 -7.735837 5 8.794322 -7.978376 5 8.52235 -7.978376 5.378374 8.214219 -7.708118 7.551095 5.812904 -7.501179 7.696242 5.854852 -7.357062 7.741002 5.962769 -5.85709 8.550559 5.110346 -5.85709 8.539525 5.14048 -5.973025 8.506012 5.22373 -5.85709 8.09869 6.146049 -6.338462 8.350995 5.512583 -6.611372 8.2202 5.669566 -6.633532 8.007719 6.099435 -6.984966 8.019121 5.810189 -7.165114 7.912586 5.846904 -7.05513 5 9.29891 -6.633532 5.886308 8.801447 -6.040488 5.164052 9.482215 -6.246764 5.129094 9.482215 -6.616663 5 9.482215 -5.85709 5.173926 9.482215 -5.85709 5.953179 8.87876 -5.85709 6.585812 8.276091 -6.633532 6.707151 7.994046 -5.85709 6.783347 8.062187 -5.85709 7.502441 7.146282 -6.633532 7.418167 7.088432 -5.85709 7.723468 6.808475 -7.357062 6.483756 7.794275 -7.357062 7.171091 6.918825 -7.978376 7.347282 5.685114 -7.978376 7.316722 5.745363 -7.978376 6.778047 6.649018 -7.978376 6.128385 7.476485 5.672272 8.616908 4.921764 5.076074 5.173926 9.482215 -5.076074 5.173926 9.482215 -4.537463 8.903451 3.877302 -4.17373 8.954113 3.619111 -4.132569 8.925611 3.769185 -3.801269 8.986454 3.429257 -4.912132 8.830914 4.192778 -5.185234 8.764595 4.444037 4.186992 8.952604 3.627434 4.426061 8.92101 3.792208 4.978883 8.81577 4.252799 -3.49215 8.998706 3.350188 3.799371 8.98657 3.428534 3.669031 8.993291 3.385696 -7.106018 -6.954698 9.556375 -6.88518 -6.648028 9.482217 -6.88518 -7.001696 9.54685 -7.054211 -7.458154 9.92086 -7.199854 -7.509562 10.0838 -7.193972 -7.340364 9.830056 -7.458285 -7.467149 10.50655 -7.46886 -7.458564 10.53069 -7.469547 -7.459518 10.48222 -7.447194 -7.475156 10.48222 -6.88518 -7.355135 9.775114 -7.200583 -7.086017 9.640382 -7.130944 -6.989312 9.574954 -7.217886 -7.513106 10.10679 -7.436282 -7.413323 10.14963 -7.347941 -7.290649 9.871569 -7.308287 -7.235582 9.792467 -10.5836 -1.379343 10.48222 -10.58248 -1.379329 10.52961 -10.58249 2 10.52961 -10.53348 -1.379603 10.16967 -10.53555 2 10.17588 -10.52803 2 10.15347 -10.39054 -1.379686 9.891619 -10.30729 2 9.792065 -9.900835 -1.37949 9.53388 -9.961278 -1.379525 9.556289 -9.956752 2 9.554444 -10.17173 -1.379633 9.673468 -10.30726 -1.379678 9.792084 -9.934726 2 9.54588 -9.692791 2 9.488194 -9.583624 -1.3793 9.482217 -9.583624 2 9.482216 6.885144 -7.355135 9.775114 6.885144 -6.648028 9.482217 6.885144 -7.001696 9.54685 6.885144 -7.030712 9.558341 -9.160589 2 28.54651 -9.313948 2 27.90424 -9.258036 1.656066 28.16862 -9.395987 1.656715 27.37881 -9.417466 2 27.17663 -9.417478 1.656942 27.17664 -9.16056 1.656222 28.5465 -9.022457 1.656711 28.97954 -8.648488 2 29.85749 -8.693047 1.656344 29.76741 -8.553048 2 30.04075 -8.287237 1.655893 30.49537 -7.797624 2 31.18073 -7.797616 1.656829 31.18075 -10.40618 -1.188569 13.91877 -10.29674 2 15.76996 -10.52827 -1.340123 11.63759 -9.602179 0.9842647 25.11952 -9.864404 2 21.94757 -9.78697 0.3629639 22.9196 -10.27052 -0.9419808 16.1917 -10.12176 -0.6008241 18.45211 -9.960351 -0.1655673 20.69622 -7.912967 -7.112607 10.53219 -7.911905 -5.728467 9.482217 -7.351424 -6.278915 9.482217 -7.738455 -6.440464 9.556556 -9.917541 -2.158388 9.556494 -8.306258 -5.853429 9.55669 -8.803075 -5.199226 9.556764 -8.407798 -5.105961 9.482217 -9.215053 -4.4964 9.556786 -8.820545 -4.433646 9.482217 -9.54199 -3.746457 9.55675 -9.147787 -3.718481 9.482217 -9.777847 -2.96069 9.556653 -9.38861 -2.959123 9.482217 -9.534358 -2.178216 9.482217 -10.26165 -2.197639 9.792987 -10.47915 -2.222449 10.1507 -10.55018 -2.073874 10.53106 -10.32804 -3.090766 10.15212 -10.43767 -2.844624 10.53347 -10.07282 -3.94121 10.153 -10.22742 -3.657884 10.53491 -9.944076 -4.405148 10.53557 -9.718994 -4.752888 10.15333 -9.767293 -4.777473 10.53569 -8.540573 -6.519673 10.53404 -9.099351 -5.853726 10.53522 -9.273097 -5.513559 10.15314 -9.318212 -5.543732 10.5355 -9.566395 -5.146238 10.53567 -7.972777 -6.695666 9.793266 -8.735359 -6.22158 10.15244 -8.120794 -6.856869 10.15127 -10.11516 -3.040438 9.793684 -9.867554 -3.865903 9.794115 -9.524168 -4.65373 9.794278 -9.091363 -5.392024 9.794182 -8.56937 -6.079169 9.79384 -6.30984 -8.024703 10.59801 -3.033238 -8.828372 11.66256 -3.033239 -8.827217 11.71067 -3.771698 -8.792226 11.68439 -3.033237 -8.535478 10.95545 -3.033238 -8.762089 11.30455 -3.494747 -8.519931 10.9399 -3.616479 -8.739423 11.2823 -6.182973 -7.95259 10.41036 -5.815475 -8.238405 10.80311 -5.295314 -8.420115 10.97738 -4.188136 -8.674199 11.22043 -6.052469 -7.837882 10.25786 -5.791827 -7.958481 10.37846 -5.119175 -8.211538 10.63151 -5.208354 -8.334948 10.78881 -4.720036 -8.325232 10.74521 -4.748785 -8.567214 11.11825 -4.6156 -8.350764 10.77074 -4.098651 -8.452217 10.87219 -3.571331 -8.514329 10.9343 -6.534756 -8.006139 11.0077 -6.422164 -8.046298 10.8064 -5.911201 -8.269398 11.01069 -5.373402 -8.459156 11.18414 -4.261643 -8.730285 11.63274 -4.413202 -8.704799 11.61118 -5.112824 -8.547124 11.47631 -5.437254 -8.450909 11.39338 -6.280738 -8.126559 11.11236 -6.511402 -8.017682 11.01773 -2.17205e-5 2.00001 34.91994 0.3378735 1.999481 34.91412 1.091697 2 34.86021 1.310069 1.99182 34.83379 1.479404 2 34.80994 1.479413 1.989527 34.80992 2.261628 1.975331 34.66074 2.433008 2 34.61948 3.183818 1.950937 34.39958 3.406322 2 34.32193 3.406348 1.943696 34.32192 4.048466 1.91962 34.06375 4.607707 2 33.79516 4.927083 1.878642 33.62186 5.19865 2 33.46245 5.19868 1.863879 33.46242 5.572008 2 33.22374 5.735637 1.831469 33.11156 6.438046 2 32.57186 6.475824 1.779177 32.53986 7.797581 1.656828 31.18075 7.797611 2 31.18073 7.155231 1.721859 31.90586 7.199889 2 31.85981 6.785571 2 32.26543 -5.522164 1.844729 33.25699 -5.198719 1.863726 33.46242 -5.198687 2 33.46245 -1.144362 2 34.85428 -0.9806863 1.995507 34.87175 -1.954542 1.981722 34.72701 -3.406358 2 34.32193 -2.905493 1.959385 34.48852 -2.322046 2 34.64665 -1.479441 2 34.80994 -4.510229 2 33.84511 -4.705033 1.889841 33.74389 -3.846803 1.927776 34.15044 -3.406394 1.94383 34.32192 -6.330498 1.790086 32.66104 -6.359302 2 32.63745 -6.785634 1.754243 32.26539 -6.785606 2 32.26543 -7.083637 1.728368 31.97848 -7.13129 2 31.93032 -7.70561 1.666911 31.29364 -6.877346 -3.194216 29.38893 -7.150277 -3.263176 28.71989 -6.81631 -3.269918 29.36431 -7.083803 -2.97816 29.38412 -7.012401 -3.046917 29.39892 -7.156011 -2.914408 29.35643 -6.943125 -3.119412 29.40054 -7.36389 -2.764672 29.20231 -7.297445 -2.806602 29.26463 -7.42578 -2.731842 29.13055 -7.227703 -2.856837 29.31634 -7.5544 -2.693152 28.9164 -7.509111 -2.700562 29.00548 -7.591505 -2.69619 28.82335 -7.469376 -2.713241 29.07004 -7.572875 0.6759643 31.34976 -7.632837 0.8962656 31.31942 -7.648231 0.2430316 31.15149 -7.638504 -2.733228 28.63243 -7.722838 -2.658569 28.55742 -7.619729 -2.709633 28.72807 -3.008065 -5.027839 29.71681 -3.652929 -4.683132 30.11174 -3.332398 -5.092888 29.44787 -6.600644 -1.875374 31.19039 -6.321682 -2.144001 31.24819 -6.454369 -1.847523 31.3508 -6.29345 -2.097362 31.3106 -6.436793 -3.230548 29.98179 -6.327087 -3.380107 29.90783 -5.394058 -3.244716 30.99721 -5.340269 -3.308763 30.96783 -5.332416 -3.310965 30.97132 -2.354365 -5.289077 29.28506 -2.796555 -5.337832 29.05536 -1.949515 -5.408039 29.00242 -4.449693 -4.927847 29.0619 -3.637283 -5.176255 29.07533 -3.353329 -5.241329 29.0723 -5.951442 -4.19221 28.93905 -5.224036 -4.597813 29.01603 -4.72482 -4.713399 29.30765 -4.739261 -4.815708 29.04875 -6.623913 -3.717874 28.83267 -6.603669 -3.704578 28.90222 -6.013502 -4.095801 29.06192 -8.451064 -1.555357 28.3982 -8.633193 -1.305163 28.15947 -8.218849 -2.002728 28.36966 -9.0206 -0.2574171 28.09246 -8.962264 -0.5753174 27.92988 -9.325829 1.112076 27.72664 -9.355916 0.9428762 27.42537 -9.203601 0.1772285 27.68408 -9.204051 1.265125 28.34701 -9.020977 1.352325 28.96507 -8.780303 1.372031 29.56857 -7.946017 1.12107 30.95766 -8.228796 1.241722 30.56519 -8.486536 1.323967 30.14643 -7.999587 0.4294109 30.74412 -7.042795 -0.8525317 31.38515 -7.02826 -0.7863298 31.43348 -7.378572 -0.6106734 31.13618 -7.046717 -0.746379 31.43407 -7.16517 -0.4781825 31.43362 -7.375931 0.06180042 31.41045 -7.698473 -0.4088028 30.83613 -6.88275 -1.626304 31.08221 -6.774306 -1.294423 31.41061 -7.162839 -1.401381 30.92557 -6.959513 -0.931214 31.42991 -6.651542 -1.516558 31.39119 -8.24708 0.5350082 30.40062 -8.472661 0.6069912 30.03411 -8.729771 0.6490578 29.52836 -8.940419 0.6318106 29.00016 -9.100648 0.5554913 28.45922 -9.20723 0.4215397 27.91626 -8.930212 -0.1438181 28.55292 -8.794324 -0.07909464 29.01167 -8.615685 -0.06446796 29.45961 -8.397642 -0.100143 29.88853 -8.206336 -0.1611889 30.19935 -7.996445 -0.2507418 30.49066 -8.767786 -0.9184575 28.25362 -8.694438 -0.8262742 28.62727 -8.58417 -0.7737524 28.99954 -8.439208 -0.7618831 29.36304 -8.262269 -0.7908328 29.71109 -8.107028 -0.8403702 29.96332 -7.936706 -0.9130406 30.19971 -7.694908 -1.041304 30.48005 -7.435315 -1.205118 30.72354 -5.452261 -3.180903 31.02121 -5.979846 -2.540524 31.21667 -6.558295 -3.079853 30.03079 -6.060556 -2.43149 31.24263 -6.689237 -2.930945 30.0539 -6.596156 -2.484699 30.66901 -6.82714 -2.786635 30.05068 -6.807695 -2.280996 30.62518 -6.969277 -2.649763 30.02123 -7.021619 -2.092124 30.54315 -7.113016 -2.522856 29.96611 -7.234013 -1.921563 30.42436 -7.255728 -2.408253 29.88629 -7.440635 -1.772734 30.27116 -7.394561 -2.308252 29.78335 -7.637486 -1.648513 30.08652 -7.526829 -2.224786 29.65929 -7.820844 -1.551249 29.87394 -7.65003 -2.159432 29.51645 -7.949999 -1.496143 29.69468 -7.736813 -2.122405 29.396 -8.067724 -1.458578 29.50341 -7.815911 -2.097165 29.26749 -8.201896 -1.436625 29.23948 -7.906066 -2.082414 29.09015 -8.311821 -1.445626 28.96384 -7.979928 -2.088462 28.90494 -8.395442 -1.485453 28.68154 -8.036113 -2.115223 28.71526 -8.073488 -2.162193 28.52487 -6.761199 -3.345049 29.32716 -4.883226 -3.75529 30.76896 -5.061544 -3.586657 30.85205 -5.00537 -3.84761 30.56089 -5.158531 -3.584283 30.78419 -6.156449 -3.654662 29.70048 -6.234488 -3.520491 29.81426 -6.675478 -3.482972 29.223 -6.714682 -3.415571 29.28015 -4.280731 -4.257673 30.4642 -4.789827 -4.33524 29.98893 -4.879555 -4.102948 30.29153 -6.046625 -3.90312 29.40905 -6.092343 -3.784762 29.56324 -6.620309 -3.607785 29.0766 -6.643275 -3.548328 29.15405 -4.73792 -4.54003 29.65886 -6.020177 -4.007465 29.24088 -6.607023 -3.660203 28.99211 3.033206 -8.535478 10.95545 6.352292 -7.681999 10.10197 6.052434 -7.837882 10.25786 5.309673 -8.147953 10.56792 5.119142 -8.211534 10.63151 3.571299 -8.514328 10.9343 4.197907 -8.435894 10.85587 7.469511 -7.459518 10.48222 7.468824 -7.458564 10.53069 7.45825 -7.467149 10.50655 7.447158 -7.475156 10.48222 7.360106 -7.512365 10.31689 7.436246 -7.413323 10.14963 7.199819 -7.509562 10.0838 7.347906 -7.290649 9.87157 7.193936 -7.340364 9.830056 7.308252 -7.235582 9.792467 7.200547 -7.086017 9.640382 7.054175 -7.458154 9.92086 7.130909 -6.989313 9.574954 7.105982 -6.954698 9.556375 10.39322 -1.379314 9.895267 10.3039 -1.379311 9.788567 10.3039 2 9.788563 9.896736 -1.379302 9.532511 9.583589 -1.379296 9.482217 9.58557 2 9.482217 9.970496 2 9.560095 9.961281 -1.379303 9.556286 10.17496 -1.379308 9.675816 10.53297 -1.37932 10.16809 10.51964 2 10.13035 10.58319 -1.379326 10.45395 10.58247 2 10.52961 10.58247 -1.379327 10.52961 9.417446 1.656942 27.17664 9.417465 2 27.17663 9.291403 1.65692 28.01645 9.350974 2 27.69619 9.071129 1.656898 28.83693 9.16547 2 28.52923 8.759478 1.656876 29.62725 7.888356 2 31.06541 7.906359 1.656833 31.04197 8.239068 2 30.5705 8.360447 1.656854 30.37725 8.556951 2 30.03342 8.556951 1.656864 30.03342 8.674303 2 29.80564 8.91058 2 29.27655 -2.879983 -8.586277 14.92127 -2.865007 -8.555846 15.21253 -3.520568 -8.543682 15.06146 -2.651017 -8.020078 19.04886 -2.598519 -7.864452 19.91258 -3.200177 -7.853817 19.84025 -2.389026 -7.169461 23.1273 -2.294083 -6.820556 24.48295 -2.824102 -6.784357 24.54407 -2.737164 -8.25639 17.57065 -2.981564 -8.761816 12.84519 -3.658508 -8.744565 12.65362 -4.351964 -8.647519 12.68414 -5.053599 -8.480452 12.71066 -5.753179 -8.240035 12.73243 -6.439465 -7.924884 12.74875 -7.100693 -7.535929 12.75907 -7.725162 -7.076535 12.76299 -8.30187 -6.552497 12.76028 -8.82113 -5.971824 12.75094 -9.275117 -5.344333 12.73519 -9.65824 -4.681107 12.71343 -9.96735 -3.993871 12.68622 -10.20174 -3.294353 12.65429 -10.36297 -2.593711 12.61842 -10.45454 -1.902061 12.57944 -9.551722 0.4343613 25.41033 -9.444695 -0.2270982 25.60858 -9.267971 -0.8971564 25.80344 -5.409749 -5.325562 26.85644 -6.078209 -4.953586 26.79805 -6.711595 -4.514244 26.71546 -7.298798 -4.013081 26.60943 -7.829977 -3.457754 26.48152 -8.297101 -2.857653 26.33396 -8.694337 -2.223378 26.16958 -9.018284 -1.56614 25.99159 -4.014611 -5.85688 26.9014 -4.717964 -5.626953 26.89064 -2.127617 -6.164845 26.73724 -2.616876 -6.109461 26.85866 -3.310871 -6.01665 26.89011 -10.05371 -1.112473 19.06902 -10.19921 -1.460651 16.91775 -9.955697 -1.793899 19.18876 -10.10364 -2.146582 17.01076 -9.788007 -2.484182 19.30525 -9.938411 -2.841429 17.10057 -9.547247 -3.173358 19.41641 -9.700076 -3.535161 17.1855 -9.231966 -3.850435 19.52008 -9.38714 -4.216714 17.26386 -8.842974 -4.503856 19.61417 -9.000385 -4.874455 17.33402 -8.383537 -5.12207 19.69677 -8.543023 -5.496756 17.3945 -7.859333 -5.694159 19.76625 -8.020706 -6.072628 17.44408 -7.278282 -6.210449 19.82137 -7.441311 -6.592331 17.48186 -6.650132 -6.663053 19.86134 -6.814569 -7.047926 17.50731 -5.985927 -7.046257 19.88589 -6.151507 -7.433664 17.52032 -5.297391 -7.356745 19.89521 -5.463837 -7.746205 17.52116 -4.596282 -7.593612 19.88998 -4.76332 -7.984638 17.51046 -3.893813 -7.758205 19.87121 -4.061182 -8.150321 17.48914 -3.367626 -8.246563 17.45832 -10.33296 -1.724017 14.75337 -10.23954 -2.413358 14.81945 -10.07647 -3.111661 14.88237 -9.840253 -3.808844 14.94088 -9.529378 -4.493786 14.99374 -9.144581 -5.154798 15.03977 -8.689043 -5.780195 15.07796 -8.168375 -6.358931 15.10748 -7.59043 -6.881219 15.12777 -6.964918 -7.33908 15.13859 -6.302848 -7.726737 15.13997 -5.61593 -8.040832 15.13225 -4.915924 -8.280451 15.11604 -4.214063 -8.446956 15.09213 -9.72939 -0.1641849 23.3186 -9.896914 -0.6800696 21.20373 -9.625628 -0.8333621 23.491 -9.796164 -1.355906 21.34995 -9.452182 -1.511238 23.66006 -9.625738 -2.040529 21.49287 -9.205739 -2.188027 23.82287 -9.382268 -2.724053 21.63 -8.884933 -2.852933 23.97639 -9.064358 -3.395576 21.75873 -8.490693 -3.494609 24.11763 -8.672869 -4.043638 21.87653 -8.026359 -4.101711 24.2438 -8.211106 -4.656782 21.98104 -7.497715 -4.663517 24.35248 -7.684788 -5.224179 22.07024 -6.91275 -5.170528 24.44176 -7.101877 -5.736236 22.14253 -6.281269 -5.614995 24.51032 -6.472144 -6.185126 22.19688 -5.61436 -5.991312 24.55757 -5.806656 -6.565188 22.23285 -4.923761 -6.296219 24.58359 -5.117141 -6.87313 22.25057 -4.22123 -6.528829 24.58909 -4.415359 -7.108055 22.25073 -3.517959 -6.690464 24.57535 -3.712513 -7.271297 22.23449 -3.018776 -7.366126 22.20337 -2.451235 -7.387192 22.20736 3.033205 -8.827216 11.71067 3.033206 -8.828372 11.66256 3.033207 -8.76209 11.30455 2.31846 -3.611168 32.10023 2.575486 -3.15852 32.4992 1.85084 -3.043654 32.78527 1.794118 -1.012842 34.12355 1.688295 -1.582341 33.86145 2.294321 -1.649486 33.69707 7.043745 -0.752737 31.43402 7.165125 -0.4781855 31.43365 6.738008 -0.2871063 31.93244 0.4985891 -4.580484 31.00749 -4.01732e-5 -4.699768 30.7909 -3.67423e-5 -5.016016 30.07055 0.5922886 -4.243161 31.55832 -4.27969e-5 -4.260136 31.55042 0.8607771 -2.951064 33.01391 -4.42571e-5 -3.142212 32.87957 0.774465 -3.423855 32.56763 -4.41457e-5 -3.737757 32.24987 1.018233 -1.915632 33.76278 -4.1009e-5 -1.769364 33.90387 -4.31885e-5 -2.482814 33.43276 1.297613 0.8387494 34.74554 0.625415 0.8672999 34.81442 -2.29287e-5 1.418356 34.89725 2.788079 0.7013851 34.41259 2.051999 0.7822508 34.60893 2.948326 1.916167 34.47528 4.098738 1.737325 34.03895 4.831561 1.586928 33.66861 7.365623 0.03317159 31.41243 7.572845 0.6759563 31.34978 7.121938 0.8766542 31.87271 7.618001 0.8399161 31.32762 5.521491 1.415657 33.24284 6.590648 1.081631 32.39942 6.212536 -1.416263 31.84749 6.656497 -1.507726 31.39213 5.899229 -1.956638 31.74906 6.208847 -2.222107 31.28728 5.555028 -2.473695 31.61339 5.708537 -2.884302 31.12158 3.474998 -3.366116 31.9751 3.742851 -3.995411 31.11555 4.153999 -3.582976 31.4172 4.566946 -4.031285 30.61348 5.158396 -3.490745 30.89584 2.428715 -4.957456 30.02217 1.619667 -5.2684 29.39012 2.623418 -5.19199 29.46651 1.94948 -5.40804 29.00241 1.240757 -5.156824 29.69404 2.025967 -4.826733 30.36922 2.400837 -4.533337 30.81574 2.024133 -2.551863 33.16144 1.489273 -2.492377 33.30792 1.361625 -2.989115 32.92017 0.9415468 -2.45086 33.40973 2.054818 -4.016922 31.66917 1.665656 -3.507411 32.3601 1.475705 -3.92461 31.90204 0.6859313 -3.850357 32.08782 1.073759 -4.634933 30.86803 1.274793 -4.307533 31.39564 1.496938 -4.702882 30.69268 1.775963 -4.387691 31.19147 3.291272 -4.887399 29.8942 3.941898 -4.498836 30.27816 2.875053 -4.686484 30.41376 3.32112 -4.359729 30.78482 2.77548 -4.184265 31.24145 3.129683 -3.798938 31.62358 2.437985 -1.084027 33.94974 3.191014 -1.790719 33.34892 3.390412 -1.233704 33.58172 3.762922 -1.909678 33.05299 3.997668 -1.359726 33.26903 4.301961 -2.045355 32.71234 4.569853 -1.503403 32.90919 5.138619 -2.31057 32.03631 5.457584 -1.784094 32.19541 2.816007 -2.677077 32.85099 3.038278 -3.255424 32.25573 3.321437 -2.782637 32.58692 3.798139 -2.903136 32.28272 4.538745 -3.138979 31.67842 1.067478 -1.535457 33.97574 1.134438 -0.963128 34.24442 1.195388 -0.3728415 34.46282 0.3830698 -5.028531 30.03739 0.821636 -5.07551 29.9124 -2.67607e-5 0.8758923 34.83512 -2.86549e-5 0.5923631 34.78657 1.890444 -0.4251126 34.33601 2.568755 -0.4999462 34.1537 3.876324 0.5314713 33.9971 3.571913 -0.6572522 33.76777 4.569719 0.3885315 33.64433 4.211345 -0.7896532 33.43994 5.222677 0.225699 33.23865 4.813701 -0.940554 33.0628 6.234866 -0.0920313 32.4347 5.74792 -1.235217 32.31496 -3.36474e-5 -0.2212834 34.58338 -3.77986e-5 -1.012043 34.28848 1.610467 -1.960424 33.65335 2.188663 -2.024583 33.49596 3.044367 -2.159569 33.16249 3.590279 -2.273305 32.87898 4.104941 -2.403066 32.55253 4.904038 -2.656831 31.90445 -1.777025 -1.976788 33.61328 -1.19333 -1.926719 33.73573 -1.251031 -1.547055 33.94749 -0.5541928 -2.432993 33.45346 -0.5066367 -2.934691 33.05416 -0.8039745 -3.857902 32.06901 -0.694254 -4.249697 31.54186 -0.5844669 -4.586008 30.99338 -0.4432862 -5.033125 30.0252 -1.876936 -5.372792 29.10108 -2.617072 -5.032772 29.81945 -3.096342 -4.774475 30.17942 -3.575321 -4.460332 30.51902 -4.02817 -4.107887 30.82014 -4.469653 -3.706971 31.09309 -4.882788 -3.273698 31.3276 -5.275032 -2.801674 31.52844 -5.526926 -2.461873 31.64422 -5.869424 -1.944136 31.78159 -6.181183 -1.403147 31.88155 -6.704056 -0.2729778 31.96903 -7.086087 0.8914972 31.91108 -5.292947 1.475862 33.39299 -4.61265 1.635079 33.78751 -3.902508 1.772598 34.12533 -0.7638393 0.8630836 34.80423 -1.103478 -2.461136 33.38456 -1.00884 -2.960481 32.99074 -0.907709 -3.432349 32.54661 -5.093879 -2.294404 32.0779 -5.410122 -1.76699 32.23931 -1.554052 -5.245959 29.45165 -2.179455 -4.872264 30.24901 -2.581717 -4.586743 30.67639 -2.983734 -4.245508 31.08305 -3.363819 -3.867559 31.44726 -3.734366 -3.441896 31.7814 -4.081119 -2.985583 32.07284 -4.410338 -2.491808 32.32739 -4.621757 -2.138113 32.47746 -3.934381 -2.357429 32.66771 -3.592025 -1.871573 33.14805 -4.12334 -1.997637 32.83253 -4.380266 -1.452877 33.03613 -4.909224 -1.601597 32.66114 -5.170889 -1.043656 32.80287 -5.69798 -1.217267 32.36095 -5.609748 0.1144917 32.95915 -6.180771 -0.07268464 32.48413 -5.930395 1.298722 32.94958 -6.533516 1.101963 32.45126 -1.231317 -5.154537 29.70021 -1.687239 -4.742026 30.591 -2.000968 -4.433786 31.07323 -2.314507 -4.069936 31.53446 -2.610941 -3.670698 31.95002 -2.899935 -3.224374 32.33396 -3.170373 -2.74882 32.67176 -3.427136 -2.236876 32.97005 -2.898311 -2.132929 33.22855 -3.037981 -1.762843 33.41788 -3.816224 -1.319364 33.36946 -4.614131 -0.8874942 33.19583 -5.006366 0.2829445 33.38172 -0.8235594 -5.075955 29.91121 -1.151156 -4.64549 30.84088 -1.366524 -4.319999 31.364 -1.581761 -3.938976 31.86593 -1.785255 -3.523567 32.31978 -1.983643 -3.061546 32.74087 -2.169291 -2.571373 33.11325 -1.862878 -1.599461 33.8196 -1.979611 -1.030994 34.07929 -2.612652 -1.107356 33.89259 -2.752745 -0.5244686 34.09376 -3.400754 -0.6262144 33.8442 -2.987706 0.6748908 34.34804 -3.690678 0.5649891 34.07936 -3.159378 1.888275 34.40748 -4.362573 0.4343 33.7576 -4.0203 -0.7472522 33.54522 -3.22789 -1.204167 33.65462 -2.458745 -1.671495 33.64302 -2.345552 -2.045621 33.44418 -0.6677647 -0.9417198 34.29635 -0.7036513 -0.3503307 34.51731 -1.400903 -0.3857747 34.43147 -1.520678 0.8247688 34.71176 -0.6283397 -1.515269 34.02484 -1.329488 -0.9754278 34.21454 -2.085868 -0.4441968 34.28959 -2.264078 0.7616257 34.55893 -0.5993441 -1.896353 33.80979 6.701805 -7.920675 10.93335 3.616448 -8.739423 11.2823 4.188104 -8.674199 11.22043 4.748752 -8.567214 11.11825 4.857251 -8.612473 11.53242 3.653756 -8.802501 11.69272 3.711912 -8.797657 11.68881 4.317331 -8.721266 11.62512 5.208321 -8.334947 10.78881 6.182938 -7.95259 10.41036 5.815441 -8.238404 10.80311 5.295281 -8.420115 10.97738 5.911168 -8.269398 11.01069 5.373368 -8.459156 11.18414 6.309806 -8.024703 10.59801 6.42213 -8.046298 10.8064 6.511368 -8.017682 11.01773 5.546541 -8.415043 11.3624 7.734836 -6.443743 9.556555 10.47504 -2.259052 10.15073 10.25766 -2.233168 9.793004 9.913732 -2.19221 9.556497 7.479135 -6.164861 9.482217 7.968976 -6.699109 9.793259 8.116877 -6.860417 10.15126 8.154095 -6.901007 10.53289 10.10802 -3.070281 9.793704 9.77104 -2.989098 9.556655 9.858592 -3.89012 9.79412 9.533452 -3.76951 9.556754 9.514845 -4.671916 9.794279 9.206175 -4.513711 9.556786 9.082776 -5.404781 9.794178 8.794898 -5.211371 9.556763 8.562623 -6.086975 9.793834 8.29983 -5.860861 9.556689 10.32068 -3.121512 10.15216 10.06358 -3.966161 10.15301 9.709385 -4.771625 10.15333 9.264245 -5.526704 10.15313 8.728404 -6.229623 10.15243 8.769778 -6.265221 10.53447 9.309307 -5.556976 10.53542 9.757618 -4.796346 10.53569 10.11453 -3.985058 10.53526 10.37385 -3.134321 10.53411 10.52994 -2.265587 10.53217 9.538176 -2.147484 9.482217 8.012791 -5.613881 9.482217 8.480422 -5.00009 9.482217 8.868971 -4.340883 9.482217 9.178277 -3.637757 9.482217 9.402976 -2.900427 9.482217 10.46714 -1.274046 12.81188 10.3585 2 14.74413 10.33815 -1.073791 15.08719 10.09342 2 18.85967 10.04066 -0.3897973 19.60281 10.19586 -0.7789396 17.35185 9.504096 1.335335 26.22749 9.694087 0.6682382 24.04456 9.873218 0.09276801 21.8346 6.832487 -3.44487 29.0105 6.329647 -3.230569 30.11504 6.168084 -3.385858 30.09393 7.258982 -0.9794403 31.0795 6.545813 -1.980984 31.1637 6.637461 -2.085725 30.9868 5.05743 -3.790372 30.59823 5.227555 -3.799712 30.45115 5.799547 -3.635146 30.14857 5.989384 -3.522244 30.10523 5.60495 -3.720773 30.22248 6.580412 -2.884602 30.25059 6.661193 -2.705542 30.36047 6.468645 -3.061592 30.16785 6.72008 -2.365138 30.64614 6.696208 -2.215226 30.81233 6.708277 -2.530428 30.49382 8.087665 -2.191415 28.42472 8.099142 -2.1754 28.42008 8.162555 -2.002663 28.54773 8.547286 -1.465227 28.20853 8.909737 -0.7078565 27.97223 9.179707 0.08755898 27.71381 9.260931 0.6161456 27.79214 9.351037 0.9088993 27.43702 9.154099 1.287025 28.53586 7.019319 -0.8285792 31.42158 6.424025 -2.04039 31.23466 8.23985 1.208231 30.54458 7.786231 1.49377 31.19204 7.477406 0.3144723 31.37279 8.582098 0.8170927 29.88398 8.890625 -0.2263355 28.61183 8.801475 0.3334899 29.23244 5.402661 -4.412044 29.22247 5.023245 -4.692456 29.0321 5.764722 -4.30577 28.96299 4.658059 -4.567789 29.67364 4.322405 -4.549361 29.96383 3.523306 -5.140777 29.23551 5.022221 -4.521498 29.42372 4.248293 -4.997992 29.0692 3.450041 -5.220131 29.07443 2.63867 -5.357726 29.04831 4.026531 -4.466834 30.28456 3.089509 -5.019779 29.70574 2.121703 -5.39245 29.03996 4.907469 -3.748543 30.76079 7.439804 -1.186094 30.73048 7.555712 -1.4416 30.38625 7.602812 -1.737377 30.05835 7.579524 -2.063493 29.75782 7.486629 -2.408994 29.49473 7.327247 -2.762277 29.27793 7.106731 -3.111479 29.11469 5.786602 -4.243102 29.07665 6.161149 -4.020345 28.99115 6.513724 -3.751256 28.96885 5.412127 -3.776249 30.32448 8.298753 -1.496104 28.93346 8.332901 -1.017968 29.37409 8.263841 -0.5843121 29.85483 8.093902 -0.2097003 30.35954 7.828789 0.09328627 30.87125 7.106468 -3.304287 28.7304 6.462685 -3.841286 28.86212 8.846548 -0.8435826 28.04299 7.63262 -2.763062 28.58627 2.128038 -6.166448 26.73203 2.295957 -6.827367 24.4577 2.454283 -7.397593 22.16174 2.602545 -7.876778 19.84673 2.650992 -8.020076 19.04885 2.740246 -8.264367 17.51617 2.866998 -8.559926 15.17413 2.982563 -8.763282 12.8233 3.370429 -8.252662 17.41597 7.838282 -3.486123 26.38955 8.305288 -2.885713 26.24287 8.702394 -2.251112 26.07944 9.026206 -1.593536 25.90246 9.275753 -0.9242088 25.71534 9.452341 -0.2538064 25.52154 9.559226 0.4079931 25.32436 10.45519 -1.902856 12.56658 10.36363 -2.594517 12.6054 10.20241 -3.295169 12.64111 9.968029 -3.994698 12.67289 9.658926 -4.681944 12.69994 9.275815 -5.34518 12.72156 8.821834 -5.972681 12.73718 8.30258 -6.553363 12.74639 6.440192 -7.92577 12.7346 7.101417 -7.53681 12.74499 7.72588 -7.077409 12.749 5.75391 -8.240922 12.71823 5.054332 -8.481348 12.69643 4.352699 -8.648414 12.6699 3.659242 -8.745465 12.63937 2.625646 -6.139193 26.76354 3.319635 -6.046334 26.79498 7.307211 -4.041735 26.51667 6.720104 -4.543156 26.62201 6.0868 -4.982723 26.70403 5.418406 -5.354891 26.76196 4.726673 -5.656436 26.79582 4.023355 -5.886482 26.80637 10.05724 -1.121671 19.01837 9.901665 -0.694037 21.14096 9.959289 -1.803216 19.13749 9.801001 -1.370054 21.2864 9.791666 -2.49362 19.25335 9.630661 -2.054859 21.42855 9.550968 -3.182916 19.36389 9.387274 -2.738566 21.56491 9.23574 -3.860111 19.46696 9.069446 -3.410269 21.6929 8.846807 -4.513646 19.56049 8.678033 -4.058504 21.81001 8.387419 -5.131969 19.64257 8.216341 -4.671813 21.91388 7.863265 -5.704157 19.71159 7.690091 -5.239361 22.00249 7.282255 -6.220539 19.7663 7.107237 -5.751554 22.07428 6.65414 -6.673221 19.80593 6.477554 -6.200565 22.12821 5.989964 -7.056492 19.8302 5.812105 -6.580729 22.16384 5.30145 -7.367034 19.83933 5.122621 -6.888753 22.18131 4.600356 -7.603943 19.83396 4.420859 -7.12374 22.18132 3.897896 -7.768565 19.81513 3.718025 -7.287026 22.16501 3.204261 -7.864194 19.78417 3.024292 -7.38188 22.13389 9.735466 -0.1838827 23.24403 9.631817 -0.8533141 23.41551 9.458483 -1.531448 23.58365 9.212147 -2.208494 23.74555 8.891451 -2.873653 23.8982 8.49731 -3.515573 24.03861 8.033077 -4.122906 24.16403 7.504517 -4.684925 24.27202 6.919627 -5.192129 24.36069 6.288211 -5.636765 24.42876 5.621355 -6.013225 24.47561 4.930796 -6.318248 24.50134 4.228291 -6.550946 24.50665 3.525037 -6.712642 24.49282 2.831185 -6.806571 24.46154 10.33443 -1.726617 14.72774 10.20165 -1.466055 16.8795 10.24104 -2.415992 14.7935 10.10612 -2.152056 16.97204 10.07799 -3.11433 14.8561 9.940934 -2.846974 17.06137 9.841797 -3.811547 14.9143 9.702632 -3.540777 17.14584 9.530945 -4.496523 14.96686 9.389739 -4.2224 17.22375 9.146169 -5.157567 15.0126 9.00302 -4.880208 17.29348 8.690649 -5.782994 15.05052 8.545695 -5.502573 17.35357 8.170001 -6.361758 15.0798 8.023406 -6.078503 17.40279 7.592072 -6.884073 15.09989 7.444041 -6.59826 17.44026 6.966573 -7.341956 15.11054 6.817323 -7.053902 17.46546 6.304514 -7.729632 15.11178 6.154279 -7.43968 17.47826 5.617604 -8.043745 15.10396 5.466623 -7.752252 17.47895 4.917603 -8.283373 15.08768 4.766117 -7.990709 17.46815 4.215746 -8.449891 15.06374 4.063982 -8.156411 17.44678 3.522251 -8.546614 15.03308 5.757081 4.996703 9.484724 5.05 4.996703 9.484724 5.757081 5 9.482215 5.05 5 9.482215 -5.05 4.996703 9.484724 -5.757081 4.996703 9.484724 -5.05 5 9.482215 -5.757081 5 9.482215 5.790845 4.996703 9.484482 5.832741 4.998423 9.482215 5.866478 4.996703 9.482215 5.05 4.996703 9.482215 -5.05 4.996703 9.482215 -5.866478 4.996703 9.482215 -5.832738 4.996703 9.483526 -5.79086 4.999686 9.482215 7.594199 5 30.05288 7.552701 5 30.12014 7.759685 5 30.15811 -7.436732 5 30.23098 -7.502311 5 30.17766 -7.50908 5 30.52744 8.554407 5 27.17295 8.475069 5 27.75125 8.647229 5 28.03084 -7.788485 5 30.11217 8.431589 5 28.77236 7.309093 4.999996 30.78908 -2.784347 5 33.62012 -4.504587 5 32.85228 -4.227823 5 33.28627 8.296163 5 28.48977 8.262027 5 28.59874 8.133687 5 29.48594 7.989101 5 29.30403 7.637675 5 29.97366 6.027138 5 31.74284 4.504655 5 32.85226 5.223129 5 32.70381 2.784419 5 33.6201 0.9419474 5 34.01264 1.180176 5 34.21924 2.280669 5 34.01216 3.333402 5 33.68112 4.319203 5 33.23945 -6.684765 5 31.49137 -5.961116 5 32.15422 -6.027075 5 31.74286 9.917364 5 10.21532 9.89579 5 10.15222 9.699384 5 10.92619 9.778831 5 9.935214 9.747917 5 9.894317 7.436748 5 30.23098 7.433394 5 30.23325 7.400554 5 30.25667 -5.140137 5 32.75887 8.778082 5 27.27201 8.794013 5 27.1187 9.17376 5 19.65027 9.468813 5 18.81595 9.955863 5.000023 10.52572 6.034943 5 32.09275 6.749085 5 31.42529 7.19431 5 30.46373 7.28157 5 30.36141 -3.234869 5 33.71798 -2.176653 5 34.03762 -0.9418745 5 34.01264 -1.07271 5 34.23225 0.05432242 5 34.29368 -7.594205 5 30.05287 -7.637675 5 29.97366 -8.040838 5 29.6702 -7.950747 5 29.38697 -8.300075 5 29.11556 -8.234623 5 28.68177 -8.521121 5 28.50075 -8.237755 5 28.67247 -8.542021 5 28.43129 -9.940589 5 10.3094 -9.949417 5 10.36442 -9.699385 5 10.92618 -7.309387 5 30.78872 -7.194266 5 30.46374 -7.276107 5 30.36706 -9.955893 5.000027 10.52572 -9.67179 5 15.73145 -9.17376 5 19.65026 -9.240181 5 21.89865 -8.554407 5 27.17295 -8.794002 5 27.11882 -8.441946 5 27.92042 -8.716381 5 27.69268 -8.393306 5 28.13497 -8.375681 5 28.20546 -9.74792 5 9.894268 -9.845592 5 10.04231 -9.894968 5 10.14996 6.952164 4.245617 31.62104 7.540059 4.200797 30.97416 7.0929 3.485616 31.75669 7.679929 3.492695 31.08763 7.174028 2.733253 31.83489 7.771409 2.703705 31.16052 6.41492 2.733253 32.54437 5.551993 2.733253 33.19391 4.591154 2.733253 33.76327 3.543283 2.733253 34.23275 2.424267 2.733253 34.58463 -1.14025 2.733253 34.81858 0.05774271 2.733253 34.88388 1.254484 2.733253 34.80475 6.216533 4.245617 32.30858 5.380291 4.245617 32.93803 4.449167 4.245617 33.48978 3.433704 4.245617 33.94474 2.349294 4.245617 34.28574 1.215687 4.245617 34.49906 0.0559569 4.245617 34.57573 -1.104987 4.245617 34.51246 -2.242148 4.245617 34.31197 -3.332205 4.245617 33.98271 -4.355038 4.245617 33.538 -5.294803 4.245617 32.99474 -6.140485 4.245617 32.3719 6.342377 3.485616 32.45815 5.489208 3.485616 33.10034 4.539234 3.485616 33.66327 3.503214 3.485616 34.12744 2.396852 3.485616 34.47534 1.240297 3.485616 34.69298 0.05708956 3.485616 34.7712 -1.127356 3.485616 34.70664 -2.287537 3.485616 34.5021 -3.399661 3.485616 34.16617 -4.443199 3.485616 33.71246 -5.401988 3.485616 33.1582 -6.26479 3.485616 32.52276 -2.313701 2.733253 34.61169 -3.438546 2.733253 34.27193 -4.49402 2.733253 33.81303 -5.463776 2.733253 33.25243 -6.336446 2.733253 32.60971 -7.105658 2.733253 31.90512 -7.025303 3.485616 31.82613 -6.885908 4.245617 31.6891 -7.749413 2.961034 31.14202 -7.681744 3.485616 31.08769 -7.583085 4.012786 31.00848 -9.008378 4.415502 27.25086 -8.623744 4.828749 28.40906 -8.558773 4.52824 28.96997 -8.403203 4.290703 29.54314 -8.161716 4.123295 30.11129 -7.841588 4.031057 30.65733 -9.087821 4.203699 27.14605 -9.290182 3.378822 27.16481 -9.316347 3.080902 27.3851 -9.39835 2.536253 27.17485 -9.221487 2.642161 28.20402 -8.641785 2.050946 29.87035 -8.994357 2.295361 29.04084 -9.042659 3.975044 27.91168 -8.961918 3.601596 28.60874 -8.768589 3.306406 29.32102 -8.468488 3.098365 30.02708 -8.070659 2.98374 30.70565 -10.09566 4.657575 10.52659 -10.36442 3.794658 10.52826 -9.999197 4.093492 15.75163 -10.52823 2.900167 10.52927 -9.567214 4.093492 21.92428 -9.800249 2.980403 21.94254 -10.2325 2.980403 15.766 -9.161569 4.303232 9.482215 -8.849065 5 9.482215 9.161547 4.303157 9.482215 9.394603 3.55509 9.482215 9.536597 2.779814 9.482215 8.84902 5 9.482215 -9.536571 2.780145 9.482215 -9.394565 3.55537 9.482215 10.09564 4.657495 10.52659 10.04462 4.638139 10.15353 9.840523 4.560718 9.794692 9.245085 5 9.546854 9.278842 5 9.558898 9.516253 4.43771 9.556963 9.551599 5 9.705974 9.655819 5 9.793558 8.926918 5 9.484612 10.36445 3.794405 10.52826 10.31196 3.781452 10.15478 10.10018 3.729194 9.795305 9.763239 3.646053 9.557106 10.52825 2.899795 10.52927 10.47489 2.893338 10.15554 10.25842 2.867148 9.795678 9.913743 2.825445 9.557188 -9.526638 5 9.6881 -9.251732 5 9.549118 -9.509902 4.43537 9.554203 -9.837234 4.559543 9.790976 -10.04388 4.637932 10.15122 -10.47406 2.893611 10.15322 -9.170372 5 9.524156 -9.65238 5 9.790235 -9.60809 5 9.750554 -9.906946 2.824972 9.554413 -9.953996 2 9.558612 -10.25488 2.867084 9.791952 -10.52374 2 10.15602 -10.31115 3.781514 10.15246 -10.09671 3.728607 9.791583 -9.756585 3.644689 9.554332 9.739873 4.278199 18.83492 9.935606 3.532323 18.84862 10.05387 2.770234 18.85689 9.398286 2.537157 27.17482 9.290019 3.379702 27.16474 9.087588 4.204388 27.14594 7.738017 3.199301 31.10073 9.304394 2.974366 27.58268 9.158761 3.056716 28.26236 7.49292 4.473202 30.89001 7.927073 4.075831 30.51111 7.993739 4.90986 29.83906 8.309346 4.630016 29.46578 8.583827 4.39662 29.03284 8.810769 4.21513 28.55033 8.984865 4.089792 28.02952 9.10205 4.023526 27.48259 9.172198 2.070817 28.5041 8.930873 2.184998 29.21918 8.599538 2.449973 29.92364 8.198801 2.79073 30.55574 8.942408 3.212476 28.90957 8.660385 3.438018 29.5092 8.319279 3.728064 30.04723 9.911767 5 5.809243 9.281219 5 6.778078 -9.911767 5 5.809243 -9.278203 5 6.782443 2.034731 8.900001 19.9462 2.034731 7.887764 19.9462 2.49777 8.900001 19.96747 2.689377 7.812883 19.98881 3.084287 8.875375 20.05647 3.482128 8.829997 20.15806 3.328908 7.721006 20.11484 3.48165 7.696295 20.15792 3.65364 8.803031 20.21272 3.704549 7.658302 20.23025 3.952094 8.745129 20.32434 4.504903 8.599143 20.59157 4.314069 7.54259 20.48985 4.808104 8.496191 20.7759 4.807131 7.436142 20.77526 5.022738 8.412734 20.92504 4.881688 7.419033 20.82518 5.19709 8.338084 21.05894 5.172589 7.349701 21.03939 5.67179 8.100732 21.49273 5.661937 7.223719 21.48253 5.900462 7.966504 21.74679 5.900049 7.158112 21.7463 6.08845 7.845045 21.98458 6.086176 7.104837 21.98152 6.23056 7.745807 22.18594 6.319882 7.035444 22.32412 6.540252 7.503424 22.71524 7.049653 6.800478 24.402 7.049653 6.967445 24.402 6.948317 6.834787 23.83036 6.949221 7.10133 23.83418 6.858255 6.864819 23.50083 6.78021 7.283542 23.26908 6.669128 6.926487 22.98999 6.668771 7.389961 22.98917 6.629724 6.939099 22.90131 6.324827 7.033945 22.33207 -6.591384 7.459336 22.81918 -6.668967 7.38978 22.98962 -6.66912 6.92649 22.98997 -6.764372 7.299198 23.22617 -7.049653 6.967445 24.402 -7.049653 6.800478 24.402 -6.943249 7.108395 23.8092 -6.934803 6.839321 23.7748 -6.857292 6.865138 23.49773 -6.624532 6.940754 22.88996 -6.316166 7.036569 22.31817 -6.274889 7.713426 22.25329 -6.158389 7.083693 22.08107 -5.900189 7.966672 21.74647 -5.900048 7.158112 21.7463 -5.891183 7.972229 21.73579 -5.742567 7.201821 21.56772 -5.689622 8.090764 21.51133 -5.211322 7.340159 21.07041 -5.242918 8.317399 21.09619 -4.807459 8.496428 20.77548 -4.807126 7.436144 20.77526 -4.671079 7.466675 20.68897 -4.754074 8.51579 20.74088 -4.089976 7.587156 20.38334 -4.186197 8.689623 20.42742 -3.640945 8.805186 20.20844 -3.720977 7.655411 20.23604 -3.482091 8.829999 20.15805 -3.481806 7.696269 20.15797 -3.075376 8.876122 20.05458 -3.092647 7.75712 20.05825 -2.815012 8.892834 20.00684 -2.450377 7.842455 19.96333 -2.49777 8.900001 19.96747 -2.034731 8.900001 19.9462 -2.083067 7.882893 19.94643 -2.034731 7.887764 19.9462 0.812025 7.48167 34.72446 1.620219 7.426873 34.65936 0.6611019 7.487855 20.4462 2.420628 7.336393 34.55168 1.979739 7.390798 20.4462 2.553627 7.31794 20.48459 2.65891 7.302453 34.51121 2.65925 7.302483 20.50012 3.20915 7.211603 34.40272 3.114264 7.228546 20.59815 4.730507 6.867277 21.43115 4.475492 6.934734 21.23816 3.977895 7.054953 20.93603 3.443566 7.167537 20.70213 5.895092 6.50727 32.92352 6.394415 6.325907 32.33312 6.931862 6.111721 30.58539 6.803107 6.164885 31.6728 6.982653 6.090437 31.29218 5.315735 6.697166 33.43423 7.00125 6.082597 29.88433 6.691679 6.20992 27.19901 6.376014 6.332898 24.46083 6.287179 6.36628 23.94579 6.208228 6.3955 23.64888 6.007889 6.467772 23.10873 5.740604 6.560055 22.59584 5.736268 6.561513 22.58868 3.960194 7.05888 34.1817 4.667089 6.884422 33.85635 5.159488 6.7447 21.83041 5.531394 6.629031 22.28 2.63599e-5 7.499949 34.74617 -2.07714e-4 7.5 20.4462 -0.8119659 7.481668 34.72446 -0.6611019 7.487855 20.4462 -1.620146 7.426889 34.65938 -1.979739 7.390798 20.4462 -2.420565 7.3364 34.55169 -2.022112 7.386058 20.44641 -2.34411 7.346713 20.46163 -2.659321 7.302386 34.51113 -2.659909 7.302384 20.50022 -3.209151 7.211609 34.40272 -2.907149 7.263685 20.54716 -3.457968 7.164724 20.70734 -3.781446 7.098314 20.84005 -3.890316 7.074478 34.20734 -4.539033 6.918306 33.92475 -4.290864 6.981089 21.11543 -4.764462 6.857993 21.45911 -5.145971 6.748715 33.55797 -6.376014 6.332898 24.46083 -6.691679 6.20992 27.19901 -6.275332 6.370691 23.89573 -5.230172 6.723394 21.90717 -5.594698 6.608458 22.3697 -5.733011 6.562608 22.58332 -6.003337 6.469382 23.0985 -6.207383 6.39581 23.64609 -6.982442 6.090527 31.29163 -6.920819 6.116339 31.43183 -6.931869 6.111719 30.58502 -6.803375 6.164779 31.67229 -6.609408 6.242643 32.01316 -6.394675 6.325806 32.33277 -6.19296 6.401078 32.59282 -7.00125 6.082597 29.88433 -5.701238 6.573248 33.11148 7.792215 5.142107 29.53572 7.515876 6.499877 27.07679 7.496991 6.521002 27.07504 7.518614 6.363464 27.81862 7.495037 6.253071 28.26558 7.705728 5.981118 28.30332 7.424894 6.136627 28.74558 7.285457 6.045196 29.2293 7.591811 5.902641 28.80416 7.305188 6.052572 29.17667 8.307224 5.134511 28.17957 8.149806 5.567541 27.68398 8.194191 5.61319 27.13959 7.881275 6.033831 27.27363 7.823303 5.657689 28.67348 7.852574 5.373736 29.09057 7.702646 5.48915 29.25154 7.693873 5.358791 29.45289 7.690583 5.325766 29.50288 7.689693 5.317482 29.51535 7.686069 5.857308 28.64814 7.115938 6.861205 24.96144 7.182104 6.749726 25.51988 9.333718 5.94235 5.435857 9.65656 5.456918 5.606717 9.777551 5.25 5.695204 8.6869 6.710738 5.373921 9.002724 6.363401 5.358416 8.307548 7.072832 5.49788 8.627855 6.770734 5.386011 -0.6794659 7.987518 19.9462 0.6794659 7.987518 19.9462 4.885037 8.777506 10.69305 5.11749 8.506151 20.84713 5.297823 8.430488 20.98389 5.425311 8.427044 19.38004 6.687747 7.584551 22.67478 6.936353 7.361698 23.23999 7.330101 7.275433 19.51736 7.468249 6.591223 26.6881 8.133489 6.499877 19.57527 7.111659 7.177024 23.81663 7.216102 7.04133 24.39597 7.283913 6.933654 24.95564 7.351613 6.820669 25.51431 6.420638 7.922616 19.45179 5.78888 8.189931 21.42685 6.220022 7.930788 21.92899 6.367107 7.830209 22.13454 4.366247 8.777506 19.30369 3.266982 8.96621 19.22445 3.113199 8.975046 19.95925 3.701789 8.901721 20.1192 4.010356 8.843036 20.23335 4.581962 8.695075 20.50647 3.78421 8.96621 10.63974 5.945608 8.427044 10.74441 6.942349 7.922616 10.79268 7.853106 7.275433 10.83678 8.657635 6.499877 10.87574 9.338055 5.61319 10.90869 8.812943 5.61319 19.62425 -7.182104 6.749726 25.51988 -7.115938 6.861205 24.96144 -7.68965 5.317091 29.51594 -7.70049 5.712631 28.89136 -7.920138 5.376977 28.92134 -7.686069 5.857308 28.64814 -7.518179 6.212303 28.30293 -7.702237 6.043475 28.14624 -7.504031 6.500246 27.18883 -7.496991 6.521002 27.07504 -7.515876 6.499877 27.07679 -7.861485 5.903813 27.94115 -7.510997 6.473219 27.32676 -7.988945 5.79944 27.69663 -8.079032 5.734928 27.4234 -8.194191 5.61319 27.13959 -7.519564 6.388122 27.71447 -7.518868 6.415221 27.59661 -7.516439 6.441332 27.47866 -7.489571 6.23917 28.32117 -7.497056 6.258647 28.24331 -7.435803 5.976143 29.03395 -7.419602 6.130928 28.77079 -7.295103 6.040818 29.21742 -7.285457 6.045196 29.2293 -7.489192 6.238263 28.3248 -8.193644 5.137113 28.5691 -9.777551 5.25 5.695204 -8.295864 7.083163 5.503351 -8.627265 6.771323 5.386145 -9.494096 5.71201 5.50891 -9.182711 6.142676 5.388345 -8.888588 6.494376 5.354219 -3.784211 8.96621 10.63973 -7.853106 7.275433 10.83677 -7.395191 6.742606 25.89858 -7.351613 6.820669 25.51431 -8.133489 6.499877 19.57527 -7.283913 6.933654 24.95564 -7.216102 7.04133 24.39597 -7.105458 7.184184 23.79114 -7.330102 7.275433 19.51735 -8.812943 5.61319 19.62425 -9.338055 5.61319 10.90868 -8.657636 6.499877 10.87573 -5.945609 8.427044 10.7444 -6.942349 7.922616 10.79267 -4.885038 8.777506 10.69304 -3.266983 8.96621 19.22444 -2.834851 8.992736 19.90837 -3.103988 8.975799 19.95732 -3.688664 8.903903 20.11482 -4.366247 8.777506 19.30368 -4.252408 8.786784 20.33872 -4.839635 8.610598 20.65902 -5.425312 8.427044 19.38003 -5.345226 8.409523 21.02194 -5.80733 8.179827 21.44585 -6.420638 7.922616 19.45179 -6.015882 8.059694 21.675 -6.919937 7.377565 23.19621 -6.740705 7.539867 22.78086 -6.412993 7.797391 22.20328 7.222205 5.969675 30.86247 7.217453 5.972793 30.87106 7.181943 5.987058 30.98599 6.869647 6.119594 31.71644 7.322094 5.775444 30.80142 7.446383 5.723228 30.27557 7.249206 5.811965 31.03414 7.390799 5.813158 30.49244 6.931876 5.949151 31.78411 7.088737 5.870791 31.45255 7.248991 5.805668 31.03498 6.511041 6.119981 32.47278 6.780553 5.99127 32.0606 6.961929 5.921139 31.72576 5.401107 6.512662 33.61912 5.424536 6.44929 33.6089 5.663287 6.376636 33.41124 5.99724 6.311982 33.08766 6.160504 6.214375 32.91591 6.554418 6.075582 32.41406 5.101024 6.542298 33.8433 4.733341 6.710225 34.05829 4.588537 6.67732 34.14799 4.004869 6.893943 34.3969 3.912245 6.832675 34.44569 6.455229 6.284842 32.38789 5.949051 6.470803 32.98789 5.361749 6.665376 33.50673 4.704076 6.857115 33.93554 3.987052 7.035615 34.26609 3.225158 7.190843 34.49272 3.232846 7.132783 34.57561 7.232794 5.907411 31.01473 6.917029 6.042916 31.75684 6.498166 6.211739 32.43857 5.986686 6.401578 33.04745 5.393241 6.600082 33.57382 4.728567 6.79558 34.00882 4.003646 6.977458 34.34418 3.229283 7.047173 34.63 3.218211 6.965622 34.64687 -4.004838 6.893934 34.39691 -3.229938 7.054305 34.6271 -3.232724 7.136324 34.57213 -3.218213 6.965621 34.64688 -7.344358 5.868577 30.6163 -7.351751 5.860637 30.59837 -7.233042 5.907292 31.01402 -7.441158 5.732761 30.30262 -7.249453 5.811841 31.03342 -7.442739 5.729821 30.29467 -7.446322 5.723204 30.27585 -6.869913 6.119484 31.71593 -7.182189 5.986945 30.98529 -7.164622 6.004714 30.96472 -6.455492 6.284736 32.38753 -5.949291 6.470721 32.98765 -5.361948 6.665309 33.50659 -4.704189 6.857088 33.93547 -3.987024 7.035613 34.26609 -4.733454 6.71019 34.05823 -4.459344 6.708992 34.21341 -3.803367 6.855281 34.48386 -5.401308 6.512588 33.61897 -5.085532 6.546595 33.85365 -4.72446 6.64295 34.07441 -6.511306 6.119866 32.47241 -6.108269 6.232123 32.9742 -5.997481 6.311891 33.08742 -5.675296 6.372899 33.40069 -5.394615 6.458153 33.63212 -7.272551 5.795956 30.96362 -7.002211 5.905265 31.6431 -6.932144 5.949033 31.78358 -6.642342 6.043219 32.28361 -6.513127 6.090557 32.47265 -3.224873 7.191695 34.49072 -4.003616 6.977452 34.34419 -4.728681 6.795549 34.00875 -5.393443 6.600012 33.57368 -5.986928 6.401492 33.04721 -6.498432 6.211628 32.4382 -6.917298 6.042802 31.75631 4.000056 6.781846 34.41098 3.198292 6.873101 34.6325 7.456668 5.693719 30.2109 7.459928 5.697363 30.19449 6.772369 5.66487 31.60685 7.022735 5.598309 31.17819 6.802111 5.692776 31.69285 7.171134 5.575102 30.88388 7.297616 5.575005 30.60057 7.211877 5.637923 30.9638 7.162869 5.59281 30.95429 7.025806 5.597666 31.17244 6.857223 5.725242 31.71365 5.846555 6.022741 32.96906 6.113392 5.897445 32.4745 6.342123 5.839003 32.35415 6.685332 5.69254 31.7403 6.744522 5.67712 31.66739 6.736102 5.676196 31.66331 5.409852 6.394167 33.61205 4.73675 6.594873 34.06317 6.520807 5.997767 32.43679 6.008134 6.191016 33.06673 6.937276 5.827291 31.73265 7.247078 5.692389 30.96757 7.305424 5.576233 30.58261 7.33336 5.586339 30.52882 7.397059 5.630666 30.4072 3.906198 6.585622 34.28194 3.862122 6.568444 34.17709 4.61772 6.407304 33.94228 4.558998 6.395719 33.84404 5.268208 6.216094 33.50164 5.196423 6.210682 33.41191 5.763297 6.023734 32.88969 6.395268 5.857597 32.38639 5.894314 6.044576 33.00717 5.309692 6.241255 33.54471 4.652071 6.43568 33.98945 3.932576 6.616917 34.33229 6.446271 5.892653 32.41273 5.940328 6.082493 33.03829 5.349892 6.282119 33.5799 4.68567 6.479393 34.02797 3.958815 6.663224 34.3734 6.903732 5.771923 31.72727 6.48947 5.941275 32.42997 5.979499 6.133268 33.05867 5.384367 6.335114 33.60293 4.714823 6.534546 34.05319 3.982057 6.720345 34.40032 3.171117 6.788252 34.57878 3.142809 6.734119 34.49456 3.120007 6.719614 34.40272 7.418639 5.651019 30.35177 -6.125212 5.893029 32.46128 -6.112517 5.89777 32.47535 -6.339934 5.838563 32.35266 -6.01971 5.932075 32.59387 -5.844583 6.022173 32.96733 -6.765968 5.66685 31.61689 -6.763468 5.667624 31.6208 -6.742136 5.67682 31.66619 -6.418807 5.784875 32.1098 -6.274062 5.837771 32.28952 -6.799976 5.691876 31.69191 -7.025885 5.597642 31.17226 -7.297586 5.574991 30.60063 -7.162277 5.575922 30.90249 -7.16111 5.591544 30.95384 -6.855555 5.723931 31.71302 -7.21072 5.6365 30.96357 -7.324963 5.582283 30.54327 -7.41862 5.651019 30.3518 -7.397037 5.630662 30.40723 -7.246475 5.691076 30.9675 -7.333338 5.586331 30.52886 -7.456651 5.693723 30.21092 -7.459922 5.69738 30.19446 -6.936697 5.825982 31.73256 -6.520275 5.996428 32.43671 -6.007636 6.189673 33.06666 -5.40939 6.392804 33.612 -4.736316 6.593511 34.06312 -3.999599 6.780466 34.41093 -5.266487 6.215381 33.49971 -4.417285 6.433328 33.92239 -4.616271 6.40647 33.94018 -3.786487 6.585448 34.20634 -3.905004 6.584663 34.27972 -5.763164 6.023799 32.8895 -5.565362 6.091465 33.08986 -5.015078 6.266007 33.54866 -3.120008 6.719619 34.40272 -3.147289 6.740376 34.50979 -3.164969 6.773643 34.56284 -6.393306 5.856578 32.38523 -5.89254 6.043452 33.0058 -5.308134 6.240011 33.54321 -4.650745 6.434337 33.98781 -3.931458 6.615469 34.33055 -3.183283 6.821905 34.6064 -6.444735 5.891254 32.41196 -5.93893 6.081025 33.03741 -5.348654 6.280562 33.57893 -4.684599 6.477772 34.02692 -3.957878 6.661528 34.37229 -3.200256 6.880758 34.63513 -6.90263 5.770482 31.72694 -6.488455 5.939778 32.42959 -5.978567 6.131737 33.05825 -5.383529 6.333532 33.60248 -4.714079 6.532934 34.05271 -3.981362 6.71869 34.39982 -3.214182 6.94356 34.64673 -5.233201 6.19921 33.08579 -5.967757 5.951014 32.58582 5.405656 6.144185 32.97706 4.660307 6.368062 33.41282 3.87906 6.564668 33.78201 3.417459 6.66307 33.96257 2.60782 6.804603 34.21778 2.353531 6.840918 34.55165 1.784529 6.908775 34.40245 1.575377 6.92889 34.65933 0.9490149 6.974249 34.51723 0.7895705 6.982174 34.72444 0.2886378 6.997619 34.55797 2.35026e-5 6.999949 34.74616 -0.5665357 6.990827 34.54614 -0.789516 6.982172 34.72444 -1.411486 6.942985 34.46254 -1.575305 6.928905 34.65935 -2.246682 6.855184 34.30776 -2.353465 6.840924 34.55165 -2.639916 6.799735 34.20908 -3.473012 6.651915 33.94222 -4.276812 6.469351 33.60446 -5.050709 6.255308 33.19553 2.436305 7.174602 34.78119 -2.432834 7.316994 34.64257 -1.628456 7.408488 34.75091 -0.8161613 7.463882 34.81639 2.65877e-5 7.482367 34.83824 0.8162206 7.463883 34.81639 1.628529 7.408472 34.7509 2.432897 7.316988 34.64256 3.070333 6.991321 34.67857 2.073096 7.1325 34.85213 1.630959 7.267046 34.89053 1.024495 7.221557 34.96117 -2.436242 7.174609 34.7812 -2.164785 7.121837 34.83905 -1.630886 7.267062 34.89055 -1.095557 7.217442 34.95613 -0.8174268 7.323047 34.95664 -0.03247606 7.25013 34.99611 2.67685e-5 7.341731 34.97869 0.8174862 7.323049 34.95664 2.438875 7.259906 34.72626 1.63262 7.352116 34.8352 0.8182999 7.407973 34.90107 2.67396e-5 7.426607 34.92304 -0.8182404 7.407971 34.90107 -1.632547 7.352132 34.83522 -2.438812 7.259912 34.72627 -2.3924 6.912986 34.72945 -2.413014 6.999332 34.7837 -1.615414 7.090932 34.89307 -0.8096974 7.146408 34.95919 2.43427e-5 7.164922 34.98125 0.8097534 7.146409 34.95919 1.615487 7.090916 34.89305 2.413082 6.999325 34.78369 -2.370864 6.857063 34.6444 -1.587051 6.946251 34.75276 -0.7954345 7.000257 34.81827 2.37745e-5 7.01828 34.84012 0.7954894 7.000258 34.81827 1.587123 6.946236 34.75275 2.37093 6.857057 34.64439 -1.601557 7.00349 34.83843 -0.8027339 7.058298 34.9043 2.40795e-5 7.07659 34.92628 0.8027894 7.0583 34.9043 1.60163 7.003474 34.83841 2.392466 6.91298 34.72944 6.310402 5.201558 31.47558 6.024523 5.283979 31.7452 4.974569 5.668636 32.56057 4.505213 5.821238 32.85194 -5.977282 5.299623 31.78751 -6.413888 5.178084 31.3719 -6.785952 5.133454 30.96931 -6.997823 5.147923 30.71632 -7.202539 5.034943 30.45269 -7.224299 5.217779 30.42344 -7.223484 5.162462 30.42454 -7.222503 5.149814 30.42586 -7.207905 5.05879 30.44549 -4.647925 5.776585 32.76752 -4.815865 5.722089 32.66357 -5.491841 5.480986 32.18993 -5.638727 5.423884 32.07416 -5.807255 5.359689 31.93506 -2.785084 6.243853 33.61987 -3.196046 6.16186 33.47488 -3.935745 5.984513 33.15491 -4.505034 5.821293 32.85203 -0.9421629 6.470882 34.01261 -1.298922 6.444613 33.96779 -2.067513 6.359322 33.82117 -2.429388 6.305457 33.72768 0.2656204 6.497688 34.05819 -0.5213549 6.491089 34.04698 2.78511 6.243848 33.61988 2.399853 6.310185 33.73592 1.642217 6.411382 33.91087 0.873334 6.474984 34.0196 4.288659 5.886118 32.97337 3.569715 6.077106 33.3231 3.144926 6.172697 33.49415 5.62596 5.428908 32.08445 7.207988 5.058948 30.44543 7.222563 5.149874 30.42583 7.012136 5.150406 30.69857 7.223542 5.162512 30.42451 7.224353 5.217827 30.42341 6.785864 5.133465 30.96945 7.202666 5.035291 30.45256 -7.198375 6.083085 29.20048 -7.173313 6.074621 29.28274 -6.928872 6.177609 27.16937 -7.083638 6.063719 29.58831 -7.039104 6.070144 29.7463 -7.002596 6.082033 29.87936 -7.12214 6.064643 29.45508 -7.154124 6.260844 27.14663 -7.324251 6.192383 28.57742 -7.300103 6.157133 28.75115 -7.225198 6.682571 25.90437 -7.331029 6.49116 27.08085 -7.31501 6.440254 27.13608 -7.359165 6.400104 27.59535 -7.348825 6.248883 28.31275 -6.991738 6.568683 24.39846 -6.833652 6.389826 24.40917 -6.611499 6.304754 24.43167 -6.503669 6.345789 23.83651 -2.007235 7.639281 20.01318 -2.013687 7.697583 19.98426 -2.061195 7.692639 19.98433 -1.995846 7.536355 20.09264 -1.983925 7.428627 20.25485 -2.028203 7.423724 20.25495 -2.364716 7.382912 20.2697 -2.422291 7.651504 19.99972 -3.673232 7.45998 20.26283 -3.054165 7.56433 20.0906 -4.037384 7.38974 20.40617 -4.612035 7.265384 20.70472 -5.147949 7.134306 21.0789 -5.676991 6.990386 21.56898 -6.092901 6.866959 22.07727 -6.25121 6.817572 22.31277 -6.561542 6.716873 22.88252 -6.796706 6.63711 23.49052 -6.875214 6.609815 23.76838 -6.719847 6.431962 23.79061 -6.643204 6.459905 23.51799 -6.413772 6.541481 22.92186 -6.111295 6.644309 22.36388 -5.957103 6.694679 22.13344 -5.552307 6.820398 21.63654 -5.0379 6.966712 21.15806 -4.517237 7.099723 20.79316 -3.959282 7.225696 20.50235 -3.605846 7.296748 20.36285 -3.005161 7.402152 20.19544 -2.392189 7.490018 20.10738 -2.041928 7.531388 20.09268 -1.987106 7.457378 20.1962 -6.430997 6.373016 23.57401 -6.213225 6.452564 22.99945 -5.925638 6.552962 22.46081 -5.778848 6.602188 22.23807 -5.392955 6.725179 21.75716 -4.901629 6.868525 21.29316 -4.403468 6.999016 20.93865 -3.868876 7.122753 20.65561 -3.529921 7.19261 20.51963 -2.953417 7.296336 20.35614 2.013687 7.697583 19.98426 0.6702839 7.737687 20.01318 2.007235 7.639281 20.01318 -0.6702839 7.737687 20.01318 -0.6635622 7.554798 20.1962 0.6635622 7.554798 20.1962 1.983925 7.428627 20.25485 1.987106 7.457378 20.1962 1.995846 7.536355 20.09264 6.833652 6.389826 24.40917 6.991738 6.568683 24.39846 6.888913 6.605018 23.82413 6.566779 6.715129 22.89385 6.797681 6.636774 23.49363 6.259909 6.814819 22.32659 6.254942 6.816391 22.31869 6.020542 6.889089 21.97851 5.596542 7.013211 21.48486 5.109462 7.14421 21.04841 4.820739 7.216083 20.83815 4.258799 7.343794 20.51007 3.286815 7.527326 20.14528 3.657031 7.462951 20.2572 6.516347 6.341003 23.88918 6.4319 6.37268 23.57694 6.218076 6.450825 23.01016 5.933702 6.550218 22.47387 5.929098 6.551785 22.4664 5.711736 6.624244 22.14466 5.318273 6.747917 21.67753 4.865868 6.878386 21.26428 4.597519 6.949943 21.0651 4.074903 7.077044 20.75414 3.514838 7.195565 20.5143 3.170107 7.259562 20.40807 2.620194 7.459642 20.13075 2.58373 7.352969 20.29273 3.230883 7.364798 20.24856 3.590124 7.299753 20.35738 4.17423 7.179177 20.60352 4.71996 7.049722 20.92324 5.000497 6.97677 21.1283 5.474051 6.843622 21.55437 5.886647 6.717236 22.03685 6.114931 6.643104 22.36967 6.11977 6.6415 22.3774 6.418879 6.539698 22.93297 6.644155 6.45956 23.52104 6.733223 6.427049 23.84533 6.611499 6.304754 24.43167 2.657339 7.621344 20.0239 7.36326 6.355806 27.81421 7.31501 6.440254 27.13608 7.154124 6.260844 27.14663 7.331029 6.49116 27.08085 6.928872 6.177609 27.16937 7.198375 6.083085 29.20048 7.213627 6.089554 29.149 7.003246 6.081758 29.87962 7.083849 6.063709 29.58757 7.173145 6.074573 29.2833 7.300135 6.551944 26.694 7.303977 6.162016 28.72641 7.324287 6.192444 28.57713 7.352496 6.261523 28.25447 -7.265898 6.042716 29.2734 -7.329549 5.962257 29.33713 -7.345384 5.957099 29.30953 -7.321132 5.965815 29.34833 -7.311732 5.970023 29.35975 -7.177414 6.040854 29.47493 -7.143858 6.044066 29.55206 -7.314384 5.96724 29.36338 -7.057064 6.062513 29.7533 -7.12195 6.047327 29.60262 -7.322184 5.964672 29.3499 -7.472086 5.917469 29.08076 -7.631494 5.560634 29.34526 -7.611929 5.426241 29.58288 -7.54115 5.293451 30.00233 -7.556039 5.134792 30.03274 7.599301 5.453845 29.60162 7.541149 5.293446 30.00234 7.556035 5.134788 30.03275 7.611966 5.426644 29.5823 7.612748 5.435137 29.56997 7.6012 5.459654 29.58754 7.615607 5.46899 29.5206 7.608658 5.482969 29.53118 7.631648 5.561197 29.34391 7.621092 5.523911 29.43286 7.14533 6.026102 29.64709 7.122256 6.047275 29.60191 7.143615 6.044097 29.55262 7.263491 5.991515 29.41721 7.225468 6.03999 29.36512 7.30158 5.97456 29.372 7.2521 6.041425 29.30462 7.311017 5.970343 29.36062 7.258754 6.042 29.28956 7.346093 5.956869 29.30829 7.329885 5.962146 29.33654 7.274427 5.98059 29.4318 7.30595 5.970032 29.37791 7.313775 5.967442 29.36443 -7.439574 5.735966 30.29336 -7.510394 5.577949 29.99975 -7.494734 5.627117 30.03448 -7.478903 5.677937 29.98775 -7.49417 5.628629 30.0363 -7.421071 5.788417 29.97044 -7.483215 5.653025 30.07765 -7.476952 5.665037 30.10433 -7.334968 5.877239 30.59744 -7.302753 5.917681 29.9418 -7.426894 5.888822 29.3258 -7.523382 5.518601 29.99699 -7.591893 5.656352 29.35313 -7.521827 5.781797 29.34311 7.089362 6.045543 29.89535 7.381942 5.840162 29.95836 7.302992 5.917568 29.93982 7.33506 5.877137 30.59682 7.490522 5.637732 30.04902 7.51042 5.57813 29.99901 7.43228 5.771192 29.97156 7.460946 5.69515 30.18779 7.439645 5.735856 30.29203 7.592078 5.656703 29.35175 7.427399 5.888695 29.3245 7.524474 5.512674 29.9967 7.522119 5.781872 29.34175 7.41852 5.072423 30.23601 7.257842 5.22781 30.381 7.391651 5.288003 30.2536 7.393094 5.262676 30.25129 7.407473 5.131344 30.24042 -7.407472 5.131256 30.24041 -7.349219 5.26546 30.2879 -7.393077 5.262679 30.25129 -7.391638 5.287954 30.25359 -7.418505 5.072421 30.236 -7.501354 5.597384 30.03577 -7.494465 5.591039 30.07701 -7.486305 5.562407 30.12053 -7.481917 5.468159 30.1532 -7.462808 5.47608 30.18446 -7.446824 5.428947 30.2074 -7.490703 5.278282 30.14086 -7.503647 5.106745 30.14641 7.503651 5.106743 30.14642 7.490706 5.278275 30.14087 7.494483 5.591038 30.07699 7.486322 5.56241 30.12052 7.482564 5.463471 30.15253 7.462821 5.476108 30.18446 7.446837 5.42899 30.2074 7.501373 5.59738 30.03575 7.479543 5.649642 30.09845 7.465129 5.627859 30.16392 7.42676 5.565787 30.2621 7.403514 5.534566 30.29792 7.330036 5.453598 30.36653 7.247901 5.418614 30.46109 7.254084 5.500223 30.54259 7.226696 5.413187 30.49235 7.21664 5.317674 30.45205 6.555872 5.642415 31.62073 6.354916 5.379256 31.47884 6.440573 5.533094 31.52949 5.828283 5.803676 32.16248 5.703966 5.636791 32.08507 5.974398 5.896661 32.30141 6.928803 5.522816 31.08902 6.803318 5.280047 30.98286 7.016492 5.276296 30.71917 7.045977 5.393983 30.75883 6.852402 5.413748 31.02392 7.098669 5.495797 30.81495 4.352544 6.086254 32.9892 5.046305 5.872308 32.56898 5.156317 6.037935 32.65362 -5.910399 5.854199 32.21247 -5.841175 5.798863 32.15209 -5.690043 5.854518 32.2712 -5.803804 5.759403 32.12394 -5.713952 5.626779 32.07371 -5.568665 5.687919 32.19221 -5.66826 5.524039 32.0645 -5.98759 5.891794 32.29094 -4.885887 5.924869 32.67377 -4.716063 5.978471 32.77958 -3.995187 6.183127 33.17419 -2.467642 6.499415 33.75852 -3.245472 6.357846 33.50049 -2.100283 6.552541 33.854 -1.31972 6.636685 34.00378 -0.5297477 6.682548 34.08471 0.2698996 6.68906 34.09616 0.8873667 6.666655 34.05673 1.668409 6.603897 33.94563 3.193628 6.368527 33.52016 2.437665 6.504078 33.76694 3.624309 6.274331 33.34567 -4.992404 6.090234 32.76 -4.818879 6.143576 32.86742 -4.082276 6.3473 33.26808 -3.316201 6.521292 33.59945 -2.521405 6.662313 33.86152 -2.146037 6.715243 33.95849 -1.348463 6.799087 34.11064 -0.5412843 6.844789 34.19285 0.2757769 6.851279 34.20449 0.9066916 6.828951 34.16442 1.704749 6.766414 34.05157 2.490774 6.666959 33.87007 3.263226 6.531929 33.61943 3.703304 6.438116 33.44222 4.44743 6.250856 33.08024 -6.021718 5.900481 32.32931 -5.832318 5.948311 32.41152 -5.115762 6.187674 32.90634 -4.937639 6.241821 33.01503 -4.181911 6.448561 33.42031 -3.396492 6.625057 33.75532 -2.582068 6.768065 34.02017 -2.197549 6.82173 34.11816 -1.380712 6.906729 34.27186 -0.5542042 6.953056 34.35491 0.282357 6.959634 34.36666 0.9283472 6.937002 34.32619 1.745577 6.873608 34.21219 2.550687 6.772775 34.02881 3.342196 6.635846 33.77551 3.793308 6.540692 33.59638 4.556471 6.350702 33.23033 5.284055 6.134578 32.79869 -7.226645 5.413163 30.4924 -7.216586 5.317638 30.45208 -7.003005 5.275299 30.73642 -6.134033 5.82345 32.12992 -5.993311 5.725123 32.00416 -6.279991 5.757975 31.96345 -6.63903 5.610994 31.50949 -6.928886 5.522789 31.08886 -7.088066 5.496673 30.83271 -7.254042 5.500206 30.54264 -7.03377 5.39419 30.7761 -6.852489 5.413722 31.02377 -6.530946 5.500543 31.42464 -6.146093 5.655153 31.84984 -6.803406 5.280028 30.98272 -6.452654 5.350001 31.37679 -6.039293 5.49344 31.78776 -5.877386 5.560603 31.93504 -7.304395 5.440252 30.39215 -7.330008 5.453576 30.36654 -7.479525 5.649644 30.09847 -7.465112 5.62786 30.16393 -7.426739 5.565773 30.26211 -7.403489 5.534545 30.29794 -7.267566 6.063346 29.22474 -7.246107 6.076217 29.2181 -7.222516 6.082947 29.20983 -7.151553 6.057522 29.46578 -7.103673 6.057802 29.59572 -7.048286 6.066828 29.74983 -7.382158 6.267372 28.32086 -7.480918 6.440674 27.60287 -7.464926 6.543915 27.08121 -7.455637 6.547504 27.08246 -7.426193 6.552529 27.0853 -7.435244 6.446771 27.60487 -7.406237 6.550948 27.08636 -7.386955 6.545474 27.08668 -7.391562 6.432216 27.60217 -7.360978 6.530484 27.08577 -7.353457 6.523872 27.08511 -7.458108 6.261626 28.32738 -7.420528 6.271846 28.326 -7.330913 6.166196 28.75977 -7.363465 6.164533 28.76635 -7.394159 6.152327 28.77016 -7.312513 6.843492 25.52362 -7.357921 6.765599 25.90695 -7.266768 6.846284 25.52961 -7.3139 6.770126 25.9124 -7.22415 6.828448 25.53101 -7.240215 6.724031 25.91096 -7.193765 6.793794 25.52751 -7.271881 6.755287 25.91383 -7.127359 6.904997 24.96861 -7.060843 7.01096 24.40874 -7.157234 6.939595 24.97181 -7.090222 7.045493 24.41166 -7.199288 6.957734 24.97036 -7.131725 7.063915 24.41015 -7.244692 6.955604 24.96456 -7.176786 7.062425 24.40454 -3.07882 8.907132 20.05024 -2.824919 8.973783 19.96649 -2.501549 8.980902 19.92642 -2.829855 8.987936 19.93895 -2.504105 8.995106 19.89866 -2.817114 8.923773 20.00219 -2.498219 8.930902 19.9626 -2.820528 8.951671 19.98829 -2.499521 8.95878 19.94845 -2.500455 8.970711 19.9383 -3.083967 8.935058 20.03662 -3.090306 8.957141 20.01507 -3.097208 8.971186 19.98773 -3.647224 8.836452 20.20513 -3.656127 8.864505 20.1924 -3.66674 8.886464 20.17158 -3.67797 8.900059 20.1448 -4.195037 8.721323 20.42558 -4.207545 8.749576 20.41411 -4.222362 8.77132 20.39426 -4.237879 8.784188 20.36819 -4.821013 8.609909 20.68778 -4.800855 8.59816 20.71288 -4.781527 8.576745 20.73137 -4.765297 8.548171 20.74109 -5.322963 8.411067 21.04984 -5.781584 8.184038 21.4726 -5.298592 8.400651 21.0738 -5.753103 8.175218 21.49513 -5.275223 8.379611 21.09076 -5.725864 8.154607 21.51029 -5.255841 8.350625 21.09856 -5.70367 8.125082 21.51595 -5.988492 8.065355 21.70105 -5.958044 8.057414 21.72274 -5.928983 8.037031 21.7369 -5.905557 8.007184 21.74147 -6.382281 7.806403 22.22737 -6.706946 7.552488 22.80216 -6.347809 7.800493 22.2469 -6.668748 7.54878 22.81889 -6.315109 7.780612 22.25874 -6.632804 7.529396 22.82812 -6.289429 7.749949 22.26099 -6.605416 7.497731 22.82822 -6.884316 7.392682 23.21499 -6.843832 7.390503 23.22935 -6.805974 7.371432 23.23664 -6.777747 7.338996 23.23551 -6.955493 7.15017 23.81791 -6.984481 7.183712 23.82027 -7.024498 7.20241 23.81581 -7.06766 7.202578 23.80542 -2.034731 8.993823 19.88081 -2.034731 8.986603 19.8962 -2.034731 8.970711 19.91691 -2.034731 8.95 19.9328 -2.034731 8.934615 19.94002 2.034731 8.993823 19.88081 2.034731 8.986603 19.8962 2.034731 8.970711 19.91691 2.034731 8.95 19.9328 2.034731 8.934615 19.94002 2.504105 8.995106 19.89866 2.501549 8.980902 19.92642 2.500455 8.970711 19.9383 2.499521 8.95878 19.94845 2.498219 8.930902 19.9626 7.176786 7.062425 24.40454 7.090222 7.045493 24.41166 7.131725 7.063915 24.41015 7.030522 7.195458 23.84089 7.060843 7.01096 24.40874 6.990427 7.176774 23.84522 6.793506 7.323489 23.27842 6.961416 7.143186 23.84283 6.102994 7.880733 21.99132 6.245117 7.782117 22.19342 6.554419 7.541466 22.72411 5.034945 8.44554 20.92639 5.20987 8.371215 21.06109 5.685803 8.135003 21.49725 6.859845 7.375047 23.27258 6.821805 7.356006 23.27966 6.616944 7.592411 22.71394 6.581544 7.572939 22.72364 6.302811 7.832613 22.17874 6.270545 7.812669 22.19089 6.158498 7.931097 21.97484 6.127598 7.910959 21.9879 5.734967 8.185132 21.47625 5.707887 8.164503 21.49149 5.251942 8.421238 21.03597 5.22896 8.400156 21.05309 5.074442 8.495549 20.89998 5.052914 8.474325 20.91768 4.547057 8.681179 20.56113 4.529727 8.659605 20.58027 3.983823 8.826622 20.28945 3.970824 8.804779 20.30975 3.679677 8.88432 20.17593 3.668968 8.862366 20.19674 4.515126 8.631185 20.59081 3.959861 8.776618 20.32181 3.65998 8.834308 20.20943 3.099388 8.956398 20.01699 3.092982 8.934316 20.03852 3.087776 8.906388 20.05213 7.073781 7.195547 23.83069 6.900551 7.377069 23.25848 6.654507 7.596518 22.69665 6.336795 7.838786 22.15891 6.190962 7.938061 21.95415 5.763278 8.19402 21.45366 5.275907 8.431797 21.01189 5.096885 8.506608 20.87546 4.565151 8.693467 20.53557 3.997483 8.839839 20.26305 3.691006 8.897901 20.14917 3.106358 8.970438 19.98966 7.127359 6.904997 24.96861 7.193765 6.793794 25.52751 7.157234 6.939595 24.97181 7.22415 6.828448 25.53101 7.199288 6.957734 24.97036 7.266768 6.846284 25.52961 7.244692 6.955604 24.96456 7.312513 6.843492 25.52362 7.320554 6.587623 26.69892 7.455637 6.547504 27.08246 7.434525 6.614252 26.69492 7.426193 6.552529 27.0853 7.394048 6.621697 26.69942 7.406237 6.550948 27.08636 7.353755 6.612283 26.70084 7.360978 6.530484 27.08577 7.353457 6.523872 27.08511 7.246107 6.076217 29.2181 7.267566 6.063346 29.22474 7.286301 6.071198 29.17259 7.222516 6.082947 29.20983 7.263631 6.084111 29.1663 7.23881 6.09038 29.15824 7.335018 6.171614 28.735 7.399095 6.15816 28.74516 7.367964 6.170279 28.74149 7.463296 6.276643 28.26854 7.424922 6.286549 28.26746 7.48249 6.388374 27.82399 7.438913 6.395743 27.82503 7.385946 6.28123 28.26251 7.3964 6.38413 27.82155 7.103936 6.057782 29.595</float_array>
          <technique_common>
            <accessor source="#th_distal_pst-mesh-positions-array" count="2380" stride="3">
              <param name="X" type="float"/>
              <param name="Y" type="float"/>
              <param name="Z" type="float"/>
            </accessor>
          </technique_common>
        </source>
        <source id="th_distal_pst-mesh-normals">
          <float_array id="th_distal_pst-mesh-normals-array" count="13857">0 1 0 0 1 1.44897e-6 0 1 0 -1 -6.28893e-7 0 -1 0 0 1 0 0 -0.6593707 -0.670494 -0.3401001 -0.177335 -0.606195 -0.7752934 -0.2432689 -0.5879281 -0.7714669 -0.6451384 -0.5396128 -0.5409386 -0.5943713 -0.5112991 -0.6207224 -0.5133852 -0.5283632 -0.676216 -0.4216731 -0.5570492 -0.7154636 -0.3058691 -0.7556972 -0.5791079 -0.5143165 -0.7862143 -0.3425573 -0.1040206 -0.8835932 -0.4565556 -0.2657843 -0.874687 -0.4053164 -0.0741505 -0.9364649 -0.342834 -0.01970309 -0.9156775 -0.4014307 -0.1305155 -0.8874042 -0.4421309 -0.1304115 -0.8626784 -0.4886501 -0.1513621 -0.8490669 -0.5061375 -0.1304938 -0.8296407 -0.5428332 -0.1302618 -0.7798442 -0.6122703 -0.1302629 -0.7798432 -0.6122716 -0.1305081 -0.7283765 -0.6726332 -0.1477429 -0.6935502 -0.7050958 -0.1303781 -0.6838636 -0.7178664 -0.1304657 -0.6252276 -0.7694603 -0.06936436 -0.6108021 -0.7887392 -0.3822858 -0.8007405 -0.4611639 -0.3820089 -0.7938199 -0.473201 -0.3820055 -0.7938199 -0.4732038 -0.3820052 -0.7268931 -0.5707001 -0.3820064 -0.7268934 -0.5706989 -0.3820067 -0.6480645 -0.65885 -0.3820048 -0.648063 -0.6588526 -0.3825095 -0.5821258 -0.7175068 -0.2988619 -0.5777204 -0.759553 -0.5645943 -0.6597306 -0.4959726 -0.538573 -0.4120931 -0.7349276 -0.6079646 -0.6819876 -0.4065367 -0.6079657 -0.6819863 -0.4065372 -0.6079663 -0.6244864 -0.4902998 -0.6079649 -0.6244885 -0.4902988 -0.6079664 -0.5567631 -0.5660316 -0.6079636 -0.5567666 -0.566031 -0.6085823 -0.5010569 -0.6152802 0 -1 0 0.4449501 -0.5514225 -0.7056577 0.6561536 -0.476518 -0.5851437 0.5670046 -0.6698476 -0.479385 0.02453559 -0.9387272 -0.3437868 -0.02355605 -0.9156022 -0.4013947 0.06218767 -0.9100831 -0.4097332 0.3084911 -0.8589632 -0.4086753 0.3710677 -0.7936294 -0.4821425 0.3887971 -0.5846241 -0.7120755 0.1074103 -0.6338046 -0.7659993 0.2071163 -0.5934528 -0.777764 0.3157888 -0.5741866 -0.7553722 0.03294157 -0.611943 -0.7902156 0.1304429 -0.6212149 -0.7727074 0.1303776 -0.6838635 -0.7178666 0.1477429 -0.6935502 -0.7050958 0.1305076 -0.7283766 -0.6726331 0.1302627 -0.7798437 -0.6122709 0.130262 -0.7798436 -0.6122709 0.1304935 -0.8296406 -0.5428334 0.1513621 -0.8490669 -0.5061375 0.1304113 -0.8626783 -0.4886503 0.1304957 -0.8914529 -0.4339156 0.1519792 -0.8731046 -0.4632394 0.3825323 -0.5834263 -0.7164376 0.3820043 -0.6480652 -0.6588507 0.3820074 -0.6480626 -0.6588515 0.3820058 -0.7268924 -0.5707007 0.3820053 -0.7268943 -0.5706986 0.3820065 -0.7938205 -0.4732021 0.3820084 -0.793819 -0.4732028 0.3602228 -0.9278924 -0.09620487 0.4140015 -0.6659064 -0.6206219 0.6633455 -0.6673667 -0.338518 0.5349704 -0.4028595 -0.7426379 0.6079646 -0.6819871 -0.4065377 0.6079652 -0.6819872 -0.4065365 0.6079655 -0.6244879 -0.4902987 0.6079657 -0.6244869 -0.4902999 0.607965 -0.5567657 -0.5660306 0.6079648 -0.5567643 -0.5660322 0.6087392 -0.5236141 -0.596041 0.5523003 -0.512255 -0.6576925 0.01373565 -0.9389591 -0.3437545 0 -0.5699985 -0.8216458 0 -0.5700075 -0.8216395 0.002062082 -0.6122757 -0.7906417 0.01302933 -0.6048604 -0.796225 -0.01466876 -0.6896774 -0.7239682 0 -0.6817278 -0.731606 0.003674507 -0.9822471 -0.1875559 -0.00860399 -0.9828309 -0.184308 -0.009490728 -0.9720031 -0.2347766 -0.004169225 -0.974241 -0.225471 -0.001834273 -0.96639 -0.2570739 -2.15446e-5 -0.9821131 -0.188292 7.52851e-5 -0.974857 -0.2228317 0.003772139 -0.957463 -0.2885317 -0.008050262 -0.9829328 -0.1837887 -0.001652836 -0.9846895 -0.1743095 2.85269e-4 -0.9852921 -0.1708784 0 -0.9865333 -0.1635606 0.00505495 -0.9840362 -0.1778972 0.001175463 -0.9873471 -0.1585694 -0.002062082 -0.6122757 -0.7906417 -0.01302897 -0.6048602 -0.7962251 0.01466876 -0.6896778 -0.7239679 0 -0.6817288 -0.731605 0 -0.7346554 -0.6784405 0 -0.7346599 -0.6784356 0 -0.7865461 -0.6175317 0 -0.7865455 -0.6175323 0 -0.8367968 -0.5475138 0 -0.8367952 -0.5475161 0 -0.8701084 -0.4928606 0 -0.870109 -0.4928593 0 -0.9158563 -0.4015064 0 -0.942736 -0.3335399 -2.20207e-4 -0.9390449 -0.3437947 4.84591e-4 -0.9522265 -0.3053926 0.7070844 -0.7071291 0 -0.7070844 -0.7071291 0 -0.08042556 -0.1791886 -0.980522 -0.317012 -0.7856743 -0.5312431 -0.5961202 -0.8025294 0.02423578 -0.5732133 -0.8193637 0.008351683 -0.1558244 -0.712387 -0.6842685 -0.1685349 -0.5920664 -0.7880694 -0.1035119 -0.5396135 -0.8355255 -0.1233257 -0.4936403 -0.8608776 -0.1239981 -0.3984854 -0.9087541 -0.553777 -0.791608 -0.2582396 -0.4366002 -0.8841203 -0.1664682 -0.4417881 -0.7673587 -0.4647409 -0.4420117 -0.7603671 -0.4758859 -0.3861188 -0.7633173 -0.5179375 -0.3865488 -0.6547254 -0.6495497 -0.2785141 -0.5787892 -0.7664418 -0.9997206 -2.97663e-6 0.02363866 -0.9873818 0.00254482 -0.1583374 -0.99131 -3.65318e-4 -0.1315467 -0.9480383 3.73051e-6 -0.3181562 -0.889362 -7.57725e-4 -0.4572031 -0.8533949 0.005667269 -0.5212342 -0.3476765 -4.61516e-5 -0.9376146 -0.4864718 1.74265e-4 -0.8736963 -0.5610936 0.006540417 -0.8277265 -0.6585943 -9.79211e-6 -0.7524982 -0.766946 -1.08715e-5 -0.6417117 -0.3623443 -3.24652e-4 -0.9320443 -0.2319394 0.001128017 -0.9727296 -0.1607362 -0.003447115 -0.9869915 -0.05466073 -3.02491e-7 -0.998505 0 -0.5425271 -0.8400384 0 -0.1797712 -0.9837085 0 -0.1797717 -0.9837084 0 -0.3682168 -0.9297401 -4.76757e-4 -0.5555697 -0.83147 -0.972454 0.02040392 0.2322007 -0.9847075 -0.02788513 0.1719694 -0.9898123 0.02100843 0.1408206 -0.9943972 4.23802e-5 0.1057078 -0.9683034 -9.44612e-5 0.2497772 -0.952723 -8.84974e-5 0.3038405 -0.9281756 0.08387303 0.3625678 -0.9224454 0.01850777 0.3856837 -0.8869128 -0.006070494 0.4618971 -0.8730259 -0.03142833 0.4866601 -0.8305306 0.08555674 0.5503628 -0.8136999 1.64964e-5 0.5812854 -0.9985771 0.003375053 0.05322027 -0.998515 0.001851916 0.05444788 -0.9988053 -3.56162e-6 0.04886829 -0.9959946 4.30703e-5 0.08941429 -0.9963294 0.00872004 0.08515822 -0.9965399 0.002197086 0.0830875 -0.9982213 -3.49619e-4 0.05961656 -0.9978464 5.10409e-4 0.06559264 -0.9975482 0.004881799 0.06981271 -0.9974613 0.003082692 0.07114464 -0.9969568 -8.71687e-4 0.07795143 -0.614323 -0.7886825 0.02423048 -0.1323614 -0.1347737 -0.9819962 -0.4862812 -0.02753555 -0.8733685 -0.3475267 -0.01976478 -0.9374618 -0.1417641 -0.1368965 -0.9803889 -0.1495384 -0.1134524 -0.9822254 -0.1555843 -0.1239383 -0.9800168 -0.1627106 -0.09534692 -0.9820562 -0.1687875 -0.1036232 -0.9801903 -0.1735537 -0.07570856 -0.9819101 -0.1795229 -0.08214384 -0.9803183 -0.1817563 -0.05467605 -0.9818224 -0.1872712 -0.05939114 -0.9805112 -0.1876034 -0.03285962 -0.9816951 -0.1919656 -0.03582823 -0.9807475 -0.19146 -0.02438151 -0.9811975 -0.1607332 -0.009911894 -0.9869481 -0.7662165 -0.04343211 -0.6411131 -0.65813 -0.03752726 -0.7519686 -0.9856155 -0.05997699 -0.1580033 -0.8883869 -0.04698669 -0.4566849 -0.9986438 -0.04639399 0.02362757 -0.9851992 -0.0587337 -0.1610378 -0.9784941 -0.1704735 -0.116138 -0.9718897 -0.1424582 -0.1874464 -0.953939 -0.2863715 -0.0893976 -0.9481813 -0.2454889 -0.2017118 -0.9288402 -0.3522952 -0.1146475 -0.9027585 -0.3935986 -0.173514 -0.8943924 -0.4247132 -0.140289 -0.747781 -0.6270577 -0.2182251 -0.8088745 -0.5709494 -0.1404952 -0.8541881 -0.5006799 -0.1402944 -0.8307932 -0.518637 -0.2019857 -0.8694615 -0.4736626 -0.1402868 -0.4794371 -0.5891088 -0.6504545 -0.3083538 -0.3706764 -0.8760805 -0.1232607 -0.1556977 -0.9800843 -0.1218591 -0.1495224 -0.9812204 -0.252462 -0.310171 -0.9165462 -0.7946627 -0.6034763 -0.06578463 -0.708006 -0.6845923 -0.173381 -0.682564 -0.7221285 -0.1124142 -0.6214374 -0.7639353 -0.1738342 -0.619081 -0.7670475 -0.1684548 -0.8500992 -0.07103389 -0.52181 -0.8406808 -0.1465513 -0.5213239 -0.8412065 -0.1472451 -0.5202793 -0.8179224 -0.2456142 -0.520266 -0.8181993 -0.2460843 -0.519608 -0.7831999 -0.3414753 -0.5196081 -0.7832803 -0.3416576 -0.519367 -0.7372427 -0.4321191 -0.5193711 -0.7372087 -0.4320148 -0.5195062 -0.6805387 -0.5167158 -0.5194921 -0.6804637 -0.516295 -0.5200085 -0.6140478 -0.5937368 -0.5200213 -0.61401 -0.5930172 -0.520886 -0.5533124 -0.6496805 -0.5213068 -0.5550945 -0.6814338 -0.4769887 -0.5608258 -0.05901235 -0.8258281 -0.556183 -0.09700483 -0.8253791 -0.5566837 -0.09744328 -0.8249897 -0.5412757 -0.1625711 -0.8249796 -0.5415537 -0.1628732 -0.8247375 -0.5183789 -0.2260255 -0.8247399 -0.518468 -0.226154 -0.8246486 -0.4879964 -0.2860233 -0.8246516 -0.4879524 -0.2859441 -0.8247051 -0.4504604 -0.3419951 -0.8246968 -0.4503358 -0.3416917 -0.8248907 -0.4064057 -0.3929054 -0.8248999 -0.4062713 -0.3923862 -0.8252131 -0.3760598 -0.4205443 -0.8256643 -0.4023321 -0.4940194 -0.7707619 -0.4156666 -0.8947116 -0.1634401 -0.04816776 -0.9985512 0.02399003 -0.00990951 -0.8387347 -0.5444502 -0.01193726 -0.8398815 -0.5426386 -0.2968827 -0.8808867 -0.3686454 -0.2186409 -0.8522147 -0.4753172 -0.1851367 -0.8688908 -0.4590786 -0.1315903 -0.8560559 -0.4998522 -0.03125298 -0.9828091 -0.1819609 -0.05276042 -0.9872747 -0.1500167 -0.09412783 -0.9817481 -0.1652596 -0.2221512 -0.8551447 -0.4683762 -0.07926815 -0.7683902 -0.6350537 -0.07352823 -0.7657526 -0.6389183 -0.05153697 -0.7713187 -0.634359 -0.04092288 -0.7747079 -0.6309938 -0.03205704 -0.8373907 -0.5456641 -0.07035666 -0.8343871 -0.5466701 -0.06045764 -0.8366986 -0.5443164 -0.05657982 -0.8352441 -0.5469608 -0.0367918 -0.8383688 -0.5438606 -0.03430533 -0.8371315 -0.5459251 -0.0214653 -0.8381964 -0.544946 -0.5302454 -0.8450924 0.06825578 -0.5209361 -0.8525073 0.04309242 -0.4646133 -0.88152 -0.08400619 -0.3899942 -0.8704352 -0.3004118 -0.2988637 -0.9192205 -0.2563478 -0.2858946 -0.9196841 -0.2691571 -0.2479664 -0.9348937 -0.253942 -0.2372571 -0.9343113 -0.2660292 -0.1080716 -0.9823161 -0.1528908 -0.1418142 -0.9771695 -0.1582046 -0.1555911 -0.9737948 -0.1658766 -0.1918179 -0.9713183 -0.1405231 -0.2354151 -0.9539644 -0.1858269 -0.06330835 -0.7707809 -0.6339472 -0.06267637 -0.7782288 -0.6248453 -0.1600415 -0.8698362 -0.4666603 -0.120497 -0.8826951 -0.4542355 -0.1906662 -0.9489712 -0.2511976 -0.1718438 -0.9850302 -0.01361322 -0.3152289 -0.9471884 -0.05886262 -0.3598042 -0.9330228 0.003064453 -0.3760483 -0.9240592 -0.06857305 -0.4096084 -0.9109111 -0.04961705 -0.4229035 -0.904436 -0.05610942 0.002279102 0.9991366 0.04148364 0.04417312 -0.7911474 0.6100283 0.1253226 0.2237356 0.9665592 0.1395785 -0.002044558 0.9902089 0.1873081 -0.00198698 0.9822993 0.1886305 0.269159 0.9444427 0.2592283 -0.2334619 0.9371746 0.2873362 0.1844262 0.9399068 0.3295212 -4.50623e-5 0.9441483 0.3730269 -1.8356e-5 0.9278206 0.3880406 0.2573966 0.8849698 0.4428216 -0.1059762 0.8903248 0.490081 0.04673361 0.8704233 0.5062382 -8.06433e-5 0.8623937 0.5386723 -7.11442e-5 0.8425155 0.5456159 -0.02777725 0.837575 0.6005713 0.0520243 0.797877 0.6107882 -0.01023095 0.791728 0.7485275 -2.29501e-5 0.6631038 0.7506003 -0.01113063 0.6606627 0.6827185 0.01133894 0.7305936 0.6965433 -0.09284424 0.7114825 0.6613562 0.004455447 0.7500588 -0.536132 -6.90944e-5 0.8441343 -0.02789014 0.8735566 0.4859228 -0.09428828 -0.7063174 0.7015878 -0.2671462 0.3644706 0.892073 -0.2150759 -0.3923742 0.894307 -0.1707822 0.4406899 0.8812639 -0.08873873 -0.736338 0.6707696 -0.4858162 -7.99639e-5 0.8740611 -0.4968985 0.08515679 0.8636205 -0.4238817 -0.07941687 0.9022291 -0.3857247 0.2319771 0.8929743 -0.3628296 4.04157e-5 0.9318555 -0.3156114 8.04095e-6 0.9488886 -0.5906091 0.1939209 0.7833108 -0.5793324 0.01209753 0.8150016 -0.6558237 -0.005151271 0.7548965 -0.6574967 -5.48685e-5 0.7534575 -0.6935696 -4.45594e-5 0.7203897 -0.6960299 0.005195677 0.7179941 -0.7397572 -0.01048988 0.6727923 -0.7472642 0.01874649 0.6642627 -0.7751576 1.8515e-5 0.6317681 -0.6738934 -0.6547017 0.3423936 -0.6874242 -0.6399472 0.3433885 -0.6922277 -0.6355122 0.3419724 -0.6827039 -0.6446854 0.3439423 -0.706389 -0.6247189 0.3327777 -0.7106775 -0.6222302 0.3282792 -0.7018012 -0.6278265 0.3366143 -0.6970348 -0.6314646 0.3396983 -0.7198382 -0.6187982 0.3145185 -0.7226719 -0.6185995 0.3083504 -0.7170087 -0.619483 0.3195925 -0.7141817 -0.6205654 0.3237949 -0.7931259 -0.134047 0.5941236 -0.7379097 -0.649595 0.1830728 -0.726414 -0.6204108 0.2956573 -0.7248003 -0.6192024 0.3020811 -0.1942309 -0.8739026 0.4456104 -0.6010736 -0.4880517 0.6328634 -0.5986567 -0.4877995 0.6353438 -0.53154 -0.6553044 0.5366949 -0.5165945 -0.6753169 0.5263813 -0.4526309 -0.6565954 0.6033306 -0.1229153 -0.9205128 0.370875 -0.1132606 -0.9049705 0.4101223 -0.05887693 -0.9474493 0.3144415 -0.2720886 -0.8673349 0.4167713 -0.2038093 -0.906538 0.3696629 -0.1476539 -0.9169598 0.3706523 -0.4615908 -0.7329857 0.499666 -0.4030208 -0.8432387 0.3557006 -0.3509893 -0.8639941 0.3609998 -0.6574918 -0.6813597 0.3216419 -0.5800209 -0.7522211 0.312633 -0.5821443 -0.7560408 0.2991827 -0.4572179 -0.7970803 0.3944803 -0.8686545 -0.4622433 0.178243 -0.9029175 -0.315154 0.292264 -0.9754795 -0.1354364 0.1734848 -0.993215 -0.04887109 0.1055257 -0.9909459 -0.04743283 0.1256039 -0.9811322 -0.002923429 0.1933164 -0.9834678 -0.05744993 0.1717287 -0.9681127 -0.01972508 0.2497375 -0.9564171 -0.04110318 0.2890969 -0.9525448 -0.01907002 0.3038009 -0.9283847 -0.02214741 0.3709601 -0.9225208 0.01336812 0.3857159 -0.7705579 -0.05110943 0.6353176 -0.8135744 -0.0166682 0.5812219 -0.8136748 -0.01685422 0.581076 -0.8727213 -0.04113024 0.4864832 -0.8406322 0.08724361 0.5345336 -0.8920453 -0.04100579 0.4500819 -0.7803943 -0.1383705 0.6097855 -0.7008978 -0.3137288 0.6405595 -0.7016498 -0.333438 0.6296878 -0.7021666 -0.3090459 0.6414458 -0.7275072 -0.2566549 0.6362872 -0.7417213 -0.2507927 0.6220551 -0.6704671 -0.3995366 0.6251755 -0.6793351 -0.3797714 0.6279153 -0.6284768 -0.4304631 0.6478569 -0.6296178 -0.4521918 0.6317468 -0.6513285 -0.415463 0.6349501 -0.787313 -0.125395 0.6036674 -0.8220875 -0.1088644 0.5588565 -0.8220922 -0.108869 0.558849 -0.8559922 -0.09614264 0.5079705 -0.8559926 -0.09614169 0.50797 -0.890946 -0.08705979 0.4456858 -0.8909423 -0.08706152 0.4456929 -0.9245175 -0.08527904 0.371477 -0.9245147 -0.08527612 0.3714845 -0.9511462 -0.09199327 0.294717 -0.951147 -0.09199517 0.2947144 -0.9703043 -0.1070932 0.2168886 -0.9703041 -0.1070909 0.2168906 -0.9829188 -0.1342427 0.1258951 -0.9465356 -0.2295092 0.2267069 -0.9650968 -0.2355937 0.1143842 -0.9509124 -0.200132 0.2360359 -0.9509133 -0.2001294 0.2360343 -0.9343851 -0.1871057 0.3031764 -0.9343866 -0.1871105 0.3031688 -0.911412 -0.1813213 0.3693926 -0.9114122 -0.181316 0.3693947 -0.882458 -0.1828553 0.4333958 -0.8824545 -0.1828466 0.4334064 -0.8522694 -0.1906976 0.4871051 -0.8522705 -0.1907015 0.4871017 -0.8230282 -0.201675 0.5309913 -0.823024 -0.2016777 0.5309969 -0.7861781 -0.2189875 0.5779002 -0.7861843 -0.2189871 0.5778918 -0.7482786 -0.2412896 0.6179471 -0.7364525 -0.1715 0.6543894 -0.9372459 -0.3423336 0.06616514 -0.9226178 -0.2911901 0.2529525 -0.9226216 -0.2911846 0.2529448 -0.9088777 -0.2803604 0.308771 -0.908876 -0.2803578 0.3087784 -0.8897785 -0.2755376 0.3638315 -0.8897748 -0.2755337 0.3638435 -0.8656948 -0.2768105 0.4170714 -0.8657001 -0.2768151 0.4170572 -0.8405633 -0.2833555 0.4616957 -0.8405584 -0.2833566 0.4617041 -0.8162468 -0.2924798 0.4981936 -0.8162446 -0.2924845 0.4981945 -0.7856375 -0.3068674 0.5372207 -0.7856355 -0.3068693 0.5372226 -0.7481133 -0.3287282 0.5764237 -0.748103 -0.3287299 0.5764361 -0.708301 -0.355663 0.6097652 -0.708303 -0.3556644 0.609762 -0.6870505 -0.3722476 0.6240139 -0.6717089 -0.33494 0.6607742 -0.52087 -0.6727208 0.5254914 -0.5523356 -0.623826 0.5529617 -0.5515006 -0.6245 0.5530342 -0.6000816 -0.5762857 0.5547946 -0.5791532 -0.5956626 0.5565678 -0.5249925 -0.6491799 0.5504075 -0.6239137 -0.5846585 0.5185618 -0.6472834 -0.5611919 0.5158371 -0.6472871 -0.5611916 0.5158329 -0.6711319 -0.5391877 0.5087814 -0.6711462 -0.5391795 0.5087715 -0.6950516 -0.5190227 0.4975128 -0.6950618 -0.5190145 0.497507 -0.718528 -0.5011284 0.4822734 -0.7185422 -0.5011185 0.4822629 -0.7411554 -0.4858169 0.4633257 -0.7411596 -0.4858105 0.4633256 -0.7624707 -0.4733992 0.4410575 -0.7624678 -0.4734057 0.4410556 -0.7798362 -0.4652178 0.4188412 -0.7798279 -0.4652165 0.4188581 -0.7936405 -0.4600365 0.3981223 -0.7936365 -0.4600411 0.3981247 -0.8079634 -0.4563208 0.3727822 -0.807967 -0.4563132 0.3727837 -0.8216401 -0.4555972 0.3425477 -0.8216375 -0.4555988 0.3425517 -0.8324952 -0.4583334 0.3112593 -0.8324971 -0.4583326 0.3112555 -0.8403025 -0.4644833 0.2795477 -0.840298 -0.4644895 0.2795513 -0.833821 -0.4529508 0.3155599 -0.8086376 -0.5592116 0.1827237 -0.8833739 -0.375676 0.2802107 -0.8855997 -0.3796684 0.2675166 -0.8855956 -0.3796777 0.2675172 -0.8747804 -0.3711364 0.3114755 -0.8747751 -0.3711459 0.3114792 -0.8597271 -0.36735 0.3548569 -0.8597311 -0.3673509 0.3548461 -0.8407619 -0.3683612 0.3967738 -0.8407613 -0.3683577 0.3967785 -0.8209383 -0.3735097 0.4319153 -0.8209358 -0.3735176 0.4319133 -0.8017896 -0.3807007 0.4606524 -0.8017815 -0.3807012 0.460666 -0.7777022 -0.3920264 0.4914212 -0.777701 -0.3920329 0.4914178 -0.7481532 -0.4092434 0.5222898 -0.7481474 -0.4092466 0.5222955 -0.71678 -0.4304729 0.5485615 -0.7167966 -0.430465 0.5485458 -0.6842377 -0.4552837 0.5696804 -0.6842151 -0.4552928 0.5697003 -0.6510838 -0.4832311 0.5853013 -0.6510813 -0.4832334 0.5853022 -0.6180211 -0.5137412 0.5950798 -0.6180123 -0.5137465 0.5950844 -0.5870977 -0.5448384 0.5987216 -0.5605077 -0.5215311 0.6433013 -0.6781431 -0.6496585 0.3436073 -0.670004 -0.659753 0.3403244 -0.7758565 -0.5251813 0.3496159 -0.7870047 -0.5450844 0.2889754 -0.7870191 -0.5450686 0.2889657 -0.7822814 -0.5413817 0.308126 -0.7823023 -0.5413647 0.3081028 -0.7757679 -0.5397055 0.326959 -0.7757423 -0.5397167 0.3270013 -0.7674926 -0.5401404 0.3452587 -0.7674896 -0.5401528 0.345246 -0.7588346 -0.5423897 0.3605323 -0.7588488 -0.5423763 0.3605226 -0.7504875 -0.545528 0.3730521 -0.750496 -0.5455191 0.3730477 -0.7400611 -0.5504384 0.3864288 -0.7400391 -0.5504543 0.3864482 -0.727175 -0.5579424 0.399896 -0.7271755 -0.5579454 0.399891 -0.7135196 -0.5671864 0.4113264 -0.713523 -0.567183 0.4113253 -0.6993227 -0.5780084 0.4205402 -0.6993472 -0.5779923 0.4205216 -0.6849045 -0.5901715 0.4273213 -0.6849163 -0.5901613 0.4273165 -0.6705427 -0.6034228 0.4315708 -0.6705133 -0.6034475 0.4315822 -0.6564041 -0.6176119 0.4332314 -0.6564208 -0.6175978 0.4332261 -0.6428703 -0.6323766 0.432224 -0.6428569 -0.6323909 0.4322232 -0.6301563 -0.6474595 0.4286016 -0.6301699 -0.6474479 0.4285992 -0.6185244 -0.6625756 0.4223992 -0.618512 -0.6625849 0.422403 -0.4153353 -0.7157781 0.5613898 -0.4114678 -0.7167459 0.5630007 -0.4933661 -0.7113936 0.5005087 -0.4933633 -0.7113952 0.5005094 -0.5997633 -0.6910037 0.4034821 -0.5997671 -0.6909897 0.4035007 -0.663736 -0.6692525 0.3339997 -0.4313006 -0.6802157 0.5926944 -0.4485245 -0.6812446 0.5785599 -0.5103729 -0.6840277 0.5211772 -0.5103742 -0.6840284 0.521175 -0.6083584 -0.6771758 0.4139239 -0.6083493 -0.6771853 0.4139217 -0.6665892 -0.6646552 0.3374794 -0.3047472 -0.8326912 0.4623361 -0.3493284 -0.790422 0.5031927 -0.468188 -0.7625117 0.4465155 -0.4681822 -0.7625217 0.4465045 -0.5870358 -0.7168434 0.3761975 -0.5870585 -0.7168172 0.3762122 -0.659475 -0.6779031 0.3248695 -0.3539223 -0.7573546 0.5487741 -0.3612276 -0.7551199 0.5470913 -0.4791313 -0.7377539 0.475555 -0.4791349 -0.7377483 0.4755598 -0.592574 -0.7043211 0.390881 -0.5925592 -0.7043427 0.3908646 -0.661305 -0.6737513 0.3297499 -0.4576959 -0.8039206 0.3797711 -0.4576925 -0.8039295 0.3797566 -0.5817363 -0.7377655 0.342469 -0.5817351 -0.7377516 0.3425011 -0.6577014 -0.6849076 0.3135768 -0.2772285 -0.8559146 0.4365256 -0.278191 -0.8715943 0.40365 -0.2872118 -0.8631271 0.4153565 -0.3044729 -0.8301009 0.4671497 -0.4609951 -0.7847151 0.4143741 -0.461 -0.7847067 0.4143844 -0.583415 -0.728042 0.3599746 -0.5834078 -0.7280585 0.3599528 -0.6582399 -0.6816884 0.3194077 0 -0.7071055 -0.7071081 1.11268e-5 -0.7070945 -0.7071191 -2.92624e-5 -0.7071285 -0.7070851 1.91262e-5 -0.7070781 -0.7071355 -1.30519e-5 -0.7071322 -0.7070813 -6.63752e-6 -0.7070919 -0.7071217 0 -0.7071051 -0.7071086 -9.63207e-6 -0.7070942 -0.7071194 1.7408e-5 -0.7071355 -0.7070781 -1.29059e-5 -0.7070826 -0.707131 4.04149e-5 -0.7072075 -0.707006 -2.58981e-6 -0.707101 -0.7071126 1.48031e-5 -0.7071167 -0.7070969 -6.6531e-6 -0.707116 -0.7070977 -5.92707e-6 -0.7071123 -0.7071014 -1.46482e-5 -0.707125 -0.7070887 0.5961582 -0.8025015 0.02422779 0.5732133 -0.8193637 0.008351683 0.569337 -0.8137886 -0.1166343 0.6233446 -0.7635979 -0.1684041 0.4308389 -0.8487927 -0.3064785 0.4420154 -0.7603673 -0.4758822 0.386116 -0.7633165 -0.5179406 0.3865485 -0.6547273 -0.6495479 0.2785125 -0.5787922 -0.7664401 0.3170061 -0.7856752 -0.5312455 0.1558269 -0.7123909 -0.6842641 0.1685351 -0.5920672 -0.7880688 0.1180296 -0.5516874 -0.8256573 0.1398916 -0.4837746 -0.8639402 0.1239118 -0.3653853 -0.9225722 0.1239967 -0.3984797 -0.9087568 0.08042562 -0.1791879 -0.9805221 0.7667935 -6.46556e-7 -0.6418939 0.1585778 -9.29292e-5 -0.9873465 0.1983022 0.003672122 -0.9801341 0.3456501 1.15455e-4 -0.9383635 0.565269 -6.11311e-4 -0.8249064 0.4881725 0.01048952 -0.8726842 0.6582682 -7.10448e-7 -0.7527836 0.8899915 0.009129226 -0.455886 0.845624 -0.002626001 -0.5337725 0.9849146 0.001952886 -0.1730306 0.9878365 0.003690838 -0.1554521 0.9999548 0 0.009516239 0.9889242 -4.91028e-5 0.1484223 0.9904813 -0.05366009 0.1267572 0.963141 0.07414549 0.2585768 0.9734685 -0.07326185 0.216776 0.9277996 0.07300978 0.3658657 0.7858723 -2.84064e-5 0.6183888 0.7870498 -8.51046e-4 0.616889 0.8159025 0.003312408 0.57818 0.8254551 -0.02558356 0.5638877 0.8604288 0.01755154 0.5092684 0.8682117 0 0.4961941 0.8889577 0 0.4579892 0.8948745 -0.009843468 0.4462095 0.912992 0.01466625 0.407714 0.9429126 -0.08653479 0.3216019 -0.04286068 -0.9934413 0.1060069 -0.03895282 -0.9829897 0.1794831 -0.03705179 -0.9671457 0.2515086 -0.06574743 -0.9847206 0.1612533 -0.0472517 -0.9951348 0.08645302 -0.1318106 -0.9892044 0.06403601 -0.1354345 -0.9885731 0.06618773 -0.1741356 -0.9827424 0.06240266 -0.2288234 -0.9713013 0.06491309 -0.2310512 -0.9708654 0.06352669 -0.2991276 -0.9519438 0.06576997 -0.3221217 -0.9439067 0.07264775 -0.3748908 -0.9252985 0.05726832 -0.4538038 -0.886976 0.08564919 -0.4151128 -0.9073805 0.0658949 -0.4649391 -0.8828305 0.06664854 -0.5050642 -0.8604148 0.06779932 -0.5265906 -0.8481685 0.0575549 -0.5908542 -0.8037607 0.06971383 -0.613129 -0.7873578 0.06434893 -0.6711022 -0.7381995 0.06843483 -0.6852913 -0.7255581 0.06278103 -0.7441563 -0.6643283 0.06999552 -0.7645354 -0.6416121 0.06180232 -0.809014 -0.5835483 0.07048225 -0.8149887 -0.5754578 0.06813108 -0.8464607 -0.5285308 0.06449377 -0.8647885 -0.4972702 0.06973654 -0.876281 -0.4773951 0.06500566 -0.9110863 -0.4072725 0.06364619 -0.9010043 -0.4277841 0.07205539 -0.947686 -0.3152589 0.05003255 -0.9326378 -0.3535683 0.07194751 -0.9738746 -0.2215582 0.04980331 -0.9661707 -0.2496661 0.06466251 -0.990433 -0.128256 0.0509206 -0.9878612 -0.1440227 0.05820387 -0.9976514 -0.04631346 0.05046576 -0.9976534 -0.0462886 0.05044972 -0.9932441 -0.04898726 0.1051982 -0.9937891 -0.03539687 0.1055002 -0.9845283 -0.1214429 0.1263156 -0.9789006 -0.1466608 0.1422823 -0.9656071 -0.210147 0.1531052 -0.9527623 -0.248522 0.1745876 -0.4819949 -0.8161296 0.3187686 -0.5808408 -0.755499 0.3030601 -0.5688236 -0.7617646 0.310088 -0.6605997 -0.6932501 0.2881186 -0.6505987 -0.6999892 0.2945105 -0.7340899 -0.6219143 0.2726438 -0.7251662 -0.6292224 0.2796664 -0.8054512 -0.5379662 0.248678 -0.7916967 -0.5518003 0.2621696 -0.8662701 -0.447847 0.2213806 -0.8492426 -0.4690126 0.2425165 -0.9159595 -0.3529046 0.1909888 -0.8971552 -0.3822607 0.2213355 -0.9370838 -0.2991265 0.1799932 -0.2982714 -0.8971818 0.3257288 -0.3542354 -0.8764993 0.3259851 -0.3916285 -0.862548 0.3203722 -0.4060454 -0.8548693 0.3229951 -0.4873282 -0.8139591 0.3161991 -0.02814185 -0.9474211 0.3187499 -0.05777788 -0.943377 0.3266521 -0.1112096 -0.9404418 0.3212501 -0.1516053 -0.9323274 0.3283012 -0.2044894 -0.9236291 0.3241813 -0.2079635 -0.9225845 0.3249448 -0.2809359 -0.900906 0.3308224 -0.9963501 -0.04522556 0.07239669 -0.9967219 -0.03478962 0.07304304 -0.988079 -0.1267707 0.08734631 -0.9881871 -0.1258199 0.08749788 -0.970524 -0.2186661 0.1013327 -0.9707214 -0.2177103 0.1015007 -0.943431 -0.3110734 0.1147669 -0.943715 -0.3101437 0.1149477 -0.9064708 -0.402595 0.1273892 -0.9068384 -0.4017051 0.1275821 -0.8595954 -0.4917212 0.1389465 -0.8600471 -0.4908714 0.1391557 -0.8030799 -0.576889 0.1492039 -0.803611 -0.5760915 0.1494256 -0.7375142 -0.6566011 0.157949 -0.7381233 -0.6558591 0.1581861 -0.6638165 -0.7294632 0.1650187 -0.6644871 -0.7287961 0.1652672 -0.5831608 -0.794307 0.1702935 -0.5838955 -0.793711 0.1705549 -0.4969428 -0.8502175 0.173719 -0.4977299 -0.8497007 0.1739937 -0.4066814 -0.8965935 0.1753007 -0.4075134 -0.8961601 0.1755847 -0.3139562 -0.9331526 0.1750942 -0.3148183 -0.9328069 0.1753877 -0.2202901 -0.9599328 0.1732091 -0.2211848 -0.9596719 0.173514 -0.1271262 -0.9772449 0.1697987 -0.1280252 -0.9770742 0.1701051 -0.04485934 -0.9851732 0.1655944 -0.9968214 -0.04668301 0.06455892 -0.9972607 -0.03388375 0.06574988 -0.9888893 -0.1273918 0.0766108 -0.9889711 -0.1266682 0.07675486 -0.9716554 -0.2198032 0.08701956 -0.9718036 -0.2190856 0.08717417 -0.944877 -0.3127554 0.09690964 -0.9450895 -0.3120629 0.09707081 -0.9082242 -0.4048163 0.106078 -0.908504 -0.4041432 0.1062501 -0.861649 -0.4944573 0.1143373 -0.8619918 -0.4938172 0.1145192 -0.8054091 -0.5801308 0.1215094 -0.8058153 -0.5795263 0.1217005 -0.7401061 -0.660304 0.1274431 -0.7405661 -0.6597497 0.1276412 -0.6666321 -0.7336028 0.1320179 -0.6671444 -0.7330998 0.1322245 -0.5861775 -0.7988288 0.1351613 -0.5867388 -0.7983802 0.135376 -0.5001247 -0.8550723 0.1368455 -0.5007237 -0.8546863 0.1370666 -0.409996 -0.901726 0.1370893 -0.4106264 -0.901405 0.1373139 -0.3173606 -0.9385089 0.1359531 -0.3180202 -0.9382526 0.1361817 -0.2237621 -0.9654527 0.1335346 -0.224436 -0.9652641 0.1337676 -0.1306146 -0.9828782 0.1299636 -0.1313117 -0.9827536 0.1302019 -0.03777778 -0.9913986 0.1253066 -0.04796719 -0.9905632 0.1283898 -0.997235 -0.04818612 0.05657386 -0.9977464 -0.03287482 0.0584923 -0.9896137 -0.1278034 0.06581228 -0.989669 -0.1273128 0.06593042 -0.9726585 -0.220594 0.07262039 -0.9727565 -0.220122 0.07274061 -0.9461531 -0.313948 0.078938 -0.9463 -0.3134716 0.07906836 -0.9097729 -0.4063871 0.08463436 -0.9099634 -0.405932 0.08476901 -0.8634545 -0.4964103 0.08957272 -0.8636874 -0.4959799 0.0897116 -0.8074643 -0.5824375 0.093638 -0.8077351 -0.5820391 0.0937798 -0.7423801 -0.6629589 0.09673398 -0.742693 -0.6625868 0.09688138 -0.669107 -0.7365697 0.09879738 -0.6694571 -0.7362311 0.09895014 -0.5888279 -0.8020742 0.09979444 -0.5892047 -0.8017781 0.09994828 -0.5029156 -0.8585637 0.09972208 -0.503324 -0.858306 0.09987938 -0.4128977 -0.9054226 0.09861749 -0.4133321 -0.905207 0.09877729 -0.3203464 -0.942368 0.09654462 -0.3207871 -0.9422019 0.09670233 -0.2267944 -0.9694359 0.09358716 -0.2272595 -0.9693113 0.09374898 -0.1336803 -0.9869423 0.089859 -0.1341468 -0.9868646 0.09001713 -0.04965627 -0.9950689 0.08586287 -0.04065328 -0.9977233 0.05381041 -0.04936563 -0.9969938 0.05971932 -0.9952484 -0.04234892 0.08767712 -0.9954881 -0.036237 0.08769482 -0.9862028 -0.124943 0.1085972 -0.9863691 -0.1235221 0.1087116 -0.9678992 -0.2153223 0.1296445 -0.9681913 -0.2139217 0.1297819 -0.9400613 -0.3062096 0.1500685 -0.9404757 -0.3048553 0.150229 -0.9023656 -0.3962402 0.1694992 -0.9029083 -0.3949216 0.1696865 -0.8547913 -0.4838924 0.1875634 -0.8554525 -0.4826397 0.1877769 -0.7976083 -0.5676655 0.2039042 -0.7983919 -0.5664754 0.2041472 -0.7314393 -0.6460534 0.2182008 -0.7323243 -0.6449592 0.2184694 -0.6571965 -0.7177102 0.2301845 -0.6581793 -0.7167136 0.2304815 -0.5760637 -0.781481 0.2396623 -0.5771366 -0.7805887 0.2399892 -0.4894537 -0.836458 0.2465221 -0.4906032 -0.8356799 0.2468762 -0.3988838 -0.8820559 0.2507376 -0.4000922 -0.8814006 0.2511163 -0.3059285 -0.9179987 0.2523612 -0.3071842 -0.9174681 0.2527652 -0.212122 -0.9443199 0.2515234 -0.21341 -0.9439163 0.251949 -0.11889 -0.9613301 0.2484145 -0.1202049 -0.9610511 0.2488609 -0.05771213 -0.9677221 0.2453225 -0.0377075 -0.9718497 0.2325651 -0.9946232 -0.04096204 0.09511578 -0.9947977 -0.03674948 0.09501129 -0.9851479 -0.1237112 0.1190764 -0.9853417 -0.1220908 0.1191454 -0.966415 -0.2131276 0.143592 -0.9667531 -0.2115231 0.1436888 -0.9381465 -0.3030523 0.1674531 -0.9386308 -0.3014786 0.1675802 -0.9000372 -0.3921034 0.1902318 -0.9006605 -0.3905919 0.1903905 -0.8520584 -0.4788195 0.2114912 -0.8528217 -0.477373 0.2116847 -0.7944993 -0.5616867 0.2308221 -0.7953934 -0.5603259 0.2310505 -0.7279778 -0.6392357 0.2478427 -0.7289962 -0.6379708 0.2481086 -0.6534241 -0.7101174 0.2622409 -0.6545545 -0.7089633 0.2625442 -0.572021 -0.7731977 0.2737837 -0.573249 -0.772167 0.2741238 -0.4851824 -0.8275803 0.2823279 -0.4865001 -0.8266773 0.2827053 -0.3944326 -0.8726823 0.2878345 -0.3958202 -0.8719173 0.288248 -0.301344 -0.9082323 0.290355 -0.3027873 -0.9076083 0.2908041 -0.2074541 -0.9342619 0.2900307 -0.2089409 -0.933781 0.2905114 -0.1141817 -0.9510803 0.2870699 -0.1156907 -0.9507439 0.287579 -0.03828895 -0.9583911 0.2828791 -0.03304928 -0.9590229 0.2813944 -0.9958249 -0.04375988 0.08011269 -0.9961296 -0.03557986 0.08037304 -0.9871811 -0.1259566 0.09802281 -0.9873187 -0.1247608 0.09816557 -0.969271 -0.2171638 0.1155591 -0.9695137 -0.2159916 0.115719 -0.9418225 -0.3088898 0.1325044 -0.9421735 -0.3077403 0.1326845 -0.9045131 -0.3997363 0.1485499 -0.9049704 -0.3986256 0.1487494 -0.8573072 -0.4881922 0.1633802 -0.8578628 -0.4871419 0.1635984 -0.8004757 -0.5727288 0.1766933 -0.8011325 -0.5717357 0.1769327 -0.7346212 -0.6518446 0.1882296 -0.7353687 -0.6509262 0.188489 -0.660665 -0.7241611 0.1977688 -0.661497 -0.7233246 0.1980484 -0.5797824 -0.7885197 0.2051567 -0.580691 -0.7877723 0.2054577 -0.4933807 -0.8440054 0.2103102 -0.4943485 -0.8433594 0.2106289 -0.4029731 -0.8900294 0.2132142 -0.4039961 -0.8894848 0.2135509 -0.3101341 -0.9263107 0.2139284 -0.3112042 -0.9258698 0.2142826 -0.2164034 -0.9528812 0.2125725 -0.2174975 -0.9525498 0.2129407 -0.1232109 -0.9700552 0.2093133 -0.1243239 -0.9698312 0.2096933 -0.03774261 -0.9780862 0.2047509 -0.04204934 -0.9776428 0.2060258 1.59505e-7 -0.9997104 0.02406877 0 -0.9997115 0.02402192 0 -0.9832897 -0.1820482 -1.68779e-7 -0.983289 -0.1820515 0 -0.8387785 -0.5444728 0 -0.8387755 -0.5444775 0.1621091 -0.7026848 0.6927876 0.1895087 -0.4393422 0.878103 0.6673846 -0.294133 0.6841664 0.04439204 -0.9147429 0.4015905 0.01811581 -0.865329 0.500877 0.04033952 -0.689749 0.7229241 0.01254647 -0.7264784 0.6870748 0.0364452 -0.5506671 0.833929 0.09911489 -0.06228256 0.993125 0.01704472 -0.08341485 0.9963691 0.09751319 -0.03880041 0.9944776 0.2480101 -0.08548069 0.9649789 0.1854808 -0.07513922 0.9797709 0.1716385 -0.08203601 0.9817384 0.1381649 -0.07706266 0.9874066 0.08149528 -0.07693231 0.9937002 0.3248288 -0.1772122 0.9290221 0.3162057 -0.2081067 0.925584 0.3721848 -0.02359163 0.9278588 0.4515407 0.003144562 0.892245 0.449169 -0.003898203 0.8934384 0.7149969 -0.1642649 0.6795561 0.7313382 -0.1104582 0.6730108 0.5049781 -0.02710372 0.8627066 0.5160481 -0.04731518 0.8552519 0.5462082 -0.01689159 0.8374791 0.6061848 -0.06185007 0.7929154 0.6075543 -0.05945783 0.7920497 0.6980471 -0.02914249 0.7154586 0.6787 -0.05545651 0.7323189 0.7365824 -0.05545294 0.6740707 0.7458099 -0.04445087 0.6646741 0.6302918 -0.3614102 0.6871063 0.5870791 -0.4615253 0.6650809 0.5878057 -0.4654521 0.6616939 0.5329584 -0.5282264 0.6610085 0.5321602 -0.5607813 0.6342949 0.2775838 -0.7318841 0.6223287 0.3220617 -0.7467099 0.5819801 0.372326 -0.7159133 0.590628 0.0392419 -0.9155864 0.4002022 0.04245334 -0.9279321 0.370324 0.04636931 -0.9176391 0.3947006 0.04333406 -0.9173091 0.3958111 0.1224678 -0.873512 0.471146 0.1930797 -0.6381307 0.7453251 0.1385108 -0.6320214 0.7624722 0.1399587 -0.6313599 0.7627558 0.0960077 -0.6276931 0.7725179 0.1346877 -0.7597456 0.6361178 0.08130419 -0.7534205 0.6524931 0.08298403 -0.7523834 0.6534776 0.0329473 -0.7500129 0.6606021 0.009841203 -0.8011748 0.5983495 -0.02460265 -0.8506681 0.5251271 0.04421639 -0.8552931 0.5162546 0.04205399 -0.8560482 0.5151824 0.071675 -0.8595209 0.5060501 0.06829577 -0.8602001 0.5053627 0.2111665 -0.8427975 0.4950767 0.211064 -0.8453744 0.4907078 0.1724361 -0.8327856 0.5260551 0.230539 -0.7837868 0.5766543 0.1802431 -0.7711837 0.6105638 0.1883357 -0.4401548 0.8779485 0.2612689 -0.44835 0.8548222 0.259464 -0.4500105 0.8544993 0.3298396 -0.4621196 0.8231958 0.3277812 -0.463347 0.8233281 0.3817835 -0.4745326 0.7931333 0.379527 -0.4758022 0.7934555 0.447282 -0.4923152 0.7467025 0.4441257 -0.4948004 0.7469438 0.2410878 -0.6495302 0.7211014 0.2819262 -0.6579834 0.6982661 0.2791618 -0.6589352 0.6984792 0.330546 -0.6714136 0.6632821 0.3267424 -0.6733319 0.6632222 0.3817832 -0.691577 0.6131582 0.4402783 -0.6354995 0.6342676 0.1313359 -0.4338224 0.8913748 0.1305435 -0.4344162 0.891202 0.1423405 -0.3563603 0.9234427 0.01512545 -0.8043202 0.5940038 0.06388002 -0.8068672 0.587269 0.061957 -0.8077717 0.5862306 0.10362 -0.8126848 0.5734165 0.1006102 -0.8135574 0.5727146 0.006568968 -0.9081279 0.4186415 0.02153581 -0.9086129 0.4170839 0.01463872 -0.9094991 0.4154481 0.03699904 -0.9111881 0.410326 0.0229088 -0.9123235 0.408829 0.03458952 -0.9131296 0.4061992 0.09815376 -0.8651596 0.4917976 0.09325599 -0.8662236 0.4908767 0.1418647 -0.8203838 0.5539358 0.03128701 -0.1137335 0.9930186 0.03029596 -0.1686996 0.9852019 0.08531415 -0.2906123 0.9530299 0.07482218 -0.2325888 0.9696928 0.1559097 -0.2369207 0.9589373 0.1570181 -0.2376884 0.9585665 0.2249253 -0.2433692 0.9434936 0.2264387 -0.2445237 0.9428328 0.310103 -0.2540464 0.9161314 0.3117839 -0.2563506 0.9149181 0.3918073 -0.2700175 0.8795327 0.3937988 -0.2720999 0.8780001 0.4537334 -0.2845174 0.8444974 0.45572 -0.2868618 0.8426325 0.5315614 -0.3055233 0.7899988 0.5328547 -0.3094651 0.7875896 0.5990496 -0.3315121 0.7288617 0.1415974 -0.3569808 0.9233174 0.2053698 -0.3623102 0.9091505 0.2042694 -0.363173 0.9090542 0.2831082 -0.3720672 0.8839772 0.281377 -0.3738378 0.883783 0.3574141 -0.386888 0.8500428 0.3555417 -0.3881701 0.8502436 0.4137479 -0.4002301 0.8176972 0.4116091 -0.4016003 0.8181048 0.4845843 -0.419438 0.7676262 0.4816703 -0.4220691 0.7680178 0.06698071 -0.241743 0.9680259 0.05012333 -0.3489845 0.9357871 0.05145287 -0.3512081 0.9348827 0.05407655 -0.4521453 0.8903036 0.03294301 -0.4278793 0.9032353 0.04954028 -0.4929873 0.8686251 0.1206609 -0.4969908 0.859326 0.1210635 -0.4976553 0.8588846 0.1741435 -0.5020951 0.8470978 0.1746029 -0.5030086 0.8464611 0.2402057 -0.5103724 0.8257247 0.2404698 -0.5123081 0.8244482 0.3033052 -0.523137 0.7964506 0.3036773 -0.5247431 0.7952514 0.3512167 -0.5345931 0.7686724 0.3514683 -0.5363823 0.7673097 0.4117746 -0.5510517 0.7257986 0.4110734 -0.5541365 0.723845 0.2823699 -0.7789989 0.5598464 0.2838007 -0.8035347 0.5232487 0.226118 -0.7851476 0.5765534 0.2816992 -0.7302415 0.622409 0.2232352 -0.715629 0.6618468 0.2249267 -0.7348222 0.6398785 0.2055314 -0.7101939 0.673336 0.2435573 -0.6485961 0.7211123 0.1908412 -0.6395087 0.7447202 0.1357678 -0.8948278 0.425265 0.138609 -0.8812701 0.4518303 0.1172038 -0.8741498 0.471302 0.177281 -0.8317831 0.5260308 0.1373622 -0.8218008 0.5529694 0.1842925 -0.7694395 0.6115548 0.1320206 -0.7608115 0.6354026 0.1645563 -0.7014631 0.6934486 0.1009624 -0.693928 0.712931 0.1115909 -0.7124868 0.6927555 0.08168184 -0.691973 0.7172876 0.096996 -0.6271926 0.7728011 0.01595443 -0.6220391 0.7828237 0.271645 0.2066113 0.9399579 0.2531445 -0.08313477 0.9638499 0.3403914 -0.09318858 0.9356546 0.3420038 -0.0955224 0.934831 0.4301349 -0.1104297 0.8959852 0.4320413 -0.1125282 0.894806 0.4980836 -0.1262122 0.8578947 0.5000189 -0.1285802 0.8564159 0.5832501 -0.1492728 0.7984592 0.5846532 -0.153282 0.7966714 0.6575366 -0.1773115 0.7322611 0.6591241 -0.1799719 0.7301818 0.6818495 -0.1886714 0.7067421 0.6892822 -0.2419209 0.6829087 0.6233293 -0.3429477 0.7027429 0.6006178 -0.3341538 0.7263605 0.5432353 -0.4446863 0.7121444 0.5455002 -0.4434552 0.71118 0.5009037 -0.515806 0.6950106 0.5033152 -0.5146882 0.6940965 0.4195321 -0.6281033 0.6553465 0.4800226 -0.5768765 0.6609023 0.4408468 -0.6325445 0.6368216 0.3730206 -0.6102508 0.6988917 0.3765784 -0.6081045 0.6988546 0.318721 -0.5940442 0.738599 0.3212746 -0.59297 0.7383557 0.2752553 -0.5834389 0.7640901 0.277578 -0.5823833 0.7640551 0.2178968 -0.5720978 0.7907118 0.2199586 -0.5706086 0.7912169 0.1581374 -0.5636836 0.8107116 0.1594978 -0.5629447 0.8109586 0.109613 -0.558781 0.8220394 0.1105386 -0.558237 0.8222851 0.03914469 -0.5541047 0.8315262 0.04051721 -0.6421833 0.7654797 -0.1368555 -0.498314 0.8561272 -0.01836377 -0.5509402 0.8343428 -0.02694177 -0.6240707 0.7809033 7.50202e-4 -0.6427113 0.7661081 -0.04596191 -0.7257679 0.6864027 -0.01364147 -0.8038816 0.594633 -0.01942092 -0.8010622 0.598266 -0.01925158 -0.8540549 0.5198267 0.005097568 -0.8654592 0.5009536 -0.03318578 -0.9091978 0.4150399 -0.00578618 -0.9156304 0.4019796 -0.02744561 -0.9347909 0.3541367 0.01052463 -0.8995792 0.4366312 -0.2590521 -0.9143579 0.311194 -0.038136 -0.8794831 0.4744 -0.2678427 -0.8656438 0.4229906 -0.1526665 -0.8544861 0.4965347 -0.2987858 -0.8121125 0.501199 -0.2564362 -0.8123258 0.5238007 -0.3403542 -0.7557129 0.559515 -0.3478448 -0.7546521 0.556331 -0.3861681 -0.7027578 0.5974994 -0.3875302 -0.6964297 0.6039917 -0.4223424 -0.6761331 0.6037144 -0.4380251 -0.6501767 0.6208094 -0.4435754 -0.6368986 0.6305561 -0.4400202 -0.6386875 0.6312373 -0.5241091 -0.5439842 0.6552793 -0.4924704 -0.5985742 0.6318085 -0.5300126 -0.5269099 0.6644191 -0.5467672 -0.5153442 0.6598984 -0.5712218 -0.4755684 0.6689846 -0.5751909 -0.4568476 0.6785616 -0.596297 -0.437397 0.6731373 -0.6884562 -0.239335 0.6846508 -0.6660576 -0.2930215 0.6859343 -0.6511626 -0.3110243 0.6922798 -0.6414405 -0.3215416 0.696538 -0.617807 -0.3406825 0.708696 -0.6205514 -0.3536214 0.6999056 -0.613955 -0.3988482 0.6811604 -0.6741884 -0.1446249 0.7242608 -0.702216 -0.1963214 0.6843615 -0.7307183 -0.1060082 0.6743984 -0.7338194 -0.046624 0.6777428 -0.7718589 -0.05169022 0.6336893 -0.5351271 -0.02116072 0.8445066 -0.5889641 -0.0691123 0.8051986 -0.493875 -0.0302881 0.8690052 -0.4283662 0.007547736 0.9035738 -0.1452623 -0.08658158 0.9855976 -0.06552445 -0.6251917 0.7777158 -0.06603765 -0.6255942 0.7773488 -0.05157411 -0.7136518 0.6985995 -0.04462182 -0.6897512 0.7226702 -0.00498116 -0.7471462 0.6646411 -0.5127928 -0.5919851 0.6217694 -0.459325 -0.572041 0.6795511 -0.4989079 -0.5149908 0.6970477 -0.4986299 -0.5128438 0.6988273 -0.540909 -0.4437307 0.7145072 -0.05272966 -0.922522 0.3823254 -0.04839545 -0.9184787 0.3924982 -0.1286028 -0.8788658 0.4594086 -0.1286975 -0.8762841 0.4642879 -0.1876688 -0.8387402 0.5111708 -0.1880144 -0.835951 0.5155935 -0.2450593 -0.7922781 0.5587858 -0.2456545 -0.789305 0.562718 -0.3001872 -0.7401911 0.6016685 -0.3008671 -0.7370056 0.6052287 -0.3528232 -0.6827355 0.6398344 -0.3535832 -0.6793594 0.6430006 -0.402432 -0.6207144 0.6728761 -0.4031718 -0.6171496 0.6757062 -0.4216415 -0.592723 0.6862201 -0.421947 -0.5560467 0.7160817 -0.4573697 -0.4994243 0.735791 -0.3353397 -0.5322284 0.7773546 -0.3646649 -0.4719739 0.8026582 -0.411933 -0.4830458 0.7726435 -0.4472764 -0.4114851 0.7941183 -0.4953643 -0.4247993 0.7577334 -0.5478194 -0.3123185 0.7761129 -0.5444893 -0.3133967 0.7780193 -0.6008628 -0.1563558 0.7839112 -0.5979292 -0.1575676 0.7859092 -0.6321735 -0.02365761 0.7744656 -0.689531 -0.06086885 0.7216938 -0.3452518 -0.6015534 0.7203712 -0.3815316 -0.5430457 0.7480208 -0.3795602 -0.544295 0.7481157 -0.4125874 -0.4850395 0.7710438 -0.4568918 -0.497305 0.7375214 -0.4958533 -0.4269753 0.7561889 -0.5406017 -0.4415419 0.716094 -0.5975399 -0.3306601 0.7304862 -0.5942801 -0.3316589 0.7326893 -0.6554368 -0.1762753 0.7343907 -0.6525697 -0.1774283 0.7366628 -0.6868787 -0.05634623 0.7245846 -0.7369285 -0.05212193 0.6739582 -0.04443114 -0.9175345 0.3951662 -0.03853887 -0.9141275 0.4035913 -0.1049478 -0.8697212 0.4822561 -0.1041142 -0.8673545 0.4866791 -0.1528717 -0.826238 0.5421818 -0.1523429 -0.8236768 0.5462126 -0.1994329 -0.776526 0.5976906 -0.1992114 -0.7737924 0.6012989 -0.2441878 -0.721331 0.6481158 -0.2440873 -0.7183972 0.6514039 -0.2869108 -0.6609176 0.6934481 -0.2869328 -0.6578283 0.6963703 -0.3173257 -0.6119406 0.7244537 -0.3057941 -0.5891497 0.7479255 -0.3371777 -0.5309907 0.777406 -0.2625522 -0.5806953 0.7706227 -0.2902709 -0.5203915 0.8030787 -0.288677 -0.5215342 0.802912 -0.314023 -0.4604131 0.8303068 -0.363897 -0.470146 0.8040782 -0.3953221 -0.397428 0.8281131 -0.4466386 -0.4094519 0.7955271 -0.4941929 -0.2954646 0.8176026 -0.4909126 -0.2965602 0.8191806 -0.5420073 -0.1380432 0.8289585 -0.5391075 -0.1392564 0.8306449 -0.5735875 0.0138995 0.8190265 -0.649806 -0.08561164 0.7552634 -0.03388208 -0.9134036 0.4056428 -0.02796685 -0.9108104 0.4118766 -0.0779851 -0.8622609 0.5004245 -0.07658982 -0.8604078 0.5038179 -0.1133665 -0.8160794 0.5667119 -0.1122741 -0.8140611 0.5698238 -0.1477448 -0.7637584 0.6283668 -0.1469514 -0.761582 0.6311879 -0.1808012 -0.7060545 0.6846883 -0.1801431 -0.7037237 0.6872564 -0.2123523 -0.6432783 0.7355948 -0.2118371 -0.6408084 0.7378955 -0.2346726 -0.5928034 0.7703979 -0.1361623 -0.4989624 0.8558601 -0.14821 -0.4359493 0.8876835 -0.2044926 -0.4411711 0.8738141 -0.2224935 -0.365418 0.9038619 -0.2819068 -0.3728539 0.8840297 -0.3123248 -0.2551924 0.9150574 -0.3099008 -0.2561783 0.915606 -0.342531 -0.09425401 0.9347667 -0.340336 -0.09530758 0.9354614 -0.4293988 -0.00108087 0.9031144 -0.4099478 -0.1079364 0.9057001 -0.4124748 -0.1067895 0.9046881 -0.3732774 -0.2677872 0.8882309 -0.3761121 -0.2667183 0.8873562 -0.339609 -0.3833202 0.858913 -0.2827132 -0.3742638 0.883176 -0.2599855 -0.4490913 0.8548244 -0.2052558 -0.4422466 0.8730912 -0.1886087 -0.5047805 0.8423916 -0.1896262 -0.5039205 0.8426779 -0.1300251 -0.6290776 0.7663909 -0.1306984 -0.6306542 0.7649792 -0.1105367 -0.6936396 0.7117906 -0.11133 -0.6951109 0.7102299 -0.09012407 -0.7532217 0.6515634 -0.09102207 -0.754584 0.6498599 -0.06879121 -0.8075001 0.5858426 -0.06992149 -0.8087611 0.5839661 -0.04684746 -0.855715 0.5153223 -0.04819709 -0.8568558 0.5132986 -0.01688504 -0.9086704 0.4171726 -0.02153915 -0.9101061 0.4138152 -0.0965752 -0.3534965 0.9304373 -0.1070644 -0.2338176 0.9663677 -0.1062191 -0.2342582 0.9663544 -0.1182143 -0.05739974 0.9913277 -0.0890249 -0.431162 0.8978719 -0.0969659 -0.3539672 0.9302176 -0.1600481 -0.3578339 0.9199671 -0.1774172 -0.2386206 0.9547688 -0.17598 -0.239293 0.9548665 -0.1936557 -0.08550631 0.9773362 -0.2410272 -0.0721789 0.9678307 -0.3620851 -0.02082753 0.9319124 -0.3425904 -0.08190405 0.9359079 -0.3166145 0.05097419 0.9471837 -0.2808451 -0.08656066 0.9558417 -0.2690255 -0.08767837 0.959134 -0.243793 -0.2466173 0.9379472 -0.2457596 -0.2457635 0.9376581 -0.2217589 -0.3643121 0.9044886 -0.1606441 -0.3586437 0.9195479 -0.1475846 -0.4351805 0.8881648 -0.08946597 -0.4316167 0.8976095 -0.08218038 -0.4949633 0.8650189 -0.0825898 -0.4945388 0.8652227 -0.4951976 -0.03507894 0.868072 -0.4762519 -0.1226387 0.8707147 -0.4790324 -0.12142 0.8693591 -0.4336668 -0.2812894 0.8560428 -0.4367786 -0.2801787 0.8548243 -0.3945658 -0.3955382 0.8293777 -0.3404137 -0.3849691 0.8578563 -0.3131874 -0.4588081 0.83151 -0.2608335 -0.4504733 0.8538383 -0.2397273 -0.5123474 0.8246399 -0.2410317 -0.5113341 0.8248886 -0.2184293 -0.5712315 0.7911912 -0.1715237 -0.5653494 0.8068208 -0.1442627 -0.5794165 0.8021627 -0.1239475 -0.5593941 0.8195825 -0.07529896 -0.5564082 0.8274902 -0.07478344 -0.5559701 0.8278313 -0.01332962 -0.5538881 0.8324846 -0.03201961 -0.4930525 0.8694102 -0.01146471 -0.4527779 0.8915497 -0.03461515 -0.429553 0.902378 -0.02573484 -0.3493077 0.9366547 -0.02350342 -0.3511492 0.9360246 -0.04662466 -0.2420229 0.9691497 -0.05997371 -0.2325148 0.970742 -0.0369991 -0.168661 0.9849795 -0.03919184 -0.06695002 0.9969863 -0.09240317 -0.1133016 0.9892545 -0.04886472 -0.03893929 0.9980461 0.5389378 -0.8400127 0.06264919 0.08064949 -0.7674589 -0.6360052 0.03125417 -0.9828097 -0.1819567 0.1592101 -0.9760327 -0.1483659 0.04047781 -0.9988908 0.02405893 0.04871463 -0.9865465 -0.1560539 0.07141399 -0.9848747 -0.1578666 0.0944305 -0.982118 -0.1628719 0.1083551 -0.9828954 -0.1489153 0.1672362 -0.9717685 -0.1664275 0.04670065 -0.7728686 -0.6328454 0.0589205 -0.7728986 -0.6317882 0.06848651 -0.7682468 -0.6364799 0.05999213 -0.7752717 -0.6287724 0.1483147 -0.8604816 -0.487416 0.1497966 -0.8733298 -0.4635258 0.2428666 -0.9367901 -0.2518736 0.2426577 -0.9324408 -0.2677155 0.01182645 -0.8387171 -0.544439 0.01158362 -0.8389176 -0.5441354 0.03639113 -0.8369454 -0.5460752 0.03640818 -0.8369289 -0.5460994 0.06024646 -0.8362557 -0.5450202 0.5293631 -0.8475609 0.03762197 0.2233978 -0.8543478 -0.469237 0.365525 -0.8931394 -0.2620943 0.3575772 -0.8893662 -0.2848975 0.4736159 -0.8792247 -0.05149859 0.08313333 -0.7712584 -0.6310702 0.2173203 -0.8529009 -0.4746916 0.1851334 -0.8688932 -0.4590755 0.2932559 -0.9217871 -0.2535936 0.2918716 -0.9171032 -0.271538 0.4528177 -0.8829609 -0.1238396 0.4316766 -0.9000031 -0.06041365 0.3868488 -0.9213355 -0.03858876 0.3864998 -0.9220969 0.01885002 0.3121555 -0.9475392 -0.06876599 0.26982 -0.9626141 -0.02390336 0.1303333 -0.9641188 -0.2312752 0.2172859 -0.9625531 -0.1621063 0.1205006 -0.8826947 -0.4542353 0.04960918 -0.8475708 -0.5283586 0.03578698 -0.7762963 -0.6293517 0.2523139 -0.3102414 -0.9165632 0.8889367 -0.0495494 -0.4553421 0.9830617 -0.06132823 -0.1727095 0.6577477 -0.03952711 -0.7522005 0.7660269 -0.04481685 -0.6412443 0.4879924 -0.02876985 -0.8723736 0.1217147 -0.1496291 -0.9812221 0.4021524 -0.4941554 -0.7707685 0.6217575 -0.7648854 -0.1684286 0.5548546 -0.681624 -0.476996 0.6308856 -0.775498 0.02421253 0.5608527 -0.05902045 -0.8258092 0.5556643 -0.100018 -0.8253689 0.5562923 -0.09977447 -0.8249752 0.5405923 -0.1648912 -0.8249672 0.5409707 -0.1647938 -0.8247386 0.5176111 -0.2277566 -0.824746 0.517771 -0.2277348 -0.8246516 0.4873015 -0.2871847 -0.8246589 0.4872061 -0.2871853 -0.824715 0.4499369 -0.3426486 -0.8247113 0.4496095 -0.3426135 -0.8249045 0.4061636 -0.3931171 -0.8249183 0.4056363 -0.3930025 -0.8252323 0.3760185 -0.4205651 -0.8256725 0.3082565 -0.3707602 -0.8760793 0.8500061 -0.07245826 -0.5217659 0.8398718 -0.1511829 -0.5213052 0.840616 -0.150699 -0.5202448 0.8168691 -0.2491672 -0.5202313 0.8173489 -0.2489337 -0.5195891 0.7820557 -0.3441061 -0.5195959 0.7822319 -0.3440466 -0.5193701 0.7362083 -0.4338752 -0.5193743 0.736092 -0.4339029 -0.5195161 0.679787 -0.5176861 -0.5195101 0.67936 -0.5177311 -0.5200236 0.613741 -0.5940339 -0.5200439 0.6130211 -0.5940181 -0.5209105 0.5531675 -0.6497976 -0.5213146 0.4792454 -0.5892644 -0.6504547 0.632003 -0.7617234 -0.1426526 0.710782 -0.6888106 -0.1425798 0.711356 -0.6885044 -0.1411895 0.7873777 -0.6000859 -0.1411855 0.7876968 -0.5998638 -0.1403468 0.8529363 -0.502793 -0.1403526 0.8530218 -0.5027163 -0.1401079 0.9063531 -0.3986156 -0.1401056 0.9062315 -0.3987523 -0.1405034 0.9471343 -0.2884371 -0.1405016 0.946871 -0.2888149 -0.1414968 0.9744137 -0.1746291 -0.1415014 0.97404 -0.1753306 -0.1431969 0.9870601 -0.07195603 -0.1432994 0.9982046 -0.05913943 0.009498596 0.1585737 -0.00937432 -0.9873027 0.1219435 -0.1497336 -0.9811778 0.1387175 -0.1343536 -0.9811761 0.1388996 -0.134413 -0.9811422 0.1537604 -0.117144 -0.9811397 0.1538531 -0.117164 -0.9811227 0.1665989 -0.09819668 -0.981123 0.1666339 -0.09819906 -0.9811168 0.177045 -0.07788223 -0.9811164 0.1770086 -0.07788389 -0.9811229 0.1849857 -0.05637353 -0.981123 0.1848368 -0.05639708 -0.9811497 0.1901986 -0.03415304 -0.9811515 0.1899924 -0.03421509 -0.9811892 0.1911063 -0.02495688 -0.981252 0.3455452 -0.02045714 -0.9381792 0.9987257 0 0.05046844 0.9985893 0.001815915 0.05306756 0.9983955 -2.89923e-4 0.05662578 0.9979301 -0.002044379 0.06427609 0.99768 0.005300343 0.0678721 0.9980351 3.8599e-4 0.06265693 0.9967136 -5.33038e-5 0.08100724 0.9962818 0.02625542 0.08205717 0.996531 0.01774621 0.08130973 0.996862 0.00778073 0.07877576 0.9972156 0.001171529 0.07456392 0.6044238 -0.6842994 0.4079293 0.6731531 -0.4286849 0.602573 0.4647465 -0.6690016 0.5800411 0.5155006 -0.6543984 0.5531926 0.5025082 -0.661106 0.5571574 0.5393775 -0.6361694 0.5516889 0.5644785 -0.6015347 0.5652611 0.5579752 -0.6135621 0.5587534 0.5703679 -0.5674868 0.5938345 0.5707747 -0.5781078 0.5831018 0.568789 -0.5896087 0.5734463 0.562507 -0.5501655 0.6171741 0.8170829 -0.5052328 0.2776966 0.8534129 -0.4738141 0.2172251 0.9132311 -0.1934714 0.3585774 0.9796992 -0.1669869 0.1109281 0.965785 0.005593359 0.259284 0.7622765 -0.3361372 0.5531243 0.4732204 -0.288927 0.8322163 0.8293381 -0.4569805 0.3215081 0.5508733 -0.4484947 0.7038403 0.6273215 -0.5986199 0.4981186 0.8067767 -0.05274385 0.5884977 0.7869778 -0.0120728 0.6168633 0.5926303 0.01449906 0.8053441 0.4997144 -0.07704889 0.8627567 0.8711666 -0.06061744 0.4872314 0.8672044 -0.04825949 0.4956083 0.8256678 -0.01157343 0.5640381 0.9499095 -0.1516599 0.2732606 0.9301393 -0.08259093 0.3577983 0.9258431 -0.07814699 0.36974 0.9269917 -0.08405143 0.3655431 0.8936818 -0.05253654 0.4456151 0.4626145 -0.8326372 0.304472 0.290092 -0.8734754 0.3910081 0.4295975 -0.8271886 0.3622225 0.3646481 -0.8530267 0.3733328 0.3560879 -0.8583019 0.3694853 0.2685488 -0.8614335 0.4310613 0.2549533 -0.9083474 0.3315177 0.1422933 -0.9120531 0.3845933 0.4114656 -0.8922071 0.1861792 0.01644998 -0.8263583 0.5629045 0.3068462 -0.9479902 0.08461791 0.756977 -0.5637241 -0.330456 0.01078218 -0.4723069 0.8813683 0.6613843 -0.7429638 -0.1028382 0.2402803 -0.7570133 0.6076154 0.30331 -0.8767232 0.3733091 0.9305478 -0.3628088 0.04950231 0.9101558 -0.3724969 -0.1812806 0.7304874 -0.2658954 0.6290373 0.6479084 -0.4166413 0.6376715 0.5949445 -0.3633861 0.7169321 0.6021522 -0.5835041 0.544918 0.6882295 -0.4521579 0.5673565 0.6965212 -0.4801719 0.5331916 0.6965136 -0.4801836 0.533191 0.6977346 -0.5117586 0.5012682 0.6977286 -0.5117658 0.501269 0.6918222 -0.5459067 0.4726181 0.6918219 -0.5459024 0.4726237 0.6790151 -0.5813903 0.4482454 0.6790047 -0.5814049 0.4482422 0.6597002 -0.6171066 0.4289234 0.6597023 -0.6171007 0.4289287 0.4948313 -0.7584285 0.4241794 0.5333735 -0.7385247 0.4124245 0.5333771 -0.7385226 0.4124238 0.5703201 -0.713532 0.4069486 0.4559895 -0.7725762 0.4418142 0.4181602 -0.7804893 0.4647351 0.4181536 -0.780491 0.464738 0.3825881 -0.7819069 0.4921872 0.3825941 -0.7819043 0.4921867 0.4767237 -0.6685227 0.5707995 0.7959722 -0.4873865 0.3590028 0.8056319 -0.431555 0.4058539 0.8056272 -0.4315522 0.4058664 0.8036457 -0.3798612 0.4581036 0.8036557 -0.379861 0.4580864 0.7900989 -0.3340379 0.5139676 0.7901026 -0.3340265 0.5139691 0.7654312 -0.2956168 0.5715995 0.6345618 -0.6517843 0.4153418 0.6345633 -0.6517837 0.4153404 0.5495209 -0.625226 0.5541834 -0.01443791 -0.8983045 0.4391362 0.06471985 -0.9912883 0.1147127 0.05372565 -0.9025949 0.4271253 0.146383 -0.9170216 0.3710032 0.2375944 -0.8650862 0.4417861 0.237599 -0.8650868 0.4417822 0.3505157 -0.7767755 0.5232194 0.3505057 -0.7767798 0.5232199 0.4539495 -0.6672821 0.5904782 0.6476144 -0.7062416 0.2860395 0.5836747 -0.7364137 0.3420801 0.5626652 -0.8014593 0.2026599 0.537105 -0.7781247 0.3256384 0.4852495 -0.8018391 0.3486934 0.4948298 -0.7584306 0.4241775 0.4559981 -0.7725714 0.4418135 0.4894439 -0.665863 0.5630908 0.789265 -0.1142147 0.6033372 0.8368406 -0.1546676 0.5251435 0.8368467 -0.1546668 0.5251343 0.8704218 -0.2069613 0.446691 0.8704209 -0.2069623 0.4466925 0.8888643 -0.2693366 0.3706455 0.8888658 -0.2693364 0.3706421 0.8915601 -0.3397096 0.2995298 0.8915596 -0.3397084 0.2995328 0.9290663 -0.2872725 -0.233046 0.9662466 -0.2565763 -0.0231595 0.7892656 -0.1142148 0.6033366 0.7304801 -0.2658964 0.6290452 0.7654314 -0.2956193 0.5715978 0.6731657 -0.4286742 0.6025665 0.6882303 -0.452159 0.5673546 0.567583 -0.5580564 0.6053286 0.9882795 -0.03610455 0.1483243 0.9762136 -0.07867407 0.202033 0.9784503 -0.0623902 0.1968311 0.9499103 -0.1516603 0.2732575 0.9536792 -0.2259501 0.1986016 0.9209418 -0.2976176 0.2515751 0.8938081 -0.445003 -0.05549412 0.8901658 -0.3512487 0.2902227 0.8554558 -0.4390918 0.2745794 0.7959733 -0.4873828 0.3590049 0.7822768 -0.526917 0.3322675 0.7726162 -0.5466706 0.3228241 0.779471 -0.5230509 0.344736 0.7257505 -0.6084166 0.3211162 0.7216322 -0.6189613 0.3100548 0.6757406 -0.6590474 0.3301989 0.6470116 -0.7107033 0.2761827 0.6044273 -0.6842956 0.4079304 0.5703113 -0.7135404 0.4069463 0.5278982 -0.646006 0.5513618 0.03342223 -0.9487206 0.3143444 0.01043069 -0.942791 0.3332211 -0.006192743 -0.948609 0.31639 -7.91806e-4 -0.9410519 0.3382613 4.40846e-4 -0.9373968 0.3482632 -5.97976e-4 -0.9389781 0.3439765 2.44389e-4 -0.9363738 0.3510045 -0.002052724 -0.9384167 0.3454993 -3.90054e-4 -0.9370659 0.3491526 2.351e-4 -0.9363863 0.3509711 0.009670436 -0.9431216 0.3323073 3.16371e-5 -0.9481891 0.3177067 -1.96824e-5 -0.9602755 0.279054 1.11464e-4 -0.960207 0.2792896 -1.13866e-4 -0.9705175 0.2410309 0.004018008 -0.9684999 0.2489817 7.8713e-5 -0.9731174 0.2303102 -1.91556e-4 -0.9792445 0.2026824 2.57637e-4 -0.9790535 0.2036035 -9.4621e-5 -0.9842539 0.176761 7.17327e-7 -0.9841523 0.1773257 6.95364e-7 -0.9875348 0.1574016 1.31933e-4 -0.9874628 0.1578528 -1.99545e-4 -0.9921323 0.1251937 1.72919e-7 -0.9983428 0.05754858 -3.48352e-5 -0.9983533 0.05736613 6.43793e-5 -0.9964449 0.08424836 7.74658e-4 -0.9962759 0.08622074 -1.17494e-5 -0.9945862 0.1039156 1.37766e-4 -0.9920341 0.12597 0.04371368 -0.9861919 0.1597335 0.7924173 -0.5539736 0.2553201 0.8201526 -0.5164895 0.2461472 0.8500996 -0.4716041 0.234351 0.8521026 -0.4677789 0.2347427 0.8985245 -0.386452 0.2081069 0.9059305 -0.3684539 0.2086428 0.9370466 -0.298866 0.1806179 0.9478893 -0.2635675 0.1789923 0.9656458 -0.2101791 0.1528168 0.9831546 -0.1169354 0.1404748 0.9781569 -0.1588642 0.1340576 0.9929203 -0.04714828 0.1090247 0.9928837 -0.05061876 0.1077954 0.9984318 -0.03577113 0.0430637 0.9968492 -0.05893164 0.05309218 0.9900423 -0.1277387 0.05915254 0.974111 -0.2219572 0.04292672 0.9820899 -0.1763066 0.06645035 0.9475808 -0.315082 0.05304855 0.9546044 -0.2908955 0.06411117 0.9112138 -0.4074502 0.06061166 0.9135379 -0.401861 0.06290066 0.8649698 -0.4974993 0.06574094 0.8598158 -0.5067932 0.06227105 0.8090848 -0.5836346 0.06893825 0.7939284 -0.6048859 0.06157094 0.7441299 -0.6642898 0.07063806 0.7169604 -0.6944425 0.06097131 0.5056737 -0.8610659 0.05347681 0.629095 -0.7735004 0.0770502 0.5916315 -0.8046398 0.05027014 0.6709969 -0.7380621 0.07090598 0.3999197 -0.9142053 0.06552064 0.4761824 -0.8768147 0.06668049 0.5437378 -0.8357515 0.07660824 0.415686 -0.9079611 0.05302703 0.3221665 -0.943945 0.07194948 0.2882648 -0.9557403 0.0588563 0.2092422 -0.9750286 0.07440984 0.2290703 -0.9715594 0.05999392 0.1355344 -0.9886807 0.06435143 0.1313248 -0.9894236 0.061603 0.04236209 -0.9973449 0.05923575 0.04145228 -0.9973464 0.05985039 0.08682191 -0.9944506 0.05941492 0.04777997 -0.9462622 0.3198515 0.03132909 -0.945775 0.3233082 0.1113002 -0.9405003 0.3210478 0.1475331 -0.9325351 0.3295637 0.7901774 -0.5563439 0.2571017 0.7248961 -0.6312977 0.2756609 0.7255884 -0.6304363 0.275811 0.647064 -0.7038306 0.2931395 0.6506786 -0.7000789 0.2941206 0.5577104 -0.7716294 0.3058553 0.5689293 -0.7619443 0.3094518 0.4618307 -0.8293799 0.3143905 0.4817498 -0.8151187 0.3217119 0.3608348 -0.8765285 0.3185847 0.3906541 -0.858973 0.3309908 0.2560881 -0.9127616 0.3182536 0.2972055 -0.8931623 0.3375353 0.2046465 -0.9239442 0.3231826 0.9954252 -0.0448271 0.08437585 0.9962016 -0.03447788 0.07996195 0.9873704 -0.1248555 0.09752404 0.9871817 -0.1258979 0.09809255 0.9695761 -0.2161065 0.11498 0.969283 -0.2171199 0.1155405 0.9422449 -0.3078814 0.1318471 0.9418421 -0.308874 0.1324024 0.905049 -0.3987928 0.1478199 0.9045468 -0.399731 0.1483585 0.8579548 -0.4873211 0.1625787 0.8573488 -0.4882116 0.1631033 0.8012294 -0.5719392 0.1758327 0.8005295 -0.5727638 0.1763356 0.7354781 -0.6511415 0.1873148 0.7346817 -0.6519004 0.1877995 0.6616086 -0.7235595 0.1968141 0.6607317 -0.7242361 0.1972706 0.5808083 -0.7880206 0.2041703 0.5798587 -0.7886084 0.2045987 0.4944692 -0.8436191 0.2093018 0.4934591 -0.8441115 0.2096996 0.4041201 -0.8897528 0.2121955 0.4030554 -0.890148 0.2125629 0.3113257 -0.9261454 0.2129106 0.3102256 -0.9264376 0.213245 0.217625 -0.9528278 0.2115621 0.2164936 -0.9530182 0.2118652 0.1244465 -0.970111 0.2083213 0.1232982 -0.9701995 0.2085918 0.04166042 -0.9780927 0.2039586 0.03697055 -0.9781001 0.2048254 0.9946698 -0.04557579 0.09249293 0.9956822 -0.03311794 0.08671879 0.9864351 -0.1236616 0.1079521 0.9862054 -0.124859 0.1086696 0.9682712 -0.2140911 0.1289023 0.9679154 -0.2152689 0.1296113 0.9405681 -0.3050585 0.1492348 0.9400903 -0.3061898 0.1499271 0.9030147 -0.395154 0.1685761 0.9024098 -0.3962449 0.1692529 0.855573 -0.4828979 0.1865596 0.8548473 -0.483928 0.1872163 0.7985202 -0.5667679 0.2028297 0.7976855 -0.567717 0.2034584 0.7324638 -0.6452745 0.2170659 0.7315185 -0.6461447 0.2176647 0.6583264 -0.7170527 0.2290019 0.6572859 -0.7178263 0.2295665 0.5772947 -0.7809447 0.2384462 0.5761675 -0.7816157 0.2389729 0.4907636 -0.8360542 0.2452847 0.4895619 -0.8366157 0.2457711 0.4002553 -0.8817878 0.2494921 0.3989982 -0.882232 0.2499344 0.3073537 -0.9178634 0.2511186 0.3060432 -0.9181911 0.2515208 0.213579 -0.9443171 0.2502985 0.2122421 -0.9445236 0.250656 0.1203705 -0.9614547 0.2472161 0.1190083 -0.9615432 0.2475317 0.03858107 -0.9693142 0.2427785 0.03591603 -0.9693072 0.2432152 0.9938451 -0.0462892 0.1006451 0.995129 -0.03173518 0.09333431 0.9854238 -0.1222776 0.1182717 0.985152 -0.1236153 0.1191423 0.9668526 -0.2117547 0.1426752 0.9664356 -0.2130697 0.1435387 0.9387468 -0.3017544 0.1664291 0.938188 -0.303023 0.1672739 0.9007947 -0.3909064 0.1891061 0.9000946 -0.3921181 0.1899289 0.8529691 -0.4777309 0.2102779 0.8521331 -0.4788728 0.2110689 0.7955625 -0.5607122 0.2295265 0.7945885 -0.5617794 0.2302893 0.72917 -0.6384008 0.2464864 0.728082 -0.6393641 0.2472046 0.6547387 -0.7094244 0.2608336 0.6535394 -0.7102822 0.2615063 0.5734499 -0.7726496 0.2723382 0.5721516 -0.7733907 0.2729644 0.4867021 -0.827186 0.2808641 0.4853204 -0.8278025 0.281438 0.3960338 -0.8724405 0.2863653 0.3945754 -0.8729296 0.2868871 0.3029974 -0.9081469 0.2888981 0.3014984 -0.9084977 0.2893626 0.209151 -0.9343277 0.2885959 0.2076056 -0.9345455 0.2890062 0.1159027 -0.9512933 0.2856707 0.1143416 -0.9513757 0.2860252 0.03524249 -0.9590092 0.2811751 0.03471803 -0.9590064 0.2812498 0.9967293 -0.04326534 0.06825792 0.9971339 -0.03697246 0.06600815 0.9889971 -0.1266982 0.07637047 0.9888882 -0.1273629 0.07667344 0.9718323 -0.219133 0.08673495 0.9716588 -0.2197828 0.08703345 0.9451239 -0.3121117 0.09657788 0.9448835 -0.3127468 0.09687352 0.9085431 -0.4041983 0.1057037 0.9082395 -0.4048046 0.1059931 0.8620322 -0.4938848 0.1139216 0.861666 -0.4944581 0.114206 0.8058618 -0.5795966 0.1210564 0.8054333 -0.5801343 0.1213316 0.7406156 -0.6598265 0.1269556 0.7401294 -0.6603204 0.1272225 0.6671987 -0.7331797 0.1315047 0.6666629 -0.7336214 0.1317589 0.5867929 -0.7984673 0.1346263 0.5862116 -0.7988535 0.1348679 0.5007801 -0.8547766 0.1362947 0.5001572 -0.8551047 0.1365238 0.4106873 -0.9014967 0.1365277 0.4100301 -0.9017631 0.136743 0.3180727 -0.9383496 0.1353882 0.3173969 -0.9385496 0.1355875 0.2244986 -0.9653596 0.1329705 0.2238013 -0.9654958 0.133157 0.131359 -0.9828522 0.1294077 0.1306542 -0.9829239 0.129577 0.04709404 -0.9910069 0.1252502 0.03862804 -0.9911288 0.1271679 0.9972782 -0.04246479 0.06027442 0.9975404 -0.03808456 0.05884575 0.9896839 -0.1273247 0.06568413 0.9896128 -0.1277809 0.06586927 0.9727732 -0.2201402 0.07246154 0.9726585 -0.2205864 0.07264542 0.9463197 -0.313492 0.07875102 0.9461574 -0.3139346 0.07893818 0.909983 -0.4059606 0.08442068 0.9097794 -0.4063792 0.08460187 0.8637138 -0.4960023 0.08933192 0.8634639 -0.4964049 0.0895127 0.8077589 -0.582071 0.09337562 0.8074742 -0.5824382 0.09354788 0.7427194 -0.6626199 0.09645122 0.7423932 -0.6629608 0.09661972 0.6694877 -0.7362642 0.09849619 0.6691234 -0.7365731 0.0986607 0.5892354 -0.8018141 0.09947854 0.5888438 -0.8020823 0.09963542 0.5033521 -0.8583456 0.09939551 0.5029335 -0.8585737 0.09954482 0.4133617 -0.9052473 0.09828305 0.4129198 -0.9054335 0.09842514 0.3208239 -0.9422402 0.09620481 0.3203613 -0.9423839 0.0963391 0.2272862 -0.9693531 0.09324973 0.2268198 -0.9694504 0.09337443 0.1341781 -0.9869053 0.089522 0.133691 -0.9869608 0.08963972 0.04944062 -0.9951111 0.0854963 0.03916943 -0.9953477 0.08802729 0.9961116 -0.04405301 0.07629674 0.9966871 -0.03575706 0.07305049 0.9882242 -0.1258798 0.08699017 0.9880784 -0.1267287 0.08741325 0.9707664 -0.2177845 0.1009079 0.970532 -0.2186299 0.1013341 0.943763 -0.3102445 0.1142795 0.9434463 -0.3110531 0.1146959 0.9068984 -0.401805 0.1268391 0.90649 -0.4025949 0.1272526 0.8601109 -0.4909891 0.1383444 0.8596277 -0.4917221 0.1387431 0.8036814 -0.5762197 0.1485502 0.8031138 -0.5769106 0.1489379 0.7381953 -0.6560022 0.1572542 0.7375597 -0.6566284 0.1576228 0.664569 -0.7289434 0.1642853 0.6638644 -0.7295057 0.1646372 0.5839824 -0.793866 0.1695331 0.5832117 -0.7943611 0.1698669 0.4978135 -0.8498666 0.1729409 0.4969972 -0.8502808 0.1732531 0.4076002 -0.8963305 0.17451 0.406742 -0.8966639 0.1748 0.3149065 -0.9329808 0.1743009 0.3140136 -0.933232 0.1745671 0.2212732 -0.9598485 0.1724213 0.2203521 -0.9600163 0.1726667 0.1281154 -0.9772505 0.169021 0.1271868 -0.9773337 0.169241 0.05739808 -0.9845339 0.1655253 0.03916281 -0.9830808 0.1789369 0 -0.6054553 -0.7958794 0 -0.6054557 -0.795879 -0.005646526 -0.6054737 -0.7958453 -0.01373082 -0.6581673 -0.7527466 -0.02583396 -0.5065506 -0.8618232 0 0.9999999 -5.07518e-4 0.005618929 -0.6056509 -0.7957108 0.01320213 -0.5517225 -0.8339233 0.02765876 -0.7013041 -0.7123255 -9.80637e-7 1 6.4564e-6 0 1 -1.78572e-6 0 1 1.45759e-6 0 1 3.18122e-6 8.36227e-6 1 9.43058e-6 5.48155e-6 1 0 5.82262e-6 1 7.76981e-6 -9.35079e-5 1 -2.71604e-6 -1.71217e-4 1 -5.33143e-5 1.4372e-5 1 5.60492e-6 9.72499e-6 1 8.91064e-6 7.43101e-6 1 8.86839e-6 0 1 -1.79701e-6 0 1 -3.80959e-6 3.47257e-4 1 -1.51829e-4 1.06919e-4 1 -5.85539e-7 0.7059016 0.3470013 0.6174893 0.7272334 0.2463126 0.640673 0.7436456 0.1464877 0.6523287 0.7498158 0.04687279 0.6599843 0.7487112 0.04887521 0.6610922 0.6987274 0.04890137 0.7137147 0.6812843 0.06708431 0.7289386 0.6605732 0.04891926 0.7491662 0.6006665 0.04886019 0.7980053 0.4889339 0.08243107 0.8684174 0.5380229 0.04892188 0.8415094 0.6006723 0.04886114 0.7980009 0.5091757 0.04886656 0.8592743 0.4083846 0.04886198 0.9115014 0.4012993 0.03635519 0.9152252 0.2994326 0.05988305 0.9522365 -0.05434244 0.05331814 0.9970979 0.05456668 0.04475712 0.9975066 0.0658589 0.06071335 0.9959802 0.1284606 0.04641366 0.990628 0.184548 0.06355422 0.9807665 0.195625 0.0488851 0.9794597 0.2920051 0.0488792 0.9551669 0.7031798 0.3499034 0.6189555 0.6396904 0.3497989 0.6844246 0.639687 0.3497952 0.6844297 0.563399 0.3497612 0.7484977 0.5633999 0.3497691 0.7484933 0.4775925 0.3497382 0.8059706 0.4775962 0.3497292 0.8059723 0.3830496 0.349704 0.8549739 0.383053 0.3497042 0.8549721 0.2810362 0.3496819 0.8937233 0.2810404 0.3496802 0.8937226 0.1732492 0.3496649 0.9207167 0.1732558 0.3496709 0.9207131 0.06181824 0.3496627 0.934834 0.06179815 0.3496541 0.9348385 -0.05098479 0.3496541 0.9354906 -0.05098664 0.3496599 0.9354884 -0.1626645 0.3496679 0.9226444 -0.1626639 0.3496645 0.9226459 -0.2709022 0.3496795 0.896848 -0.2709061 0.3496759 0.8968483 -0.3735387 0.3496994 0.8591736 -0.3735504 0.3496922 0.8591715 -0.468877 0.3497207 0.8110794 -0.4688753 0.3497263 0.8110781 -0.555566 0.3497563 0.7543321 -0.5555561 0.3497614 0.7543371 0.725275 0.2488776 0.6419005 0.6613582 0.2487692 0.7076152 0.6613532 0.2487726 0.7076187 0.5824867 0.2487445 0.7738446 0.5824829 0.2487419 0.7738483 0.4937641 0.2487174 0.8332687 0.4937686 0.248729 0.8332626 0.3960285 0.2487073 0.8839153 0.3960183 0.248707 0.8839199 0.2905533 0.2486892 0.9239764 0.2905488 0.2486871 0.9239785 0.1791203 0.2486754 0.9518805 0.1791226 0.2486795 0.951879 0.06389844 0.2486732 0.9664775 0.06388938 0.2486696 0.966479 -0.05270326 0.2486686 0.9671538 -0.05271518 0.248659 0.9671555 -0.1681776 0.2486645 0.9538775 -0.1681669 0.2486737 0.953877 -0.2800769 0.2486847 0.9272071 -0.2800693 0.2486822 0.9272101 -0.386197 0.2486988 0.8882572 -0.3861988 0.2486973 0.8882568 -0.4847487 0.248719 0.838545 -0.4847488 0.2487182 0.8385451 -0.5743783 0.2487429 0.7798824 -0.574374 0.2487507 0.7798832 0.742634 0.1479647 0.6531472 0.6753121 0.147919 0.7225466 0.6753107 0.1479165 0.7225484 0.5947703 0.1479013 0.7901732 0.5947768 0.1479066 0.7901673 0.5041841 0.1478919 0.8508388 0.5041787 0.147881 0.8508437 0.4043721 0.1478673 0.9025622 0.4043781 0.1478725 0.9025587 0.2966738 0.1478618 0.9434626 0.2966785 0.1478613 0.9434612 0.1828987 0.1478539 0.9719504 0.1828952 0.1478415 0.9719529 0.06523907 0.1478373 0.9868577 0.06525355 0.1478588 0.9868535 -0.05382752 0.1478589 0.9875426 -0.05382066 0.1478567 0.9875433 -0.1717185 0.1478599 0.9739868 -0.1717253 0.1478469 0.9739876 -0.2859737 0.1478545 0.946762 -0.2859773 0.1478693 0.9467586 -0.3943369 0.1478799 0.9069896 -0.3943423 0.1478769 0.9069877 -0.494972 0.1478888 0.856231 -0.4949735 0.1478897 0.8562301 -0.5864866 0.1479045 0.7963402 -0.5865013 0.1478923 0.7963317 -0.6567251 0.0489372 0.7525407 -0.5786786 0.04883199 0.8140926 -0.592938 0.01622867 0.8050846 -0.4844703 0.07450383 0.8716294 -0.4998836 0.04887902 0.8647122 -0.3960688 0.04886764 0.9169197 -0.3983144 0.04498529 0.9161452 -0.2864892 0.05265545 0.9566354 -0.288803 0.0488708 0.9561405 -0.1900231 0.04891097 0.9805606 -0.173227 0.06855267 0.9824932 -0.131012 0.04894065 0.9901722 -0.05722045 0.04886716 0.997165 -0.695205 0.04894787 0.717143 -0.6739192 0.06737202 0.7357268 -0.6680216 0.147915 0.7292931 -0.6680294 0.1479097 0.729287 -0.6542195 0.248771 0.7142198 -0.6542204 0.2487745 0.7142177 -0.6327855 0.3497884 0.6908188 -0.6327851 0.349792 0.6908174 -0.7458561 0.06412154 0.6630137 -0.7561959 0.04885858 0.6525187 -0.729637 0.1629064 0.6641471 -0.7391622 0.1479305 0.6570813 -0.7267988 0.233096 0.6460881 -0.7178572 0.2488948 0.6501788 -0.7131143 0.3348159 0.6159272 -0.70016 0.3498256 0.6224132 -0.9220734 0.3663676 0.1247221 -0.9283953 0.3159588 0.1955822 -0.8925887 0.3986067 0.2107087 -0.8830162 0.3868992 0.2656906 -0.8806029 0.3676391 0.298965 -0.8701902 0.3806356 0.312867 -0.8558727 0.3525494 0.3784057 -0.8448751 0.3608935 0.3948949 -0.8249502 0.3406556 0.451011 -0.8146638 0.3463516 0.4651489 -0.7872003 0.3346027 0.5180315 -0.7807483 0.3383487 0.5253118 -0.7506837 0.3340199 0.5700041 -0.7486306 0.3349231 0.5721702 -0.8318815 0.06393754 0.551258 -0.9487513 0.2374883 0.2084952 -0.9902642 0.1277881 0.05520099 -0.9833244 0.08624571 0.1601092 -0.8869297 8.06866e-5 0.4619045 -0.917903 0.020765 0.3962612 -0.9281323 -0.08442574 0.3625503 -0.9565542 0.06130737 0.2850363 -0.9721701 0.03161048 0.2321338 -0.984519 0.06593805 0.1624026 -0.9893983 0.03573465 0.1407632 -0.9380024 0.3464602 0.01081198 -0.9478713 0.2856513 0.1412211 -0.9205434 0.3454055 0.1824693 -0.9177246 0.2960042 0.2648834 -0.9177243 0.2960025 0.2648863 -0.9010875 0.2554217 0.35043 -0.9010894 0.2554196 0.3504264 -0.8711361 0.2248711 0.4365262 -0.8711345 0.2248741 0.4365277 -0.8287736 0.205289 0.520568 -0.8287723 0.2052904 0.5205692 -0.8065193 0.2020349 0.5556155 -0.7772642 0.2332634 0.5843361 -0.9669118 0.2231294 0.1236726 -0.9631689 0.1741608 0.2048752 -0.9631703 0.1741583 0.2048705 -0.9431344 0.1252743 0.3079022 -0.9431326 0.1252761 0.3079072 -0.9070564 0.08848452 0.4116058 -0.9070581 0.08848452 0.4116018 -0.8753987 0.07334119 0.4778058 -0.8550494 0.07221889 0.5134931 -0.8054399 -0.00561434 0.5926511 -0.7904575 0.1631142 0.5903988 -0.9535575 0.2970863 0.04967707 -0.981953 0.1798937 0.05836725 -0.9246322 0.3775035 0.05046385 -0.9387739 0.3402655 0.05406552 -0.9380382 0.3402574 0.06564724 -0.9380362 0.3402625 0.06564795 -0.9679687 0.2391987 0.07629382 -0.9957293 0.03577607 0.08510696 -0.9963719 0.06550651 0.054331 -0.9954177 0.06550484 0.06966364 -0.9954184 0.06549501 0.06966221 -0.9944822 0.06549811 0.0819469 -0.9879906 0.1278688 0.08674281 -0.9342861 0.3474659 0.07985556 -0.9370185 0.3402651 0.07884269 -0.9749417 0.2055114 0.08516865 -0.9762669 0.2055113 0.06832259 -0.9762678 0.2055079 0.06832206 -0.9772709 0.2055079 0.05203986 -0.9966562 0.06009668 0.05536258 0 0 -1 0 0 -1 -1.53387e-6 0 -1 -4.35264e-7 0 -1 -1.73179e-6 -2.54235e-6 -1 6.06767e-7 0 -1 3.05219e-6 0 -1 -1.87083e-6 -1.32165e-7 -1 1.51878e-6 -1.42045e-7 -1 0 -1.63795e-7 -1 0 -1.63795e-7 -1 -4.11896e-6 -1.52914e-7 -1 0 -1.48703e-7 -1 5.5972e-7 0 -1 1.75509e-6 -1.28118e-6 -1 -5.71484e-6 0 -1 -1.79035e-5 0 -1 -1.80476e-6 0 -1 2.78563e-7 0 -1 3.99841e-5 0 -1 -8.79504e-7 0 -1 3.49209e-6 -1.63732e-7 -1 -2.75931e-6 -1.60814e-7 -1 2.4104e-6 -1.58939e-7 -1 -1.71231e-6 -1.54386e-7 -1 2.83863e-6 -1.46454e-7 -1 -8.18039e-7 -1.33848e-7 -1 1.18568e-6 0 -1 -4.58958e-6 0 -1 -4.26281e-6 0 -1 0 -2.82211e-7 -1 0.9199268 0.3751125 -0.1141296 0.9254401 0.3501604 -0.1447353 0.8821505 0.3617228 -0.3016077 0.8281618 0.3390001 -0.4463486 0.8074035 0.2795879 -0.5195484 0.7630295 0.2916805 -0.5768089 0.3325457 0.14363 -0.9320858 0.4650896 0.1993402 -0.8625284 0.5344516 0.1849591 -0.8247132 0.6213475 0.259344 -0.7393701 0.7053009 0.2948884 -0.6446639 0.03076237 0.01379013 -0.9994317 0.191542 0.0678603 -0.9791358 0.9448274 0.2939893 -0.1444706 0.9448462 0.2946416 -0.1430109 0.8161782 0.2539389 -0.519007 0.8165603 0.2546065 -0.518078 0.5405369 0.1681843 -0.8243386 0.5409232 0.1686111 -0.8239978 0.9735661 0.1780966 -0.1430059 0.9736265 0.1784954 -0.1420949 0.8413822 0.1539126 -0.5180609 0.8416541 0.1542726 -0.5175119 0.557357 0.1019558 -0.8239893 0.5576282 0.1021877 -0.8237771 0.9880632 0.05948561 -0.1421008 0.9864133 0.05379086 -0.1552272 0.8536512 0.05735969 -0.5176771 0.8446259 0.0486716 -0.53314 0.565635 0.03642624 -0.8238508 0.5649077 0.03593426 -0.8243713 0.1982865 0.0101816 -0.9800912 0.1804412 0.06937795 -0.981136 0.1849234 0.05751794 -0.9810684 0.1850718 0.05765807 -0.9810321 0.1906932 0.03487575 -0.98103 0.1907858 0.03494328 -0.9810096 0.1935486 0.01215243 -0.9810154 -0.4425593 0.1944763 -0.8753972 -0.8875988 0.2154638 -0.4071166 -0.7890089 0.32269 -0.5228155 -0.8943533 0.3669393 -0.255906 -0.9316886 0.3310797 -0.1494748 -0.9328776 0.3293131 -0.1459194 -0.925246 0.3775383 -0.03721266 -0.9895479 0.05959832 -0.1313132 -0.9875754 0.06432104 -0.1433797 -0.1757724 0.07152915 -0.9818288 -0.2929117 0.0537616 -0.9546269 -0.129214 0.05795401 -0.9899218 -0.7998496 0.2859497 -0.5277059 -0.7039097 0.2943322 -0.6464363 -0.5172555 0.2156928 -0.8282049 -0.660564 0.1415117 -0.7373124 -0.5998647 0.1677401 -0.7823207 -0.05467504 0.003296256 -0.9984988 -0.2317606 0.0389595 -0.9719924 -0.1893754 0.01653259 -0.9817656 -0.5510987 0.02718281 -0.8339973 -0.5613221 0.02780324 -0.8271304 -0.5509926 0.03319519 -0.8338497 -0.8521487 0.05143904 -0.5207654 -0.8585746 0.04613333 -0.5106089 -0.858575 0.04613429 -0.510608 -0.973513 0.178119 -0.143339 -0.973322 0.1784584 -0.1442112 -0.8397625 0.1536327 -0.520765 -0.8393684 0.1538777 -0.5213276 -0.5525795 0.1010949 -0.8273063 -0.5522449 0.1012169 -0.8275148 -0.1872284 0.03424549 -0.9817194 -0.1871149 0.03427499 -0.98174 -0.9448612 0.2940031 -0.1442202 -0.9444676 0.2945385 -0.1456986 -0.8148139 0.2535308 -0.521345 -0.8141366 0.2538484 -0.5222478 -0.5360817 0.1667963 -0.8275237 -0.5355049 0.1669356 -0.8278689 -0.1816304 0.05650514 -0.9817422 -0.1814478 0.05653089 -0.9817745 0.9342778 0.3522956 0.05488961 0.9243292 0.3773442 0.05680686 0.9656532 0.2543794 0.05296283 0.9530991 0.2969555 0.05847787 0.986547 0.1537004 0.05568945 0.9819383 0.1798544 0.05873388 0.9953959 0.05140125 0.08090013 0.9966128 0.05140542 0.06419122 0.9947873 0.08388924 0.05797272 0.9967868 0.06008374 0.05297178 0.996189 0.03583413 0.07951962 0.9847161 0.1536999 0.08191806 0.9886169 0.1279866 0.07909584 0.9638297 0.2543885 0.07949149 0.967792 0.2393363 0.0780822 0.9327713 0.3522934 0.07633668 0.9346114 0.3474648 0.07595986 0.4981539 0.1368609 0.8562195 0.9771066 0.0701121 0.200866 0.7759229 0.3428058 0.5295544 0.8275226 0.3698706 0.4223768 0.8583164 0.3892802 0.3342962 0.8570603 0.3707087 0.3578028 0.8916561 0.3492975 0.2879944 0.8961324 0.3592118 0.2606025 0.9138598 0.3386636 0.2239807 0.9260471 0.3432832 0.1568232 0.9261363 0.3417103 0.1597049 0.9298952 0.3391926 0.1422795 0.9326669 0.3474749 0.09692126 0.9876683 0.1279922 0.09016382 0.985467 0.06537592 0.1567834 0.9912739 0.03581756 0.1268591 0.9483329 0.02222597 0.3164979 0.9464564 -0.003711581 0.3228105 0.9127745 0.02627974 0.4076174 0.910225 0.0432325 0.4118515 0.8886169 0.02758944 0.4578197 0.8017643 0.1245396 0.5845203 0.8597759 0.04277974 0.5088765 0.8560948 0.05319112 0.5140745 0.8147942 0.05226886 0.5773894 0.811533 0.05625963 0.581592 0.7849932 0.04696995 0.6177213 0.7568023 0.3676384 0.5404557 0.5232743 0.3328775 0.7844595 0.7694651 0.3062921 0.560454 0.9759729 -0.01560372 0.2173325 0.9755107 0.06483042 0.2101811 0.9479981 0.08792304 0.3058907 0.9510072 0.07936388 0.2988091 0.9146155 0.1072054 0.3898531 0.9146173 0.1072013 0.3898503 0.8691191 0.1448452 0.4729188 0.8691163 0.1448522 0.4729215 0.8155821 0.1914107 0.5460658 0.8155825 0.1914158 0.5460634 0.8204531 0.1865635 0.5404171 0.775328 0.2463387 0.5815358 0.9508801 0.2379218 0.1980414 0.9788543 0.1947526 0.06257694 0.9622149 0.2028995 0.1815882 0.962217 0.2028948 0.1815828 0.9402735 0.2173308 0.2620173 0.9402758 0.2173263 0.2620132 0.9100658 0.2404388 0.3375934 0.9100635 0.2404453 0.3375956 0.8722922 0.2716963 0.4065558 0.8722903 0.2716979 0.4065588 0.8278511 0.31035 0.4672746 0.8278498 0.3103512 0.467276 0.8025015 0.3341551 0.4942993 0.7663089 0.480594 0.4263802 0 -1 -1.84868e-6 0 -1 1.22819e-5 -0.04588705 0 0.9989466 -0.06400567 0.008307754 0.997915 -0.1503152 -0.007086753 0.9886128 -0.2441971 0.02904111 0.9692907 -0.194898 -0.01129549 0.9807585 -0.2714571 -5.30019e-6 0.9624506 -0.3036199 9.49162e-6 0.9527933 -0.3085423 8.46111e-4 0.9512103 -0.350506 -0.001245319 0.9365597 -0.430841 0.02002608 0.9022057 -0.3945528 -0.0171864 0.9187125 -0.5167405 0.01091367 0.8560726 -0.5009867 -6.31525e-5 0.865455 -0.5706188 2.75276e-5 0.8212151 -0.5570583 -0.004385948 0.8304619 -0.6073481 0.006379246 0.7944102 -0.5931442 -0.001222491 0.8050953 -0.6740081 0.002095639 0.7387211 -0.6713944 -0.001077175 0.7410996 -0.7431177 5.66651e-4 0.6691606 -0.7422881 -2.73852e-5 0.6700809 -0.7844642 2.62616e-5 0.6201743 -0.7842055 -1.56636e-4 0.6205013 -0.8169915 1.25203e-4 0.5766499 -0.82552 0.005974054 0.5643414 -0.8653126 -0.01133018 0.5011044 -0.9846481 0 0.1745511 -0.9846816 8.37893e-4 0.1743605 -0.9646332 -5.02086e-4 0.2635953 -0.9599133 -0.02436804 0.2792359 -0.9368954 0.0185967 0.349115 -0.9290846 -6.151e-5 0.3698673 -0.9138448 1.32561e-5 0.406064 -0.9059531 -0.004040718 0.4233588 -0.8802197 0.01681995 0.4742683 -0.8514893 -0.03612321 0.5231264 0.9101449 1.36317e-5 0.4142901 0.9274131 -2.62369e-5 0.3740389 0.9842698 0 0.176672 0.9835293 0.007786035 0.1805814 0.9566497 -0.007195234 0.2911521 0.9632169 -0.03994023 0.2657405 0.9368175 0.01802062 0.3493542 0.9134922 -0.002859652 0.4068465 0.8795183 0.008719563 0.4757853 0.8740373 -0.00673449 0.4858123 0.8322995 0.002377271 0.5543214 0.806952 -0.012205 0.5904909 0.7916775 9.76199e-6 0.6109392 0.76448 -2.63803e-6 0.6446475 0.7499768 3.71376e-4 0.6614641 0.744571 -0.002001106 0.6675404 0.6826003 0.005699872 0.7307698 0.6800311 0.002645075 0.7331786 0.5935536 -0.002039313 0.8047919 0.5897285 1.63236e-5 0.8076016 0.5356196 -7.67609e-6 0.8444594 0.543501 0.001464128 0.8394073 0.4665939 -0.006850659 0.8844451 0.4815938 0.006992816 0.8763667 0.3735025 -0.004491686 0.9276183 0.3713008 -0.003555774 0.9285059 0.30211 0.001856207 0.9532713 0.3103111 1.23285e-5 0.9506351 0.2465493 -5.01084e-6 0.9691303 0.2483102 -6.54174e-4 0.9686804 0.1803251 4.4415e-4 0.9836069 0.144982 0.009345293 0.9893901 0.1231163 0.001631677 0.992391 0.04588973 -0.001854896 0.9989449 0.0461778 -0.001967668 0.9989313 0.004763484 0 0.9999887 0.06762337 0.9977109 -2.82578e-4 0.11189 0.9937152 -0.003286898 0.07340526 0.9973011 0.001552164 0.125952 0.9920364 -1.10442e-4 0.1410183 0.9900071 3.46309e-5 0.1447946 0.9894618 5.63682e-6 0.1629053 0.9866417 6.04148e-6 0.1603671 0.9870575 1.09131e-4 0.252907 0.9674825 0.003980576 0.2336784 0.9723119 0.002028822 0.2060164 0.9785486 3.77629e-4 0.1821814 0.9832649 -4.53766e-5 0.3244422 0.9457679 -0.01613497 0.3629563 0.9318026 -0.002580106 0.3834829 0.9235481 2.54471e-4 0.2812252 0.9589081 -0.03752046 0.3304334 0.943807 -0.006505489 0.3500822 0.9367102 0.004055261 0.3439407 0.9389881 0.002521812 0.340941 0.9400823 0.002124011 0.3403066 0.9403124 0.002049863 0.3355981 0.942004 0.001568317 0.325023 0.9457059 7.77362e-4 0.3180553 0.9480721 4.64537e-4 0.1984958 0.980098 -0.002735912 0.2395546 0.9708829 -1.16971e-4 0.2746798 0.9615358 7.51676e-5 0.2774804 0.9607314 1.99228e-4 0.2970822 0.954852 -8.87499e-5 0.3126698 0.949862 2.43048e-4 0.0225107 0.9997466 1.95172e-4 0.01836204 0.9998314 3.22654e-6 -0.02250814 0.9997467 4.02346e-6 -0.01837354 0.9998313 2.39176e-4 -0.06760293 0.9977124 -2.82007e-4 -0.07340532 0.997302 -6.75341e-4 -0.1123789 0.9936654 3.20035e-4 -0.1111746 0.9938009 3.58427e-4 -0.1212841 0.9926179 6.84543e-5 -0.1410332 0.990005 -4.06572e-5 -0.1390081 0.9902913 5.65627e-6 -0.1628961 0.9866433 6.71787e-6 -0.1545781 0.9879806 3.44201e-4 -0.1768741 0.9842336 -1.56047e-4 -0.2009884 0.9795936 2.97961e-4 -0.1973968 0.9803237 1.40417e-4 -0.2339826 0.9722408 -1.72178e-4 -0.2240298 0.9745822 4.36471e-4 -0.2516477 0.9678189 -1.31785e-4 -0.2692298 0.963076 2.09143e-4 -0.340188 0.9403526 0.003015577 -0.3381105 0.9411026 0.002699732 -0.2777268 0.9606601 -8.07813e-5 -0.3005933 0.9537525 9.97434e-5 -0.3137156 0.9495168 6.78599e-4 -0.3238436 0.9461098 0.001278638 -0.3339558 0.9425863 0.002201497 -0.3380262 0.9411329 0.002689063 -0.3863694 0.9223442 8.68612e-6 -0.3811705 0.9245048 -6.94536e-5 -0.370111 0.9289863 -0.001594543 -0.3534277 0.9354429 -0.005958795 -0.335767 0.9418666 -0.01216518 -0.3459739 0.9382329 0.004601001 -0.3254798 0.9455227 -0.007066965 -0.2675639 0.9624655 -0.04549384 -0.3079931 0.9510928 -0.0237227 0.8016278 0.4247388 0.4207018 0.7351817 0.6671699 0.1199676 0.7625639 0.6175318 0.1927458 0.7461047 0.6138356 0.2579413 0.7546554 0.5486557 0.3598228 0.8819354 0.4201734 0.2136459 0.7723276 0.6263251 0.1059581 0.863308 0.4826427 0.1474975 0.8541062 0.5078471 0.1122229 0.8141713 0.5692994 0.1141194 0.8112136 0.5082814 0.2891068 0.7925588 0.4955478 0.3553633 0.7785028 0.4989031 0.3808267 0.7759183 0.4985033 0.3865818 0.7579932 0.4927493 0.4273694 0.7626896 0.5754988 0.2951372 0.8242889 0.4487192 0.3452519 0.782107 0.5030273 0.3677937 0.76972 0.5515364 0.3214638 0.7602406 0.5636428 0.323019 0.7829734 0.569925 0.2492754 0.7375021 0.6211492 0.2650744 0.752182 0.6030669 0.2655799 0.7313841 0.6019783 0.3204676 0.7949796 0.6051056 -0.04306662 0.7574604 0.6426064 0.1153723 0.7862994 0.5960295 0.1627333 0.7861264 0.5953205 0.1661292 0.8103736 0.5439102 0.2178449 0.810375 0.5439085 0.2178435 0.8175891 0.5170629 0.2533659 0.8173525 0.5161229 0.2560317 -0.9930539 0 0.1176609 -0.9930537 0 0.1176629 -0.7015258 -0.5471755 -0.4565748 -0.7058941 -0.6012547 -0.3744416 -0.7072276 -0.5839646 -0.3985155 -0.7065181 -0.5703907 -0.4189113 -0.7081955 -0.6064434 -0.3615046 -0.6992971 -0.6199655 -0.3558459 -0.7008927 -0.6168483 -0.358117 -0.7074154 -0.6303411 -0.3197399 -0.7069591 -0.6319959 -0.3174747 -0.7069669 -0.631717 -0.3180118 -0.7202112 -0.4380772 -0.5379446 -0.7033711 -0.4984624 -0.5067586 -0.7114015 -0.5527727 -0.4339935 -6.95175e-7 0 1 0 0 1 6.95175e-7 0 1 0.2670865 0.9636247 0.00961709 0.02111166 0.9997768 8.11199e-4 0.3690509 0.929007 0.02733933 0.6070116 0.7933712 0.04581964 0.741154 0.6680648 0.06618362 0.6913201 0.7203417 0.05642956 0.6604025 0.7498784 0.03938424 0.6822352 0.7295629 0.0478869 0.6983413 0.7138207 0.05272042 0.7107396 0.7012473 0.05569142 0.7324358 0.6782056 0.05979239 0.4498551 0.8924602 0.03384101 0.4289572 0.9032008 0.0149663 0.4834573 0.8746163 0.0362671 0.5771217 0.8154695 0.04404765 0.5432248 0.8392999 0.02196997 0.5694662 0.8212499 0.03545212 0.1675182 0.9855959 0.02320647 0.1345306 0.9900532 -0.04118615 0.1861246 0.9825242 0.001994252 0.3103635 0.9491999 0.05190467 0.2644773 0.9638826 -0.03133982 0.3231316 0.9462053 0.01678013 0.04737967 0.9988729 0.002854466 0.1685585 0.9856566 0.008312165 0.1787443 0.9838421 0.01026016 0.1273614 0.9918418 0.005390763 0.04747968 0.9988719 7.88815e-4 0.08391976 0.9964506 0.00661844 0.05044138 0.9987219 0.00323081 0.4494337 0.893041 0.02207219 0.4064397 0.9135212 0.01690447 0.3132008 0.9496077 0.01226633 0.3556296 0.9343203 0.02393996 0.3219007 0.9466105 0.01756751 0.4974855 0.8668621 0.03253 0.4507979 0.8924524 0.01760804 0.5459768 0.8374785 0.0232194 0.5781104 0.8154727 0.02815586 0.5781892 0.8154172 0.02814596 0.7402063 0.6717244 0.0296815 0.7154614 0.6979838 0.03055554 0.6916443 0.7215359 0.03184789 0.6928825 0.720356 0.03164118 0.6489639 0.7603616 0.02638524 0.6080196 0.793501 0.02585172 0.7827115 0.6214781 0.03358298 0.7921745 0.6092312 0.03601402 0.826797 0.5615249 0.03311747 0.8562087 0.5154875 0.03434199 0.8727094 0.4866259 0.03966963 0.8558644 0.5159315 0.03620767 0.858394 0.5080996 0.07067269 0.7523547 0.6558396 0.06194275 0.7903329 0.6092125 0.06506955 0.7903323 0.6092135 0.06506937 0.858393 0.5081014 0.07067316 0.8597432 0.5080929 0.05179923 0.04067993 0.9991678 0.002970099 0.04773056 0.9988582 -0.002021074 0.04737955 0.9988729 0.002854704 0.168469 0.9856547 0.01015025 0.1684694 0.9856547 0.01015025 0.312881 0.9496053 0.01885098 0.312881 0.9496053 0.0188511 0.4503331 0.8924483 0.02713263 0.4503338 0.892448 0.02713257 0.5777755 0.8154532 0.03481096 0.5777748 0.8154535 0.0348109 0.6923721 0.7203338 0.04171538 0.6923726 0.7203333 0.04171538 0.7915765 0.6092061 0.04769241 0.7915763 0.6092064 0.04769241 0.8597441 0.5080917 0.05179959 0.8603364 0.5081181 0.04046422 0.9930537 0 0.1176629 0.9930539 0 0.1176607 -0.7685877 0.5343657 0.3517475 -0.7608059 0.6000967 0.2470999 -0.7402328 0.6680353 0.07605463 -0.7710984 0.621914 0.1364932 -0.7922576 0.6051084 0.07856106 -0.7780323 0.6184283 0.1105095 -0.7847873 0.6144568 0.08094304 -0.7907993 0.6091698 0.05957108 -0.7780856 0.6131729 0.1363893 -0.7863845 0.6063575 0.1180263 -0.7978832 0.5950657 0.09633028 -0.7400204 0.632287 0.2293097 -0.7890774 0.5880709 0.1775656 -0.7471081 0.6363995 0.191899 -0.7651877 0.6205222 0.1715809 -0.7470736 0.5920561 0.3022428 -0.7099609 0.6252554 0.3240544 -0.6912459 0.6463566 0.3231136 -0.7474609 0.6097896 0.2635506 -0.7462595 0.6112567 0.2635565 -0.7406465 0.6296027 0.2346128 -0.7779247 0.471711 0.4151169 -0.7872867 0.5035091 0.3558907 -0.8174235 0.4728047 0.3290508 -0.8176165 0.4911972 0.3003805 -0.8319536 0.4789022 0.2801893 -0.850158 0.4628045 0.2510849 -0.7927055 0.543419 0.2762498 -0.8210195 0.5261359 0.2216034 -0.7989433 0.5483725 0.2469358 -0.7989495 0.5483657 0.2469304 -0.8215839 0.5293245 0.2116969 -0.82407 0.5284878 0.2039834 -0.8231561 0.5292036 0.2058099 -0.8438897 0.5129947 0.1571196 -0.8247437 0.5337041 0.1869702 -0.8521246 0.5074182 0.1281045 -0.8520545 0.5075123 0.1281967 0.7201448 -0.4381219 -0.5379969 0.6869537 -0.5727953 -0.4472139 0.7074302 -0.6303344 -0.3197202 0.706962 -0.6319558 -0.317548 0.7074257 -0.5905882 -0.3882712 0.703321 -0.6104829 -0.3642117 0.70324 -0.6106831 -0.3640325 0.7068651 -0.6235507 -0.3339557 0.7071477 -0.6303185 -0.320376 0.7045921 -0.5488395 -0.4498057 0.7114966 -0.552697 -0.433934 0.7033358 -0.4984868 -0.5067837 -0.08498746 0.9963776 0.002998471 -0.6096836 0.7922225 0.02587419 -0.7415877 0.6680158 0.06166523 -0.722723 0.6887043 0.05794709 -0.7107396 0.7012473 0.05569142 -0.6983413 0.7138207 0.05272042 -0.6817017 0.7300719 0.04772859 -0.6916719 0.7203565 0.05173683 -0.743071 0.6664104 0.06117832 -0.790332 0.6092138 0.06506931 -0.790333 0.6092125 0.06506961 -0.8597421 0.5080948 0.05179941 -0.8603369 0.5081174 0.04046463 -0.8577279 0.5128009 0.036583 -0.87377 0.4850752 0.03504616 -0.7287166 0.6841669 0.02979892 -0.7652257 0.6429975 0.031367 -0.7921692 0.6092305 0.03614288 -0.8053398 0.5918319 0.03410357 -0.8456636 0.5326205 0.03418511 -0.6930972 0.7203422 0.02689993 -0.6519405 0.7573014 0.03831988 -0.6908959 0.7222506 0.03189104 -0.4233794 0.9057611 0.01862502 -0.466435 0.8841978 0.02515286 -0.4506302 0.8924605 0.02114015 -0.5057332 0.8624336 0.02103024 -0.5782886 0.8154675 0.02439302 -0.540452 0.8407338 0.03283673 -0.5778153 0.8156844 0.02808153 -0.3803215 0.9247309 0.01511609 -0.3130627 0.9496119 0.01513761 -0.3405629 0.9399853 0.0210855 -0.1339619 0.99097 0.005725443 -0.1810915 0.9834042 0.0110448 -0.1685348 0.9856565 0.008800745 -0.2281827 0.9735772 0.008950233 -0.2926231 0.9561516 0.01208215 -0.009278237 0.999957 3.56045e-4 -0.04737961 0.9988729 0.002854645 -0.02194941 0.9997578 0.001603484 -0.04818016 0.9988043 -0.008298814 -0.06264877 0.9980353 8.76558e-4 -0.1184899 0.9928653 0.01336276 -0.1699855 0.9853789 -0.01155096 -0.198425 0.9800294 0.01303958 -0.2763856 0.9607998 0.02178698 -0.3136752 0.9495018 0.007369637 -0.3525087 0.9354139 0.02717661 -0.4224994 0.9058575 0.03027456 -0.4505856 0.8924247 0.02347153 -0.4724988 0.8807605 0.03171849 -0.6394222 0.7672289 0.04999101 -0.6098147 0.7912065 0.04602473 -0.5775387 0.8154678 0.03822934 -0.574223 0.8177784 0.03881448 -0.5126693 0.8576326 0.04045706 -0.0390737 0.9992341 0.00207436 -0.04737663 0.9988729 0.002916634 -0.04737955 0.9988729 0.002854526 -0.1684691 0.9856547 0.01015025 -0.1684694 0.9856547 0.01015025 -0.3128809 0.9496053 0.01885098 -0.3128811 0.9496052 0.0188511 -0.4503341 0.8924478 0.02713268 -0.450333 0.8924484 0.02713239 -0.5777751 0.8154535 0.03481078 -0.5777748 0.8154536 0.03481101 -0.6923726 0.7203333 0.04171532 -0.6923725 0.7203334 0.04171538 -0.7915771 0.6092054 0.04769253 -0.791576 0.6092068 0.04769235 -0.8597431 0.5080931 0.05179941 -0.8583943 0.508099 0.07067322 -0.858393 0.5081014 0.07067257 0.6936907 0.7091217 0.1262531 0.5287598 0.8467674 0.05829244 0.570468 0.815703 0.09589177 0.5988363 0.7984485 0.06225222 0.9674339 -0.01180255 0.2528486 0.7181624 0.6719333 0.1809651 0.9342684 0.01576751 0.356222 0.9545906 0.006997227 0.2978389 0.7802092 0.5198979 0.3478216 0.8684514 -0.08552157 0.4883424 0.9066314 0.1559791 0.3920333 0.654702 0.1217316 0.7460206 0.686553 0.3461406 0.6393995 0.6731099 -0.1487807 0.7244222 0.7703225 0.345917 0.5356722 0.7742987 -0.07461857 0.6284057 0.8483056 0.1621827 0.504058 0.6017831 0.09461724 0.7930351 0.5849265 0.3350298 0.7386583 0.5189605 0.04335892 0.8536978 0.4612364 0.2723468 0.8444455 0.4181339 0.08780688 0.9041317 0.5238388 0.8479332 0.08125448 0.5101882 0.8532953 0.1076812 0.4971668 0.8624819 0.09460502 0.4712996 0.8722422 0.1306535 0.4591007 0.8810051 0.114265 0.4247189 0.8928458 0.1498011 0.4146182 0.9004194 0.1316696 0.3712221 0.9137542 0.1650677 0.364037 0.919694 0.1471061 0.3116232 0.9336849 0.1764189 0.3075483 0.9378686 0.1606754 0.2474668 0.951358 0.1835157 0.2465012 0.9530291 0.1759907 0.3169842 0.7903903 0.5242177 0.7985489 0.5745648 0.1794295 0.7810704 0.5811342 0.2285001 0.7734799 0.5941879 0.2206117 0.7319579 0.6110771 0.3013679 0.7239219 0.6260842 0.2897513 0.6700116 0.6464903 0.3648765 0.6627562 0.6617999 0.3503929 0.5966925 0.6846045 0.4186586 0.5910133 0.6989066 0.4027816 0.512677 0.7230318 0.4630199 0.5090743 0.7353377 0.4473498 0.4186135 0.7595246 0.4978807 0.4169899 0.7691722 0.4842454 0.3164193 0.7917823 0.5224556 0.3398462 0.4942449 0.8001416 0.302116 0.1535841 0.9408177 0.3227061 0.2410191 0.9152981 0.3384171 0.5058635 0.7934583 0.4665272 0.4770419 0.7448379 0.465187 0.4632162 0.754342 0.5812814 0.4321163 0.6894835 0.5805218 0.4151902 0.7004368 0.6831452 0.3835068 0.6214782 0.6831874 0.3644546 0.6327937 0.7720358 0.3336958 0.5409326 0.7729149 0.3140113 0.5513615 0.8476383 0.2856336 0.4471272 0.8491948 0.2669721 0.4556251 0.9085468 0.2427463 0.340025 0.9104065 0.2269043 0.3459398 0.9452024 0.2128832 0.2475345 0.8350625 0.5271303 0.1574938 -0.3402792 0.5155081 0.7864233 -0.3123947 0.1672543 0.9351126 -0.9107119 0.3489858 0.2209362 -0.9634987 0.1188455 0.2398878 -0.9358102 -0.2267303 0.2699123 -0.9226784 -0.2734909 0.2717859 -0.5223982 0.8485329 0.08421498 -0.5512979 0.8294833 0.08960092 -0.5695736 0.816392 0.09534311 -0.6175609 0.7737784 0.1410157 -0.515012 0.8514985 0.09855443 -0.5398082 0.8319394 0.1283897 -0.4903522 0.865258 0.1043237 -0.4791528 0.8694919 0.119985 -0.5015772 0.8502698 0.1595673 -0.4232057 0.9002291 0.1023933 -0.4532014 0.8717764 0.1860498 -0.381352 0.9174106 0.113704 -0.3946281 0.8957614 0.2046467 -0.3374719 0.9327064 0.1271677 -0.3273817 0.9205549 0.2130729 -0.2912389 0.9454345 0.1460603 -0.4648153 0.325181 0.8235315 -0.3889361 0.04281049 0.9202696 -0.3123775 0.3544666 0.8813477 -0.5849367 0.3353999 0.7384822 -0.5418791 0.1274393 0.8307384 -0.4871863 0.1422001 0.8616431 -0.7776253 0.28355 0.561158 -0.6889358 -0.06747645 0.7216747 -0.6863095 0.349578 0.6377888 -0.6510718 0.1016401 0.7521801 -0.6004775 0.1172413 0.7910001 -0.8313258 0.5341556 0.1535426 -0.6565475 -0.658922 0.3671066 -0.8315296 0.4897276 0.2621557 -0.7208341 -0.4727445 0.5068638 -0.8144137 0.4284657 0.3913407 -0.8307789 0.05614864 0.5537634 -0.7843418 0.05376511 0.6179947 -0.2417932 0.9548054 0.1728663 -0.2543219 0.9448389 0.2063975 -0.3161703 0.7918385 0.5225209 -0.4151701 0.7696826 0.4849977 -0.4203753 0.7591331 0.4969926 -0.5070577 0.735981 0.4485805 -0.5146447 0.7225384 0.461605 -0.5890787 0.6996132 0.4043857 -0.5985887 0.684066 0.4168277 -0.6610651 0.6624847 0.3522885 -0.6716836 0.6459444 0.3627634 -0.7226428 0.6266422 0.2917311 -0.7332065 0.6106433 0.2992042 -0.7726743 0.5945755 0.2223835 -0.7818537 0.5808514 0.2265316 -0.8381286 0.402253 -0.36842 -0.7697818 0.619157 0.1551797 -0.945608 0.212625 0.2462036 -0.9112197 0.226588 0.3440009 -0.907796 0.243119 0.3417595 -0.8504776 0.2665253 0.4534889 -0.846424 0.2861728 0.4490787 -0.7746042 0.3134694 0.5492954 -0.7704239 0.3343204 0.5428416 -0.6851327 0.3638525 0.6310346 -0.6812754 0.3841031 0.6231603 -0.5825077 0.4145811 0.6991477 -0.5793552 0.4327479 0.6907075 -0.4669645 0.4628482 0.7534691 -0.4647551 0.4774808 0.745664 -0.3388351 0.5057538 0.7933499 -0.3160909 0.7983626 0.5125464 0.239858 -0.1992076 0.9501497 0.98157 -0.05737608 0.1822869 0.1733786 -0.9528006 0.2492202 0.6107475 -0.7433051 0.2729198 0.3944553 -0.8791462 0.2674083 0.5241369 -0.7778949 0.3466412 0.4580925 -0.8227545 0.3364913 -0.1661384 -0.9735234 0.157004 -0.1795041 -0.9748288 0.1322383 0.102302 -0.9531815 0.2845691 0.005040764 -0.97751 0.2108288 0.009176373 -0.9792512 0.2024422 0.4447119 -0.3559565 0.8219041 0.5224826 0.06458121 0.8502007 0.3457191 -0.2949628 0.8907724 0.4223776 0.1156638 0.8990101 0.2235571 -0.2559859 0.9404752 0.6945672 -0.2955279 0.6559267 0.7041768 -0.009418666 0.7099622 0.5719305 -0.3307339 0.7506735 0.6116338 -0.1182158 0.7822589 0.563965 -0.1033918 0.8193008 0.7712355 -0.3396302 0.5383746 0.8072128 -0.1849132 0.5605485 0.759115 -0.1423308 0.6352059 0.9264609 -0.2039138 0.3163693 0.8928182 -0.2413746 0.3802815 0.8465499 -0.3466937 0.4039269 0.8748375 -0.1973298 0.4424029 0.8471155 -0.1859691 0.4978061 0.7412914 -0.6097629 0.2804931 0.7554684 -0.5917814 0.2811805 0.8539687 -0.432179 0.2897566 -0.1387586 -0.9663398 0.2166412 -0.1443192 -0.9689948 0.2005519 -0.1475242 -0.9681404 0.2023381 -0.1568949 -0.9703157 0.1840423 -0.1558305 -0.970649 0.1831871 -0.1686668 -0.971801 0.1647856 -0.1629776 -0.97377 0.1587777 0.1447315 -0.9547665 0.2597571 0.1253077 -0.9461859 0.2983796 0.1436391 -0.9411325 0.3060025 0.1039118 -0.9260584 0.3627926 0.1224678 -0.9195402 0.3734267 0.08000928 -0.9048557 0.4181324 0.09686362 -0.897189 0.4308938 0.05320817 -0.8837011 0.4650176 0.066612 -0.8756692 0.4782952 0.0222721 -0.8637703 0.5033934 0.03158354 -0.8562091 0.5156633 0.3863656 -0.8635194 0.3241236 0.3454105 -0.8462283 0.4056962 0.3624255 -0.8363255 0.4113482 0.3048452 -0.814446 0.4937077 0.3221268 -0.8027822 0.5017721 0.2582276 -0.7805801 0.5692217 0.2739463 -0.7679968 0.578908 0.2051246 -0.7466779 0.6327686 0.2178507 -0.7341538 0.6430858 0.1446465 -0.7144458 0.6845763 0.1536307 -0.7032464 0.6941485 0.6266135 -0.7352192 0.2584731 0.5912595 -0.719222 0.3648726 0.6035035 -0.7081845 0.3664129 0.544267 -0.6839933 0.4857229 0.5588034 -0.6698581 0.4889059 0.4871858 -0.642573 0.5913966 0.5020012 -0.6265699 0.5961586 0.4207407 -0.598291 0.6819275 0.4343695 -0.5815103 0.6878728 0.3448277 -0.5536938 0.7579692 0.3559322 -0.5376432 0.7643639 0.2585275 -0.5114061 0.8195288 0.266523 -0.4974881 0.8255126 0.1517633 -0.471231 0.8688551 0.07945019 -0.6865649 0.7227145 -0.01283085 -0.8391798 0.5437028 -0.01577979 -0.8454607 0.5338046 -0.1369475 -0.9726521 0.1875984 -0.1320734 -0.967846 0.2140815 0.9657123 -0.1410729 0.2179409 0.963756 -0.1175904 0.2394723 0.9294802 -0.2520737 0.2693057 0.9200543 -0.2772846 0.2767912 0.7992684 -0.5354409 0.2728978 0.7576804 -0.5172266 0.3979915 0.7670035 -0.5033531 0.3979213 0.70138 -0.4764127 0.5301859 0.7123928 -0.4592491 0.5306475 0.6319535 -0.4285072 0.6457681 0.6433825 -0.4093387 0.6469165 0.5507234 -0.3770335 0.7446809 0.561343 -0.3575137 0.7463766 0.4576014 -0.3253027 0.8275139 0.466497 -0.3067989 0.8296114 0.3522092 -0.2759507 0.8943154 0.3586158 -0.2603656 0.89644 0.2343946 -0.2322456 0.9439922 0.1329961 -0.5602476 0.8175786 0.1484482 -0.9699133 0.1929545 0.1756849 -0.9738139 0.1442961 0.1660287 -0.9735405 0.1570143 -0.02516281 -0.9774787 0.2095288 0.1550821 -0.9798861 0.1255896 0.05451321 -0.9785587 0.1986234 0.1485601 -0.9746636 0.1672146 0.1572878 -0.9716902 0.1762917 -0.1638565 -0.9556939 0.2445409 -0.5588765 -0.7897346 0.2529355 -0.4042299 -0.8724599 0.2746126 -0.5253331 -0.7769636 0.346919 -0.7486152 -0.6005383 0.280943 -0.9316482 -0.2364838 0.2758752 -0.8456555 -0.4565414 0.2764719 -0.9680642 -0.0559538 0.2443788 -0.9320173 -0.2504354 0.2619656 -0.9815591 -0.05764347 0.1822612 -0.9351216 -0.2223008 0.2759167 -0.8934772 -0.2074092 0.3983468 -0.8757621 -0.27973 0.3934361 -0.8518202 -0.1318204 0.5069772 -0.7888425 -0.2965725 0.5383052 -0.7951287 -0.1626803 0.5842137 -0.7308164 -0.1943296 0.6543267 -0.710729 -0.269536 0.6497806 -0.6896889 -0.06396943 0.7212747 -0.571676 -0.3314149 0.750567 -0.6142365 -0.1019914 0.7825033 -0.5532304 -0.1282726 0.8230932 -0.4458425 -0.3533769 0.8224046 -0.5055068 -0.07509547 0.8595485 -0.4430348 -0.09731042 0.8912076 -0.3156728 -0.3763849 0.8710255 -0.4140248 0.2264149 0.8816575 0.1486316 -0.9683176 0.2006731 0.1480435 -0.9703689 0.1909644 0.1395186 -0.9665957 0.2150057 0.1684235 -0.9733163 0.1558487 0.1714908 -0.9722591 0.1590702 0.1648877 -0.970966 0.1733124 0.1612848 -0.9710872 0.1760023 0.1610251 -0.9709273 0.177119 0.134265 -0.9691933 0.2064877 0.1315376 -0.9663926 0.2208694 0.01161134 -0.8454068 0.5339969 -0.1341649 -0.9566927 0.2583387 -0.117084 -0.9491508 0.2922398 -0.1338303 -0.9436548 0.3026635 -0.09673005 -0.9296051 0.355637 -0.1132221 -0.9224547 0.3691317 -0.07410705 -0.9089093 0.4103561 -0.08829826 -0.9006706 0.4254363 -0.04834604 -0.8883068 0.4566987 -0.05908203 -0.8796708 0.4718992 -0.01853978 -0.868781 0.4948493 -0.02551573 -0.8607333 0.5084164 0.01666581 -0.8511877 0.5245969 -0.07852536 -0.6842126 0.7250427 -0.3783159 -0.8679208 0.3218548 -0.3386763 -0.851239 0.4008622 -0.3541435 -0.8408058 0.4094243 -0.2990539 -0.8198782 0.488228 -0.3140639 -0.8076599 0.4990485 -0.2533192 -0.786563 0.563159 -0.2665225 -0.7732073 0.5754271 -0.2011781 -0.7529557 0.6265662 -0.2112252 -0.7398324 0.6387738 -0.1415991 -0.7210791 0.678229 -0.1480971 -0.7094143 0.6890563 -0.07352495 -0.6925222 0.7176399 -0.1645554 -0.4706073 0.8668623 -0.6161267 -0.7389349 0.2726962 -0.5858764 -0.7249446 0.3622213 -0.597266 -0.7135177 0.3662867 -0.5396657 -0.6899761 0.4823836 -0.5525995 -0.6753209 0.4884421 -0.4832673 -0.648896 0.5876962 -0.4959046 -0.6322466 0.5952671 -0.4175311 -0.6049553 0.6780096 -0.428642 -0.5873915 0.6864673 -0.3422549 -0.5605634 0.7540758 -0.3507474 -0.5438383 0.7623754 -0.2565497 -0.5184416 0.8157209 -0.2620839 -0.5040361 0.8229579 -0.1599291 -0.4808988 0.8620667 -0.2374117 -0.2271056 0.9444886 -0.2585355 -0.0537424 0.9645057 -0.1948367 -0.3732073 0.9070585 -0.2334745 -0.2384899 0.9426624 -0.3554801 -0.2661123 0.8960013 -0.3512997 -0.2823622 0.8926703 -0.4628268 -0.3124658 0.829552 -0.4563935 -0.3318036 0.8255976 -0.5573085 -0.3631758 0.7466664 -0.5491934 -0.3833108 0.7426033 -0.6393232 -0.4147313 0.6475058 -0.6298789 -0.4347302 0.6436321 -0.7083324 -0.4646707 0.5313628 -0.6988031 -0.4824308 0.5281427 -0.7630416 -0.5087468 0.3986783 -0.7546324 -0.5229244 0.3963334 -0.7920485 -0.5394887 0.2856768 -0.7656384 -0.5778341 0.2826761 0.3070784 -0.9514491 0.02115738 0.3417924 -0.939762 -0.005053579 0.3428999 -0.939366 0.003357291 -0.3137885 -0.9491863 0.02412694 -0.3213177 -0.9469208 -0.009797692 -0.2816371 -0.9594556 0.01120865 -0.2816752 -0.9594987 -0.004632771 -0.2416129 -0.9703573 0.005472302 -0.2410552 -0.9705109 -0.001060485 -0.2083362 -0.9780573 4.16147e-4 -0.2028947 -0.979135 -0.01133364 -0.1682273 -0.9856633 0.01293951 -0.1588849 -0.987203 -0.01363617 -0.1222392 -0.9923897 0.01484102 -0.1144268 -0.9933125 -0.01538681 -0.07589179 -0.9969834 0.01627069 -0.06887048 -0.9975153 -0.01483964 -0.03465324 -0.9993327 0.01155292 -0.02313649 -0.9994653 -0.02310639 0.007607102 -0.9996821 0.02403879 0.02304655 -0.9995403 -0.01970392 0.05456835 -0.9983142 0.0197786 0.06878852 -0.9975315 -0.01411044 0.1020184 -0.9946875 0.01375442 0.1134925 -0.9935035 -0.0083974 0.1389077 -0.9903011 0.002919018 0.1589856 -0.9871782 -0.01425009 0.1702237 -0.9853006 0.01437544 0.1999577 -0.979761 -0.009237885 0.2168068 -0.9761449 0.01166647 0.2367594 -0.9715529 -0.005468189 0.2631458 -0.964731 0.006960332 0.2683188 -0.9633279 0.002111136 0.2942308 -0.9557343 -7.26505e-4 0.3084502 -0.9512062 -0.00808376 0.3086758 -0.9510255 0.01642751 0.2396156 0.5135344 0.8239337 -0.1691869 0.9682719 0.1839174 -0.1361027 0.9724462 0.1892741 -0.1347723 0.973734 0.1835169 -0.08198624 0.9784947 0.1892787 -0.08133035 0.9792288 0.1857325 -0.02728515 0.981661 0.1886723 -0.0271213 0.9818891 0.187505 0.02725732 0.9818856 0.1875038 0.02714568 0.9816606 0.188695 0.08177024 0.9791924 0.1857305 0.08159071 0.9785277 0.1892791 0.1354463 0.9736606 0.1834107 0.1354166 0.9725219 0.1893766 0.1891225 0.963662 0.1886487 0.2052842 0.9466314 0.2484906 0.1691614 0.9682801 0.1838974 0.2342309 0.1663259 0.9578474 0.2159919 0.2137687 0.9527069 0.1820137 0.08098018 0.9799557 0.1581285 0.2467887 0.9560809 0.1096215 0.07741206 0.9909544 -0.1575651 0.2396 0.9580006 -0.1148338 0.07077872 0.99086 -0.09530919 0.2464026 0.9644698 -0.04051679 0.1019228 0.9939669 -0.03093796 0.1973375 0.9798473 0.03723216 0.1739483 0.9840508 0.02918672 0.1039289 0.9941564 0.09487503 0.2366902 0.9669419 -0.2308667 0.814733 0.5318937 -0.1949028 0.9535006 0.2298902 -0.1951854 0.9635135 0.1831514 0.2307567 0.8114519 0.5369331 0.1669844 0.8200638 0.5473679 0.1674405 0.8233305 0.5423012 0.1008805 0.8293477 0.5495504 0.1012283 0.8313625 0.5464333 0.03361666 0.834416 0.5501091 0.03376525 0.8350744 0.5491001 -0.03361326 0.8350876 0.5490892 -0.03377056 0.8344061 0.5501145 -0.1007523 0.8313971 0.5464686 -0.1013044 0.8293664 0.549444 -0.1667041 0.8234626 0.5423277 -0.1677438 0.819985 0.5472538 -0.2305923 0.8114851 0.5369536 -0.2405047 0.5347391 0.8100689 -0.2031306 0.1874843 0.9610347 -0.1981488 0.05360817 0.9787049 -0.2381159 0.5207606 0.8198228 -0.1735334 0.5294961 0.8303735 -0.1729269 0.5346286 0.8272053 -0.1050194 0.5407592 0.8345961 -0.10463 0.5438264 0.8326498 -0.03505885 0.5469563 0.8364269 -0.03491139 0.5479729 0.8357673 0.0350601 0.5479625 0.835768 0.03490561 0.5469721 0.8364229 0.1051094 0.5438023 0.832605 0.1046121 0.5408127 0.8346125 0.1736598 0.5345722 0.8270883 0.1727728 0.5295846 0.8304756 0.2388873 0.5206339 0.8196788 0.2322669 0.8066543 0.5434713 0.03540432 -0.8413268 0.5393661 -0.1738101 -0.03839492 0.9840305 -0.1077069 -0.2198388 0.9695721 -0.1018049 -0.076056 0.9918928 -0.06483614 -0.2189298 0.9735842 -0.03446167 -0.09584283 0.9947997 -0.02267223 -0.1801282 0.9833819 0.02313774 -0.1631632 0.9863278 0.02982062 -0.1113948 0.9933288 0.06539511 -0.2125581 0.9749578 0.09616684 -0.08222222 0.9919635 0.1070156 -0.2245866 0.9685601 0.1557421 -0.1070562 0.9819793 0.1084359 -0.9704061 0.215763 0.1170046 -0.9744924 0.1915057 0.08559125 -0.9787407 0.1863885 0.08396971 -0.9777743 0.1921109 0.05130535 -0.9807183 0.1885724 0.05052268 -0.980076 0.1920902 0.017012 -0.9815842 0.1902716 0.01683086 -0.9813545 0.1914679 -0.01697623 -0.9813567 0.1914443 -0.01686501 -0.9815891 0.1902586 -0.05097776 -0.9800491 0.1921072 -0.05088227 -0.9807569 0.188486 -0.08467656 -0.9776993 0.1921822 -0.08487707 -0.9788255 0.1862706 -0.02710336 -0.8367316 0.5469423 -0.1179737 -0.9743389 0.1916922 -0.1187599 -0.9758018 0.1835942 0.02892196 -0.8318347 0.5542694 0.01843339 -0.8332816 0.5525415 0.01814246 -0.8299313 0.5575707 0.01059156 -0.8306115 0.5567516 0.01068079 -0.8285199 0.5598579 0.003408014 -0.8288483 0.5594633 0.003522634 -0.8281738 0.5604605 -0.003366231 -0.8281723 0.5604636 -0.00356251 -0.8288358 0.5594808 -0.01021039 -0.8285412 0.5598351 -0.01106464 -0.83054 0.5568492 -0.01735979 -0.8299753 0.5575301 -0.01917457 -0.8331638 0.552694 -0.02614605 -0.8322221 0.5538257 0.07285952 -0.550071 0.8319336 -0.1591546 -0.1202535 0.9799025 -0.1503534 -0.211723 0.9656952 -0.09749352 -0.4591444 0.8829959 0.1745724 -0.1877117 0.9665862 0.1518248 -0.2118909 0.9654282 0.07374364 -0.5431115 0.8364161 0.05309748 -0.5403061 0.8397917 0.05488485 -0.5353431 0.8428497 0.03266078 -0.5333386 0.8452711 0.0334652 -0.5303665 0.8471077 0.01100379 -0.5293582 0.8483271 0.01121228 -0.528319 0.848972 -0.01105517 -0.5283211 0.8489727 -0.01115494 -0.5293638 0.8483217 -0.03300768 -0.5303488 0.8471367 -0.03309935 -0.5334082 0.8452102 -0.05411022 -0.5353117 0.8429196 -0.05386078 -0.5403996 0.8396829 -0.06783545 -0.5423238 0.8374266 -0.0363664 -0.6771402 0.7349549 0.6861599 2.74685e-4 0.7274508 0.527424 -2.74582e-5 0.8496022 -0.6904761 0.006952583 0.7233219 -0.718708 -0.144199 0.6801952 -0.7087976 -0.2815787 0.6467761 -0.7667084 -0.07123744 0.638031 -0.7911021 0.006130039 0.6116536 -0.7910233 5.02471e-4 0.6117861 -0.7909702 0.002465665 0.6118499 -0.7909535 0.00510782 0.611855 -0.7911825 0.006599545 0.6115446 -0.5253232 -0.004097521 0.850893 -0.5666249 -0.02905511 0.8234634 -0.5894085 -0.1071983 0.8006912 -0.5864384 -0.09172827 0.8047832 -0.6293593 -0.03029274 0.7765238 -0.6546452 -0.003861725 0.7559265 -0.3327179 -6.15701e-6 0.9430264 -0.3920523 -0.02396297 0.9196308 -0.4071813 -0.04514724 0.9122309 -0.4697018 1.53037e-5 0.8828251 -0.5090456 -1.35499e-5 0.8607397 -0.1246647 -3.84585e-6 0.992199 -0.1857058 -0.01539796 0.9824848 -0.2082353 -0.03475797 0.977461 -0.2484191 -0.01225984 0.9685751 -0.2900568 2.17866e-5 0.9570096 0 -0.03040033 0.9995379 -0.01408785 -0.01905202 0.9997193 -0.08140057 4.7149e-6 0.9966815 0.2883996 7.14521e-6 0.9575102 0.222291 -0.02092242 0.9747559 0.2082616 -0.03284609 0.9775215 0.140178 0.001847088 0.9901247 0.06330192 -0.001765549 0.9979929 0.4890928 8.18366e-6 0.8722318 0.4336211 -0.01743495 0.9009267 0.4071762 -0.04533076 0.9122241 0.3707194 -0.01423007 0.9286359 0.3298768 -1.82279e-5 0.9440241 0.5889202 -0.001292407 0.8081903 0.6008154 -0.1740384 0.7802125 0.5772643 -0.05014801 0.8150161 0.7917394 0.004755318 0.6108406 0.7917306 0.002498924 0.6108655 0.7917897 5.54428e-4 0.6107937 0.7188 -0.09743624 0.6883551 0.7088027 -0.2815682 0.6467753 0.7678415 -0.06507974 0.6373258 0.7919211 0.005789816 0.610596 0.7919259 0.005862593 0.610589 0.1275429 0.9898307 0.0629931 -0.2226278 0.9746294 0.0231167 -0.3312712 0.9435126 0.00658822 -0.3844198 0.9231582 -5.76543e-4 -0.1388516 0.9897905 0.03217309 -0.01328855 0.9980044 0.06173157 -0.1188039 0.992062 0.04121494 0.3377949 0.9373723 0.0850172 0.4500167 0.8853127 0.1170754 0.3116626 0.9463479 0.08539426 0.8838658 0.4425226 0.1515091 0.9005943 0.4168843 0.1230342 0.7345137 0.6662467 0.1288605 0.7353826 0.6651427 0.1296058 0.6123362 0.7828699 0.1102691 0.9630193 0.2387131 0.1249399 0.9760759 0.1674835 0.1386553 0.9498526 0.2863661 0.1255971 0.7404675 0.6615676 0.1184743 0.7358868 0.6668195 0.1175692 0.3488255 0.9333422 0.08481281 0.3380649 0.9374796 0.08272904 -0.1225023 0.9919566 0.03186696 -0.1384164 0.9899638 0.02850496 0.343558 0.9305853 0.1264079 -0.04437208 0.4399891 0.8969063 0.1966613 0.6126987 0.7654572 -0.1075186 0.9748761 0.1950805 -0.1080846 0.9747881 0.1952078 -0.1096432 0.9746106 0.1952246 -0.1098274 0.9745163 0.1955916 0.1167867 0.2024729 0.9722991 0.02019733 0.1900326 0.98157 0.02329546 0.1978855 0.9799484 -0.0185796 0.1932647 0.9809708 -0.01499348 0.1946216 0.9807639 0.2022634 0.2556641 0.9453706 0.2300044 0.2055208 0.9512409 0.1145956 0.1865935 0.9757308 0.2738771 0.1959763 0.9415863 0.3294913 0.2067782 0.9212375 0.32669 0.1940052 0.9250059 0.4196335 0.2138093 0.8821528 0.4193043 0.1924198 0.8872196 0.489669 0.2098574 0.8462767 0.5133806 0.2470476 0.8218321 0.5459396 0.201609 0.813206 0.6338223 0.2256351 0.7398366 0.6355593 0.2015624 0.7452765 0.7036402 0.2222534 0.6749029 0.714035 0.2640998 0.6483867 0.7493408 0.2154425 0.6261572 0.7889671 0.2283905 0.570411 0.7877484 0.219465 0.5755758 0.8380963 0.2364634 0.4916091 0.8398593 0.2198063 0.4963081 0.8756145 0.2322748 0.4234948 0.8880094 0.2620538 0.3778452 0.9035298 0.2285974 0.36246 0.9293719 0.2380056 0.2821726 0.9295198 0.2333499 0.2855537 0.9516927 0.2418004 0.1892449 0.952891 0.2351563 0.191573 0.7299379 0.6599103 0.1780706 0.709629 0.6529854 0.2646447 0.7078089 0.6543821 0.2660652 0.6812403 0.6440625 0.3479872 0.6765838 0.6483446 0.3491184 0.6286174 0.6314472 0.4539985 0.6225134 0.6368745 0.4548276 0.5818054 0.6237859 0.5219135 0.577826 0.6261491 0.5235022 0.533382 0.6111164 0.5848422 0.5257108 0.6179498 0.5846078 0.4526196 0.5956998 0.6635341 0.4438343 0.6040791 0.6618909 0.3646833 0.5825583 0.7263828 0.3565379 0.5905312 0.7239846 0.2776624 0.5712398 0.7723916 0.2699914 0.5794202 0.7690104 0.2051866 0.5658848 0.7985443 0.1997051 0.5705646 0.7966015 0.1340025 0.5573921 0.8193641 0.1278819 0.5654021 0.8148416 0.04369503 0.5516511 0.8329296 0.0387873 0.5592898 0.8280643 -0.02722227 0.55099 0.8340678 -0.03065764 0.5549368 0.8313274 -0.05873268 0.55191 0.8318328 -0.08453035 0.7888564 0.6087368 0.7317603 0.657522 0.1794205 0.3439782 0.9303953 0.1266635 0.3291325 0.9255028 0.1873943 0.3294979 0.9254119 0.1872006 0.3111514 0.9181327 0.2453922 0.3120298 0.9178472 0.2453446 0.2787163 0.9061679 0.3180836 0.2796123 0.9058738 0.318135 0.251175 0.896851 0.3641009 0.2516276 0.8967562 0.364022 0.2221786 0.8867509 0.405351 0.2227939 0.8865294 0.405498 0.1760638 0.8723661 0.4560472 0.1762828 0.8722742 0.4561382 0.1277886 0.8591508 0.4955101 0.1273388 0.8593589 0.495265 0.08133739 0.8481515 0.5234725 0.08030825 0.848721 0.5227077 0.04371559 0.8410738 0.5391513 0.04255211 0.841604 0.5384163 0.007088661 0.8345445 0.5508951 0.005216062 0.8359544 0.5487744 -0.03861933 0.8288152 0.5581881 -0.04067051 0.8307999 0.5550833 -0.0742166 0.8265472 0.5579532 -0.07604068 0.8278866 0.5557173 0.09631186 0.833133 0.5446225 -0.09771478 0.8915209 0.4423149 -0.1128067 0.9741274 0.1958326 -0.1149277 0.9744009 0.1932215 -0.1155444 0.9740754 0.1944909 -0.1197252 0.973392 0.1953813 -0.1196268 0.9743509 0.1906037 -0.1236174 0.9735756 0.1920141 -0.1231427 0.9745138 0.1875066 -0.1255906 0.9739913 0.1885949 -0.127191 0.9754211 0.1799339 -0.1273692 0.9753781 0.1800408 -0.1305744 0.9767699 0.1699143 -0.1272829 0.977663 0.1672541 -0.132917 0.9787921 0.1558819 -0.1266853 0.9806666 0.1491439 -0.1328668 0.9813189 0.1391393 -0.1282884 0.9828249 0.1326553 -0.1299611 0.9833623 0.1269207 -0.1240255 0.9853051 0.1174372 -0.1307254 0.9853305 0.1097037 -0.1219644 0.9883895 0.09061425 -0.1281269 0.9881073 0.08501541 -0.1230357 0.9900265 0.06862819 -0.1249783 0.989989 0.065593 -0.1202314 0.9916521 0.04658955 -0.1239509 0.9913029 0.0442146 0.01432979 0.1946848 0.9807612 0.02848923 0.2578759 0.965758 0.03248208 0.4412687 0.896787 0 0.2589569 0.9658889 -0.01900869 0.2582579 0.965889 -0.02688521 0.1932994 0.9807714 0 0.2589575 0.9658887 0 0.7073592 0.7068543 0 0.7073601 0.7068534 0.07090747 0.9633612 0.2586649 0.08470952 0.9771327 0.1950283 0.06584608 0.8945568 0.4420775 0.05192542 0.7054517 0.7068535 0.08334249 0.7889836 0.6087355 0.04470717 0.6073724 0.7931583 -0.03248208 0.4412687 0.896787 -0.04470717 0.6073724 0.7931583 -0.06467694 0.7046896 0.7065618 -0.05825155 0.7914287 0.6084796 -0.06584608 0.8945568 0.4420775 0.01773655 0.9657728 0.2587823 0 0.9768101 0.2141078 -0.0177477 0.9657728 0.2587817 -0.08050209 0.9626355 0.2585587 -0.07199627 0.9781647 0.1949625 -0.7328382 0.6580849 0.172837 -0.9323233 0.2335518 0.276092 -0.9525182 0.2412247 0.185795 -0.9543868 0.2356613 0.1833294 -0.8927233 0.2672777 0.362778 -0.8986039 0.2268341 0.375576 -0.9300835 0.2382243 0.2796321 -0.8762019 0.2321739 0.4223337 -0.8439403 0.220906 0.4888408 -0.8368703 0.2355718 0.4941195 -0.8075779 0.2256312 0.5448932 -0.8041871 0.2247137 0.5502609 -0.785013 0.218351 0.5797218 -0.7781422 0.2285603 0.5850256 -0.7411134 0.2165909 0.6354836 -0.6985996 0.2618591 0.6658742 -0.6952031 0.223529 0.6831745 -0.6279295 0.2033863 0.7512248 -0.6167106 0.2226029 0.7550603 -0.5484641 0.2040908 0.8108847 -0.5396414 0.214102 0.814216 -0.5111277 0.2068137 0.8342522 -0.4544495 0.2186805 0.8635129 -0.4542886 0.2142548 0.8647062 -0.3536158 0.1914389 0.9155911 -0.2637287 0.2341192 0.935754 -0.2531714 0.1923839 0.9480995 -0.3431787 0.2097868 0.9155424 0.1201528 0.9917995 0.0435574 0.1255932 0.9898537 0.06645399 0.1219637 0.9904015 0.06503772 0.1289371 0.9877805 0.0875501 0.1207672 0.9888159 0.08751195 0.1321418 0.9848313 0.1124536 0.1220932 0.9859755 0.113779 0.129871 0.9834783 0.1261117 0.1277215 0.9841314 0.1231776 0.1329087 0.9823732 0.1314471 0.1251697 0.9833142 0.1320074 0.135246 0.9800624 0.1455549 0.1241912 0.9809113 0.1496319 0.1350412 0.9776993 0.1608347 0.1247264 0.9781562 0.1662944 0.1323598 0.9761025 0.1723513 0.1260831 0.9765123 0.1747193 0.1311509 0.9752182 0.178182 0.1236351 0.9750515 0.1843609 0.1266068 0.9743844 0.1858651 0.1214311 0.9739701 0.1914072 0.1217778 0.9739025 0.1915312 0.1191753 0.9737558 0.1938992 0.02255076 0.8326133 0.5533956 0.02280664 0.8304733 0.5565916 -0.01409798 0.8370857 0.5468901 -0.01380705 0.8360484 0.548482 -0.05145525 0.8431848 0.535156 -0.05171507 0.8420683 0.536886 -0.09842681 0.8525947 0.5132198 -0.09868317 0.8520277 0.5141113 -0.1341834 0.861332 0.490002 -0.1342124 0.8612057 0.490216 -0.1702962 0.8707092 0.4613729 -0.170255 0.8707575 0.4612969 -0.2147942 0.8839878 0.4152457 -0.2144814 0.8842872 0.4147699 -0.248184 0.8954018 0.369676 -0.2479377 0.8956601 0.3692154 -0.2604534 0.8999837 0.3495618 -0.260311 0.9001144 0.3493314 -0.2802236 0.9061172 0.3169012 -0.2796335 0.9065139 0.3162877 -0.3122133 0.9179576 0.2446975 -0.3115819 0.9183149 0.244161 -0.3305791 0.9257475 0.1836005 -0.330305 0.9259119 0.1832644 -0.344488 0.930749 0.1226151 0.1239852 0.9912862 0.04449135 0.1166695 0.9741903 0.1932399 0.1168764 0.9739101 0.1945232 0.1137726 0.9740427 0.1956954 -0.2357442 0.200673 0.9508707 -0.1638672 0.1878163 0.9684382 -0.1560331 0.2031852 0.966628 -0.04250389 0.1869094 0.9814573 -0.03661561 0.1999934 0.9791129 -0.002502381 0.4445967 0.8957275 0.00144428 0.5510655 0.8344609 -0.07498997 0.5616768 0.8239514 -0.07422751 0.5529282 0.8299161 -0.1468197 0.5660215 0.8112113 -0.1455665 0.5602421 0.8154381 -0.2180458 0.5739303 0.7893415 -0.2189221 0.5643362 0.7959886 -0.3061746 0.5840532 0.7517573 -0.3080224 0.5744696 0.7583581 -0.3731736 0.591597 0.7146709 -0.3732908 0.5860511 0.719165 -0.4364485 0.6027428 0.6679925 -0.4395121 0.5937205 0.6740364 -0.5143169 0.6160326 0.5966422 -0.5178095 0.607811 0.6020291 -0.5731602 0.6260516 0.528722 -0.5748477 0.6211587 0.5326462 -0.5958114 0.6285843 0.4998906 -0.5942881 0.628008 0.5024219 -0.6251962 0.6375027 0.4502444 -0.6286756 0.631286 0.454142 -0.6779842 0.6486856 0.3457519 -0.6810382 0.6439253 0.3486362 -0.7098653 0.6550306 0.2588942 -0.7110011 0.6530584 0.2607533 -0.7308493 0.6600534 0.1737496 -0.3440454 0.9308967 0.1227361 0.1106693 0.9745249 0.195073 0.110589 0.9744931 0.1952779 0.0846821 0.8928792 0.4422622 0.05469894 0.8282123 0.5577387 0.06008207 0.7912702 0.6085078 0.02645057 0.6090455 0.7926942 -0.7337094 0.6658914 0.135127 -0.9047731 0.4099534 0.1154294 -0.1809502 0.9810221 0.06966143 0.3857691 0.9225952 -7.73989e-4 0.2691231 0.9629927 0.01476114 0.1394997 0.9895055 0.03766709 0.03182178 0.9984806 0.04499024 -0.1273007 0.989864 0.06295883 -0.9630194 0.2387129 0.1249394 -0.9701422 0.2035868 0.1318202 -0.3332586 0.9385604 0.08968269 -0.4540578 0.8830929 0.1182309 -0.3377945 0.9373737 0.08500289 -0.6234943 0.7738836 0.1111719 -0.7198593 0.6821256 0.1284813 -0.8914407 0.4313045 0.1389599 -0.9177397 0.3766529 0.1260419 -0.7358155 0.6667919 0.1181702 -0.7405403 0.6615945 0.1178673 -0.3379438 0.9374343 0.08373153 -0.3489487 0.9333875 0.08380109 0.1385843 0.9898989 0.02990752 0.1223331 0.9920219 0.03045105 -0.6096641 0.7289387 0.311381 -0.6738816 0.6926288 0.2571948 -0.6474468 0.7168845 0.2586298 -0.6427468 0.7190924 0.2641643 -0.6251043 0.7281345 0.2811848 -0.6006084 0.7659289 0.2293963 -0.3110443 0.9500896 -0.02410989 -0.3655389 0.9306933 0.0138393 -0.5252736 0.8390628 0.1416379 -0.5818904 0.7916634 0.1862061 -0.5818995 0.7916333 0.186306 -0.5798999 0.7934384 0.1848556 -0.5720107 0.7971366 0.1933316 -0.5772962 0.7918861 0.1991116 -0.713063 0.6501937 0.2622772 -0.7032939 0.6551235 0.2760275 -0.6676978 0.6948689 0.26709 -0.6584948 0.6998752 0.2766935 -0.9136167 0.3170432 0.2545355 -0.9700585 0.1303218 0.2049459 -0.8349233 0.3048505 0.4582242 -0.8618777 0.3700006 0.3467944 -0.849823 0.3831527 0.3619324 -0.8540579 0.4194979 0.3075819 -0.8785917 0.396431 0.2663067 -0.7371545 0.5990452 0.3126471 0.972891 0.1281808 0.1924911 0.8349227 0.3048509 0.458225 0.8618769 0.3700295 0.3467656 0.9317516 0.2408347 0.2717311 0.9340468 0.2637105 0.2408594 0.9332455 0.2698227 0.2371677 0.9332571 0.2687489 0.2383387 0.9294189 0.2809918 0.2392159 0.8357669 0.4786386 0.2690707 0.8411315 0.4559207 0.2909199 0.8569385 0.4148212 0.3059082 0.8498478 0.3831526 0.361874 0.8527902 0.4048491 0.3299183 0.8527957 0.4032978 0.3317988 0.8532126 0.4075894 0.3254218 0.8536458 0.4052014 0.3272629 0.8544873 0.4146199 0.3129566 0.9295071 0.2836823 0.2356715 0.3106985 0.9497866 -0.03704053 0.5296845 0.8392621 0.1227749 0.4857897 0.8602171 0.1550325 0.5334364 0.832628 0.1489173 0.6122506 0.7498105 0.2508652 0.619803 0.7464404 0.2422212 0.6096726 0.7392951 0.285906 0.635173 0.7284817 0.2566511 0.6072928 0.7370783 0.2964981 0.7949571 0.5071364 0.3329507 0.6756368 0.6917678 0.2548967 0.6738653 0.6926236 0.2572512 0.5711179 0.8024686 0.1728252 0.5688571 0.80353 0.1753314 0.5749439 0.7968986 0.1854517 0.5777148 0.7955842 0.18246 0.5786985 0.7941293 0.1856526 0.5797714 0.7936594 0.1843095 0.6416877 0.7226941 0.2568076 0.6121373 0.7275274 0.3098253 -0.8883162 0.4591692 0.007611989 -0.9536589 0.3008623 0.004103183 -0.9468234 0.3205869 0.02738165 -0.8497939 0.4792332 0.2195128 -0.9099149 0.414779 -0.003650546 -0.9029867 0.4292614 0.01870602 -0.903652 0.4279227 0.01718491 -0.90471 0.4257237 0.01609987 -0.8954058 0.444759 0.02093279 -0.8416124 0.5386528 0.03926807 -0.7370367 0.6758307 0.005474746 -0.5019453 0.8644245 0.02865624 -0.4782578 0.8781524 0.01085972 -0.8882952 0.4592205 0.006939768 -0.853926 0.5193077 0.03361457 -0.7030466 0.7059123 -0.08610087 -0.7036945 0.7100886 -0.02425283 -0.4938724 0.8568978 0.1477032 -0.5105173 0.8568933 -0.07145631 -0.4217275 0.9067178 -0.002991199 -0.6034407 0.7741194 0.191307 -0.6047686 0.7700483 0.2031762 -0.6044481 0.7703416 0.2030187 -0.9676968 0.2049603 0.1468138 -0.9365997 0.3137166 0.1560859 -0.8602026 0.4913609 0.1364405 -0.8690854 0.476009 0.1345595 -0.7345187 0.6694638 0.1109073 -0.7203085 0.6843714 0.1130997 -0.4712871 0.8803416 0.05373275 -0.9823741 0.08150988 0.1682176 -0.9147468 0.3640542 0.175223 -0.9071193 0.3569776 0.2229387 -0.8365207 0.4872519 0.2506368 -0.6046283 0.7702127 0.2029708 -0.6049824 0.7702888 0.2016224 -0.7143651 0.667585 0.2097924 -0.6727598 0.7014766 0.2352125 0.3876328 0.921814 7.0287e-5 0.6988729 0.7151774 0.009899735 0.9281539 0.3661049 -0.0670638 0.9110949 0.4115022 0.02392244 0.8802848 0.473368 0.03196388 0.9149546 0.3974746 0.06980079 0.896682 0.4417817 0.0281108 0.9124782 0.4085271 0.0221194 0.922834 0.3849769 0.01304733 0.8061271 0.5915113 0.01653778 0.7694026 0.638466 0.01952117 0.8946602 0.3692378 0.2514887 0.1085387 0.9520396 -0.286077 0.509387 0.8600797 0.02806621 0.5019662 0.8643069 0.03168058 0.50288 0.8602265 -0.08439242 0.441224 0.8973849 -0.004684031 0.9069101 0.3574342 0.2230584 0.6836621 0.7223025 0.1043321 0.9681803 0.2027069 0.1467542 0.9815403 0.07913303 0.1741169 0.9805479 0.09536015 0.1715584 0.9802441 0.09955877 0.1709084 0.9547786 0.252777 0.1565303 0.8971812 0.355825 0.261638 0.900626 0.3522526 0.2545412 0.7902582 0.6003218 0.1229064 0.9113606 0.3882865 0.1365859 0.3860232 0.9223704 0.01479816 0.3351005 0.9421809 0.001763284 0.500163 0.8623337 0.0788508 0.4448947 0.8914847 0.08557838 0.5784313 0.8119114 0.07885068 0.6051474 0.7697189 0.2032964 0.6067411 0.7702819 0.1962935 0.6049731 0.7698476 0.2033278 0.6049536 0.7698857 0.2032423 0.7357726 0.6691948 0.1040054 0.7069281 0.6655097 0.2394778 0.8548235 0.4911534 0.1674672 0.8363621 0.4874855 0.2507121 0.5588123 0.0832144 0.8251086 0.7846778 8.22632e-4 0.6199033 0.695412 -0.02586179 0.7181458 0.6899937 0.01565247 0.7236461 0.7121176 0.08987456 0.6962838 0.7088451 0.0186569 0.7051175 0.7097623 0.08069026 0.6998047 0.5783756 0.08787626 0.8110237 0.7014165 0.02917844 0.7121542 0.7056006 0.03940844 0.7075131 0.6417645 -0.2380132 0.7290323 0.7604939 0.02449727 0.6488829 0.7606412 0.02522641 0.6486822 -0.763032 0.02358722 0.6459304 -0.6410466 0.006681203 0.767473 -0.6392348 -0.03354132 0.7682799 -0.6425495 0.1091227 0.7584342 -0.7629825 0.02335739 0.6459971 -0.7610445 0.01779592 0.6484557 -0.6873009 -0.03877699 0.7253372 -0.6997202 0.02032619 0.7141279 -0.7118796 0.08121615 0.6975897 -0.7076743 0.003632783 0.7065296 -0.7213125 0.06923228 0.6891409 -0.9763035 0.1181892 0.1812808 -0.9651427 0.2035619 0.1645055 -0.9621072 0.1070061 0.2507976 -0.961304 0.04920548 0.2710597 -0.8602779 0.1307609 0.4927713 -0.8492245 -0.03143912 0.5270954 -0.7502943 -0.01743817 0.6608741 -0.7458496 -0.07509368 0.6618681 -0.8383022 0.003352642 0.5451955 -0.9386849 0.02107799 0.3441311 -0.9563695 0.08212178 0.2803811 -0.9228466 0.1542419 0.3529359 -0.6162121 0.2141719 0.7579006 -0.6946481 0.125705 0.7082813 -0.70708 0.07995277 0.7025991 -0.7676884 0.3017893 0.5653122 -0.8905445 0.1175068 0.4394574 -0.8973106 0.08174794 0.4337638 -0.7068098 0.07609158 0.7032994 -0.7470395 0.02684092 0.6642376 0.7071045 0.0799781 0.7025716 0.8341629 0.3048285 0.4596214 0.8233121 0.2532593 0.5079538 0.6897702 0.1421908 0.7099288 0.6857694 0.1227694 0.7173898 0.8788796 0.1680368 0.4464687 0.9335872 0.08173733 0.3489043 0.7068161 0.07609671 0.7032924 0.7470735 0.02681809 0.6642003 0.9337834 0.07999408 0.348783 0.7503255 -0.01749348 0.6608371 0.9789611 0.0282002 0.2020893 0.8651872 0.124299 0.4857994 0.8454273 -0.02706891 0.5334043 0.9700834 0.2036298 0.1321867 0.9660612 0.1765571 0.1885558 0.9563848 0.07743203 0.2816601 0.963317 0.0255391 0.2671483 0.8373375 0.002390444 0.5466811 0.7458666 -0.07506483 0.6618522 0.967773 0.2196407 0.1231807 0.972329 -0.05049598 0.2280935 0.9808145 -0.08279758 0.1764864 0.9774774 -0.01394081 0.210579 0.9618715 0.1959131 0.1908439 0.9833205 -0.003356397 0.1818506 0.967967 -0.05100804 0.2458419 0.9494338 -0.1801022 0.2571746 0.9344972 -0.2118986 0.2860313 0.8981148 -0.3025686 0.3191272 0.8805178 -0.3289624 0.34128 0.8219678 -0.4489835 0.3504036 0.9679558 0.1842877 0.170586 0.9543097 0.1482816 0.2594335 0.9547469 0.1326192 0.2662155 0.9212939 0.04198205 0.3865942 0.9214712 0.03565454 0.3868072 0.8662075 -0.07884353 0.493425 0.8718727 -0.05906152 0.4861581 0.7758493 -0.1958535 0.5997493 0.7924456 -0.113807 0.5992313 0.7921235 -0.5267596 0.3083259 0.293194 -0.6866088 0.6652862 0.759558 -0.4875181 0.4305785 0.828352 -0.1795781 0.5306457 0.5061869 -0.3799835 0.7742011 0.7924664 -0.1108149 0.5997644 0.8266876 -0.4437165 0.3459815 0.7117783 -0.5729867 0.4062733 0.7723022 -0.1358439 0.620561 0.7235903 -0.2347511 0.6490833 0.1133259 -0.9540866 0.2772656 0.6480939 -0.1759485 0.7409565 0.6359847 -0.0531302 0.7698706 0.4156318 -0.6188154 0.6665716 0.02195316 -0.9302706 0.3662168 -0.1693006 -0.9755169 0.1403719 0.1371472 -0.8838159 0.447281 0.2650003 -0.7670979 0.5842395 0.3949152 -0.7973665 0.4563428 0.3989495 -0.8629842 0.3099964 0.3049597 -0.8607772 0.4075075 0.1144738 -0.9693512 0.2173802 0.1163406 -0.9567475 0.2666444 0.7635236 -0.1484069 0.6284959 0.7702777 -0.1288526 0.6245552 0.7176187 -0.3770991 0.5855082 0.7029594 -0.1886783 0.6857467 0.71876 -0.1477329 0.6793814 0.6254217 -0.4296438 0.6513478 0.7129238 -0.4314982 0.5527648 0.6245905 -0.5992636 0.5007694 0.5358019 -0.7769307 0.3305983 0.3867063 -0.8631264 0.324763 0.5945204 -0.6761673 0.4351362 0.4874203 -0.6732802 0.5559815 0.5921097 -0.5296489 0.6073536 0.4745391 -0.5022311 0.7228946 0.6122013 -0.2319694 0.75591 0.6964526 -0.646641 0.311142 0.5561817 -0.7731463 0.304806 0.7622696 -0.4863759 0.4270638 0.6876354 -0.5894967 0.4238529 0.7986387 -0.30339 0.519741 0.7704852 -0.3683568 0.5202556 0.8035861 -0.1059306 0.5856862 0.8001958 -0.12372 0.5868391 0.2841805 -0.5792009 0.7640471 -0.1503741 -0.8086882 0.5686923 -0.3821013 -0.5422871 0.7482802 -0.5923885 -0.09756278 0.7997233 -0.5990901 -0.3317436 0.7287231 -0.09305316 -0.9305056 0.3542607 -0.5605716 -0.2169046 0.7991946 -0.5134626 -0.1998111 0.8345249 -0.5107722 -0.2182037 0.8315642 -0.4663944 -0.2043476 0.86065 -0.46863 -0.2094196 0.858213 -0.4502929 -0.2039022 0.8692873 -0.4339669 -0.1753243 0.8837047 -0.4118391 -0.2093469 0.8868836 -0.3500025 -0.1937151 0.9165003 -0.3065394 -0.1307319 0.9428376 -0.2771406 -0.1928815 0.9412703 -0.3493306 -0.207488 0.9137378 -0.252266 -0.2002731 0.9467062 -0.2180223 -0.1950398 0.9562561 -0.2193757 -0.199473 0.9550313 -0.163281 -0.1921106 0.9676947 -0.1639772 -0.1988124 0.9662222 -0.1081472 -0.1944029 0.9749419 -0.09167766 -0.1563852 0.9834322 -0.07046455 -0.1958464 0.9780997 -0.01234912 -0.1938601 0.9809515 -0.01246589 -0.1943401 0.9808551 0.0548737 -0.1955103 0.9791653 0.05551898 -0.1937966 0.9794696 0.1212457 -0.1973199 0.9728127 0.1230096 -0.1925169 0.9735532 0.1950252 -0.1999043 0.9602102 0.2683973 -0.1144015 0.9564911 0.2707036 -0.203319 0.9409468 0.1982864 -0.1924107 0.9610728 0.2886409 -0.196262 0.937106 0.3259067 -0.2036817 0.9232003 0.3307945 -0.197166 0.9228764 -0.2556106 -0.7100759 0.6560912 -0.3863104 -0.6096294 0.6921824 -0.3221428 -0.5869041 0.7428106 -0.3176922 -0.5911936 0.7413244 -0.2905931 -0.5828598 0.7588348 -0.2887026 -0.5835837 0.759 -0.2621975 -0.5754421 0.7746735 -0.2586901 -0.5792809 0.7729898 -0.2146001 -0.5681599 0.794444 -0.2118079 -0.5716148 0.7927132 -0.1671521 -0.5625678 0.8096775 -0.1651517 -0.565454 0.8080759 -0.1321534 -0.5605342 0.8175188 -0.1311214 -0.5615531 0.8169856 -0.09870511 -0.5572326 0.824469 -0.09772694 -0.5590499 0.8233546 -0.05306786 -0.5554289 0.8298691 -0.05265009 -0.5564447 0.829215 -0.007440388 -0.5549762 0.8318329 -0.007394611 -0.555152 0.8317161 0.03309118 -0.5558788 0.8306046 0.03292077 -0.5553119 0.8309903 0.07324963 -0.5574462 0.8269754 0.0730856 -0.5560504 0.8279291 0.1182973 -0.5606906 0.8195316 0.1182636 -0.5584377 0.8210731 0.1635376 -0.5652573 0.8085417 0.1638019 -0.5622218 0.8106021 0.1996862 -0.5694789 0.7973827 0.1996352 -0.5672738 0.7989659 0.2360822 -0.5754494 0.7830219 0.4687837 -0.2006224 0.8602283 0.469147 -0.1777703 0.8650428 0.4305904 -0.2069437 0.8785023 0.1052903 -0.9456431 0.3076899 -0.07484477 -0.8624392 0.5005967 -0.06440478 -0.8585922 0.5085975 -0.0692631 -0.8563098 0.511797 -0.05759972 -0.8527073 0.5192039 -0.05953782 -0.8524254 0.5194482 -0.04947763 -0.84935 0.5255059 -0.05323421 -0.8471626 0.5286604 -0.03891247 -0.8435503 0.5356388 -0.04186451 -0.8414998 0.5386331 -0.02938956 -0.8389734 0.5433782 -0.03149372 -0.8371868 0.5460096 -0.02308881 -0.8359175 0.5483694 -0.02411031 -0.8352876 0.5492845 -0.01686346 -0.8343368 0.5509973 -0.01784497 -0.8331812 0.5527123 -0.009006142 -0.8324633 0.5540072 -0.009429335 -0.831825 0.5549581 -0.001262068 -0.8315572 0.5554379 -0.001313745 -0.8314486 0.5556003 0.005659461 -0.8315638 0.5554004 0.005804777 -0.8319101 0.5548802 0.01275098 -0.8322918 0.5541911 0.01287162 -0.8332155 0.5527986 0.02110815 -0.8340579 0.551273 0.02105325 -0.8355413 0.5490244 0.03011417 -0.8369089 0.5465131 0.02970814 -0.8388853 0.543497 0.03740936 -0.8404261 0.5406336 0.03732579 -0.8418774 0.5383766 0.04628062 -0.8439014 0.5344985 0.04501295 -0.8465227 0.5304463 0.05798137 -0.8501093 0.5234048 0.2254724 -0.9665561 0.1221947 0.1998876 -0.9740463 0.1062017 0.2144593 -0.9597166 0.1815255 0.20283 -0.9638907 0.1725535 0.195774 -0.9620733 0.1899672 0.1827991 -0.9662051 0.1817485 0.1839675 -0.9649154 0.1873347 0.1694035 -0.9692401 0.1785386 0.1648676 -0.96702 0.194142 0.140842 -0.9730755 0.1824487 0.1381167 -0.9708176 0.1960534 0.1110275 -0.9763037 0.1857529 0.1097776 -0.9742491 0.196946 0.08782404 -0.9776914 0.1908053 0.08870732 -0.9767186 0.1953252 0.06618553 -0.9795528 0.1899897 0.06637835 -0.9782116 0.1967132 0.03565323 -0.9807037 0.192222 0.03610688 -0.9799609 0.1958904 0.004986643 -0.980973 0.1940805 0.005099594 -0.9808702 0.1945962 -0.02210611 -0.9804759 0.1953934 -0.02276527 -0.9807987 0.19369 -0.04860007 -0.979358 0.1962038 -0.05050182 -0.9801895 0.1915156 -0.07764077 -0.9774151 0.1965497 -0.08132803 -0.9785262 0.1894003 -0.1058538 -0.9748344 0.1961962 -0.1116786 -0.9759962 0.1869741 -0.1284399 -0.9727092 0.1932356 -0.1340497 -0.9730548 0.1876037 -0.1484462 -0.9697395 0.1938276 -0.1580846 -0.970458 0.1822651 -0.173787 -0.9661243 0.1907932 -0.185752 -0.9662144 0.1786783 -0.1974169 -0.9624316 0.186419 -0.211543 -0.9617117 0.1742423 0.5223359 -0.2180063 0.8244019 0.5324036 -0.2022224 0.8219809 0.3281685 -0.5935208 0.7348732 0.3326678 -0.5893185 0.7362309 0.3823718 -0.2088408 0.9000985 0.3899325 -0.1956446 0.8998199 0.2370907 -0.5712697 0.7857729 0.2826555 -0.5838634 0.761058 0.05606263 -0.8530056 0.518882 0.07221812 -0.858237 0.5081475 0.06730258 -0.8604356 0.505095 -0.7816519 -0.3106054 0.540874 0.2217101 -0.967796 0.1192287 -0.1119078 -0.7931854 0.5986099 -0.02631556 -0.9113649 0.4107577 0.1041525 -0.9460507 0.3068231 -0.3774762 -0.540522 0.7518961 -0.6092799 -0.1038492 0.7861256 0.1949302 -0.9468222 0.2559883 0.1184673 -0.9743435 0.1913645 0.1094904 -0.9539695 0.2792025 0.03307133 -0.9769394 0.2109401 -0.08960419 -0.9246084 0.3702305 -0.1662724 -0.9415792 0.2928859 -0.1558743 -0.9396831 0.3044649 -0.3662741 -0.8628177 0.3484092 -0.421809 -0.8615088 0.2826303 -0.4835295 -0.7881391 0.3808361 -0.5786921 -0.772389 0.261784 -0.6528274 -0.6635169 0.365461 -0.7032908 -0.5909146 0.3952242 -0.6498194 -0.6011765 0.4651038 -0.5673496 -0.6771001 0.4686684 -0.5324044 -0.6765464 0.508754 -0.4035792 -0.7720796 0.4909349 -0.3619767 -0.7642586 0.5337433 -0.2175852 -0.8373917 0.5014298 -0.2077555 -0.8344821 0.5103698 -0.1319316 -0.8471487 0.5147166 -0.1107655 -0.8392961 0.5322718 -0.2749827 -0.7172 0.6403192 -0.7320646 -0.4984484 0.4643605 -0.7795131 -0.370321 0.5051949 -0.7324474 -0.37843 0.5659608 -0.6967281 -0.431683 0.5729047 -0.6560037 -0.4310667 0.6195489 -0.5967383 -0.5078213 0.6213059 -0.5451546 -0.4978914 0.6744706 -0.4714905 -0.5697714 0.6730953 -0.4461244 -0.562011 0.6965032 -0.4025827 -0.5808857 0.7074596 -0.3822911 -0.5737065 0.7243717 -0.5390412 -0.3099197 0.7831887 -0.5405387 -0.1886039 0.8199064 -0.6079645 -0.2121478 0.7650964 -0.6029888 -0.1939285 0.7738193 -0.6518866 -0.2095118 0.7287996 -0.6545876 -0.1685642 0.736954 -0.7184224 -0.1811087 0.6716167 -0.7181322 -0.1477271 0.6800463 -0.7669165 -0.1484469 0.6243417 -0.7637368 -0.1308236 0.6321325 -0.8021439 -0.1247791 0.5839481 -0.798749 -0.1080605 0.5918809 -0.8114432 -0.4769446 0.3377631 -0.6816415 -0.2218632 0.6972386 -0.7512887 -0.1276891 0.6475037 -0.729216 -0.2027863 0.6535454 -0.7421019 -0.1925976 0.642021 -0.7169195 -0.5467848 0.4324962 -0.7281506 -0.631163 0.2672642 -0.6712536 -0.5835258 0.4570736 -0.747061 -0.4927052 0.4462528 -0.7904358 -0.3069722 0.5300749 -0.977829 0.09182667 0.1881976 -0.9674559 0.2207462 0.1236942 -0.9683057 0.2207821 0.116789 -0.9672209 0.2203064 0.1262885 -0.9666953 0.1734736 0.1881679 -0.9645851 0.1730194 0.199098 -0.9515249 0.142847 0.2723878 -0.9563452 0.1392862 0.2569112 -0.9197743 0.03886073 0.390519 -0.9223359 0.03800976 0.3845151 -0.8751658 -0.063331 0.4796606 -0.8642364 -0.0722171 0.4978756 -0.8201619 -0.1392225 0.5549338 -0.7581549 -0.1505503 0.6344571 -0.9832024 0.1083968 0.1468445 -0.977729 -0.01881623 0.2090261 -0.9812394 -0.01126897 0.1924632 -0.9463655 -0.09806281 0.3078573 -0.9659136 -0.1382555 0.2188523 -0.8981403 -0.2752368 0.3429123 -0.9302739 -0.2465037 0.2717101 -0.8212425 -0.4035335 0.4033876 -0.8643266 -0.3978579 0.3076503 -0.6331139 0.704613 0.3204487 -0.6814563 0.6651147 0.3053519 -0.4444337 0.8636782 0.2377789 0.03037816 0.9951871 0.09316515 0.1473118 0.9889979 0.01350706 -0.4639071 0.8523463 0.2414461 -0.488241 0.8546071 0.176826 -0.4849036 0.8565054 0.1768251 -0.452359 0.8809074 0.1391893 -0.4624894 0.8797125 0.1104963 -0.4090734 0.9076643 0.0938335 -0.4265099 0.9033931 0.04438823 -0.3369078 0.9415011 0.008304774 -0.3214225 0.9454985 0.05215382 -0.2692164 0.9622321 0.04040008 -0.2548605 0.963635 0.08033531 -0.2088491 0.9750785 0.07485955 -0.1819295 0.9722582 0.1470232 -0.2197808 0.9629012 0.1565815 0.5055421 0.8521782 0.1349801 -0.5680362 0.8059421 0.1667102 -0.5917049 0.7987397 0.1090878 -0.3774346 0.8977594 0.2270935 -0.5299975 0.833529 0.155988 -0.5181515 0.8438865 0.1391926 -0.4794309 0.8639504 0.1540639 -0.182877 0.9647659 0.1891634 -0.1381934 0.9709721 0.1952332 0.06678289 0.9774919 0.2001242 0.2641853 0.9426141 0.2041686 0.3207815 0.9244834 0.205985 0.4956712 0.8473376 0.1906023 0.7116807 0.6840457 0.1599752 0.8239485 0.5444155 0.1572283 0.6584604 0.731228 0.1781446 -0.5406008 0.8115406 0.2217042 -0.5947393 0.7645673 0.2484393 -0.5944014 0.7634458 0.2526606 0.5093474 0.8435098 0.1704595 0.7117747 0.6866018 0.1481719 0.1419541 0.9652217 0.2195364 0.3206278 0.9219891 0.2171036 -0.2472093 0.9404869 0.2331777 -0.1388083 0.9603701 0.241706 -0.4967963 0.83875 0.2229167 -0.5682311 0.8026703 0.1812015 0.3165965 0.9372316 0.1461637 0.488249 0.8611552 0.1415092 -0.004256904 0.9743276 0.2250949 0.1416761 0.9658336 0.2170102 -0.3280233 0.9071512 0.2635857 -0.243954 0.9327423 0.2654774 -0.6155076 0.7398822 0.2715234 -0.5921673 0.7575405 0.2747189 0.05270361 0.9871661 0.15075 0.3067013 0.9464107 0.1011983 -0.1941085 0.9551944 0.2234404 -0.01077038 0.9808346 0.1945446 -0.4288613 0.8590914 0.2793563 -0.3270198 0.9060924 0.2684302 -0.6351754 0.7052485 0.3149237 -0.6065344 0.7304147 0.314023 -0.08443516 0.978379 0.1888002 -0.1225567 0.9761636 0.1791216 0.3698737 0.9014531 0.2248909 0.9360182 0.3136383 0.1596898 0.9610421 0.2269915 0.1577119 0.6964697 0.6863992 0.2092516 -0.5396757 0.8345887 0.1105074 -0.5392223 0.8354794 0.1058949 -0.5207787 0.8462009 0.1128431 -0.1811856 0.9699149 0.1625946 -0.121748 0.9776728 0.1712702 -0.3731526 0.9172741 0.1391597 -0.5909651 0.8008039 0.09733223 0.06759679 0.9797962 0.1882295 0.320371 0.926338 0.1981422 0.3185746 0.9229359 0.2161006 0.7451607 0.6317384 0.2136406 0.8235335 0.5434933 0.1625049 0.937501 0.3166116 0.1443927 0.6577303 0.7294697 0.1877896 0.6987545 0.6908536 0.1856437 0.4949528 0.8456296 0.1998304 0.2648992 0.9443644 0.1949466 0.9616451 0.2251332 0.1566965 0.9621244 0.223186 0.1565398 0.7497598 0.6281784 0.2079718 0.7536131 0.6235283 0.2080382 0.3804641 0.8993283 0.2155362 0.389459 0.8952032 0.2166405 -0.06874305 0.981668 0.1777704 -0.05496603 0.9820106 0.1806492 -0.50347 0.8579 0.1025953 -0.4881386 0.8661219 0.107488 0.9608777 0.2267155 0.159104 0.9613767 0.22471 0.1589351 0.7450823 0.6316418 0.2141991 0.7490147 0.6269574 0.2142465 0.3700462 0.901726 0.2235085 0.3794014 0.8975477 0.2246398 -0.08399379 0.979143 0.1849974 -0.06996464 0.9796795 0.1879709 -0.5201066 0.8473921 0.1068448 -0.5045517 0.8560885 0.1119833 0.2263576 0.1595972 0.9608803 0.03633797 0.8914834 0.4515939 0.03636085 0.8910157 0.4525142 -0.002511501 0.9878329 0.1554992 -0.00245583 0.9875462 0.1573105 0.1181985 0.1554467 0.9807474 0.1182376 0.1562967 0.9806077 0.09981113 0.4535143 0.8856425 0.09984046 0.4540171 0.8853815 0.07160931 0.7074281 0.7031484 0.07191288 0.6496076 0.756861 0.06335055 0.7602525 0.6465315 0.1685618 0.1549431 0.9734371 0.1686151 0.1576867 0.9729871 0.1328728 0.454168 0.880952 0.1328548 0.4549894 0.8805307 0.08395218 0.7081809 0.701022 0.08395516 0.7079861 0.7012184 0.02671366 0.8918943 0.4514543 0.02685034 0.8910753 0.4530605 -0.0331766 0.987019 0.1571397 -0.03294682 0.9865314 0.1602198 0.2764447 0.1558877 0.9483023 0.2707321 -0.07405638 0.959802 0.1813781 0.4535236 0.8725929 0.1805642 0.4578633 0.8704928 0.1021502 0.7099885 0.6967651 0.1022692 0.7096257 0.6971172 0.01221823 0.8936586 0.4485812 0.01372361 0.890834 0.4541215 -0.0788601 0.9848601 0.154375 -0.07614517 0.9831598 0.1661289 0.3411704 0.1490263 0.9281131 0.3379399 0.1659287 0.9264255 0.2479052 0.4565902 0.8544404 0.2454835 0.464102 0.8510859 0.1275478 0.7147082 0.6876947 0.1277694 0.714214 0.6881668 -0.006803929 0.8951179 0.4457777 -0.003365337 0.8910794 0.453835 -0.1403858 0.9778361 0.1553335 -0.1340438 0.97578 0.1728749 -0.1915608 0.9649287 0.1794914 -0.2038695 0.9666296 0.155128 -0.01907044 0.8919875 0.4516579 -0.02585679 0.8972721 0.4407203 0.1554647 0.7217322 0.6744875 0.1551927 0.7221047 0.6741514 0.3128791 0.4728877 0.8237013 0.3177457 0.4620966 0.827952 0.436127 0.1728873 0.8831213 0.5697901 0.0793792 0.8179476 0.4934445 0.1654841 0.8538897 0.4429167 0.147784 0.8842991 -0.2963934 0.937045 0.1846556 -0.3171935 0.9350941 0.158074 -0.04373812 0.8991699 0.4354083 -0.05537503 0.9040054 0.4239196 0.2142651 0.746138 0.6303716 0.2139781 0.7463854 0.6301763 0.4446991 0.4977647 0.7446296 0.4534614 0.4842944 0.7482191 -0.3365546 0.9246034 0.1784369 -0.3475412 0.9230706 0.1647906 -0.05340677 0.9050942 0.421844 -0.05961269 0.9074378 0.4159364 0.2369387 0.7591414 0.6062708 0.2369862 0.7591015 0.6063023 0.494384 0.5069422 0.706112 0.4988409 0.4999543 0.7079573 -0.2471996 0.951561 0.1828221 -0.2633681 0.9517444 0.1575433 -0.03317105 0.8947185 0.4453973 -0.04222607 0.8998385 0.434175 0.1845692 0.7324375 0.6553394 0.1842854 0.7327346 0.6550871 0.3803604 0.4840753 0.7880337 0.3871031 0.4720429 0.7920395 0.5415106 0.151609 0.8269106 0.6181956 0.1859211 0.7637196 0.6291425 0.1550488 0.761669 0.6825157 0.1841728 0.7072855 0.7466316 0.1780579 0.6409654 0.7045707 0.1781461 0.6869091 0.6876859 0.168024 0.7062975 -0.4004228 0.899671 0.173936 -0.4285632 0.8907353 0.1514078 -0.05514878 0.9244844 0.3772099 -0.0712158 0.9270805 0.3680355 0.2984525 0.8004925 0.5197477 0.2982921 0.8006041 0.5196682 0.603807 0.5481439 0.5787535 0.6151648 0.5339252 0.580083 -0.3619343 0.9142882 0.1818807 -0.3887746 0.9080466 0.1559033 -0.05330729 0.9112293 0.4084357 -0.06839203 0.9149893 0.3976397 0.2629858 0.7745586 0.5752369 0.2627615 0.7747402 0.5750951 0.5403586 0.524813 0.6577112 0.5513755 0.510222 0.6600444 0.7524104 0.165086 0.6376718 0.8120771 0.2084111 0.5450648 0.8240296 0.1741976 0.5391016 0.8576449 0.2020822 0.472872 -0.4326472 0.887254 0.1599898 -0.4510842 0.8802961 0.1469752 -0.05723869 0.939074 0.3389155 -0.06778442 0.9402505 0.3336679 0.3278217 0.8260876 0.4583801 0.3278461 0.8260697 0.4583947 0.6553034 0.5683569 0.497542 0.6625518 0.5592263 0.4982882 0.9029605 0.09500706 0.4190896 0.881347 0.1952574 0.430235 0.917414 0.1967893 0.3458693 0.9096517 0.2235333 0.3500954 0.7059445 0.581705 0.4040564 0.6970424 0.5925381 0.4037706 0.3556706 0.8525322 0.3829981 0.3557169 0.8525102 0.383004 -0.06527739 0.9558596 0.2864813 -0.05191391 0.9551879 0.2914122 -0.4739379 0.8704398 0.1331077 -0.4506027 0.8807449 0.1457588 0.9522572 0.2106242 0.221006 0.9469761 0.2310383 0.2232879 0.7434738 0.609116 0.2760877 0.736721 0.6173033 0.2760052 0.3817553 0.8825515 0.2745282 0.3817801 0.8825422 0.2745237 -0.05917173 0.97451 0.2164003 -0.04891341 0.9744849 0.2190591 -0.4888171 0.8649961 0.1133118 -0.4707696 0.8740149 0.1203087 0.008071482 0.984408 0.1757155 0.008644878 0.9876757 0.1562755 0.01862633 0.9051488 0.4246868 0.01851445 0.8907868 0.4540443 0.02970808 0.7929922 0.6085069 0.02981692 0.7599726 0.6492709 0.03489637 0.6491861 0.7598287 0.03818672 0.6082645 0.7928154 0.03847891 0.4244928 0.9046134 0.03973573 0.453712 0.8902621 0.046808 0.1562053 0.9866149 0.04517471 0.1755783 0.9834285 0 0.9844426 0.1757065 0 0.9053329 0.4247028 0 0.7933298 0.6087923 0 0.7933644 0.608747 0 0.6087167 0.7933877 0 0.4247258 0.9053221 0 0.4248106 0.9052823 0 0.1757544 0.984434 0 0.1757637 0.9844325 -0.007185578 0.9876554 0.1564779 -0.00937438 0.9844032 0.1756775 -0.0197013 0.8907882 0.4539916 -0.01643162 0.9052134 0.4246394 -0.03272807 0.7600498 0.6490402 -0.02794861 0.7930243 0.6085487 -0.03489482 0.6491567 0.759854 -0.03818672 0.6082645 0.7928154 -0.03854668 0.4536896 0.8903257 -0.04067617 0.4244545 0.9045352 -0.04649275 0.1755606 0.9833703 -0.04532605 0.1561984 0.9866852 0.4889368 0.8647848 0.114404 -0.3821162 0.8831744 0.2720116 -0.744092 0.6099897 0.2724699 -0.9202926 0.1984376 0.3371709 -0.947517 0.2301812 0.2218743 -0.9530166 0.2115069 0.2168506 -0.7621906 0.1773731 0.6225787 -0.8008846 0.2052325 0.5625511 -0.8143546 0.1741439 0.5536248 -0.8510422 0.2041137 0.4838025 -0.9182947 -4.8461e-4 0.3958973 -0.8836639 0.1945624 0.4257742 -0.9118923 0.22294 0.3446015 -0.5577881 0.1623578 0.8139487 -0.6106933 0.1856224 0.769804 -0.6247311 0.1545009 0.7654023 -0.6800865 0.1844795 0.7095419 -0.7809553 -0.07693225 0.619831 -0.7283447 0.1715047 0.6634005 -0.7557886 0.1896008 0.6267656 -0.3821506 0.8831608 0.2720075 -0.3573859 0.8543459 0.3773177 -0.3574034 0.8543427 0.377308 -0.3264595 0.8242417 0.4626553 -0.3265811 0.8241817 0.4626764 -0.292937 0.7962369 0.5293342 -0.2929087 0.7962861 0.529276 -0.2684035 0.7792354 0.5663498 -0.2684972 0.7791985 0.566356 -0.2451628 0.763608 0.5973258 -0.2453753 0.7634591 0.5974288 -0.2119575 0.7452607 0.6321871 -0.2122895 0.7450063 0.6323755 -0.1902881 0.7354925 0.6502625 -0.1903742 0.7354515 0.6502836 -0.1708852 0.7274723 0.6645168 -0.1711208 0.7272443 0.6647055 -0.1427532 0.7185665 0.6806495 -0.1431317 0.718066 0.6810981 -0.1220481 0.7136772 0.6897602 -0.1221556 0.7135241 0.6898996 -0.7374223 0.6174371 0.2738243 -0.7085682 0.583846 0.3963018 -0.6995714 0.593624 0.3977568 -0.6613828 0.5564637 0.5029126 -0.650523 0.5681576 0.5040008 -0.6057813 0.5309389 0.5925647 -0.5942094 0.5436131 0.59279 -0.5597333 0.5193776 0.6457133 -0.5546332 0.5245261 0.6459524 -0.5181685 0.5003229 0.6936704 -0.5063785 0.5142145 0.6922169 -0.4497168 0.4833214 0.7511026 -0.4394085 0.4967249 0.7484548 -0.3991926 0.4793431 0.7815853 -0.3958311 0.4833884 0.7808032 -0.3563093 0.4672849 0.8091284 -0.3493723 0.4782829 0.8057199 -0.2874721 0.459401 0.8404228 -0.2827294 0.4685275 0.8369864 -0.2336695 0.4582374 0.8575647 -0.2320451 0.4615721 0.8562162 -0.2775848 0.1559851 0.9479532 -0.3178148 0.1626777 0.934093 -0.3205841 0.1541366 0.934595 -0.3923371 0.1693834 0.9040912 -0.3992902 0.1488807 0.9046557 -0.4689926 0.1702165 0.8666443 -0.5663191 -0.108917 0.8169578 -0.5208084 0.159284 0.8386819 -0.5526243 0.17205 0.8154785 -0.1025348 0.7101982 0.6964949 -0.1028621 0.7095148 0.6971429 -0.18304 0.453219 0.8724042 -0.1815598 0.4579539 0.8702381 -0.2744035 -0.0887798 0.9575077 -0.2270573 0.1599592 0.9606551 0.4712807 0.8740329 0.1181578 0.4750793 0.869665 0.1340991 0.4517471 0.8806742 0.1426104 0.4534034 0.8790726 0.147162 0.4263617 0.8901158 0.1609646 0.4232017 0.892723 0.1547455 0.3947326 0.9022997 0.1733251 0.3891245 0.9062841 0.165019 0.3771359 0.9099373 0.1725769 0.3665761 0.9168012 0.1584223 0.3386695 0.9230113 0.1826288 0.3153928 0.9356375 0.158461 0.2912355 0.9387842 0.1840275 0.2707032 0.9479668 0.1675674 0.2626178 0.9487743 0.1756678 0.2378925 0.9584283 0.1575515 0.2212169 0.9583179 0.1808037 0.1770088 0.9717803 0.1559197 0.1656167 0.970318 0.1762221 0.126851 0.9788766 0.1603415 0.1225831 0.9780089 0.1687362 0.08068108 0.9846854 0.1545488 0.07663387 0.9831159 0.1661642 0.01751631 0.987974 0.1536247 0.01647871 0.9872187 0.1585172 -0.0315032 0.8922723 0.4503973 -0.01373243 0.8908141 0.4541604 -0.01154875 0.8936334 0.4486491 1.80455e-4 0.8917006 0.4526258 0.002578616 0.893649 0.4487592 0.01192188 0.8916472 0.452574 0.01809138 0.8960345 0.443616 0.02646255 0.8935135 0.4482558 0.03574389 0.8983063 0.4379135 0.0385102 0.8971894 0.4399638 0.04277551 0.8986287 0.4366198 0.04201251 0.8989604 0.4360107 0.05547887 0.9034689 0.4250484 0.05004286 0.9064481 0.419342 0.06565237 0.9100365 0.4092962 0.05884224 0.9145746 0.4001137 0.06548553 0.9154046 0.3971728 0.05516904 0.922632 0.3817154 0.07121688 0.9245175 0.3744273 0.05454415 0.9383379 0.3413898 0.06982034 0.939177 0.3362613 0.05183023 0.9566091 0.2867273 0.06494098 0.9566738 0.2838277 0.04907029 0.9750286 0.2165899 0.05904066 0.974713 0.2155199 -0.1417676 0.1561648 0.9775043 -0.1421725 0.1528292 0.9779725 -0.1153037 0.453843 0.8835903 -0.1155526 0.4524705 0.8842614 -0.0878551 0.6495017 0.7552675 -0.07545077 0.7072266 0.7029492 -0.06671988 0.7603399 0.6460897 -0.03209406 0.8909758 0.452915 -0.9613966 0.2247427 0.1587684 -0.9608592 0.2266772 0.1592704 -0.7490786 0.6270466 0.2137612 -0.7450162 0.6315557 0.214682 -0.3795105 0.8977005 0.2238427 -0.3699384 0.901573 0.2243026 0.06984281 0.979902 0.1868531 0.08411288 0.9789232 0.1861035 0.5044361 0.8563434 0.1105453 0.5202273 0.8471368 0.1082726 -0.9621429 0.2232117 0.1563896 -0.9616252 0.2251126 0.1568481 -0.7536639 0.6236227 0.2075709 -0.749713 0.628081 0.2084342 -0.3895338 0.8953573 0.2158672 -0.3803909 0.8991751 0.2163034 0.05480128 0.9822197 0.1795586 0.06891518 0.9814587 0.1788561 0.4879633 0.8663935 0.1060861 0.5036268 0.8576409 0.103982 -0.867308 0.4764497 0.1441267 0.5501558 0.827869 0.1093689 0.5754535 0.8106364 0.1082691 0.1808884 0.9708325 0.1573649 0.1955143 0.9680159 0.157224 -0.06807315 0.9810281 0.1815215 -0.2176033 0.958884 0.1821826 -0.4060349 0.8923192 0.1972365 -0.5933499 0.7850281 0.1779522 -0.6586197 0.7313963 0.17686 -0.8237193 0.5439615 0.1599766 -0.9633333 0.2313918 0.1358189 -0.8646076 0.4704682 0.1763902 -0.7473688 0.6358208 0.1928004 -0.5908118 0.779154 0.2094295 -0.3717562 0.9046493 0.2083435 -0.215678 0.9543383 0.2066916 0.08328425 0.9802916 0.179143 0.196412 0.9659196 0.1685872 0.5206268 0.8464809 0.1114366 0.5749315 0.8118732 0.1015665 0.4275031 0.8586279 0.2828414 0.1982837 0.9567511 0.2128639 -0.04418653 0.9906912 0.1287577 -0.07059526 0.9920934 0.103765 -0.09350782 0.9814882 0.1671448 -0.3177312 0.9435238 0.09386056 0.4177158 0.8664768 0.2733708 0.4135102 0.8647275 0.285054 0.3227913 0.9090029 0.2636658 0.3217046 0.9078205 0.2690134 0.2346748 0.9371914 0.2580697 0.2357338 0.9400483 0.2464525 0.1674199 0.9559211 0.241217 0.1799061 0.9640169 0.1957173 0.1655519 0.9578103 0.2349296 0.002597808 0.9819636 0.1890527 -0.007388174 0.97139 0.2373751 -0.1580638 0.9654963 0.2069609 -0.1603739 0.959469 0.2317316 -0.2736601 0.9380779 0.2124148 0.576326 0.8027108 0.1533102 0.5756301 0.786827 0.222606 0.5945719 0.7727262 0.2222124 0.5902864 0.7611506 0.2687228 0.6144468 0.7414432 0.2696612 0.6064087 0.7326177 0.3090953 0.6315541 0.7090708 0.3136211 0.6253667 0.7066154 0.3310759 0.6279914 0.7029314 0.3339377 0.5526272 0.8187584 0.1556857 0.1835346 0.9624747 0.1998936 0.1679965 0.9649459 0.2016348 -0.06629681 0.9758822 0.2079874 -0.2735763 0.9387895 0.2093567 -0.4060328 0.8923627 0.1970438 -0.6585939 0.7313395 0.1771914 -0.3287671 0.9331417 0.1454607 -0.4893471 0.8596637 0.1466892 -0.5267221 0.8394617 0.1336715 -0.5310896 0.8278483 0.1805853 -0.6611052 0.7368052 0.1416267 -0.6617894 0.7285379 0.1768262 -0.8252092 0.5478636 0.137388 -0.2024461 0.9789878 -0.0244674 -0.03033125 0.9952012 0.09303015 0.7660704 0.5561437 0.3222427 0.6769979 0.6657412 0.3137876 0.6543762 0.6872931 0.3153095 0.6338769 0.7048971 0.3183084 0.2771348 0.9606789 0.01710474 0.2339879 0.9627708 0.1353589 0.2284882 0.964419 0.1330009 0.4504498 0.8650001 0.2210655 0.5373333 0.8078442 0.2422001 0.4526104 0.8807526 0.1393512 0.4690829 0.8783523 0.09197044</float_array>
          <technique_common>
            <accessor source="#th_distal_pst-mesh-normals-array" count="4619" stride="3">
              <param name="X" type="float"/>
              <param name="Y" type="float"/>
              <param name="Z" type="float"/>
            </accessor>
          </technique_common>
        </source>
        <source id="th_distal_pst-mesh-map-0">
          <float_array id="th_distal_pst-mesh-map-0-array" count="28512">0.09407889 0.2565612 0.09505534 0.2454006 0.102782 0.2457488 0.1694108 0.2457488 0.1771467 0.2454006 0.1778321 0.2565612 0.09407889 0.2565612 0.102782 0.2457488 0.08383011 0.3942209 0.1778321 0.2565612 0.1844876 0.3942209 0.1694108 0.2457488 0.1694108 0.2457488 0.1844876 0.3942209 0.1875342 0.5109289 0.1694108 0.2457488 0.1875342 0.5109289 0.102782 0.2457488 0.102782 0.2457488 0.1875342 0.5109289 0.07773739 0.5109289 0.102782 0.2457488 0.07773739 0.5109289 0.08383011 0.3942209 0.6514272 0.3792778 0.6514272 0.3914923 0.6455006 0.3839894 0.6455006 0.3839894 0.6514272 0.3914923 0.6512016 0.3916721 0.6731021 0.391672 0.6657196 0.381936 0.6733952 0.3916725 0.6733952 0.3916725 0.6657196 0.381936 0.6733952 0.3819399 0.6150636 0.8283697 0.6162039 0.8346494 0.6152725 0.8347693 0.6479874 0.06589269 0.6349768 0.05952036 0.6489727 0.0625658 0.6489727 0.0625658 0.6349768 0.05952036 0.6501256 0.05981242 0.7244777 0.3644918 0.7226972 0.3628153 0.7244777 0.3497847 0.6494021 0.03949904 0.649706 0.04539656 0.6379975 0.04777663 0.6379975 0.04777663 0.649706 0.04539656 0.6497962 0.04760831 0.6379975 0.04777663 0.6497962 0.04760831 0.650009 0.05431336 0.7384103 0.3919936 0.7374863 0.3870168 0.7384103 0.3844317 0.8112314 0.3529499 0.8130736 0.3497846 0.8127334 0.3559837 0.9086393 0.008470952 0.912257 0.00462377 0.9210938 0.003646969 0.9210938 0.003646969 0.912257 0.00462377 0.9156168 9.67119e-7 0.9035726 0.01326882 0.9030534 0.01322239 0.9086393 0.008470952 0.9035726 0.01326882 0.9086393 0.008470952 0.9211136 0.01515567 0.9211136 0.01515567 0.9086393 0.008470952 0.9210938 0.003646969 0.9211136 0.01515567 0.9210938 0.003646969 0.9329142 0.016824 0.9329142 0.016824 0.9210938 0.003646969 0.9387967 0.006284296 0.9329142 0.016824 0.9387967 0.006284296 0.9390178 0.01782304 0.9390178 0.01782304 0.9387967 0.006284296 0.9559129 0.02113056 0.9559129 0.02113056 0.9387967 0.006284296 0.9555021 0.009554147 0.9559129 0.02113056 0.9555021 0.009554147 0.9599443 0.02205026 0.623031 0.07210063 0.6207917 0.05949807 0.6349768 0.05952036 0.623031 0.07210063 0.6349768 0.05952036 0.6339459 0.07211709 0.6339459 0.07211709 0.6349768 0.05952036 0.6479874 0.06589269 0.6339459 0.07211709 0.6479874 0.06589269 0.6472697 0.07213354 0.6188265 0.8127754 0.6139744 0.8221467 0.6145166 0.8099136 0.6145166 0.8099136 0.6139744 0.8221467 0.5992721 0.8248493 0.6145166 0.8099136 0.5992721 0.8248493 0.5993084 0.8127094 0.5993084 0.8127094 0.5992721 0.8248493 0.5859562 0.8288825 0.5993084 0.8127094 0.5859562 0.8288825 0.5855336 0.8168815 0.6207917 0.05949807 0.6242854 0.04775536 0.6379975 0.04777663 0.6207917 0.05949807 0.6379975 0.04777663 0.6349768 0.05952036 0.6349768 0.05952036 0.6379975 0.04777663 0.650009 0.05431336 0.6349768 0.05952036 0.650009 0.05431336 0.6501256 0.05981242 0.8127334 0.3559837 0.8130736 0.3589979 0.8112314 0.3529499 0.2651074 0.7643591 0.2643907 0.758479 0.2651074 0.7522594 0.6139744 0.8221467 0.6152725 0.8347693 0.5992721 0.8248493 0.5992721 0.8248493 0.6152725 0.8347693 0.6013771 0.8373237 0.5992721 0.8248493 0.6013771 0.8373237 0.5859562 0.8288825 0.5859562 0.8288825 0.6013771 0.8373237 0.5887905 0.8411359 0.5859562 0.8288825 0.5887905 0.8411359 0.5742442 0.8341802 0.5742442 0.8341802 0.5887905 0.8411359 0.5777198 0.8461433 0.6251491 0.3916672 0.6207922 0.3813814 0.6251491 0.3766464 0.9674435 0.1940186 0.9735715 0.03820115 0.9751092 0.1938686 0.9751092 0.1938686 0.9735715 0.03820115 0.9812374 0.03805226 0.9726101 0.2299035 0.9701604 0.233446 0.9593479 0.2302961 0.9646651 0.2395225 0.9601185 0.2433503 0.9540401 0.2415544 0.9090772 0.2272758 0.9094617 0.2233445 0.9111654 0.2208629 0.8959457 0.1939421 0.8964651 0.1939886 0.8978382 0.195918 0.8978382 0.195918 0.8964651 0.1939886 0.9140061 0.1958754 0.8978382 0.195918 0.9140061 0.1958754 0.9027374 0.20224 0.9054894 0.2070553 0.913044 0.2083241 0.9081189 0.2137797 0.9081189 0.2137797 0.913044 0.2083241 0.9089115 0.2170804 0.9732406 0.2288619 0.9726101 0.2299035 0.9628865 0.2180814 0.647432 0.2651221 0.648006 0.2684683 0.6349768 0.2747237 0.6349768 0.2747237 0.648006 0.2684683 0.6501256 0.2744684 0.6349768 0.2747237 0.6501256 0.2744684 0.6499654 0.2815757 0.6472697 0.2621473 0.647432 0.2651221 0.6339459 0.2621308 0.6339459 0.2621308 0.647432 0.2651221 0.6349768 0.2747237 0.9644149 0.2057449 0.9628865 0.2180814 0.9528367 0.20277 0.9528367 0.20277 0.9628865 0.2180814 0.9474523 0.2142313 0.9528367 0.20277 0.9474523 0.2142313 0.9488054 0.2018502 0.9488054 0.2018502 0.9474523 0.2142313 0.9319102 0.1985427 0.9319102 0.1985427 0.9474523 0.2142313 0.9307469 0.2109605 0.9319102 0.1985427 0.9307469 0.2109605 0.9258066 0.1975437 0.9258066 0.1975437 0.9307469 0.2109605 0.913044 0.2083241 0.9258066 0.1975437 0.913044 0.2083241 0.9140061 0.1958754 0.9140061 0.1958754 0.913044 0.2083241 0.9054894 0.2070553 0.9140061 0.1958754 0.9054894 0.2070553 0.9027374 0.20224 0.9726101 0.2299035 0.9593479 0.2302961 0.9628865 0.2180814 0.9628865 0.2180814 0.9593479 0.2302961 0.9444277 0.2265737 0.9628865 0.2180814 0.9444277 0.2265737 0.9474523 0.2142313 0.9474523 0.2142313 0.9444277 0.2265737 0.9282788 0.2234122 0.9474523 0.2142313 0.9282788 0.2234122 0.9307469 0.2109605 0.9307469 0.2109605 0.9282788 0.2234122 0.9111654 0.2208629 0.9307469 0.2109605 0.9111654 0.2208629 0.913044 0.2083241 0.913044 0.2083241 0.9111654 0.2208629 0.9094617 0.2233445 0.913044 0.2083241 0.9094617 0.2233445 0.9089115 0.2170804 0.9074354 0.232505 0.9090772 0.2272758 0.9084984 0.2326385 0.7831985 0.3897472 0.7824975 0.3840295 0.7831985 0.3776593 0.9084984 0.2326385 0.9111654 0.2208629 0.9246737 0.2350476 0.9246737 0.2350476 0.9111654 0.2208629 0.9282788 0.2234122 0.9246737 0.2350476 0.9282788 0.2234122 0.9399375 0.238036 0.9399375 0.238036 0.9282788 0.2234122 0.9444277 0.2265737 0.9399375 0.238036 0.9444277 0.2265737 0.9540401 0.2415544 0.9540401 0.2415544 0.9444277 0.2265737 0.9593479 0.2302961 0.9540401 0.2415544 0.9593479 0.2302961 0.9646651 0.2395225 0.9646651 0.2395225 0.9593479 0.2302961 0.9701604 0.233446 0.8996987 0.01580172 0.9030534 0.01322239 0.9035726 0.01326882 0.6472697 0.07213354 0.6472697 0.08480179 0.6468256 0.08522444 0.6472697 0.2494789 0.6472697 0.2621473 0.6468256 0.2490553 0.6468256 0.2490553 0.6472697 0.2621473 0.6339459 0.2621308 0.6468256 0.2490553 0.6339459 0.2621308 0.6365749 0.2490428 0.9674435 0.1940186 0.9644149 0.2057449 0.9528367 0.20277 0.9674435 0.1940186 0.9528367 0.20277 0.9735715 0.03820115 0.87578 0.1722081 0.8716776 0.1664247 0.8742126 0.165885 0.8742126 0.165885 0.8716776 0.1664247 0.8687389 0.1605765 0.87578 0.1722081 0.8742126 0.165885 0.8808656 0.1782516 0.8808656 0.1782516 0.8742126 0.165885 0.8996987 0.01580172 0.8808656 0.1782516 0.8996987 0.01580172 0.884956 0.1827168 0.8768894 0.03744488 0.8797913 0.03386265 0.8742126 0.165885 0.8742126 0.165885 0.8797913 0.03386265 0.8878817 0.02571564 0.8742126 0.165885 0.8878817 0.02571564 0.8996987 0.01580172 0.8687389 0.1605765 0.867612 0.1557709 0.8742126 0.165885 0.8742126 0.165885 0.867612 0.1557709 0.8675531 0.153621 0.8742126 0.165885 0.8675531 0.153621 0.8768894 0.03744488 0.8768894 0.03744488 0.8675531 0.153621 0.8716219 0.05016446 0.8768894 0.03744488 0.8716219 0.05016446 0.8733386 0.04331821 0.8733386 0.04331821 0.8716219 0.05016446 0.872547 0.04530853 0.6472697 0.07213354 0.6468256 0.08522444 0.6339459 0.07211709 0.6339459 0.07211709 0.6468256 0.08522444 0.6365749 0.08521187 0.9715225 0.02502512 0.9735715 0.03820115 0.9599443 0.02205026 0.9599443 0.02205026 0.9735715 0.03820115 0.9528367 0.20277 0.9599443 0.02205026 0.9528367 0.20277 0.9559129 0.02113056 0.9559129 0.02113056 0.9528367 0.20277 0.9488054 0.2018502 0.9559129 0.02113056 0.9488054 0.2018502 0.9390178 0.01782304 0.9390178 0.01782304 0.9488054 0.2018502 0.9319102 0.1985427 0.9390178 0.01782304 0.9319102 0.1985427 0.9329142 0.016824 0.9329142 0.016824 0.9319102 0.1985427 0.9258066 0.1975437 0.9329142 0.016824 0.9258066 0.1975437 0.9211136 0.01515567 0.9211136 0.01515567 0.9258066 0.1975437 0.9140061 0.1958754 0.9211136 0.01515567 0.9140061 0.1958754 0.9035726 0.01326882 0.9035726 0.01326882 0.9140061 0.1958754 0.8964651 0.1939886 0.9035726 0.01326882 0.8964651 0.1939886 0.8996987 0.01580172 0.8996987 0.01580172 0.8964651 0.1939886 0.8959457 0.1939421 0.8996987 0.01580172 0.8959457 0.1939421 0.884956 0.1827168 0.7545817 0.8262494 0.7543342 0.8267261 0.7543342 0.8260951 0.7694746 0.82648 0.769209 0.8259539 0.7694746 0.8258345 0.8464939 0.28239 0.8413933 0.2788059 0.8472571 0.2788068 0.5564007 0.75308 0.5588615 0.7503992 0.558036 0.7549331 0.7064694 0.7856894 0.7066714 0.7852889 0.706714 0.7860646 0.7064694 0.7856894 0.706714 0.7860646 0.706266 0.7860878 0.5564007 0.75308 0.558036 0.7549331 0.5533055 0.7556255 0.8532602 0.2788136 0.8530661 0.2838233 0.8487234 0.2839258 0.8532602 0.2788136 0.8487234 0.2839258 0.8472571 0.2788068 0.8472571 0.2788068 0.8487234 0.2839258 0.8470782 0.2827942 0.8472571 0.2788068 0.8470782 0.2827942 0.8464939 0.28239 0.706266 0.7860878 0.706714 0.7860646 0.703112 0.7919505 0.703112 0.7919505 0.706714 0.7860646 0.706968 0.7911846 0.703112 0.7919505 0.706968 0.7911846 0.7029174 0.792289 0.7029174 0.792289 0.706968 0.7911846 0.7071175 0.7951555 0.7029174 0.792289 0.7071175 0.7951555 0.7045964 0.7958151 0.8530661 0.2838233 0.8522857 0.2863223 0.8513126 0.2856773 0.8530661 0.2838233 0.8513126 0.2856773 0.8487234 0.2839258 0.8354554 0.7808112 0.8354275 0.7800588 0.8897879 0.7802987 0.8354554 0.7808112 0.8897879 0.7802987 0.8358294 0.785583 0.8897879 0.7802987 0.890183 0.7857338 0.8358294 0.785583 0.8358294 0.785583 0.890183 0.7857338 0.8902232 0.7860607 0.8358294 0.785583 0.8902232 0.7860607 0.8364937 0.7894805 0.8364937 0.7894805 0.8902232 0.7860607 0.8912051 0.7910027 0.7549259 0.3277324 0.7549459 0.3287131 0.6994507 0.3286454 0.6994507 0.3286454 0.7549459 0.3287131 0.7550504 0.3321299 0.6994507 0.3286454 0.7550504 0.3321299 0.6996585 0.3343378 0.6996585 0.3343378 0.7550504 0.3321299 0.7551547 0.3343321 0.6996585 0.3343378 0.7551547 0.3343321 0.755242 0.335686 0.6994507 0.3286454 0.6994433 0.3282876 0.7549259 0.3277324 0.7549259 0.3277324 0.6994433 0.3282876 0.6993928 0.324361 0.7549259 0.3277324 0.6993928 0.324361 0.7548778 0.3225854 0.7548778 0.3225854 0.6993928 0.324361 0.6993874 0.3225902 0.8532602 0.05544686 0.8532602 0.2788136 0.8472571 0.2788068 0.8413933 0.2788059 0.8413933 0.05543911 0.8472571 0.05544006 0.8413933 0.2788059 0.8472571 0.05544006 0.8472571 0.2788068 0.8472571 0.2788068 0.8472571 0.05544006 0.8477434 0.05544102 0.8472571 0.2788068 0.8477434 0.05544102 0.8532602 0.05544686 0.8824005 0.490045 0.8823206 0.5007548 0.876797 0.4963486 0.876797 0.4963486 0.8823206 0.5007548 0.8768783 0.509339 0.8768783 0.509339 0.8823206 0.5007548 0.8824647 0.5126407 0.8768783 0.509339 0.8824647 0.5126407 0.8769465 0.5126156 0.876797 0.4963486 0.876871 0.4900217 0.8824005 0.490045 0.8824005 0.490045 0.876871 0.4900217 0.8770484 0.4826775 0.8824005 0.490045 0.8770484 0.4826775 0.8832299 0.4674821 0.8832299 0.4674821 0.8770484 0.4826775 0.8776131 0.4690411 0.8832299 0.4674821 0.8776131 0.4690411 0.8834255 0.4642441 0.8834255 0.4642441 0.8776131 0.4690411 0.8784725 0.4560817 0.8834255 0.4642441 0.8784725 0.4560817 0.8851834 0.4435265 0.8851834 0.4435265 0.8784725 0.4560817 0.8796632 0.4435014 0.8368015 0.7257937 0.8872119 0.6963276 0.8354927 0.7623276 0.8354927 0.7623276 0.8872119 0.6963276 0.8897879 0.7802987 0.8354927 0.7623276 0.8897879 0.7802987 0.8354275 0.7800588 0.8769465 0.5126156 0.8824647 0.5126407 0.8668943 0.5457878 0.8668943 0.5457878 0.8824647 0.5126407 0.8844942 0.5970025 0.8668943 0.5457878 0.8844942 0.5970025 0.8577647 0.581223 0.8368015 0.7257937 0.8396903 0.6893488 0.8872119 0.6963276 0.8872119 0.6963276 0.8396903 0.6893488 0.8441522 0.6530625 0.8872119 0.6963276 0.8441522 0.6530625 0.8844942 0.5970025 0.8844942 0.5970025 0.8441522 0.6530625 0.8501812 0.6169967 0.8844942 0.5970025 0.8501812 0.6169967 0.8577647 0.581223 0.706714 0.7860646 0.7066714 0.7852889 0.7158883 0.7846661 0.8262935 0.2954616 0.8353319 0.2863697 0.8380501 0.2926492 0.7550504 0.3321299 0.7549459 0.3287131 0.7677354 0.3280022 0.7677354 0.3280022 0.7549459 0.3287131 0.7549259 0.3277324 0.8380501 0.2926492 0.8284107 0.30186 0.8262935 0.2954616 0.8262935 0.2954616 0.8284107 0.30186 0.8176683 0.30992 0.8262935 0.2954616 0.8176683 0.30992 0.8160717 0.3035061 0.8160717 0.3035061 0.8176683 0.30992 0.8061274 0.3166038 0.8160717 0.3035061 0.8061274 0.3166038 0.8050318 0.3102024 0.8050318 0.3102024 0.8061274 0.3166038 0.7938129 0.3219084 0.8050318 0.3102024 0.7938129 0.3219084 0.7932884 0.3155119 0.7932884 0.3155119 0.7938129 0.3219084 0.7809102 0.3257353 0.7932884 0.3155119 0.7809102 0.3257353 0.780819 0.319419 0.780819 0.319419 0.7809102 0.3257353 0.7677354 0.3280022 0.780819 0.319419 0.7677354 0.3280022 0.7679962 0.3217846 0.7679962 0.3217846 0.7677354 0.3280022 0.7549259 0.3277324 0.7679962 0.3217846 0.7549259 0.3277324 0.7548778 0.3225854 0.755242 0.335686 0.7551547 0.3343321 0.7685869 0.3335912 0.7685869 0.3335912 0.7551547 0.3343321 0.7550504 0.3321299 0.8354554 0.7808112 0.8358294 0.785583 0.822466 0.7856313 0.822466 0.7856313 0.8358294 0.785583 0.8364937 0.7894805 0.824362 0.7798712 0.8354275 0.7800588 0.8354554 0.7808112 0.8354554 0.7808112 0.822466 0.7856313 0.824362 0.7798712 0.824362 0.7798712 0.822466 0.7856313 0.8090024 0.7850124 0.824362 0.7798712 0.8090024 0.7850124 0.8123383 0.7793799 0.8123383 0.7793799 0.8090024 0.7850124 0.7961752 0.7840356 0.8123383 0.7793799 0.7961752 0.7840356 0.7999581 0.7785559 0.7999581 0.7785559 0.7961752 0.7840356 0.7888849 0.7774921 0.7682805 0.7784998 0.7745929 0.7833257 0.7623721 0.7854031 0.7682805 0.7784998 0.7623721 0.7854031 0.762477 0.7794398 0.7298606 0.7834766 0.743556 0.7820124 0.7493571 0.7872445 0.7493571 0.7872445 0.743556 0.7820124 0.7493679 0.7812948 0.7493571 0.7872445 0.7493679 0.7812948 0.7623721 0.7854031 0.7623721 0.7854031 0.7493679 0.7812948 0.7563763 0.780347 0.7623721 0.7854031 0.7563763 0.780347 0.762477 0.7794398 0.8424472 0.2964568 0.8513126 0.2856773 0.8522857 0.2863223 0.8380501 0.2926492 0.8470782 0.2827942 0.8487234 0.2839258 0.8353319 0.2863697 0.8413933 0.2788059 0.8380501 0.2926492 0.8380501 0.2926492 0.8413933 0.2788059 0.8464939 0.28239 0.8380501 0.2926492 0.8464939 0.28239 0.8470782 0.2827942 0.7493571 0.7872445 0.7355661 0.788848 0.7298606 0.7834766 0.7298606 0.7834766 0.7355661 0.788848 0.7213864 0.7901652 0.7298606 0.7834766 0.7213864 0.7901652 0.7158883 0.7846661 0.7158883 0.7846661 0.7213864 0.7901652 0.706968 0.7911846 0.7158883 0.7846661 0.706968 0.7911846 0.706714 0.7860646 0.8364937 0.7894805 0.8238336 0.7905269 0.822466 0.7856313 0.822466 0.7856313 0.8238336 0.7905269 0.8107657 0.7899389 0.822466 0.7856313 0.8107657 0.7899389 0.8090024 0.7850124 0.8090024 0.7850124 0.8107657 0.7899389 0.7983149 0.7889989 0.8090024 0.7850124 0.7983149 0.7889989 0.7961752 0.7840356 0.7745929 0.7833257 0.7727831 0.7886101 0.760922 0.7906275 0.7745929 0.7833257 0.760922 0.7906275 0.7623721 0.7854031 0.7623721 0.7854031 0.760922 0.7906275 0.7482899 0.7924147 0.7623721 0.7854031 0.7482899 0.7924147 0.7493571 0.7872445 0.7493571 0.7872445 0.7482899 0.7924147 0.7349033 0.793964 0.7493571 0.7872445 0.7349033 0.793964 0.7355661 0.788848 0.7355661 0.788848 0.7349033 0.793964 0.7211399 0.7952348 0.7355661 0.788848 0.7211399 0.7952348 0.7213864 0.7901652 0.7213864 0.7901652 0.7211399 0.7952348 0.7071175 0.7951555 0.7213864 0.7901652 0.7071175 0.7951555 0.706968 0.7911846 0.7550504 0.3321299 0.7677354 0.3280022 0.7685869 0.3335912 0.7685869 0.3335912 0.7677354 0.3280022 0.7809102 0.3257353 0.7685869 0.3335912 0.7809102 0.3257353 0.7824269 0.331214 0.7824269 0.331214 0.7809102 0.3257353 0.7938129 0.3219084 0.7824269 0.331214 0.7938129 0.3219084 0.7959816 0.3271957 0.7959816 0.3271957 0.7938129 0.3219084 0.8061274 0.3166038 0.7959816 0.3271957 0.8061274 0.3166038 0.8089186 0.3216251 0.8089186 0.3216251 0.8061274 0.3166038 0.8176683 0.30992 0.8089186 0.3216251 0.8176683 0.30992 0.8210419 0.3146028 0.8210419 0.3146028 0.8176683 0.30992 0.8284107 0.30186 0.8210419 0.3146028 0.8284107 0.30186 0.8323245 0.3061347 0.8323245 0.3061347 0.8284107 0.30186 0.8380501 0.2926492 0.8323245 0.3061347 0.8380501 0.2926492 0.8424472 0.2964568 0.8424472 0.2964568 0.8380501 0.2926492 0.8487234 0.2839258 0.8424472 0.2964568 0.8487234 0.2839258 0.8513126 0.2856773 0.706266 0.7860878 0.703112 0.7919505 0.6856175 0.7847744 0.4995868 0.7194901 0.4995583 0.718728 0.5109468 0.7195829 0.4984416 0.7316216 0.4994211 0.7253934 0.5055908 0.7321245 0.5055908 0.7321245 0.4994211 0.7253934 0.5084418 0.726082 0.703112 0.7919505 0.7029174 0.792289 0.6856175 0.7847744 0.5472946 0.7402947 0.5588615 0.7503992 0.5450338 0.7434398 0.5472946 0.7402947 0.5450338 0.7434398 0.5405415 0.7361786 0.5405415 0.7361786 0.5450338 0.7434398 0.5332384 0.7326352 0.4994211 0.7253934 0.4995868 0.7194901 0.5084418 0.726082 0.5084418 0.726082 0.4995868 0.7194901 0.5109468 0.7195829 0.5084418 0.726082 0.5109468 0.7195829 0.5170851 0.7275171 0.5588615 0.7503992 0.5564007 0.75308 0.5450338 0.7434398 0.5450338 0.7434398 0.5564007 0.75308 0.5533055 0.7556255 0.5450338 0.7434398 0.5533055 0.7556255 0.5424857 0.7461478 0.5389592 0.7437531 0.5295932 0.7386777 0.5315374 0.7358499 0.5315374 0.7358499 0.5295932 0.7386777 0.5238696 0.7363528 0.5315374 0.7358499 0.5238696 0.7363528 0.5253638 0.7297106 0.5253638 0.7297106 0.5238696 0.7363528 0.5223519 0.7358227 0.5253638 0.7297106 0.5223519 0.7358227 0.5170851 0.7275171 0.5170851 0.7275171 0.5223519 0.7358227 0.5147292 0.7336758 0.5170851 0.7275171 0.5147292 0.7336758 0.5084418 0.726082 0.5084418 0.726082 0.5147292 0.7336758 0.5067633 0.7322638 0.5084418 0.726082 0.5067633 0.7322638 0.5055908 0.7321245 0.7066714 0.7852889 0.7064694 0.7856894 0.6885058 0.7784224 0.6885058 0.7784224 0.7064694 0.7856894 0.706266 0.7860878 0.6885058 0.7784224 0.706266 0.7860878 0.6867759 0.7816352 0.6867759 0.7816352 0.706266 0.7860878 0.6856175 0.7847744 0.6867759 0.7816352 0.6856175 0.7847744 0.6775836 0.7785501 0.6775836 0.7785501 0.6856175 0.7847744 0.676737 0.7816662 0.6775836 0.7785501 0.676737 0.7816662 0.6683545 0.7758305 0.53456 0.729258 0.5405415 0.7361786 0.5332384 0.7326352 0.5109468 0.7195829 0.5183244 0.7208092 0.5170851 0.7275171 0.5170851 0.7275171 0.5183244 0.7208092 0.5205764 0.7212966 0.5170851 0.7275171 0.5205764 0.7212966 0.5253638 0.7297106 0.5253638 0.7297106 0.5205764 0.7212966 0.5307903 0.7242251 0.6588895 0.7765887 0.6637382 0.7711884 0.6691206 0.7725385 0.5424857 0.7461478 0.5389592 0.7437531 0.5450338 0.7434398 0.5450338 0.7434398 0.5389592 0.7437531 0.5315374 0.7358499 0.5450338 0.7434398 0.5315374 0.7358499 0.5332384 0.7326352 0.5332384 0.7326352 0.5315374 0.7358499 0.5253638 0.7297106 0.5332384 0.7326352 0.5253638 0.7297106 0.53456 0.729258 0.6683545 0.7758305 0.6588895 0.7765887 0.6691206 0.7725385 0.6683545 0.7758305 0.6691206 0.7725385 0.6775836 0.7785501 0.6775836 0.7785501 0.6691206 0.7725385 0.6838469 0.7768673 0.6775836 0.7785501 0.6838469 0.7768673 0.6867759 0.7816352 0.6867759 0.7816352 0.6838469 0.7768673 0.688073 0.7782735 0.6867759 0.7816352 0.688073 0.7782735 0.6885058 0.7784224 0.738975 0.3674306 0.7387672 0.3619783 0.738975 0.3497846 0.7824151 0.3598996 0.782568 0.3497846 0.782568 0.3629004 0.377147 0.8616575 0.3770193 0.8581135 0.3771575 0.8553664 0.3770193 0.8581135 0.3769854 0.8553649 0.3771575 0.8553664 0.3771575 0.8553664 0.3769854 0.8553649 0.3767511 0.8426681 0.3771575 0.8553664 0.3767511 0.8426681 0.3771523 0.8398886 0.3771523 0.8398886 0.3767511 0.8426681 0.376309 0.8276947 0.3771523 0.8398886 0.376309 0.8276947 0.3770985 0.8240859 0.376309 0.8276947 0.3761729 0.8240806 0.3770985 0.8240859 0.3770985 0.8240859 0.3761729 0.8240806 0.3757126 0.8136497 0.3770985 0.8240859 0.3757126 0.8136497 0.3769568 0.8045719 0.3769568 0.8045719 0.3757126 0.8136497 0.3749087 0.7993721 0.3769568 0.8045719 0.3749087 0.7993721 0.3768523 0.7949698 0.3768523 0.7949698 0.3749087 0.7993721 0.3746151 0.7949572 0.3768523 0.7949698 0.3746151 0.7949572 0.3767729 0.7889016 0.3767729 0.7889016 0.3746151 0.7949572 0.3739646 0.7862271 0.3767729 0.7889016 0.3739646 0.7862271 0.3765428 0.7748209 0.3765428 0.7748209 0.3739646 0.7862271 0.3729013 0.7741874 0.1253643 0.8738345 0.1310076 0.873834 0.1264575 0.8872199 0.1264575 0.8872199 0.1310076 0.873834 0.1310296 0.8863587 0.1264575 0.8872199 0.1310296 0.8863587 0.1274261 0.8992533 0.1274261 0.8992533 0.1310296 0.8863587 0.1310453 0.8940004 0.1274261 0.8992533 0.1310453 0.8940004 0.1310585 0.8998703 0.373253 0.9688438 0.3736908 0.9636092 0.3759305 0.9636204 0.26453 0.6920391 0.26453 0.710565 0.2643887 0.7079122 0.7535204 0.3912015 0.7533792 0.3889037 0.7535204 0.3776594 0.3764945 0.9345914 0.3759499 0.9264719 0.3767435 0.9170197 0.3767435 0.9170197 0.3759499 0.9264719 0.3765136 0.9110609 0.3767435 0.9170197 0.3765136 0.9110609 0.3768953 0.9033607 0.7532694 0.384232 0.7535204 0.3776594 0.7533792 0.3889037 0.3759305 0.9636204 0.3736908 0.9636092 0.376172 0.9524729 0.3736908 0.9636092 0.3742964 0.955618 0.376172 0.9524729 0.376172 0.9524729 0.3742964 0.955618 0.3751873 0.9417209 0.376172 0.9524729 0.3751873 0.9417209 0.3764945 0.9345914 0.3764945 0.9345914 0.3751873 0.9417209 0.3755712 0.934587 0.3764945 0.9345914 0.3755712 0.934587 0.3759499 0.9264719 0.373253 0.9688438 0.3759305 0.9636204 0.3720023 0.9819207 0.3720023 0.9819207 0.3759305 0.9636204 0.3754391 0.9824047 0.8857153 0.4148921 0.8890119 0.4153833 0.8838834 0.4227625 0.8838834 0.4227625 0.8890119 0.4153833 0.8878369 0.422778 0.8838834 0.4227625 0.8878369 0.422778 0.8826637 0.4283544 0.8826637 0.4283544 0.8878369 0.422778 0.8869065 0.429306 0.8826637 0.4283544 0.8869065 0.429306 0.8800568 0.4413911 0.8800568 0.4413911 0.8869065 0.429306 0.8851834 0.4435265 0.8800568 0.4413911 0.8851834 0.4435265 0.8796632 0.4435014 0.7210011 0.4718689 0.724686 0.4829908 0.7194991 0.4724298 0.7257929 0.4715014 0.724686 0.4829908 0.7241786 0.4714008 0.7273841 0.4718225 0.724686 0.4829908 0.7257929 0.4715014 0.7225707 0.4715246 0.7241786 0.4714008 0.724686 0.4829908 0.7317219 0.4740314 0.724686 0.4829908 0.7303778 0.4730991 0.7329288 0.4751339 0.724686 0.4829908 0.7317219 0.4740314 0.7289229 0.4723602 0.7303778 0.4730991 0.724686 0.4829908 0.7273841 0.4718225 0.7289229 0.4723602 0.724686 0.4829908 0.7352249 0.4785537 0.724686 0.4829908 0.7344612 0.4771146 0.7357857 0.4800778 0.724686 0.4829908 0.7352249 0.4785537 0.7337465 0.4760856 0.7344612 0.4771146 0.724686 0.4829908 0.7329288 0.4751339 0.7337465 0.4760856 0.724686 0.4829908 0.8645227 0.4399617 0.867886 0.4406697 0.8574397 0.443337 0.724686 0.4829908 0.7362568 0.4832732 0.7381539 0.4843254 0.7361318 0.4816639 0.7362568 0.4832732 0.724686 0.4829908 0.7357857 0.4800778 0.7361318 0.4816639 0.724686 0.4829908 0.6511389 0.4683448 0.6627475 0.46166 0.6552144 0.4731378 0.7276503 0.4389869 0.7213428 0.4385961 0.7257645 0.4362055 0.7257645 0.4362055 0.7213428 0.4385961 0.7213266 0.4374356 0.7141329 0.4621126 0.7113367 0.4636291 0.6988663 0.4449753 0.6988663 0.4449753 0.7113367 0.4636291 0.6975741 0.4455826 0.6988663 0.4449753 0.6975741 0.4455826 0.6974438 0.4455246 0.6511389 0.4683448 0.6552144 0.4731378 0.6402 0.4753544 0.6402 0.4753544 0.6552144 0.4731378 0.6460015 0.4795904 0.6402 0.4753544 0.6460015 0.4795904 0.6338287 0.4798109 0.6723261 0.4798805 0.6589479 0.4796136 0.6552144 0.4731378 0.6552144 0.4731378 0.6589479 0.4796136 0.6544767 0.4795788 0.6552144 0.4731378 0.6544767 0.4795788 0.6460015 0.4795904 0.6996551 0.4811068 0.6859543 0.4803835 0.6778247 0.4755981 0.6778247 0.4755981 0.6859543 0.4803835 0.6773164 0.4800391 0.6778247 0.4755981 0.6773164 0.4800391 0.6723261 0.4798805 0.724686 0.4829908 0.7132558 0.4820392 0.7130397 0.4808747 0.7130397 0.4808747 0.7132558 0.4820392 0.6996551 0.4811068 0.7130397 0.4808747 0.6996551 0.4811068 0.7012737 0.478925 0.7012737 0.478925 0.6996551 0.4811068 0.6778247 0.4755981 0.7582833 0.4842712 0.7632559 0.4875015 0.751064 0.485838 0.846862 0.4965788 0.8420526 0.4989231 0.8312583 0.494074 0.8681174 0.5035459 0.8654982 0.5084086 0.8535166 0.5037201 0.8768783 0.509339 0.8769465 0.5126156 0.8654982 0.5084086 0.8654982 0.5084086 0.8681174 0.5035459 0.8768783 0.509339 0.8768783 0.509339 0.8681174 0.5035459 0.8705684 0.4933041 0.8768783 0.509339 0.8705684 0.4933041 0.876797 0.4963486 0.876797 0.4963486 0.8705684 0.4933041 0.876871 0.4900217 0.876871 0.4900217 0.8705684 0.4933041 0.8721669 0.4828805 0.876871 0.4900217 0.8721669 0.4828805 0.8770484 0.4826775 0.8770484 0.4826775 0.8721669 0.4828805 0.8728822 0.4724763 0.8770484 0.4826775 0.8728822 0.4724763 0.8776131 0.4690411 0.867886 0.4406697 0.8796632 0.4435014 0.8706988 0.4475207 0.8706988 0.4475207 0.8796632 0.4435014 0.8784725 0.4560817 0.8706988 0.4475207 0.8784725 0.4560817 0.8719586 0.4547412 0.8719586 0.4547412 0.8784725 0.4560817 0.8776131 0.4690411 0.8719586 0.4547412 0.8776131 0.4690411 0.8727018 0.4622867 0.8727018 0.4622867 0.8776131 0.4690411 0.8728822 0.4724763 0.8574397 0.443337 0.867886 0.4406697 0.8595378 0.4510411 0.7428295 0.4332576 0.7431908 0.4322789 0.749836 0.4368244 0.749836 0.4368244 0.7431908 0.4322789 0.743806 0.4321668 0.743806 0.4321668 0.7478654 0.4314859 0.749836 0.4368244 0.8446193 0.4425652 0.8472635 0.4371107 0.8552607 0.4382615 0.8446193 0.4425652 0.8552607 0.4382615 0.8469988 0.4484608 0.7338661 0.4402403 0.7351171 0.4339115 0.7398775 0.4423331 0.7398775 0.4423331 0.7351171 0.4339115 0.7409363 0.4327006 0.7276503 0.4389869 0.7257645 0.4362055 0.7338661 0.4402403 0.7338661 0.4402403 0.7257645 0.4362055 0.7314351 0.4347664 0.7338661 0.4402403 0.7314351 0.4347664 0.7351171 0.4339115 0.867886 0.4406697 0.8706988 0.4475207 0.8595378 0.4510411 0.8595378 0.4510411 0.8706988 0.4475207 0.8719586 0.4547412 0.8595378 0.4510411 0.8719586 0.4547412 0.8606402 0.4573602 0.8606402 0.4573602 0.8719586 0.4547412 0.8727018 0.4622867 0.8606402 0.4573602 0.8727018 0.4622867 0.8612908 0.4639656 0.8612908 0.4639656 0.8727018 0.4622867 0.8728822 0.4724763 0.8612908 0.4639656 0.8728822 0.4724763 0.8614481 0.4728825 0.8614481 0.4728825 0.8728822 0.4724763 0.8721669 0.4828805 0.8614481 0.4728825 0.8721669 0.4828805 0.8608226 0.4819889 0.8608226 0.4819889 0.8721669 0.4828805 0.8705684 0.4933041 0.8608226 0.4819889 0.8705684 0.4933041 0.8594236 0.4911127 0.8594236 0.4911127 0.8705684 0.4933041 0.8681174 0.5035459 0.8594236 0.4911127 0.8681174 0.5035459 0.8572784 0.5000759 0.8572784 0.5000759 0.8681174 0.5035459 0.8535166 0.5037201 0.8572784 0.5000759 0.8535166 0.5037201 0.8420526 0.4989231 0.8420526 0.4989231 0.846862 0.4965788 0.8572784 0.5000759 0.8572784 0.5000759 0.846862 0.4965788 0.8486812 0.4889773 0.8572784 0.5000759 0.8486812 0.4889773 0.8594236 0.4911127 0.8594236 0.4911127 0.8486812 0.4889773 0.8498675 0.4812384 0.8594236 0.4911127 0.8498675 0.4812384 0.8608226 0.4819889 0.8608226 0.4819889 0.8498675 0.4812384 0.8503984 0.4735169 0.8608226 0.4819889 0.8503984 0.4735169 0.8614481 0.4728825 0.8614481 0.4728825 0.8503984 0.4735169 0.8502646 0.465954 0.8614481 0.4728825 0.8502646 0.465954 0.8612908 0.4639656 0.8612908 0.4639656 0.8502646 0.465954 0.8497131 0.4603525 0.8612908 0.4639656 0.8497131 0.4603525 0.8606402 0.4573602 0.8606402 0.4573602 0.8497131 0.4603525 0.8487778 0.4549927 0.8606402 0.4573602 0.8487778 0.4549927 0.8595378 0.4510411 0.8595378 0.4510411 0.8487778 0.4549927 0.8469988 0.4484608 0.8595378 0.4510411 0.8469988 0.4484608 0.8574397 0.443337 0.8574397 0.443337 0.8469988 0.4484608 0.8552607 0.4382615 0.8574397 0.443337 0.8552607 0.4382615 0.8645227 0.4399617 0.8312583 0.494074 0.8369653 0.4930856 0.846862 0.4965788 0.846862 0.4965788 0.8369653 0.4930856 0.8384413 0.4869192 0.846862 0.4965788 0.8384413 0.4869192 0.8486812 0.4889773 0.8486812 0.4889773 0.8384413 0.4869192 0.8394041 0.4806388 0.8486812 0.4889773 0.8394041 0.4806388 0.8498675 0.4812384 0.8498675 0.4812384 0.8394041 0.4806388 0.8398349 0.4743738 0.8498675 0.4812384 0.8398349 0.4743738 0.8503984 0.4735169 0.8503984 0.4735169 0.8398349 0.4743738 0.8397266 0.4682364 0.8503984 0.4735169 0.8397266 0.4682364 0.8502646 0.465954 0.8502646 0.465954 0.8397266 0.4682364 0.8392785 0.4636909 0.8502646 0.465954 0.8392785 0.4636909 0.8497131 0.4603525 0.8497131 0.4603525 0.8392785 0.4636909 0.8385202 0.4593409 0.8497131 0.4603525 0.8385202 0.4593409 0.8487778 0.4549927 0.8487778 0.4549927 0.8385202 0.4593409 0.8370766 0.4540391 0.8487778 0.4549927 0.8370766 0.4540391 0.8469988 0.4484608 0.7563062 0.4413118 0.7508135 0.448867 0.7455634 0.4452267 0.7563062 0.4413118 0.7455634 0.4452267 0.749836 0.4368244 0.749836 0.4368244 0.7455634 0.4452267 0.7398775 0.4423331 0.749836 0.4368244 0.7398775 0.4423331 0.7428295 0.4332576 0.7428295 0.4332576 0.7398775 0.4423331 0.7409363 0.4327006 0.7428295 0.4332576 0.7409363 0.4327006 0.7431908 0.4322789 0.6988663 0.4449753 0.7002218 0.4444608 0.7141329 0.4621126 0.7141329 0.4621126 0.7002218 0.4444608 0.7130897 0.4399501 0.7141329 0.4621126 0.7130897 0.4399501 0.7171221 0.4610024 0.7171221 0.4610024 0.7130897 0.4399501 0.7151623 0.4392886 0.7171221 0.4610024 0.7151623 0.4392886 0.7202467 0.4603177 0.7202467 0.4603177 0.7151623 0.4392886 0.7224992 0.4491029 0.7202467 0.4603177 0.7224992 0.4491029 0.7234473 0.4600701 0.7234473 0.4600701 0.7224992 0.4491029 0.7272821 0.4493969 0.7234473 0.4600701 0.7272821 0.4493969 0.726661 0.4602674 0.726661 0.4602674 0.7272821 0.4493969 0.7319959 0.4503448 0.726661 0.4602674 0.7319959 0.4503448 0.7298282 0.4609057 0.7298282 0.4609057 0.7319959 0.4503448 0.7365539 0.4519346 0.7298282 0.4609057 0.7365539 0.4519346 0.7328911 0.4619734 0.7328911 0.4619734 0.7365539 0.4519346 0.7408657 0.4541281 0.7328911 0.4619734 0.7408657 0.4541281 0.7357882 0.4634511 0.7357882 0.4634511 0.7408657 0.4541281 0.7448472 0.4568902 0.7357882 0.4634511 0.7448472 0.4568902 0.7384632 0.4653041 0.7384632 0.4653041 0.7448472 0.4568902 0.7484232 0.4601591 0.7384632 0.4653041 0.7484232 0.4601591 0.7408663 0.4675014 0.7408663 0.4675014 0.7484232 0.4601591 0.7508459 0.4629753 0.7408663 0.4675014 0.7508459 0.4629753 0.7424942 0.4693931 0.7424942 0.4693931 0.7508459 0.4629753 0.7529631 0.4660198 0.7424942 0.4693931 0.7529631 0.4660198 0.7439168 0.4714395 0.7439168 0.4714395 0.7529631 0.4660198 0.7552263 0.4702867 0.7439168 0.4714395 0.7552263 0.4702867 0.7454374 0.4743061 0.7454374 0.4743061 0.7552263 0.4702867 0.7568862 0.4748089 0.7454374 0.4743061 0.7568862 0.4748089 0.7465526 0.4773428 0.7465526 0.4773428 0.7568862 0.4748089 0.7579126 0.4795014 0.7465526 0.4773428 0.7579126 0.4795014 0.7472423 0.4804956 0.7472423 0.4804956 0.7579126 0.4795014 0.7582833 0.4842712 0.7472423 0.4804956 0.7582833 0.4842712 0.7474914 0.4837026 0.7474914 0.4837026 0.7582833 0.4842712 0.751064 0.485838 0.7474914 0.4837026 0.751064 0.485838 0.7381539 0.4843254 0.7632559 0.4875015 0.7582833 0.4842712 0.768532 0.4849792 0.768532 0.4849792 0.7582833 0.4842712 0.7579126 0.4795014 0.768532 0.4849792 0.7579126 0.4795014 0.7680432 0.4786852 0.7680432 0.4786852 0.7579126 0.4795014 0.7568862 0.4748089 0.7680432 0.4786852 0.7568862 0.4748089 0.7666903 0.4724956 0.7666903 0.4724956 0.7568862 0.4748089 0.7552263 0.4702867 0.7666903 0.4724956 0.7552263 0.4702867 0.7645006 0.4665343 0.7645006 0.4665343 0.7552263 0.4702867 0.7529631 0.4660198 0.7645006 0.4665343 0.7529631 0.4660198 0.7615162 0.4609096 0.7615162 0.4609096 0.7529631 0.4660198 0.7508459 0.4629753 0.7615162 0.4609096 0.7508459 0.4629753 0.7587239 0.4568902 0.7587239 0.4568902 0.7508459 0.4629753 0.7484232 0.4601591 0.7587239 0.4568902 0.7484232 0.4601591 0.7555293 0.4531803 0.7555293 0.4531803 0.7484232 0.4601591 0.7448472 0.4568902 0.7555293 0.4531803 0.7448472 0.4568902 0.7508135 0.448867 0.7508135 0.448867 0.7448472 0.4568902 0.7408657 0.4541281 0.7508135 0.448867 0.7408657 0.4541281 0.7455634 0.4452267 0.7455634 0.4452267 0.7408657 0.4541281 0.7365539 0.4519346 0.7455634 0.4452267 0.7365539 0.4519346 0.7398775 0.4423331 0.7398775 0.4423331 0.7365539 0.4519346 0.7319959 0.4503448 0.7398775 0.4423331 0.7319959 0.4503448 0.7338661 0.4402403 0.7338661 0.4402403 0.7319959 0.4503448 0.7272821 0.4493969 0.7338661 0.4402403 0.7272821 0.4493969 0.7276503 0.4389869 0.7276503 0.4389869 0.7272821 0.4493969 0.7224992 0.4491029 0.7276503 0.4389869 0.7224992 0.4491029 0.7213428 0.4385961 0.7213428 0.4385961 0.7224992 0.4491029 0.7151623 0.4392886 0.7213428 0.4385961 0.7151623 0.4392886 0.7213266 0.4374356 0.7210011 0.4718689 0.7225707 0.4715246 0.724686 0.4829908 0.7180947 0.4731919 0.7194991 0.4724298 0.724686 0.4829908 0.7381539 0.4843254 0.7362568 0.4832732 0.7474914 0.4837026 0.7474914 0.4837026 0.7362568 0.4832732 0.7361318 0.4816639 0.7474914 0.4837026 0.7361318 0.4816639 0.7472423 0.4804956 0.7472423 0.4804956 0.7361318 0.4816639 0.7357857 0.4800778 0.7472423 0.4804956 0.7357857 0.4800778 0.7465526 0.4773428 0.7465526 0.4773428 0.7357857 0.4800778 0.7352249 0.4785537 0.7465526 0.4773428 0.7352249 0.4785537 0.7454374 0.4743061 0.7454374 0.4743061 0.7352249 0.4785537 0.7344612 0.4771146 0.7454374 0.4743061 0.7344612 0.4771146 0.7439168 0.4714395 0.7439168 0.4714395 0.7344612 0.4771146 0.7337465 0.4760856 0.7439168 0.4714395 0.7337465 0.4760856 0.7424942 0.4693931 0.7424942 0.4693931 0.7337465 0.4760856 0.7329288 0.4751339 0.7424942 0.4693931 0.7329288 0.4751339 0.7408663 0.4675014 0.7408663 0.4675014 0.7329288 0.4751339 0.7317219 0.4740314 0.7408663 0.4675014 0.7317219 0.4740314 0.7384632 0.4653041 0.7384632 0.4653041 0.7317219 0.4740314 0.7303778 0.4730991 0.7384632 0.4653041 0.7303778 0.4730991 0.7357882 0.4634511 0.7357882 0.4634511 0.7303778 0.4730991 0.7289229 0.4723602 0.7357882 0.4634511 0.7289229 0.4723602 0.7328911 0.4619734 0.7328911 0.4619734 0.7289229 0.4723602 0.7273841 0.4718225 0.7328911 0.4619734 0.7273841 0.4718225 0.7298282 0.4609057 0.7298282 0.4609057 0.7273841 0.4718225 0.7257929 0.4715014 0.7298282 0.4609057 0.7257929 0.4715014 0.726661 0.4602674 0.726661 0.4602674 0.7257929 0.4715014 0.7241786 0.4714008 0.726661 0.4602674 0.7241786 0.4714008 0.7234473 0.4600701 0.7234473 0.4600701 0.7241786 0.4714008 0.7225707 0.4715246 0.7234473 0.4600701 0.7225707 0.4715246 0.7202467 0.4603177 0.7202467 0.4603177 0.7225707 0.4715246 0.7210011 0.4718689 0.7202467 0.4603177 0.7210011 0.4718689 0.7171221 0.4610024 0.7171221 0.4610024 0.7210011 0.4718689 0.7194991 0.4724298 0.7171221 0.4610024 0.7194991 0.4724298 0.7141329 0.4621126 0.7141329 0.4621126 0.7194991 0.4724298 0.7180947 0.4731919 0.7141329 0.4621126 0.7180947 0.4731919 0.7113367 0.4636291 0.6874367 0.449633 0.6913363 0.4479811 0.6884475 0.4533389 0.6884475 0.4533389 0.6913363 0.4479811 0.6927427 0.4491494 0.6884475 0.4533389 0.6927427 0.4491494 0.7066866 0.4675827 0.7066866 0.4675827 0.6927427 0.4491494 0.7088749 0.4654473 0.7066866 0.4675827 0.7088749 0.4654473 0.7157589 0.4751765 0.7157589 0.4751765 0.7088749 0.4654473 0.7168579 0.4741049 0.7157589 0.4751765 0.7168579 0.4741049 0.724686 0.4829908 0.6913363 0.4479811 0.6974438 0.4455246 0.6927427 0.4491494 0.6927427 0.4491494 0.6974438 0.4455246 0.6975741 0.4455826 0.6927427 0.4491494 0.6975741 0.4455826 0.7088749 0.4654473 0.7088749 0.4654473 0.6975741 0.4455826 0.7113367 0.4636291 0.7088749 0.4654473 0.7113367 0.4636291 0.7168579 0.4741049 0.7168579 0.4741049 0.7113367 0.4636291 0.7180947 0.4731919 0.7168579 0.4741049 0.7180947 0.4731919 0.724686 0.4829908 0.6627475 0.46166 0.6748943 0.455397 0.6815616 0.4636909 0.6815616 0.4636909 0.6748943 0.455397 0.6846386 0.4582673 0.6815616 0.4636909 0.6846386 0.4582673 0.7031782 0.4728554 0.7031782 0.4728554 0.6846386 0.4582673 0.7047459 0.4700933 0.7031782 0.4728554 0.7047459 0.4700933 0.7139961 0.4778264 0.7139961 0.4778264 0.7047459 0.4700933 0.7147839 0.4764376 0.7139961 0.4778264 0.7147839 0.4764376 0.724686 0.4829908 0.6748943 0.455397 0.6874367 0.449633 0.6846386 0.4582673 0.6846386 0.4582673 0.6874367 0.449633 0.6884475 0.4533389 0.6846386 0.4582673 0.6884475 0.4533389 0.7047459 0.4700933 0.7047459 0.4700933 0.6884475 0.4533389 0.7066866 0.4675827 0.7047459 0.4700933 0.7066866 0.4675827 0.7147839 0.4764376 0.7147839 0.4764376 0.7066866 0.4675827 0.7157589 0.4751765 0.7147839 0.4764376 0.7157589 0.4751765 0.724686 0.4829908 0.6778247 0.4755981 0.6792758 0.4695053 0.7012737 0.478925 0.7012737 0.478925 0.6792758 0.4695053 0.7020134 0.4758186 0.7012737 0.478925 0.7020134 0.4758186 0.7130397 0.4808747 0.7130397 0.4808747 0.7020134 0.4758186 0.7134113 0.4793119 0.7130397 0.4808747 0.7134113 0.4793119 0.724686 0.4829908 0.6723261 0.4798805 0.6552144 0.4731378 0.6778247 0.4755981 0.6778247 0.4755981 0.6552144 0.4731378 0.6627475 0.46166 0.6778247 0.4755981 0.6627475 0.46166 0.6792758 0.4695053 0.6792758 0.4695053 0.6627475 0.46166 0.6815616 0.4636909 0.6792758 0.4695053 0.6815616 0.4636909 0.7020134 0.4758186 0.7020134 0.4758186 0.6815616 0.4636909 0.7031782 0.4728554 0.7020134 0.4758186 0.7031782 0.4728554 0.7134113 0.4793119 0.7134113 0.4793119 0.7031782 0.4728554 0.7139961 0.4778264 0.7134113 0.4793119 0.7139961 0.4778264 0.724686 0.4829908 0.4035357 0.7288556 0.4984416 0.7316216 0.5533055 0.7556255 0.5533055 0.7556255 0.4984416 0.7316216 0.5055908 0.7321245 0.5533055 0.7556255 0.5055908 0.7321245 0.5067633 0.7322638 0.5238696 0.7363528 0.5295932 0.7386777 0.5533055 0.7556255 0.5533055 0.7556255 0.5295932 0.7386777 0.5389592 0.7437531 0.5533055 0.7556255 0.5389592 0.7437531 0.5424857 0.7461478 0.5533055 0.7556255 0.3378756 0.7493547 0.4035357 0.7288556 0.4035357 0.7288556 0.3378756 0.7493547 0.3477072 0.7434321 0.4035357 0.7288556 0.3477072 0.7434321 0.3531112 0.7406313 0.3531112 0.7406313 0.3661497 0.7351264 0.4035357 0.7288556 0.4035357 0.7288556 0.3661497 0.7351264 0.3694213 0.7340123 0.4035357 0.7288556 0.3694213 0.7340123 0.3950209 0.7290104 0.3950209 0.7290104 0.3694213 0.7340123 0.3848589 0.7302019 0.5067633 0.7322638 0.5147292 0.7336758 0.5533055 0.7556255 0.5533055 0.7556255 0.5147292 0.7336758 0.5223519 0.7358227 0.5533055 0.7556255 0.5223519 0.7358227 0.5238696 0.7363528 0.3289283 0.7375017 0.3289117 0.7367318 0.3291313 0.7370994 0.3291313 0.7370994 0.3293568 0.7374669 0.3289283 0.7375017 0.3289283 0.7375017 0.3293568 0.7374669 0.3309842 0.7400394 0.3289283 0.7375017 0.3309842 0.7400394 0.3293725 0.7429601 0.3293725 0.7429601 0.3309842 0.7400394 0.3335872 0.7438383 0.3293725 0.7429601 0.3335872 0.7438383 0.3302656 0.7477918 0.3302656 0.7477918 0.3335872 0.7438383 0.3329451 0.7483798 0.3302656 0.7477918 0.3329451 0.7483798 0.330646 0.7492309 0.8513126 0.04858416 0.8530661 0.05043911 0.8487234 0.05032688 0.3335872 0.7438383 0.3356824 0.7466506 0.3329451 0.7483798 0.3329451 0.7483798 0.3356824 0.7466506 0.3378756 0.7493547 0.8530661 0.05043911 0.8532602 0.05544686 0.8487234 0.05032688 0.8487234 0.05032688 0.8532602 0.05544686 0.8477434 0.05544102 0.8487234 0.05032688 0.8477434 0.05544102 0.8470782 0.05145454 0.8470782 0.05145454 0.8477434 0.05544102 0.8472571 0.05544006 0.8470782 0.05145454 0.8472571 0.05544006 0.8464939 0.05185884 0.8464939 0.05185884 0.8472571 0.05544006 0.8413933 0.05543911 0.07548242 0.5264836 0.07548731 0.5250295 0.1310561 0.5250281 0.7549214 0.006597638 0.7548773 0.01167601 0.6993874 0.01164889 0.7549214 0.006597638 0.6993874 0.01164889 0.6994556 0.005408108 0.7549214 0.006597638 0.6994556 0.005408108 0.7549425 0.005552172 0.7549425 0.005552172 0.6994556 0.005408108 0.6996556 5.80271e-6 0.7549425 0.005552172 0.6996556 5.80271e-6 0.7550469 0.002088963 0.7550469 0.002088963 0.6996556 5.80271e-6 0.7551454 9.67119e-7 0.07548242 0.5264836 0.1310561 0.5250281 0.07547408 0.5304512 0.07547408 0.5304512 0.1310561 0.5250281 0.1310439 0.529884 0.07547408 0.5304512 0.1310439 0.529884 0.07546967 0.5348777 0.07546967 0.5348777 0.1310439 0.529884 0.131038 0.5360871 0.07546967 0.5348777 0.131038 0.5360871 0.07546871 0.5360885 0.1253231 0.8053214 0.1309644 0.8053214 0.1253222 0.8190922 0.1253222 0.8190922 0.1309644 0.8053214 0.1309635 0.8138083 0.1253222 0.8190922 0.1309635 0.8138083 0.1253256 0.8328185 0.1253256 0.8328185 0.1309635 0.8138083 0.1309654 0.8276377 0.1253256 0.8328185 0.1309654 0.8276377 0.1253334 0.846319 0.1310076 0.873834 0.1253643 0.8738345 0.1310042 0.8717373 0.1310042 0.8717373 0.1253643 0.8738345 0.1253604 0.8713123 0.1310042 0.8717373 0.1253604 0.8713123 0.1309919 0.8628476 0.1309919 0.8628476 0.1253604 0.8713123 0.1253452 0.8594196 0.1309919 0.8628476 0.1253452 0.8594196 0.1309816 0.8533756 0.1309816 0.8533756 0.1253452 0.8594196 0.1253393 0.8533756 0.1309816 0.8533756 0.1253393 0.8533756 0.1309782 0.8494075 0.1309782 0.8494075 0.1253393 0.8533756 0.1253334 0.846319 0.1309782 0.8494075 0.1253334 0.846319 0.1309713 0.8402919 0.1309713 0.8402919 0.1253334 0.846319 0.1309654 0.8276377 0.4944386 0.6681361 0.4939141 0.6635712 0.50418 0.666314 0.486063 0.6038227 0.4840521 0.5904725 0.4934445 0.5919309 0.6289159 0.5790025 0.6296149 0.5562946 0.6371371 0.5557336 0.486063 0.6038227 0.4934445 0.5919309 0.4892963 0.6267588 0.4944386 0.6681361 0.50418 0.666314 0.4978877 0.7007937 0.6429926 0.7672967 0.6410372 0.7516197 0.6502997 0.7684127 0.6502997 0.7684127 0.6410372 0.7516197 0.6513742 0.7515249 0.6502997 0.7684127 0.6513742 0.7515249 0.6526218 0.7688286 0.6526218 0.7688286 0.6513742 0.7515249 0.6624636 0.7512909 0.6526218 0.7688286 0.6624636 0.7512909 0.6637382 0.7711884 0.6637382 0.7711884 0.6624636 0.7512909 0.6691206 0.7725385 0.6691206 0.7725385 0.6624636 0.7512909 0.6741957 0.7509098 0.6691206 0.7725385 0.6741957 0.7509098 0.6838469 0.7768673 0.6838469 0.7768673 0.6741957 0.7509098 0.688073 0.7782735 0.688073 0.7782735 0.6741957 0.7509098 0.6864308 0.7503818 0.688073 0.7782735 0.6864308 0.7503818 0.6885058 0.7784224 0.6885058 0.7784224 0.6864308 0.7503818 0.6989997 0.7497009 0.6885058 0.7784224 0.6989997 0.7497009 0.7066714 0.7852889 0.7066714 0.7852889 0.6989997 0.7497009 0.7117122 0.7488769 0.7066714 0.7852889 0.7117122 0.7488769 0.7158883 0.7846661 0.7158883 0.7846661 0.7117122 0.7488769 0.7243659 0.7479175 0.7158883 0.7846661 0.7243659 0.7479175 0.7298606 0.7834766 0.7298606 0.7834766 0.7243659 0.7479175 0.7367548 0.7468363 0.7298606 0.7834766 0.7367548 0.7468363 0.743556 0.7820124 0.743556 0.7820124 0.7367548 0.7468363 0.7486826 0.7456545 0.743556 0.7820124 0.7486826 0.7456545 0.7493679 0.7812948 0.7493679 0.7812948 0.7486826 0.7456545 0.7563763 0.780347 0.7563763 0.780347 0.7486826 0.7456545 0.759972 0.7443915 0.7563763 0.780347 0.759972 0.7443915 0.762477 0.7794398 0.762477 0.7794398 0.759972 0.7443915 0.7704727 0.7430704 0.762477 0.7794398 0.7704727 0.7430704 0.7682805 0.7784998 0.7888849 0.7774921 0.7939737 0.7435559 0.8044636 0.7449389 0.7888849 0.7774921 0.8044636 0.7449389 0.7999581 0.7785559 0.7999581 0.7785559 0.8044636 0.7449389 0.8152192 0.7461265 0.7999581 0.7785559 0.8152192 0.7461265 0.8123383 0.7793799 0.8123383 0.7793799 0.8152192 0.7461265 0.8260655 0.7471168 0.8123383 0.7793799 0.8260655 0.7471168 0.824362 0.7798712 0.824362 0.7798712 0.8260655 0.7471168 0.8354927 0.7623276 0.824362 0.7798712 0.8354927 0.7623276 0.8354275 0.7800588 0.8654982 0.5084086 0.8769465 0.5126156 0.8668943 0.5457878 0.8668943 0.5457878 0.8580211 0.5409657 0.8654982 0.5084086 0.8654982 0.5084086 0.8580211 0.5409657 0.8476052 0.5374009 0.8654982 0.5084086 0.8476052 0.5374009 0.8535166 0.5037201 0.8535166 0.5037201 0.8476052 0.5374009 0.8372864 0.5336446 0.8535166 0.5037201 0.8372864 0.5336446 0.8420526 0.4989231 0.6837484 0.5171069 0.6996551 0.4811068 0.6963217 0.5175788 0.6963217 0.5175788 0.6996551 0.4811068 0.7132558 0.4820392 0.6963217 0.5175788 0.7132558 0.4820392 0.7090489 0.5181978 0.7090489 0.5181978 0.7132558 0.4820392 0.724686 0.4829908 0.7090489 0.5181978 0.724686 0.4829908 0.7217276 0.5189638 0.7217276 0.5189638 0.724686 0.4829908 0.7381539 0.4843254 0.7217276 0.5189638 0.7381539 0.4843254 0.7341518 0.5198574 0.7341518 0.5198574 0.7381539 0.4843254 0.751064 0.485838 0.7341518 0.5198574 0.751064 0.485838 0.7461247 0.5208671 0.7461247 0.5208671 0.751064 0.485838 0.7632559 0.4875015 0.7461247 0.5208671 0.7632559 0.4875015 0.7574676 0.5219734 0.8176242 0.5257259 0.8312583 0.494074 0.8420526 0.4989231 0.7574676 0.5219734 0.7745929 0.4892925 0.768029 0.5231572 0.8272332 0.5297355 0.8420526 0.4989231 0.8372864 0.5336446 0.6598028 0.5166117 0.6723261 0.4798805 0.6715197 0.5167858 0.6715197 0.5167858 0.6723261 0.4798805 0.6773164 0.4800391 0.6715197 0.5167858 0.6773164 0.4800391 0.6837484 0.5171069 0.6837484 0.5171069 0.6773164 0.4800391 0.6859543 0.4803835 0.6837484 0.5171069 0.6859543 0.4803835 0.6996551 0.4811068 0.6313464 0.5182945 0.6338287 0.4798109 0.6384332 0.5166775 0.6384332 0.5166775 0.6338287 0.4798109 0.6460015 0.4795904 0.6384332 0.5166775 0.6460015 0.4795904 0.6487383 0.5165808 0.6487383 0.5165808 0.6460015 0.4795904 0.6544767 0.4795788 0.6487383 0.5165808 0.6544767 0.4795788 0.6598028 0.5166117 0.6598028 0.5166117 0.6544767 0.4795788 0.6589479 0.4796136 0.6598028 0.5166117 0.6589479 0.4796136 0.6723261 0.4798805 0.8441522 0.6530625 0.8396903 0.6893488 0.8357334 0.64302 0.8357334 0.64302 0.8396903 0.6893488 0.831096 0.6775655 0.8357334 0.64302 0.831096 0.6775655 0.825019 0.6407299 0.825019 0.6407299 0.831096 0.6775655 0.8203188 0.6757066 0.825019 0.6407299 0.8203188 0.6757066 0.8143976 0.6382424 0.8143976 0.6382424 0.8203188 0.6757066 0.8096338 0.6736525 0.8143976 0.6382424 0.8096338 0.6736525 0.8040416 0.6355828 0.8040416 0.6355828 0.8096338 0.6736525 0.799214 0.6714146 0.7663496 0.6331109 0.7670849 0.6698421 0.755791 0.6331766 0.755791 0.6331766 0.7670849 0.6698421 0.7565396 0.6703295 0.755791 0.6331766 0.7565396 0.6703295 0.7444477 0.633254 0.7444477 0.633254 0.7565396 0.6703295 0.745208 0.6708014 0.7444477 0.633254 0.745208 0.6708014 0.7324715 0.6333391 0.7324715 0.6333391 0.745208 0.6708014 0.7332425 0.671254 0.7324715 0.6333391 0.7332425 0.671254 0.7200408 0.633432 0.7200408 0.633432 0.7332425 0.671254 0.7208207 0.6716757 0.7200408 0.633432 0.7208207 0.6716757 0.7073528 0.6335325 0.7073528 0.6335325 0.7208207 0.6716757 0.7081391 0.6720625 0.7073528 0.6335325 0.7081391 0.6720625 0.6946138 0.6336331 0.6946138 0.6336331 0.7081391 0.6720625 0.6954045 0.6724069 0.6946138 0.6336331 0.6954045 0.6724069 0.6820258 0.6337376 0.6820258 0.6337376 0.6954045 0.6724069 0.6828194 0.6727008 0.6820258 0.6337376 0.6828194 0.6727008 0.6697804 0.6338459 0.6697804 0.6338459 0.6828194 0.6727008 0.6705746 0.6729484 0.6697804 0.6338459 0.6705746 0.6729484 0.6580449 0.6339503 0.6580449 0.6339503 0.6705746 0.6729484 0.658838 0.6731457 0.6580449 0.6339503 0.658838 0.6731457 0.6469604 0.6340509 0.6469604 0.6340509 0.658838 0.6731457 0.6477501 0.6732927 0.6469604 0.6340509 0.6477501 0.6732927 0.6366347 0.6341476 0.6366347 0.6341476 0.6477501 0.6732927 0.6374195 0.6733894 0.4934445 0.5919309 0.4991632 0.6288672 0.4892963 0.6267588 0.8396903 0.6893488 0.8368015 0.7257937 0.831096 0.6775655 0.831096 0.6775655 0.8368015 0.7257937 0.827871 0.7122851 0.831096 0.6775655 0.827871 0.7122851 0.8203188 0.6757066 0.8203188 0.6757066 0.827871 0.7122851 0.8170496 0.7108595 0.8203188 0.6757066 0.8170496 0.7108595 0.8096338 0.6736525 0.8096338 0.6736525 0.8170496 0.7108595 0.80632 0.7092367 0.8096338 0.6736525 0.80632 0.7092367 0.799214 0.6714146 0.799214 0.6714146 0.80632 0.7092367 0.7958556 0.7074262 0.7670849 0.6698421 0.7684609 0.7065152 0.7565396 0.6703295 0.7565396 0.6703295 0.7684609 0.7065152 0.7579347 0.7074204 0.7565396 0.6703295 0.7579347 0.7074204 0.745208 0.6708014 0.745208 0.6708014 0.7579347 0.7074204 0.7466213 0.708287 0.745208 0.6708014 0.7466213 0.708287 0.7332425 0.671254 0.7332425 0.671254 0.7466213 0.708287 0.7346715 0.7091071 0.7332425 0.671254 0.7346715 0.7091071 0.7208207 0.6716757 0.7208207 0.6716757 0.7346715 0.7091071 0.7222639 0.7098575 0.7208207 0.6716757 0.7222639 0.7098575 0.7081391 0.6720625 0.7081391 0.6720625 0.7222639 0.7098575 0.709594 0.7105306 0.7081391 0.6720625 0.709594 0.7105306 0.6954045 0.6724069 0.6954045 0.6724069 0.709594 0.7105306 0.6968683 0.7111148 0.6954045 0.6724069 0.6968683 0.7111148 0.6828194 0.6727008 0.6828194 0.6727008 0.6968683 0.7111148 0.6842896 0.7116061 0.6828194 0.6727008 0.6842896 0.7116061 0.6705746 0.6729484 0.6705746 0.6729484 0.6842896 0.7116061 0.6720477 0.711993 0.6705746 0.6729484 0.6720477 0.711993 0.658838 0.6731457 0.658838 0.6731457 0.6720477 0.711993 0.6603121 0.7122831 0.658838 0.6731457 0.6603121 0.7122831 0.6477501 0.6732927 0.6477501 0.6732927 0.6603121 0.7122831 0.6492227 0.7124726 0.6477501 0.6732927 0.6492227 0.7124726 0.6374195 0.6733894 0.6374195 0.6733894 0.6492227 0.7124726 0.6388887 0.7125694 0.4991632 0.6288672 0.50418 0.666314 0.4892963 0.6267588 0.4892963 0.6267588 0.50418 0.666314 0.4939141 0.6635712 0.8368015 0.7257937 0.8354927 0.7623276 0.827871 0.7122851 0.827871 0.7122851 0.8354927 0.7623276 0.8260655 0.7471168 0.827871 0.7122851 0.8260655 0.7471168 0.8170496 0.7108595 0.8170496 0.7108595 0.8260655 0.7471168 0.8152192 0.7461265 0.8170496 0.7108595 0.8152192 0.7461265 0.80632 0.7092367 0.80632 0.7092367 0.8152192 0.7461265 0.8044636 0.7449389 0.80632 0.7092367 0.8044636 0.7449389 0.7958556 0.7074262 0.7958556 0.7074262 0.8044636 0.7449389 0.7939737 0.7435559 0.7684609 0.7065152 0.7704727 0.7430704 0.7579347 0.7074204 0.7579347 0.7074204 0.7704727 0.7430704 0.759972 0.7443915 0.7579347 0.7074204 0.759972 0.7443915 0.7466213 0.708287 0.7466213 0.708287 0.759972 0.7443915 0.7486826 0.7456545 0.7466213 0.708287 0.7486826 0.7456545 0.7346715 0.7091071 0.7346715 0.7091071 0.7486826 0.7456545 0.7367548 0.7468363 0.7346715 0.7091071 0.7367548 0.7468363 0.7222639 0.7098575 0.7222639 0.7098575 0.7367548 0.7468363 0.7243659 0.7479175 0.7222639 0.7098575 0.7243659 0.7479175 0.709594 0.7105306 0.709594 0.7105306 0.7243659 0.7479175 0.7117122 0.7488769 0.709594 0.7105306 0.7117122 0.7488769 0.6968683 0.7111148 0.6968683 0.7111148 0.7117122 0.7488769 0.6989997 0.7497009 0.6968683 0.7111148 0.6989997 0.7497009 0.6842896 0.7116061 0.6842896 0.7116061 0.6989997 0.7497009 0.6864308 0.7503818 0.6842896 0.7116061 0.6864308 0.7503818 0.6720477 0.711993 0.6720477 0.711993 0.6864308 0.7503818 0.6741957 0.7509098 0.6720477 0.711993 0.6741957 0.7509098 0.6603121 0.7122831 0.6603121 0.7122831 0.6741957 0.7509098 0.6624636 0.7512909 0.6603121 0.7122831 0.6624636 0.7512909 0.6492227 0.7124726 0.6492227 0.7124726 0.6624636 0.7512909 0.6513742 0.7515249 0.6492227 0.7124726 0.6513742 0.7515249 0.6388887 0.7125694 0.6388887 0.7125694 0.6513742 0.7515249 0.6410372 0.7516197 0.50418 0.666314 0.508481 0.7042057 0.4978877 0.7007937 0.4978877 0.7007937 0.508481 0.7042057 0.5109468 0.7195829 0.4978877 0.7007937 0.5109468 0.7195829 0.4995583 0.718728 0.8577647 0.581223 0.8501812 0.6169967 0.8492087 0.5746659 0.8492087 0.5746659 0.8501812 0.6169967 0.8417752 0.6087008 0.8492087 0.5746659 0.8417752 0.6087008 0.8386746 0.5715209 0.8386746 0.5715209 0.8417752 0.6087008 0.8311416 0.6059812 0.8386746 0.5715209 0.8311416 0.6059812 0.8282366 0.5681843 0.8282366 0.5681843 0.8311416 0.6059812 0.8206027 0.6030683 0.8282366 0.5681843 0.8206027 0.6030683 0.8180639 0.5646872 0.8180639 0.5646872 0.8206027 0.6030683 0.8103289 0.599989 0.7668178 0.5597104 0.7662594 0.5963797 0.7562509 0.5589445 0.7562509 0.5589445 0.7662594 0.5963797 0.7556935 0.5960316 0.7562509 0.5589445 0.7556935 0.5960316 0.7449016 0.5582288 0.7449016 0.5582288 0.7556935 0.5960316 0.7443442 0.5957105 0.7449016 0.5582288 0.7443442 0.5957105 0.732922 0.5575827 0.732922 0.5575827 0.7443442 0.5957105 0.7323631 0.5954319 0.732922 0.5575827 0.7323631 0.5954319 0.7204898 0.5570179 0.7204898 0.5570179 0.7323631 0.5954319 0.719929 0.595196 0.7204898 0.5570179 0.719929 0.595196 0.7078033 0.5565383 0.7078033 0.5565383 0.719929 0.595196 0.7072396 0.5950064 0.7078033 0.5565383 0.7072396 0.5950064 0.6950677 0.5561591 0.6950677 0.5561591 0.7072396 0.5950064 0.6945001 0.5948671 0.6950677 0.5561591 0.6945001 0.5948671 0.6824861 0.5558806 0.6824861 0.5558806 0.6945001 0.5948671 0.6819136 0.5947781 0.6824861 0.5558806 0.6819136 0.5947781 0.6702486 0.5557027 0.6702486 0.5557027 0.6819136 0.5947781 0.6696702 0.5947394 0.6702486 0.5557027 0.6696702 0.5947394 0.6585233 0.5556215 0.6585233 0.5556215 0.6696702 0.5947394 0.6579385 0.5947549 0.6585233 0.5556215 0.6579385 0.5947549 0.6474501 0.555633 0.6474501 0.555633 0.6579385 0.5947549 0.6468589 0.5948129 0.6474501 0.555633 0.6468589 0.5948129 0.6371371 0.5557336 0.6371371 0.5557336 0.6468589 0.5948129 0.6365391 0.5949097 0.6371371 0.5557336 0.6365391 0.5949097 0.6289159 0.5790025 0.4757598 0.5411031 0.4870375 0.5555595 0.4782637 0.5551766 0.8668943 0.5457878 0.8577647 0.581223 0.8580211 0.5409657 0.8580211 0.5409657 0.8577647 0.581223 0.8492087 0.5746659 0.8580211 0.5409657 0.8492087 0.5746659 0.8476052 0.5374009 0.8476052 0.5374009 0.8492087 0.5746659 0.8386746 0.5715209 0.8476052 0.5374009 0.8386746 0.5715209 0.8372864 0.5336446 0.8372864 0.5336446 0.8386746 0.5715209 0.8282366 0.5681843 0.8372864 0.5336446 0.8282366 0.5681843 0.8272332 0.5297355 0.8272332 0.5297355 0.8282366 0.5681843 0.8180639 0.5646872 0.768029 0.5231572 0.7668178 0.5597104 0.7574676 0.5219734 0.7574676 0.5219734 0.7668178 0.5597104 0.7562509 0.5589445 0.7574676 0.5219734 0.7562509 0.5589445 0.7461247 0.5208671 0.7461247 0.5208671 0.7562509 0.5589445 0.7449016 0.5582288 0.7461247 0.5208671 0.7449016 0.5582288 0.7341518 0.5198574 0.7341518 0.5198574 0.7449016 0.5582288 0.732922 0.5575827 0.7341518 0.5198574 0.732922 0.5575827 0.7217276 0.5189638 0.7217276 0.5189638 0.732922 0.5575827 0.7204898 0.5570179 0.7217276 0.5189638 0.7204898 0.5570179 0.7090489 0.5181978 0.7090489 0.5181978 0.7204898 0.5570179 0.7078033 0.5565383 0.7090489 0.5181978 0.7078033 0.5565383 0.6963217 0.5175788 0.6963217 0.5175788 0.7078033 0.5565383 0.6950677 0.5561591 0.6963217 0.5175788 0.6950677 0.5561591 0.6837484 0.5171069 0.6837484 0.5171069 0.6950677 0.5561591 0.6824861 0.5558806 0.6837484 0.5171069 0.6824861 0.5558806 0.6715197 0.5167858 0.6715197 0.5167858 0.6824861 0.5558806 0.6702486 0.5557027 0.6715197 0.5167858 0.6702486 0.5557027 0.6598028 0.5166117 0.6598028 0.5166117 0.6702486 0.5557027 0.6585233 0.5556215 0.6598028 0.5166117 0.6585233 0.5556215 0.6487383 0.5165808 0.6487383 0.5165808 0.6585233 0.5556215 0.6474501 0.555633 0.6487383 0.5165808 0.6474501 0.555633 0.6384332 0.5166775 0.6384332 0.5166775 0.6474501 0.555633 0.6371371 0.5557336 0.6384332 0.5166775 0.6371371 0.5557336 0.6313464 0.5182945 0.6313464 0.5182945 0.6371371 0.5557336 0.6296149 0.5562946 0.8501812 0.6169967 0.8441522 0.6530625 0.8417752 0.6087008 0.8417752 0.6087008 0.8441522 0.6530625 0.8357334 0.64302 0.8417752 0.6087008 0.8357334 0.64302 0.8311416 0.6059812 0.8311416 0.6059812 0.8357334 0.64302 0.825019 0.6407299 0.8311416 0.6059812 0.825019 0.6407299 0.8206027 0.6030683 0.8206027 0.6030683 0.825019 0.6407299 0.8143976 0.6382424 0.8206027 0.6030683 0.8143976 0.6382424 0.8103289 0.599989 0.8103289 0.599989 0.8143976 0.6382424 0.8040416 0.6355828 0.7662594 0.5963797 0.7663496 0.6331109 0.7556935 0.5960316 0.7556935 0.5960316 0.7663496 0.6331109 0.755791 0.6331766 0.7556935 0.5960316 0.755791 0.6331766 0.7443442 0.5957105 0.7443442 0.5957105 0.755791 0.6331766 0.7444477 0.633254 0.7443442 0.5957105 0.7444477 0.633254 0.7323631 0.5954319 0.7323631 0.5954319 0.7444477 0.633254 0.7324715 0.6333391 0.7323631 0.5954319 0.7324715 0.6333391 0.719929 0.595196 0.719929 0.595196 0.7324715 0.6333391 0.7200408 0.633432 0.719929 0.595196 0.7200408 0.633432 0.7072396 0.5950064 0.7072396 0.5950064 0.7200408 0.633432 0.7073528 0.6335325 0.7072396 0.5950064 0.7073528 0.6335325 0.6945001 0.5948671 0.6945001 0.5948671 0.7073528 0.6335325 0.6946138 0.6336331 0.6945001 0.5948671 0.6946138 0.6336331 0.6819136 0.5947781 0.6819136 0.5947781 0.6946138 0.6336331 0.6820258 0.6337376 0.6819136 0.5947781 0.6820258 0.6337376 0.6696702 0.5947394 0.6696702 0.5947394 0.6820258 0.6337376 0.6697804 0.6338459 0.6696702 0.5947394 0.6697804 0.6338459 0.6579385 0.5947549 0.6579385 0.5947549 0.6697804 0.6338459 0.6580449 0.6339503 0.6579385 0.5947549 0.6580449 0.6339503 0.6468589 0.5948129 0.6468589 0.5948129 0.6580449 0.6339503 0.6469604 0.6340509 0.6468589 0.5948129 0.6469604 0.6340509 0.6365391 0.5949097 0.6365391 0.5949097 0.6469604 0.6340509 0.6366347 0.6341476 0.4870375 0.5555595 0.4934445 0.5919309 0.4782637 0.5551766 0.4782637 0.5551766 0.4934445 0.5919309 0.4840521 0.5904725 0.4046524 0.715962 0.4995583 0.718728 0.4046809 0.716728 0.4046809 0.716728 0.4995583 0.718728 0.4995868 0.7194901 0.4046809 0.716728 0.4995868 0.7194901 0.4045142 0.7226313 0.4995868 0.7194901 0.4994211 0.7253934 0.4045142 0.7226313 0.4045142 0.7226313 0.4994211 0.7253934 0.4984416 0.7316216 0.4045142 0.7226313 0.4984416 0.7316216 0.4035357 0.7288556 0.2837252 0.8411362 0.2913761 0.8370264 0.2933347 0.848805 0.3273403 0.8499675 0.3178467 0.8516217 0.3167192 0.8417774 0.0857743 0.8799946 0.09028369 0.8796483 0.09344112 0.8888147 0.6931231 0.3670912 0.6883014 0.3594201 0.6931231 0.3497856 0.6074547 0.433161 0.6154053 0.4339192 0.6120656 0.4473196 0.2948764 0.8648838 0.291595 0.8788234 0.2868873 0.8662204 0.61154 0.4144724 0.6244197 0.409424 0.6195495 0.4212267 0.3122625 0.8624569 0.314643 0.8789936 0.302694 0.8789085 0.3580238 0.8582116 0.377097 0.8738877 0.3584659 0.8691213 0.3584659 0.8691213 0.377097 0.8738877 0.3770784 0.8793689 0.3584659 0.8691213 0.3770784 0.8793689 0.3675071 0.8793176 0.3557412 0.8340066 0.3767511 0.8426681 0.3570975 0.8459636 0.3570975 0.8459636 0.3767511 0.8426681 0.3769854 0.8553649 0.3570975 0.8459636 0.3769854 0.8553649 0.3580238 0.8582116 0.3580238 0.8582116 0.3769854 0.8553649 0.3770193 0.8581135 0.3580238 0.8582116 0.3770193 0.8581135 0.377097 0.8738877 0.3757521 0.8315153 0.3727089 0.8128175 0.376309 0.8276947 0.376309 0.8276947 0.3727089 0.8128175 0.3761729 0.8240806 0.3761729 0.8240806 0.3727089 0.8128175 0.3757126 0.8136497 0.3757126 0.8136497 0.3727089 0.8128175 0.3701274 0.8008987 0.3757126 0.8136497 0.3701274 0.8008987 0.3749087 0.7993721 0.09868335 0.8787475 0.1092439 0.8771653 0.1125606 0.8867837 0.1125606 0.8867837 0.1092439 0.8771653 0.1119385 0.8766846 0.3749087 0.7993721 0.3701274 0.8008987 0.3746151 0.7949572 0.3746151 0.7949572 0.3701274 0.8008987 0.3671727 0.7896715 0.3746151 0.7949572 0.3671727 0.7896715 0.3739646 0.7862271 0.3739646 0.7862271 0.3671727 0.7896715 0.3613798 0.7722575 0.3739646 0.7862271 0.3613798 0.7722575 0.3729013 0.7741874 0.1274261 0.8992533 0.1159514 0.896688 0.1125606 0.8867837 0.1274261 0.8992533 0.1125606 0.8867837 0.1264575 0.8872199 0.1264575 0.8872199 0.1125606 0.8867837 0.1119385 0.8766846 0.1264575 0.8872199 0.1119385 0.8766846 0.1253643 0.8738345 0.0857743 0.8799946 0.07489806 0.8889303 0.07337749 0.8804109 0.07337749 0.8804109 0.07489806 0.8889303 0.06602734 0.8882359 0.07337749 0.8804109 0.06602734 0.8882359 0.06165122 0.8799902 0.3065188 0.77811 0.3110726 0.7831787 0.3024793 0.7887107 0.3065188 0.77811 0.3024793 0.7887107 0.295512 0.7861604 0.3606868 0.408306 0.3600731 0.4200701 0.35142 0.4162673 0.35142 0.4162673 0.3600731 0.4200701 0.3475974 0.4276019 0.35142 0.4162673 0.3475974 0.4276019 0.3354863 0.424395 0.6207922 0.3625477 0.6280276 0.3497856 0.6312081 0.3625477 0.674009 0.3497847 0.674009 0.3657566 0.6679363 0.3620714 0.4057417 0.4405227 0.400519 0.4448747 0.3914757 0.4303525 0.3914757 0.4303525 0.400519 0.4448747 0.3859971 0.4353234 0.3914757 0.4303525 0.3859971 0.4353234 0.3839216 0.4239076 0.2913761 0.8370264 0.3016106 0.8460555 0.2933347 0.848805 0.2933347 0.848805 0.3016106 0.8460555 0.3026102 0.8547436 0.2933347 0.848805 0.3026102 0.8547436 0.2942514 0.8567518 0.2942514 0.8567518 0.3026102 0.8547436 0.303292 0.8636367 0.589421 0.4292848 0.5987761 0.4171493 0.597976 0.4258728 0.597976 0.4258728 0.5987761 0.4171493 0.61154 0.4144724 0.597976 0.4258728 0.61154 0.4144724 0.6092876 0.4234704 0.6092876 0.4234704 0.61154 0.4144724 0.6195495 0.4212267 0.6092876 0.4234704 0.6195495 0.4212267 0.6154053 0.4339192 0.6120656 0.4473196 0.6061458 0.4430294 0.6074547 0.433161 0.6074547 0.433161 0.6061458 0.4430294 0.5979079 0.4448476 0.6074547 0.433161 0.5979079 0.4448476 0.5976794 0.4352731 0.5976794 0.4352731 0.5979079 0.4448476 0.5916568 0.447424 0.5976794 0.4352731 0.5916568 0.447424 0.5902759 0.4382712 0.3722096 0.4371764 0.3598917 0.4318805 0.3774646 0.42966 0.3774646 0.42966 0.3598917 0.4318805 0.3686634 0.424484 0.3774646 0.42966 0.3686634 0.424484 0.3761008 0.4179579 0.3761008 0.4179579 0.3686634 0.424484 0.368437 0.4128167 0.3761008 0.4179579 0.368437 0.4128167 0.3799569 0.4061242 0.3273403 0.8499675 0.3167192 0.8417774 0.3261454 0.8395085 0.3261454 0.8395085 0.3167192 0.8417774 0.3143133 0.8272029 0.3261454 0.8395085 0.3143133 0.8272029 0.3235964 0.8240279 0.3235964 0.8240279 0.3143133 0.8272029 0.3122694 0.8179007 0.3235964 0.8240279 0.3122694 0.8179007 0.3214313 0.8141512 0.3214313 0.8141512 0.3122694 0.8179007 0.3099265 0.8091285 0.3214313 0.8141512 0.3099265 0.8091285 0.3189509 0.8048397 0.3189509 0.8048397 0.3099265 0.8091285 0.305323 0.7955003 0.3189509 0.8048397 0.305323 0.7955003 0.3140797 0.7903799 0.2994765 0.8331841 0.2897096 0.8294989 0.2976617 0.8249631 0.2976617 0.8249631 0.2897096 0.8294989 0.2877966 0.8223915 0.2976617 0.8249631 0.2877966 0.8223915 0.2955801 0.8172053 0.2955801 0.8172053 0.2877966 0.8223915 0.2840294 0.8113306 0.2955801 0.8172053 0.2840294 0.8113306 0.2914847 0.805141 0.3430384 0.4132112 0.35142 0.4162673 0.3354863 0.424395 0.2914847 0.805141 0.285389 0.7950201 0.295512 0.7861604 0.3186161 0.8617015 0.3178467 0.8516217 0.328156 0.8606783 0.328156 0.8606783 0.3178467 0.8516217 0.3273403 0.8499675 0.328156 0.8606783 0.3273403 0.8499675 0.3379667 0.8597513 0.6154053 0.4339192 0.6074547 0.433161 0.6092876 0.4234704 0.6092876 0.4234704 0.6074547 0.433161 0.5976794 0.4352731 0.6092876 0.4234704 0.5976794 0.4352731 0.597976 0.4258728 0.597976 0.4258728 0.5976794 0.4352731 0.5902759 0.4382712 0.597976 0.4258728 0.5902759 0.4382712 0.589421 0.4292848 0.6098145 0.4597296 0.6044918 0.4599192 0.6061458 0.4430294 0.6061458 0.4430294 0.6044918 0.4599192 0.598177 0.4616175 0.6061458 0.4430294 0.598177 0.4616175 0.5979079 0.4448476 0.5979079 0.4448476 0.598177 0.4616175 0.591897 0.464925 0.5979079 0.4448476 0.591897 0.464925 0.5916568 0.447424 0.5916568 0.447424 0.591897 0.464925 0.5835782 0.4524221 0.3989759 0.4257915 0.3914757 0.4303525 0.3927865 0.4186193 0.3927865 0.4186193 0.3914757 0.4303525 0.3839216 0.4239076 0.3927865 0.4186193 0.3839216 0.4239076 0.3863305 0.4119462 0.3675071 0.8793176 0.3585615 0.8792678 0.3584659 0.8691213 0.3584659 0.8691213 0.3585615 0.8792678 0.3538783 0.8792412 0.3584659 0.8691213 0.3538783 0.8792412 0.3580238 0.8582116 0.3580238 0.8582116 0.3538783 0.8792412 0.3379667 0.8597513 0.3580238 0.8582116 0.3379667 0.8597513 0.3570975 0.8459636 0.3570975 0.8459636 0.3379667 0.8597513 0.3371094 0.848466 0.3570975 0.8459636 0.3371094 0.848466 0.3557412 0.8340066 0.3557412 0.8340066 0.3371094 0.848466 0.3358537 0.8374481 0.3557412 0.8340066 0.3358537 0.8374481 0.3528491 0.8163195 0.3528491 0.8163195 0.3358537 0.8374481 0.3331753 0.821143 0.3528491 0.8163195 0.3331753 0.821143 0.350395 0.8050419 0.350395 0.8050419 0.3331753 0.821143 0.3309012 0.810743 0.350395 0.8050419 0.3309012 0.810743 0.3475851 0.7944157 0.3475851 0.7944157 0.3309012 0.810743 0.3282964 0.8009403 0.3475851 0.7944157 0.3282964 0.8009403 0.3420737 0.7779297 0.3420737 0.7779297 0.3282964 0.8009403 0.3231836 0.7857237 0.3420737 0.7779297 0.3231836 0.7857237 0.3386751 0.7697261 0.3379667 0.8597513 0.3273403 0.8499675 0.3371094 0.848466 0.3371094 0.848466 0.3273403 0.8499675 0.3261454 0.8395085 0.3371094 0.848466 0.3261454 0.8395085 0.3358537 0.8374481 0.3358537 0.8374481 0.3261454 0.8395085 0.3235964 0.8240279 0.3358537 0.8374481 0.3235964 0.8240279 0.3331753 0.821143 0.3331753 0.821143 0.3235964 0.8240279 0.3214313 0.8141512 0.3331753 0.821143 0.3214313 0.8141512 0.3309012 0.810743 0.3309012 0.810743 0.3214313 0.8141512 0.3189509 0.8048397 0.3309012 0.810743 0.3189509 0.8048397 0.3282964 0.8009403 0.3282964 0.8009403 0.3189509 0.8048397 0.3140797 0.7903799 0.3282964 0.8009403 0.3140797 0.7903799 0.3231836 0.7857237 0.3538783 0.8792412 0.3404087 0.8791609 0.3379667 0.8597513 0.3379667 0.8597513 0.3404087 0.8791609 0.3272722 0.8790782 0.3379667 0.8597513 0.3272722 0.8790782 0.328156 0.8606783 0.328156 0.8606783 0.3272722 0.8790782 0.314643 0.8789936 0.328156 0.8606783 0.314643 0.8789936 0.3186161 0.8617015 0.3186161 0.8617015 0.314643 0.8789936 0.3122625 0.8624569 0.3186161 0.8617015 0.3122625 0.8624569 0.3178467 0.8516217 0.3178467 0.8516217 0.3122625 0.8624569 0.3115273 0.8528408 0.3178467 0.8516217 0.3115273 0.8528408 0.3167192 0.8417774 0.3167192 0.8417774 0.3115273 0.8528408 0.3104498 0.8434486 0.3167192 0.8417774 0.3104498 0.8434486 0.3143133 0.8272029 0.3143133 0.8272029 0.3104498 0.8434486 0.3081497 0.8295404 0.3143133 0.8272029 0.3081497 0.8295404 0.3122694 0.8179007 0.3122694 0.8179007 0.3081497 0.8295404 0.306195 0.8206613 0.3122694 0.8179007 0.306195 0.8206613 0.3099265 0.8091285 0.3099265 0.8091285 0.306195 0.8206613 0.303954 0.8122851 0.3099265 0.8091285 0.303954 0.8122851 0.305323 0.7955003 0.305323 0.7955003 0.303954 0.8122851 0.2995486 0.7992687 0.3598917 0.4318805 0.3475974 0.4276019 0.3686634 0.424484 0.3686634 0.424484 0.3475974 0.4276019 0.3600731 0.4200701 0.3686634 0.424484 0.3600731 0.4200701 0.368437 0.4128167 0.368437 0.4128167 0.3600731 0.4200701 0.3606868 0.408306 0.2804862 0.8279374 0.2877966 0.8223915 0.2837252 0.8411362 0.2837252 0.8411362 0.2877966 0.8223915 0.2897096 0.8294989 0.2837252 0.8411362 0.2897096 0.8294989 0.2913761 0.8370264 0.2913761 0.8370264 0.2897096 0.8294989 0.2994765 0.8331841 0.2913761 0.8370264 0.2994765 0.8331841 0.3016106 0.8460555 0.3843951 0.4434202 0.3722096 0.4371764 0.3859971 0.4353234 0.3859971 0.4353234 0.3722096 0.4371764 0.3774646 0.42966 0.3859971 0.4353234 0.3774646 0.42966 0.3839216 0.4239076 0.3839216 0.4239076 0.3774646 0.42966 0.3761008 0.4179579 0.3839216 0.4239076 0.3761008 0.4179579 0.3863305 0.4119462 0.3863305 0.4119462 0.3761008 0.4179579 0.3799569 0.4061242 0.589421 0.4292848 0.5891332 0.4209559 0.5987761 0.4171493 0.2854951 0.8517475 0.2837252 0.8411362 0.2933347 0.848805 0.2854951 0.8517475 0.2933347 0.848805 0.2868873 0.8662204 0.2868873 0.8662204 0.2933347 0.848805 0.2942514 0.8567518 0.2868873 0.8662204 0.2942514 0.8567518 0.2948764 0.8648838 0.2948764 0.8648838 0.2942514 0.8567518 0.303292 0.8636367 0.2948764 0.8648838 0.303292 0.8636367 0.291595 0.8788234 0.376309 0.8276947 0.3767511 0.8426681 0.3757521 0.8315153 0.3757521 0.8315153 0.3767511 0.8426681 0.3557412 0.8340066 0.3757521 0.8315153 0.3557412 0.8340066 0.3727089 0.8128175 0.3727089 0.8128175 0.3557412 0.8340066 0.3528491 0.8163195 0.3727089 0.8128175 0.3528491 0.8163195 0.3701274 0.8008987 0.3701274 0.8008987 0.3528491 0.8163195 0.350395 0.8050419 0.3701274 0.8008987 0.350395 0.8050419 0.3671727 0.7896715 0.3671727 0.7896715 0.350395 0.8050419 0.3475851 0.7944157 0.3671727 0.7896715 0.3475851 0.7944157 0.3613798 0.7722575 0.3613798 0.7722575 0.3475851 0.7944157 0.3420737 0.7779297 0.1159514 0.896688 0.09666812 0.8982489 0.1125606 0.8867837 0.1125606 0.8867837 0.09666812 0.8982489 0.09344112 0.8888147 0.1125606 0.8867837 0.09344112 0.8888147 0.09868335 0.8787475 0.09868335 0.8787475 0.09344112 0.8888147 0.09028369 0.8796483 0.0857743 0.8799946 0.09344112 0.8888147 0.07489806 0.8889303 0.3200286 0.7781482 0.3386751 0.7697261 0.3231836 0.7857237 0.3200286 0.7781482 0.3231836 0.7857237 0.3110726 0.7831787 0.3110726 0.7831787 0.3231836 0.7857237 0.3140797 0.7903799 0.3110726 0.7831787 0.3140797 0.7903799 0.3024793 0.7887107 0.3024793 0.7887107 0.3140797 0.7903799 0.305323 0.7955003 0.3024793 0.7887107 0.305323 0.7955003 0.295512 0.7861604 0.295512 0.7861604 0.305323 0.7955003 0.2995486 0.7992687 0.295512 0.7861604 0.2995486 0.7992687 0.2914847 0.805141 0.2914847 0.805141 0.2995486 0.7992687 0.303954 0.8122851 0.2914847 0.805141 0.303954 0.8122851 0.2955801 0.8172053 0.2955801 0.8172053 0.303954 0.8122851 0.306195 0.8206613 0.2955801 0.8172053 0.306195 0.8206613 0.2976617 0.8249631 0.2976617 0.8249631 0.306195 0.8206613 0.3081497 0.8295404 0.2976617 0.8249631 0.3081497 0.8295404 0.2994765 0.8331841 0.2994765 0.8331841 0.3081497 0.8295404 0.3104498 0.8434486 0.2994765 0.8331841 0.3104498 0.8434486 0.3016106 0.8460555 0.3016106 0.8460555 0.3104498 0.8434486 0.3115273 0.8528408 0.3016106 0.8460555 0.3115273 0.8528408 0.3026102 0.8547436 0.3026102 0.8547436 0.3115273 0.8528408 0.3122625 0.8624569 0.3026102 0.8547436 0.3122625 0.8624569 0.303292 0.8636367 0.303292 0.8636367 0.3122625 0.8624569 0.302694 0.8789085 0.303292 0.8636367 0.302694 0.8789085 0.291595 0.8788234 0.310939 0.9077847 0.3118716 0.8983273 0.3182066 0.8993065 0.314643 0.8789936 0.3034737 0.8879022 0.302694 0.8789085 0.302694 0.8789085 0.3034737 0.8879022 0.2950433 0.8870676 0.302694 0.8789085 0.2950433 0.8870676 0.291595 0.8788234 0.6244197 0.409424 0.6296046 0.4252538 0.6195495 0.4212267 0.6195495 0.4212267 0.6296046 0.4252538 0.6249986 0.4347045 0.6195495 0.4212267 0.6249986 0.4347045 0.6154053 0.4339192 0.6154053 0.4339192 0.6249986 0.4347045 0.6209148 0.4443331 0.6154053 0.4339192 0.6209148 0.4443331 0.6120656 0.4473196 0.6120656 0.4473196 0.6209148 0.4443331 0.6157582 0.4609366 0.6120656 0.4473196 0.6157582 0.4609366 0.6098145 0.4597296 0.6402 0.4753544 0.6338287 0.4798109 0.6330714 0.4780662 0.6330714 0.4780662 0.6456594 0.4663447 0.6402 0.4753544 0.6402 0.4753544 0.6456594 0.4663447 0.6542482 0.4603138 0.6402 0.4753544 0.6542482 0.4603138 0.6511389 0.4683448 0.6511389 0.4683448 0.6542482 0.4603138 0.6633592 0.4544376 0.6511389 0.4683448 0.6633592 0.4544376 0.6627475 0.46166 0.6627475 0.46166 0.6633592 0.4544376 0.6724952 0.4490372 0.6627475 0.46166 0.6724952 0.4490372 0.6748943 0.455397 0.6748943 0.455397 0.6724952 0.4490372 0.6819405 0.4439269 0.6748943 0.455397 0.6819405 0.4439269 0.6874367 0.449633 0.6874367 0.449633 0.6819405 0.4439269 0.6913363 0.4479811 0.6913363 0.4479811 0.6819405 0.4439269 0.691326 0.4393041 0.6913363 0.4479811 0.691326 0.4393041 0.6974438 0.4455246 0.6974438 0.4455246 0.691326 0.4393041 0.6988663 0.4449753 0.6988663 0.4449753 0.691326 0.4393041 0.7008081 0.4350797 0.6988663 0.4449753 0.7008081 0.4350797 0.7002218 0.4444608 0.7151623 0.4392886 0.7130897 0.4399501 0.707242 0.4324685 0.707242 0.4324685 0.7130897 0.4399501 0.7002218 0.4444608 0.7151623 0.4392886 0.707242 0.4324685 0.7165142 0.4290681 0.7151623 0.4392886 0.7165142 0.4290681 0.7213266 0.4374356 0.7213266 0.4374356 0.7165142 0.4290681 0.7257645 0.4362055 0.7257645 0.4362055 0.7165142 0.4290681 0.7256105 0.4261629 0.7257645 0.4362055 0.7256105 0.4261629 0.7314351 0.4347664 0.8552607 0.4382615 0.8472635 0.4371107 0.851746 0.4270197 0.7429628 0.4218998 0.7478654 0.4314859 0.743806 0.4321668 0.743806 0.4321668 0.7431908 0.4322789 0.7429628 0.4218998 0.7429628 0.4218998 0.7431908 0.4322789 0.7409363 0.4327006 0.7429628 0.4218998 0.7409363 0.4327006 0.7256105 0.4261629 0.7256105 0.4261629 0.7409363 0.4327006 0.7351171 0.4339115 0.7256105 0.4261629 0.7351171 0.4339115 0.7314351 0.4347664 0.8552607 0.4382615 0.851746 0.4270197 0.8645227 0.4399617 0.8645227 0.4399617 0.851746 0.4270197 0.8692395 0.4293718 0.8645227 0.4399617 0.8692395 0.4293718 0.867886 0.4406697 0.867886 0.4406697 0.8692395 0.4293718 0.8800568 0.4413911 0.867886 0.4406697 0.8800568 0.4413911 0.8796632 0.4435014 0.3736908 0.9636092 0.373253 0.9688438 0.3672745 0.965101 0.3672745 0.965101 0.373253 0.9688438 0.3720023 0.9819207 0.3701375 0.9540996 0.3742964 0.955618 0.3736908 0.9636092 0.3726202 0.9426097 0.3751873 0.9417209 0.3742964 0.955618 0.3582686 0.8916546 0.3768948 0.8952731 0.3765136 0.9110609 0.3034737 0.8879022 0.3029298 0.896806 0.2950433 0.8870676 0.2950433 0.8870676 0.3029298 0.896806 0.294545 0.8952083 0.2479217 0.6984723 0.2500983 0.6920391 0.2500983 0.7072371 0.6472361 0.3497846 0.6536421 0.3651791 0.6455006 0.3651791 0.6244197 0.409424 0.6344792 0.4164801 0.6296046 0.4252538 0.7002218 0.4444608 0.7008081 0.4350797 0.707242 0.4324685 0.707242 0.4324685 0.7008081 0.4350797 0.7024684 0.4246387 0.707242 0.4324685 0.7024684 0.4246387 0.7165142 0.4290681 0.7165142 0.4290681 0.7024684 0.4246387 0.711449 0.4208012 0.7165142 0.4290681 0.711449 0.4208012 0.7256105 0.4261629 0.6330714 0.4780662 0.6295061 0.4717916 0.6456594 0.4663447 0.6456594 0.4663447 0.6295061 0.4717916 0.6407632 0.4586001 0.6456594 0.4663447 0.6407632 0.4586001 0.6542482 0.4603138 0.6542482 0.4603138 0.6407632 0.4586001 0.6484888 0.4513389 0.6542482 0.4603138 0.6484888 0.4513389 0.6633592 0.4544376 0.6633592 0.4544376 0.6484888 0.4513389 0.6567361 0.4442403 0.6633592 0.4544376 0.6567361 0.4442403 0.6724952 0.4490372 0.6724952 0.4490372 0.6567361 0.4442403 0.6650539 0.437687 0.6724952 0.4490372 0.6650539 0.437687 0.6819405 0.4439269 0.6819405 0.4439269 0.6650539 0.437687 0.6737016 0.4314588 0.6819405 0.4439269 0.6737016 0.4314588 0.691326 0.4393041 0.691326 0.4393041 0.6737016 0.4314588 0.6823396 0.4257954 0.691326 0.4393041 0.6823396 0.4257954 0.7008081 0.4350797 0.7008081 0.4350797 0.6823396 0.4257954 0.6911108 0.4205884 0.7008081 0.4350797 0.6911108 0.4205884 0.7024684 0.4246387 0.7024684 0.4246387 0.6911108 0.4205884 0.6970884 0.4173505 0.7024684 0.4246387 0.6970884 0.4173505 0.711449 0.4208012 0.3040457 0.9426977 0.3122883 0.9372108 0.3100206 0.9458022 0.3100206 0.9458022 0.3122883 0.9372108 0.3190478 0.9500266 0.3100206 0.9458022 0.3190478 0.9500266 0.3163798 0.9585749 0.3163798 0.9585749 0.3190478 0.9500266 0.3255942 0.9628742 0.3163798 0.9585749 0.3255942 0.9628742 0.3224856 0.9713868 0.3224856 0.9713868 0.3255942 0.9628742 0.3446652 0.9701005 0.3224856 0.9713868 0.3446652 0.9701005 0.3413141 0.979323 0.3413141 0.979323 0.3446652 0.9701005 0.3640972 0.9754033 0.3413141 0.979323 0.3640972 0.9754033 0.360575 0.9851441 0.360575 0.9851441 0.3640972 0.9754033 0.3711866 0.98928 0.8741087 0.4188824 0.8838834 0.4227625 0.8826637 0.4283544 0.6823396 0.4257954 0.6855308 0.414306 0.6911108 0.4205884 0.6911108 0.4205884 0.6855308 0.414306 0.6912437 0.4107934 0.6911108 0.4205884 0.6912437 0.4107934 0.6970884 0.4173505 0.3075 0.9538564 0.3100206 0.9458022 0.3163798 0.9585749 0.6970884 0.4173505 0.705739 0.4131029 0.711449 0.4208012 0.313418 0.9666644 0.3163798 0.9585749 0.3224856 0.9713868 0.711449 0.4208012 0.720279 0.4175052 0.7256105 0.4261629 0.3191615 0.9791847 0.3224856 0.9713868 0.3413141 0.979323 0.3191615 0.9791847 0.3413141 0.979323 0.3377329 0.9877674 0.851746 0.4270197 0.8563706 0.4170314 0.8741087 0.4188824 0.851746 0.4270197 0.8741087 0.4188824 0.8692395 0.4293718 0.8692395 0.4293718 0.8741087 0.4188824 0.8826637 0.4283544 0.8692395 0.4293718 0.8826637 0.4283544 0.8800568 0.4413911 0.6295061 0.4717916 0.6257094 0.4672461 0.6407632 0.4586001 0.6407632 0.4586001 0.6257094 0.4672461 0.6349219 0.4522829 0.6407632 0.4586001 0.6349219 0.4522829 0.6484888 0.4513389 0.6484888 0.4513389 0.6349219 0.4522829 0.641596 0.4439966 0.6484888 0.4513389 0.641596 0.4439966 0.6567361 0.4442403 0.6567361 0.4442403 0.641596 0.4439966 0.6487918 0.4358766 0.6567361 0.4442403 0.6487918 0.4358766 0.6650539 0.437687 0.6650539 0.437687 0.6487918 0.4358766 0.656115 0.4283602 0.6650539 0.437687 0.656115 0.4283602 0.6737016 0.4314588 0.6737016 0.4314588 0.656115 0.4283602 0.6637926 0.4211958 0.6737016 0.4314588 0.6637926 0.4211958 0.6823396 0.4257954 0.6823396 0.4257954 0.6637926 0.4211958 0.6715222 0.4146619 0.6823396 0.4257954 0.6715222 0.4146619 0.6855308 0.414306 0.6855308 0.414306 0.6715222 0.4146619 0.6794301 0.4086348 0.3040457 0.9426977 0.3062146 0.9344956 0.3122883 0.9372108 0.2976821 0.9302717 0.3080919 0.9259395 0.3062146 0.9344956 0.3062146 0.9344956 0.3080919 0.9259395 0.3142518 0.9282466 0.3062146 0.9344956 0.3142518 0.9282466 0.3122883 0.9372108 0.3122883 0.9372108 0.3142518 0.9282466 0.3214495 0.9409061 0.3122883 0.9372108 0.3214495 0.9409061 0.3190478 0.9500266 0.3190478 0.9500266 0.3214495 0.9409061 0.3283955 0.9538767 0.3190478 0.9500266 0.3283955 0.9538767 0.3255942 0.9628742 0.3255942 0.9628742 0.3283955 0.9538767 0.3476865 0.9603491 0.3255942 0.9628742 0.3476865 0.9603491 0.3446652 0.9701005 0.3446652 0.9701005 0.3476865 0.9603491 0.3672745 0.965101 0.3446652 0.9701005 0.3672745 0.965101 0.3640972 0.9754033 0.3640972 0.9754033 0.3672745 0.965101 0.3720023 0.9819207 0.8789548 0.4088766 0.8857153 0.4148921 0.8838834 0.4227625 0.6257094 0.4672461 0.6206667 0.4632538 0.6349219 0.4522829 0.6349219 0.4522829 0.6206667 0.4632538 0.6282536 0.4474937 0.6349219 0.4522829 0.6282536 0.4474937 0.641596 0.4439966 0.641596 0.4439966 0.6282536 0.4474937 0.6337047 0.4384066 0.641596 0.4439966 0.6337047 0.4384066 0.6487918 0.4358766 0.6487918 0.4358766 0.6337047 0.4384066 0.6396774 0.4294897 0.6487918 0.4358766 0.6396774 0.4294897 0.656115 0.4283602 0.656115 0.4283602 0.6396774 0.4294897 0.6458437 0.4212228 0.656115 0.4283602 0.6458437 0.4212228 0.6637926 0.4211958 0.6637926 0.4211958 0.6458437 0.4212228 0.6523928 0.413335 0.6637926 0.4211958 0.6523928 0.413335 0.6715222 0.4146619 0.6715222 0.4146619 0.6523928 0.413335 0.6590665 0.4061242 0.2976821 0.9302717 0.3008956 0.914071 0.3080919 0.9259395 0.310939 0.9077847 0.3182066 0.8993065 0.3172308 0.9092199 0.3172308 0.9092199 0.3182066 0.8993065 0.3266866 0.9111759 0.3172308 0.9092199 0.3266866 0.9111759 0.3252874 0.9214279 0.3252874 0.9214279 0.3266866 0.9111759 0.3349505 0.9237605 0.3252874 0.9214279 0.3349505 0.9237605 0.3331032 0.9342504 0.3331032 0.9342504 0.3349505 0.9237605 0.3547632 0.9276881 0.3331032 0.9342504 0.3547632 0.9276881 0.3527678 0.9390677 0.3527678 0.9390677 0.3547632 0.9276881 0.3747202 0.9305802 0.3527678 0.9390677 0.3747202 0.9305802 0.3726202 0.9426097 0.3742964 0.955618 0.3701375 0.9540996 0.3726202 0.9426097 0.3726202 0.9426097 0.3701375 0.9540996 0.3504087 0.9499385 0.3726202 0.9426097 0.3504087 0.9499385 0.3527678 0.9390677 0.3527678 0.9390677 0.3504087 0.9499385 0.3309178 0.9442741 0.3527678 0.9390677 0.3309178 0.9442741 0.3331032 0.9342504 0.3331032 0.9342504 0.3309178 0.9442741 0.3235294 0.9313873 0.3331032 0.9342504 0.3235294 0.9313873 0.3252874 0.9214279 0.3252874 0.9214279 0.3235294 0.9313873 0.3159106 0.9188703 0.3252874 0.9214279 0.3159106 0.9188703 0.3172308 0.9092199 0.3172308 0.9092199 0.3159106 0.9188703 0.3096777 0.9169922 0.3172308 0.9092199 0.3096777 0.9169922 0.310939 0.9077847 0.3029298 0.896806 0.3008956 0.914071 0.294545 0.8952083 0.294545 0.8952083 0.3008956 0.914071 0.2926798 0.9109985 0.6397681 0.408101 0.6523928 0.413335 0.6344792 0.4164801 0.6344792 0.4164801 0.6523928 0.413335 0.6458437 0.4212228 0.6344792 0.4164801 0.6458437 0.4212228 0.6296046 0.4252538 0.6296046 0.4252538 0.6458437 0.4212228 0.6396774 0.4294897 0.6296046 0.4252538 0.6396774 0.4294897 0.6249986 0.4347045 0.6249986 0.4347045 0.6396774 0.4294897 0.6337047 0.4384066 0.6249986 0.4347045 0.6337047 0.4384066 0.6209148 0.4443331 0.6209148 0.4443331 0.6337047 0.4384066 0.6282536 0.4474937 0.6209148 0.4443331 0.6282536 0.4474937 0.6157582 0.4609366 0.6157582 0.4609366 0.6282536 0.4474937 0.6206667 0.4632538 0.3283724 0.8899153 0.338194 0.8905594 0.3375092 0.9018621 0.3375092 0.9018621 0.338194 0.8905594 0.3582686 0.8916546 0.3375092 0.9018621 0.3582686 0.8916546 0.3575282 0.903923 0.3575282 0.903923 0.3582686 0.8916546 0.3765136 0.9110609 0.3188208 0.8892127 0.3283724 0.8899153 0.3277212 0.9006421 0.3277212 0.9006421 0.3283724 0.8899153 0.3375092 0.9018621 0.3277212 0.9006421 0.3375092 0.9018621 0.3364214 0.9129603 0.3364214 0.9129603 0.3375092 0.9018621 0.3575282 0.903923 0.3364214 0.9129603 0.3575282 0.903923 0.3563524 0.9159685 0.3563524 0.9159685 0.3575282 0.903923 0.3765136 0.9110609 0.3563524 0.9159685 0.3765136 0.9110609 0.3759499 0.9264719 0.3751873 0.9417209 0.3726202 0.9426097 0.3755712 0.934587 0.3755712 0.934587 0.3726202 0.9426097 0.3747202 0.9305802 0.3755712 0.934587 0.3747202 0.9305802 0.3759499 0.9264719 0.3759499 0.9264719 0.3747202 0.9305802 0.3547632 0.9276881 0.3759499 0.9264719 0.3547632 0.9276881 0.3563524 0.9159685 0.3563524 0.9159685 0.3547632 0.9276881 0.3349505 0.9237605 0.3563524 0.9159685 0.3349505 0.9237605 0.3364214 0.9129603 0.3364214 0.9129603 0.3349505 0.9237605 0.3266866 0.9111759 0.3364214 0.9129603 0.3266866 0.9111759 0.3277212 0.9006421 0.3277212 0.9006421 0.3266866 0.9111759 0.3182066 0.8993065 0.3277212 0.9006421 0.3182066 0.8993065 0.3188208 0.8892127 0.3188208 0.8892127 0.3182066 0.8993065 0.3118716 0.8983273 0.3188208 0.8892127 0.3118716 0.8983273 0.3124582 0.8886986 0.3736908 0.9636092 0.3672745 0.965101 0.3701375 0.9540996 0.3701375 0.9540996 0.3672745 0.965101 0.3476865 0.9603491 0.3701375 0.9540996 0.3476865 0.9603491 0.3504087 0.9499385 0.3504087 0.9499385 0.3476865 0.9603491 0.3283955 0.9538767 0.3504087 0.9499385 0.3283955 0.9538767 0.3309178 0.9442741 0.3309178 0.9442741 0.3283955 0.9538767 0.3214495 0.9409061 0.3309178 0.9442741 0.3214495 0.9409061 0.3235294 0.9313873 0.3235294 0.9313873 0.3214495 0.9409061 0.3142518 0.9282466 0.3235294 0.9313873 0.3142518 0.9282466 0.3159106 0.9188703 0.3159106 0.9188703 0.3142518 0.9282466 0.3080919 0.9259395 0.3159106 0.9188703 0.3080919 0.9259395 0.3096777 0.9169922 0.3096777 0.9169922 0.3080919 0.9259395 0.3008956 0.914071 0.3096777 0.9169922 0.3008956 0.914071 0.310939 0.9077847 0.310939 0.9077847 0.3008956 0.914071 0.3029298 0.896806 0.310939 0.9077847 0.3029298 0.896806 0.3118716 0.8983273 0.3118716 0.8983273 0.3029298 0.896806 0.3034737 0.8879022 0.3118716 0.8983273 0.3034737 0.8879022 0.3124582 0.8886986 0.3124582 0.8886986 0.3034737 0.8879022 0.314643 0.8789936 0.3124582 0.8886986 0.314643 0.8789936 0.3188208 0.8892127 0.3188208 0.8892127 0.314643 0.8789936 0.3272722 0.8790782 0.3188208 0.8892127 0.3272722 0.8790782 0.3283724 0.8899153 0.3283724 0.8899153 0.3272722 0.8790782 0.3404087 0.8791609 0.3283724 0.8899153 0.3404087 0.8791609 0.338194 0.8905594 0.338194 0.8905594 0.3404087 0.8791609 0.3538783 0.8792412 0.338194 0.8905594 0.3538783 0.8792412 0.3582686 0.8916546 0.3582686 0.8916546 0.3538783 0.8792412 0.3585615 0.8792678 0.3582686 0.8916546 0.3585615 0.8792678 0.3768948 0.8952731 0.3768948 0.8952731 0.3585615 0.8792678 0.3675071 0.8793176 0.3768948 0.8952731 0.3675071 0.8793176 0.3770784 0.8793689 0.3291313 0.7370994 0.3289117 0.7367318 0.3430522 0.7293199 0.3477072 0.7434321 0.3378756 0.7493547 0.3356824 0.7466506 0.4046809 0.716728 0.4045142 0.7226313 0.3952866 0.722786 0.3860432 0.723699 0.3767803 0.7253856 0.3751165 0.7185965 0.4046524 0.715962 0.4046809 0.716728 0.3948277 0.7160394 0.3948277 0.7160394 0.4046809 0.716728 0.3952866 0.722786 0.3948277 0.7160394 0.3952866 0.722786 0.3938953 0.7160858 0.3938953 0.7160858 0.3952866 0.722786 0.3860432 0.723699 0.3938953 0.7160858 0.3860432 0.723699 0.3840687 0.7170491 0.3840687 0.7170491 0.3860432 0.723699 0.3751165 0.7185965 0.3685743 0.7311033 0.3694213 0.7340123 0.3661497 0.7351264 0.3661497 0.7351264 0.3531112 0.7406313 0.3515768 0.7378073 0.3515768 0.7378073 0.3531112 0.7406313 0.3477072 0.7434321 0.3661497 0.7351264 0.3515768 0.7378073 0.3685743 0.7311033 0.3685743 0.7311033 0.3515768 0.7378073 0.3585829 0.7308788 0.3685743 0.7311033 0.3585829 0.7308788 0.3675546 0.7278112 0.3675546 0.7278112 0.3585829 0.7308788 0.3571436 0.7274359 0.3675546 0.7278112 0.3571436 0.7274359 0.366433 0.7243643 0.4045142 0.7226313 0.4035357 0.7288556 0.3952866 0.722786 0.3952866 0.722786 0.4035357 0.7288556 0.3950209 0.7290104 0.3952866 0.722786 0.3950209 0.7290104 0.3860432 0.723699 0.3860432 0.723699 0.3950209 0.7290104 0.3848589 0.7302019 0.3860432 0.723699 0.3848589 0.7302019 0.3767803 0.7253856 0.3291313 0.7370994 0.3430522 0.7293199 0.3293568 0.7374669 0.3356824 0.7466506 0.3335872 0.7438383 0.349867 0.7345462 0.349867 0.7345462 0.3335872 0.7438383 0.3309842 0.7400394 0.349867 0.7345462 0.3309842 0.7400394 0.3481209 0.7311071 0.3481209 0.7311071 0.3309842 0.7400394 0.3293568 0.7374669 0.3477072 0.7434321 0.3356824 0.7466506 0.3515768 0.7378073 0.3515768 0.7378073 0.3356824 0.7466506 0.349867 0.7345462 0.3515768 0.7378073 0.349867 0.7345462 0.3585829 0.7308788 0.3585829 0.7308788 0.349867 0.7345462 0.3481209 0.7311071 0.3585829 0.7308788 0.3481209 0.7311071 0.3571436 0.7274359 0.3293568 0.7374669 0.3430522 0.7293199 0.3481209 0.7311071 0.3481209 0.7311071 0.3430522 0.7293199 0.3464816 0.7277802 0.3481209 0.7311071 0.3464816 0.7277802 0.3571436 0.7274359 0.3571436 0.7274359 0.3464816 0.7277802 0.3634173 0.7215675 0.3571436 0.7274359 0.3634173 0.7215675 0.366433 0.7243643 0.366433 0.7243643 0.3634173 0.7215675 0.3751165 0.7185965 0.366433 0.7243643 0.3751165 0.7185965 0.3675546 0.7278112 0.3675546 0.7278112 0.3751165 0.7185965 0.3767803 0.7253856 0.3675546 0.7278112 0.3767803 0.7253856 0.3685743 0.7311033 0.3685743 0.7311033 0.3767803 0.7253856 0.3848589 0.7302019 0.3685743 0.7311033 0.3848589 0.7302019 0.3694213 0.7340123 0.8470782 0.05145454 0.8464939 0.05185884 0.8381035 0.04165863 0.07548242 0.5264836 0.07547408 0.5304512 0.06101053 0.5303361 0.06101053 0.5303361 0.07547408 0.5304512 0.07546967 0.5348777 0.7550469 0.002088963 0.7551454 9.67119e-7 0.7691702 7.49517e-4 0.06144881 0.5252302 0.07548731 0.5250295 0.07548242 0.5264836 0.7682908 0.006322026 0.7549425 0.005552172 0.7550469 0.002088963 0.8464939 0.05185884 0.8413933 0.05543911 0.8334593 0.04580467 0.8425041 0.03786754 0.8513126 0.04858416 0.8487234 0.05032688 0.3289283 0.7375017 0.3293725 0.7429601 0.3159349 0.7442251 0.3159349 0.7442251 0.3293725 0.7429601 0.3302656 0.7477918 0.3153781 0.7380007 0.3289117 0.7367318 0.3289283 0.7375017 0.7550469 0.002088963 0.7691702 7.49517e-4 0.7682908 0.006322026 0.7682908 0.006322026 0.7691702 7.49517e-4 0.7829171 0.003175973 0.7682908 0.006322026 0.7829171 0.003175973 0.7813764 0.008635401 0.7813764 0.008635401 0.7829171 0.003175973 0.7963796 0.007220506 0.7813764 0.008635401 0.7963796 0.007220506 0.7941914 0.01248741 0.7941914 0.01248741 0.7963796 0.007220506 0.8092172 0.01279497 0.7941914 0.01248741 0.8092172 0.01279497 0.8064117 0.01779496 0.8064117 0.01779496 0.8092172 0.01279497 0.8212512 0.01980268 0.8064117 0.01779496 0.8212512 0.01980268 0.8178678 0.0244652 0.8178678 0.0244652 0.8212512 0.01980268 0.8324529 0.02823889 0.8178678 0.0244652 0.8324529 0.02823889 0.8285328 0.0324952 0.8285328 0.0324952 0.8324529 0.02823889 0.8425041 0.03786754 0.8285328 0.0324952 0.8425041 0.03786754 0.8381035 0.04165863 0.8381035 0.04165863 0.8425041 0.03786754 0.8487234 0.05032688 0.8381035 0.04165863 0.8487234 0.05032688 0.8470782 0.05145454 0.07548242 0.5264836 0.06101053 0.5303361 0.06144881 0.5252302 0.06144881 0.5252302 0.06101053 0.5303361 0.04683572 0.5307921 0.06144881 0.5252302 0.04683572 0.5307921 0.04769015 0.5256611 0.04769015 0.5256611 0.04683572 0.5307921 0.03295803 0.5315266 0.04769015 0.5256611 0.03295803 0.5315266 0.03422027 0.5263671 0.03422027 0.5263671 0.03295803 0.5315266 0.01972931 0.5325247 0.03422027 0.5263671 0.01972931 0.5325247 0.0213803 0.5273332 0.283195 0.7556255 0.2804862 0.749521 0.2912579 0.7475365 0.283195 0.7556255 0.2912579 0.7475365 0.2936511 0.753699 0.2936511 0.753699 0.2912579 0.7475365 0.3031866 0.745757 0.2936511 0.753699 0.3031866 0.745757 0.3052288 0.7519659 0.3052288 0.7519659 0.3031866 0.745757 0.3159349 0.7442251 0.3052288 0.7519659 0.3159349 0.7442251 0.3176036 0.7504727 0.3176036 0.7504727 0.3159349 0.7442251 0.3302656 0.7477918 0.3176036 0.7504727 0.3302656 0.7477918 0.330646 0.7492309 0.3289283 0.7375017 0.3159349 0.7442251 0.3153781 0.7380007 0.3153781 0.7380007 0.3159349 0.7442251 0.3031866 0.745757 0.3153781 0.7380007 0.3031866 0.745757 0.3025395 0.7395403 0.3025395 0.7395403 0.3031866 0.745757 0.2912579 0.7475365 0.3025395 0.7395403 0.2912579 0.7475365 0.2905266 0.7413315 0.006830513 0.5397505 0.00733298 0.5337689 0.01972931 0.5325247 0.006830513 0.5397505 0.01972931 0.5325247 0.0193175 0.5384981 0.0193175 0.5384981 0.01972931 0.5325247 0.03295803 0.5315266 0.0193175 0.5384981 0.03295803 0.5315266 0.03264182 0.5374909 0.03264182 0.5374909 0.03295803 0.5315266 0.04683572 0.5307921 0.03264182 0.5374909 0.04683572 0.5307921 0.04661953 0.5367457 0.04661953 0.5367457 0.04683572 0.5307921 0.06101053 0.5303361 0.04661953 0.5367457 0.06101053 0.5303361 0.06089776 0.5362766 0.06089776 0.5362766 0.06101053 0.5303361 0.07546967 0.5348777 0.06089776 0.5362766 0.07546967 0.5348777 0.07546871 0.5360885 0.7674918 0.01241195 0.7548773 0.01167601 0.7549214 0.006597638 0.8464939 0.05185884 0.8334593 0.04580467 0.8381035 0.04165863 0.8381035 0.04165863 0.8334593 0.04580467 0.8244121 0.03714895 0.8381035 0.04165863 0.8244121 0.03714895 0.8285328 0.0324952 0.8285328 0.0324952 0.8244121 0.03714895 0.8143329 0.02956479 0.8285328 0.0324952 0.8143329 0.02956479 0.8178678 0.0244652 0.8178678 0.0244652 0.8143329 0.02956479 0.8035087 0.02326303 0.8178678 0.0244652 0.8035087 0.02326303 0.8064117 0.01779496 0.8064117 0.01779496 0.8035087 0.02326303 0.7919629 0.0182476 0.8064117 0.01779496 0.7919629 0.0182476 0.7941914 0.01248741 0.7941914 0.01248741 0.7919629 0.0182476 0.7798553 0.01460349 0.7941914 0.01248741 0.7798553 0.01460349 0.7813764 0.008635401 0.7813764 0.008635401 0.7798553 0.01460349 0.7674918 0.01241195 0.7813764 0.008635401 0.7674918 0.01241195 0.7682908 0.006322026 0.7682908 0.006322026 0.7674918 0.01241195 0.7549214 0.006597638 0.7682908 0.006322026 0.7549214 0.006597638 0.7549425 0.005552172 0.07546871 0.5360885 0.131038 0.5360871 0.07718783 0.5728753 0.07718783 0.5728753 0.131038 0.5360871 0.1310159 0.6040499 0.07718783 0.5728753 0.1310159 0.6040499 0.08046978 0.6095891 0.1309968 0.6705471 0.09169596 0.6825689 0.1310159 0.6040499 0.1310159 0.6040499 0.09169596 0.6825689 0.08530712 0.6461704 0.1310159 0.6040499 0.08530712 0.6461704 0.08046978 0.6095891 0.1309644 0.8053214 0.1253231 0.8053214 0.1309968 0.6705471 0.1309968 0.6705471 0.1253231 0.8053214 0.1200377 0.7899142 0.1200377 0.7899142 0.1090762 0.7545056 0.1309968 0.6705471 0.1309968 0.6705471 0.1090762 0.7545056 0.09962213 0.7186951 0.1309968 0.6705471 0.09962213 0.7186951 0.09169596 0.6825689 0.3099495 0.4538418 0.3162173 0.437072 0.3195379 0.4370333 0.08203941 0.8737272 0.06560182 0.8770714 0.0638768 0.8739883 0.3237155 0.4223021 0.3387168 0.4283215 0.3361706 0.4305613 0.3237155 0.4223021 0.3265351 0.4356058 0.3230155 0.4365381 0.3299764 0.4342674 0.3265351 0.4356058 0.3237155 0.4223021 0.3195379 0.4370333 0.3162173 0.437072 0.3237155 0.4223021 0.05078631 0.878745 0.05074858 0.8623862 0.05368834 0.8639153 0.3131653 0.4366542 0.3104858 0.4357993 0.3237155 0.4223021 0.05078631 0.878745 0.05928111 0.8683142 0.06174588 0.8710361 0.05656486 0.8659138 0.05928111 0.8683142 0.05078631 0.878745 0.05368834 0.8639153 0.05656486 0.8659138 0.05078631 0.878745 0.0638768 0.8739883 0.06560182 0.8770714 0.05078631 0.878745 0.06209242 0.8289902 0.06235516 0.8288838 0.06519198 0.8307455 0.06519198 0.8307455 0.06235516 0.8288838 0.07401424 0.8242474 0.08645373 0.8194563 0.09952312 0.8145704 0.1082111 0.8155941 0.1082111 0.8155941 0.09952312 0.8145704 0.1130234 0.8096681 0.1253256 0.8328185 0.1192417 0.827776 0.1253222 0.8190922 0.09028369 0.8796483 0.0857743 0.8799946 0.0845282 0.8798645 0.7532694 0.3510646 0.7534837 0.3497847 0.7534837 0.3635608 0.0845282 0.8798645 0.07337749 0.8804109 0.06463021 0.8785463 0.2479217 0.7307178 0.2493581 0.7213358 0.2493581 0.7350459 0.06463021 0.8785463 0.06165122 0.8799902 0.05078631 0.878745 0.1179725 0.8624312 0.1253604 0.8713123 0.1226834 0.8740468 0.1226834 0.8740468 0.1253604 0.8713123 0.1253643 0.8738345 0.2643912 0.7272797 0.2647873 0.7246637 0.2647873 0.7381608 0.8267239 0.3776594 0.8267239 0.388584 0.8263915 0.383703 0.1115302 0.8509181 0.1253393 0.8533756 0.1179725 0.8624312 0.1179725 0.8624312 0.1253393 0.8533756 0.1253452 0.8594196 0.1179725 0.8624312 0.1253452 0.8594196 0.1253604 0.8713123 0.0943681 0.8297286 0.1192417 0.827776 0.1035727 0.8398935 0.1035727 0.8398935 0.1192417 0.827776 0.1253256 0.8328185 0.1035727 0.8398935 0.1253256 0.8328185 0.1115302 0.8509181 0.1115302 0.8509181 0.1253256 0.8328185 0.1253334 0.846319 0.1115302 0.8509181 0.1253334 0.846319 0.1253393 0.8533756 0.3370962 0.4483099 0.3445355 0.4507045 0.3310186 0.4525923 0.3493189 0.4409985 0.3543406 0.4365768 0.3701664 0.4468438 0.3370962 0.4483099 0.3435061 0.444956 0.3445355 0.4507045 0.3445355 0.4507045 0.3435061 0.444956 0.3493189 0.4409985 0.3445355 0.4507045 0.3493189 0.4409985 0.3581829 0.4495826 0.3581829 0.4495826 0.3493189 0.4409985 0.3701664 0.4468438 0.3581829 0.4495826 0.3701664 0.4468438 0.371789 0.449219 0.371789 0.449219 0.3701664 0.4468438 0.3851883 0.4496058 0.3584024 0.4318341 0.3722096 0.4371764 0.3761224 0.4398921 0.6883004 0.3850584 0.6892181 0.3811919 0.6892181 0.3918766 0.3761224 0.4398921 0.3843951 0.4434202 0.3934552 0.4498727 0.3237155 0.4223021 0.3354863 0.424395 0.3407756 0.4259153 0.7677761 0.3556498 0.7681246 0.3497847 0.7681246 0.3628587 0.3407756 0.4259153 0.3475974 0.4276019 0.3584024 0.4318341 0.3584024 0.4318341 0.3475974 0.4276019 0.3598917 0.4318805 0.3584024 0.4318341 0.3598917 0.4318805 0.3722096 0.4371764 0.09868335 0.8787475 0.09028369 0.8796483 0.103304 0.8778007 0.103304 0.8778007 0.09028369 0.8796483 0.0845282 0.8798645 0.103304 0.8778007 0.0845282 0.8798645 0.08203941 0.8737272 0.08203941 0.8737272 0.0845282 0.8798645 0.06463021 0.8785463 0.7084043 0.3497847 0.7084043 0.371628 0.707416 0.3696706 0.06560182 0.8770714 0.06463021 0.8785463 0.05078631 0.878745 0.07863539 0.8676444 0.06174588 0.8710361 0.07443141 0.86182 0.07443141 0.86182 0.06174588 0.8710361 0.05928111 0.8683142 0.07443141 0.86182 0.05928111 0.8683142 0.06956809 0.8564491 0.06956809 0.8564491 0.05928111 0.8683142 0.05656486 0.8659138 0.06956809 0.8564491 0.05656486 0.8659138 0.06420916 0.8517131 0.06420916 0.8517131 0.05656486 0.8659138 0.05368834 0.8639153 0.06420916 0.8517131 0.05368834 0.8639153 0.05853402 0.8477702 0.05853402 0.8477702 0.05368834 0.8639153 0.05074858 0.8623862 0.05853402 0.8477702 0.05074858 0.8623862 0.05273342 0.8447527 0.05273342 0.8447527 0.05074858 0.8623862 0.04784363 0.8613775 0.05273342 0.8447527 0.04784363 0.8613775 0.04700243 0.8427629 0.3299764 0.4342674 0.3303068 0.4509482 0.3265351 0.4356058 0.3265351 0.4356058 0.3303068 0.4509482 0.3233635 0.4527896 0.3265351 0.4356058 0.3233635 0.4527896 0.3230155 0.4365381 0.3230155 0.4365381 0.3233635 0.4527896 0.3165016 0.4537644 0.3370962 0.4483099 0.3332245 0.4325652 0.3435061 0.444956 0.3435061 0.444956 0.3332245 0.4325652 0.3361706 0.4305613 0.3435061 0.444956 0.3361706 0.4305613 0.3493189 0.4409985 0.3493189 0.4409985 0.3361706 0.4305613 0.3387168 0.4283215 0.3493189 0.4409985 0.3387168 0.4283215 0.3543406 0.4365768 0.3332245 0.4325652 0.3237155 0.4223021 0.3361706 0.4305613 0.05853402 0.8477702 0.07351279 0.8365265 0.06420916 0.8517131 0.06420916 0.8517131 0.07351279 0.8365265 0.08136981 0.8434703 0.06420916 0.8517131 0.08136981 0.8434703 0.06956809 0.8564491 0.06956809 0.8564491 0.08136981 0.8434703 0.08850032 0.8513447 0.06956809 0.8564491 0.08850032 0.8513447 0.07443141 0.86182 0.07443141 0.86182 0.08850032 0.8513447 0.09466415 0.8598843 0.07443141 0.86182 0.09466415 0.8598843 0.07863539 0.8676444 0.07863539 0.8676444 0.09466415 0.8598843 0.09965497 0.8688031 0.3099495 0.4538418 0.3039288 0.4530217 0.3162173 0.437072 0.3162173 0.437072 0.3039288 0.4530217 0.3131653 0.4366542 0.3162173 0.437072 0.3131653 0.4366542 0.3237155 0.4223021 0.2490767 0.7491458 0.2490767 0.7606564 0.2479217 0.7585907 0.3934552 0.4498727 0.3962454 0.4505072 0.3851883 0.4496058 0.3934552 0.4498727 0.3851883 0.4496058 0.3761224 0.4398921 0.3761224 0.4398921 0.3851883 0.4496058 0.3701664 0.4468438 0.3761224 0.4398921 0.3701664 0.4468438 0.3584024 0.4318341 0.3584024 0.4318341 0.3701664 0.4468438 0.3543406 0.4365768 0.3584024 0.4318341 0.3543406 0.4365768 0.3407756 0.4259153 0.3407756 0.4259153 0.3543406 0.4365768 0.3387168 0.4283215 0.3407756 0.4259153 0.3387168 0.4283215 0.3237155 0.4223021 0.3050857 0.4585923 0.3165016 0.4537644 0.3178036 0.4552306 0.3178036 0.4552306 0.3165016 0.4537644 0.3233635 0.4527896 0.3178036 0.4552306 0.3233635 0.4527896 0.3310186 0.4525923 0.3310186 0.4525923 0.3233635 0.4527896 0.3303068 0.4509482 0.3310186 0.4525923 0.3303068 0.4509482 0.3370962 0.4483099 0.3370962 0.4483099 0.3303068 0.4509482 0.3299764 0.4342674 0.3370962 0.4483099 0.3299764 0.4342674 0.3332245 0.4325652 0.3332245 0.4325652 0.3299764 0.4342674 0.3237155 0.4223021 0.1226834 0.8740468 0.09965497 0.8688031 0.1179725 0.8624312 0.1179725 0.8624312 0.09965497 0.8688031 0.09466415 0.8598843 0.1179725 0.8624312 0.09466415 0.8598843 0.1115302 0.8509181 0.1115302 0.8509181 0.09466415 0.8598843 0.08850032 0.8513447 0.1115302 0.8509181 0.08850032 0.8513447 0.1035727 0.8398935 0.1035727 0.8398935 0.08850032 0.8513447 0.08136981 0.8434703 0.1035727 0.8398935 0.08136981 0.8434703 0.0943681 0.8297286 0.0943681 0.8297286 0.08136981 0.8434703 0.07351279 0.8365265 0.0943681 0.8297286 0.07351279 0.8365265 0.08422428 0.8207638 0.1119385 0.8766846 0.1092439 0.8771653 0.1226834 0.8740468 0.1226834 0.8740468 0.1092439 0.8771653 0.103304 0.8778007 0.1226834 0.8740468 0.103304 0.8778007 0.09965497 0.8688031 0.09965497 0.8688031 0.103304 0.8778007 0.08203941 0.8737272 0.09965497 0.8688031 0.08203941 0.8737272 0.07863539 0.8676444 0.07863539 0.8676444 0.08203941 0.8737272 0.0638768 0.8739883 0.07863539 0.8676444 0.0638768 0.8739883 0.06174588 0.8710361 0.06174588 0.8710361 0.0638768 0.8739883 0.05078631 0.878745 0.1253231 0.8053214 0.1253222 0.8190922 0.1130234 0.8096681 0.1130234 0.8096681 0.1253222 0.8190922 0.1192417 0.827776 0.1130234 0.8096681 0.1192417 0.827776 0.1082111 0.8155941 0.1082111 0.8155941 0.1192417 0.827776 0.0943681 0.8297286 0.1082111 0.8155941 0.0943681 0.8297286 0.08645373 0.8194563 0.08645373 0.8194563 0.0943681 0.8297286 0.08422428 0.8207638 0.08645373 0.8194563 0.08422428 0.8207638 0.07401424 0.8242474 0.07401424 0.8242474 0.08422428 0.8207638 0.07351279 0.8365265 0.07401424 0.8242474 0.07351279 0.8365265 0.06519198 0.8307455 0.06519198 0.8307455 0.07351279 0.8365265 0.05853402 0.8477702 0.06519198 0.8307455 0.05853402 0.8477702 0.06209242 0.8289902 0.06209242 0.8289902 0.05853402 0.8477702 0.05273342 0.8447527 0.06209242 0.8289902 0.05273342 0.8447527 0.05271184 0.8328465 0.05271184 0.8328465 0.05273342 0.8447527 0.04700243 0.8427629 0.05271184 0.8328465 0.04700243 0.8427629 0.04383468 0.8366241 0.3050857 0.4585923 0.3039288 0.4530217 0.3099495 0.4538418 0.3050857 0.4585923 0.3099495 0.4538418 0.3165016 0.4537644 0.3165016 0.4537644 0.3099495 0.4538418 0.3195379 0.4370333 0.3165016 0.4537644 0.3195379 0.4370333 0.3230155 0.4365381 0.3230155 0.4365381 0.3195379 0.4370333 0.3237155 0.4223021 0.4558839 0.450778 0.4572437 0.4522829 0.4649096 0.4863061 0.4444013 0.4415556 0.4500279 0.4454047 0.3983425 0.4844453 0.5731545 0.5142094 0.5805232 0.4759889 0.6257094 0.4672461 0.6257094 0.4672461 0.5805232 0.4759889 0.5859655 0.4697258 0.6257094 0.4672461 0.5859655 0.4697258 0.6206667 0.4632538 0.6206667 0.4632538 0.5859655 0.4697258 0.591897 0.464925 0.6206667 0.4632538 0.591897 0.464925 0.6157582 0.4609366 0.598177 0.4616175 0.6044918 0.4599192 0.591897 0.464925 0.591897 0.464925 0.6044918 0.4599192 0.6098145 0.4597296 0.591897 0.464925 0.6098145 0.4597296 0.6157582 0.4609366 0.4500279 0.4454047 0.4558839 0.450778 0.3983425 0.4844453 0.3983425 0.4844453 0.4558839 0.450778 0.4649096 0.4863061 0.3983425 0.4844453 0.4649096 0.4863061 0.4001161 0.5187355 0.4001161 0.5187355 0.4649096 0.4863061 0.4718793 0.5204454 0.4001161 0.5187355 0.4718793 0.5204454 0.4015936 0.5536408 0.4718793 0.5204454 0.4757598 0.5411031 0.4015936 0.5536408 0.4015936 0.5536408 0.4757598 0.5411031 0.4782637 0.5551766 0.4015936 0.5536408 0.4782637 0.5551766 0.4027769 0.5891147 0.4027769 0.5891147 0.4782637 0.5551766 0.4840521 0.5904725 0.4027769 0.5891147 0.4840521 0.5904725 0.4031161 0.6014087 0.4031161 0.6014087 0.4840521 0.5904725 0.486063 0.6038227 0.4031161 0.6014087 0.486063 0.6038227 0.403672 0.6251109 0.403672 0.6251109 0.486063 0.6038227 0.4892963 0.6267588 0.403672 0.6251109 0.4892963 0.6267588 0.4042789 0.6615597 0.4995583 0.718728 0.4046524 0.715962 0.4978877 0.7007937 0.4978877 0.7007937 0.4046524 0.715962 0.4045995 0.6984223 0.4978877 0.7007937 0.4045995 0.6984223 0.4944386 0.6681361 0.4944386 0.6681361 0.4045995 0.6984223 0.4042789 0.6615597 0.4944386 0.6681361 0.4042789 0.6615597 0.4939141 0.6635712 0.4939141 0.6635712 0.4042789 0.6615597 0.4892963 0.6267588 0.4031161 0.6014087 0.403672 0.6251109 0.3938012 0.6264571 0.04082924 0.7971734 0.05068236 0.7935211 0.06209242 0.8289902 0.06209242 0.8289902 0.05068236 0.7935211 0.06235516 0.8288838 0.06235516 0.8288838 0.05068236 0.7935211 0.06110072 0.7897967 0.06235516 0.8288838 0.06110072 0.7897967 0.07401424 0.8242474 0.07401424 0.8242474 0.06110072 0.7897967 0.07190048 0.7860617 0.07401424 0.8242474 0.07190048 0.7860617 0.08645373 0.8194563 0.08645373 0.8194563 0.07190048 0.7860617 0.08289676 0.7823721 0.08645373 0.8194563 0.08289676 0.7823721 0.09952312 0.8145704 0.08289676 0.7823721 0.09391415 0.7787808 0.09952312 0.8145704 0.09952312 0.8145704 0.09391415 0.7787808 0.1047933 0.7753306 0.09952312 0.8145704 0.1047933 0.7753306 0.1130234 0.8096681 0.1130234 0.8096681 0.1047933 0.7753306 0.1200377 0.7899142 0.1130234 0.8096681 0.1200377 0.7899142 0.1253231 0.8053214 0.06685036 0.5689899 0.06089776 0.5362766 0.07718783 0.5728753 0.07718783 0.5728753 0.06089776 0.5362766 0.07546871 0.5360885 0.06685036 0.5689899 0.05548053 0.5698671 0.06089776 0.5362766 0.06089776 0.5362766 0.05548053 0.5698671 0.04396659 0.5708894 0.06089776 0.5362766 0.04396659 0.5708894 0.04661953 0.5367457 0.04661953 0.5367457 0.04396659 0.5708894 0.03247368 0.5720542 0.04661953 0.5367457 0.03247368 0.5720542 0.03264182 0.5374909 0.03264182 0.5374909 0.03247368 0.5720542 0.0211867 0.5733531 0.03264182 0.5374909 0.0211867 0.5733531 0.0193175 0.5384981 0.0193175 0.5384981 0.0211867 0.5733531 0.01029771 0.5747723 0.0193175 0.5384981 0.01029771 0.5747723 0.006830513 0.5397505 0.006830513 0.5397505 0.01029771 0.5747723 0 0.5762946 0.2905266 0.7413315 0.299215 0.7052232 0.3025395 0.7395403 0.3025395 0.7395403 0.299215 0.7052232 0.3102632 0.7036293 0.3025395 0.7395403 0.3102632 0.7036293 0.3153781 0.7380007 0.3463258 0.7006893 0.3289117 0.7367318 0.3340147 0.7013469 0.3340147 0.7013469 0.3289117 0.7367318 0.3153781 0.7380007 0.3340147 0.7013469 0.3153781 0.7380007 0.3219262 0.7023295 0.3219262 0.7023295 0.3153781 0.7380007 0.3102632 0.7036293 0.3634173 0.7215675 0.3464816 0.7277802 0.3463258 0.7006893 0.3463258 0.7006893 0.3464816 0.7277802 0.3430522 0.7293199 0.3463258 0.7006893 0.3430522 0.7293199 0.3289117 0.7367318 0.3463258 0.7006893 0.3586593 0.7003489 0.3634173 0.7215675 0.3634173 0.7215675 0.3586593 0.7003489 0.3708263 0.7003179 0.3634173 0.7215675 0.3708263 0.7003179 0.3751165 0.7185965 0.3751165 0.7185965 0.3708263 0.7003179 0.3840687 0.7170491 0.3708263 0.7003179 0.3826579 0.7005771 0.3840687 0.7170491 0.3840687 0.7170491 0.3826579 0.7005771 0.3940101 0.7010993 0.3840687 0.7170491 0.3940101 0.7010993 0.3938953 0.7160858 0.4045995 0.6984223 0.4046524 0.715962 0.3940101 0.7010993 0.3940101 0.7010993 0.4046524 0.715962 0.3948277 0.7160394 0.3940101 0.7010993 0.3948277 0.7160394 0.3938953 0.7160858 0.3851883 0.4496058 0.3962454 0.4505072 0.3983425 0.4844453 0.3983425 0.4844453 0.3904061 0.4837954 0.3851883 0.4496058 0.3851883 0.4496058 0.3904061 0.4837954 0.3790656 0.4832461 0.3851883 0.4496058 0.3790656 0.4832461 0.371789 0.449219 0.06209242 0.8289902 0.05271184 0.8328465 0.04082924 0.7971734 0.2956531 0.4950759 0.2941933 0.4622209 0.3050857 0.4585923 0.2956531 0.4950759 0.3050857 0.4585923 0.3067033 0.4916794 0.3067033 0.4916794 0.3050857 0.4585923 0.3178036 0.4552306 0.3067033 0.4916794 0.3178036 0.4552306 0.3183683 0.4888129 0.3183683 0.4888129 0.3178036 0.4552306 0.3310186 0.4525923 0.3183683 0.4888129 0.3310186 0.4525923 0.3304538 0.4865188 0.3304538 0.4865188 0.3310186 0.4525923 0.3445355 0.4507045 0.3304538 0.4865188 0.3445355 0.4507045 0.34276 0.4848206 0.34276 0.4848206 0.3445355 0.4507045 0.3581829 0.4495826 0.34276 0.4848206 0.3581829 0.4495826 0.3550867 0.4837219 0.3550867 0.4837219 0.3581829 0.4495826 0.371789 0.449219 0.3550867 0.4837219 0.371789 0.449219 0.3672448 0.4832074 0.3672448 0.4832074 0.371789 0.449219 0.3790656 0.4832461 0.09169596 0.6825689 0.09962213 0.7186951 0.07966482 0.6731849 0.07966482 0.6731849 0.09962213 0.7186951 0.08668804 0.7075335 0.07966482 0.6731849 0.08668804 0.7075335 0.06846117 0.6753628 0.06846117 0.6753628 0.08668804 0.7075335 0.07557505 0.7101395 0.06846117 0.6753628 0.07557505 0.7101395 0.05711537 0.677684 0.05711537 0.677684 0.07557505 0.7101395 0.06432092 0.712888 0.05711537 0.677684 0.06432092 0.712888 0.04579061 0.6801249 0.04579061 0.6801249 0.06432092 0.712888 0.0530883 0.7157493 0.04579061 0.6801249 0.0530883 0.7157493 0.0346688 0.6826554 0.0346688 0.6826554 0.0530883 0.7157493 0.04205626 0.7186849 0.0346688 0.6826554 0.04205626 0.7186849 0.02393919 0.6852396 0.02393919 0.6852396 0.04205626 0.7186849 0.03141385 0.7216531 0.02393919 0.6852396 0.03141385 0.7216531 0.01379191 0.6878387 0.01379191 0.6878387 0.03141385 0.7216531 0.02134895 0.7246066 0.2985297 0.597695 0.2978188 0.5628709 0.3095828 0.5951727 0.3095828 0.5951727 0.2978188 0.5628709 0.308873 0.5600509 0.3095828 0.5951727 0.308873 0.5600509 0.3212507 0.5930683 0.3212507 0.5930683 0.308873 0.5600509 0.3205409 0.5576872 0.3212507 0.5930683 0.3205409 0.5576872 0.3333421 0.5914087 0.3333421 0.5914087 0.3205409 0.5576872 0.3326303 0.555811 0.3333421 0.5914087 0.3326303 0.555811 0.3456541 0.5902134 0.3456541 0.5902134 0.3326303 0.555811 0.3449414 0.5544454 0.3456541 0.5902134 0.3449414 0.5544454 0.3579868 0.5894822 0.3579868 0.5894822 0.3449414 0.5544454 0.3572731 0.5535866 0.3579868 0.5894822 0.3572731 0.5535866 0.3701527 0.5891998 0.3701527 0.5891998 0.3572731 0.5535866 0.369437 0.5532268 0.3701527 0.5891998 0.369437 0.5532268 0.3819814 0.589343 0.3819814 0.589343 0.369437 0.5532268 0.3812637 0.5533313 0.3819814 0.589343 0.3812637 0.5533313 0.3933296 0.5898768 0.3933296 0.5898768 0.3812637 0.5533313 0.39261 0.553869 0.3933296 0.5898768 0.39261 0.553869 0.4027769 0.5891147 0.4027769 0.5891147 0.39261 0.553869 0.4015936 0.5536408 0.09962213 0.7186951 0.1090762 0.7545056 0.08668804 0.7075335 0.08668804 0.7075335 0.1090762 0.7545056 0.09506857 0.7415999 0.08668804 0.7075335 0.09506857 0.7415999 0.07557505 0.7101395 0.07557505 0.7101395 0.09506857 0.7415999 0.08406394 0.7446303 0.07557505 0.7101395 0.08406394 0.7446303 0.06432092 0.712888 0.06432092 0.712888 0.08406394 0.7446303 0.07291913 0.7478024 0.06432092 0.712888 0.07291913 0.7478024 0.0530883 0.7157493 0.0530883 0.7157493 0.07291913 0.7478024 0.06179583 0.7510796 0.0530883 0.7157493 0.06179583 0.7510796 0.04205626 0.7186849 0.04205626 0.7186849 0.06179583 0.7510796 0.05087161 0.7544175 0.04205626 0.7186849 0.05087161 0.7544175 0.03141385 0.7216531 0.03141385 0.7216531 0.05087161 0.7544175 0.04033315 0.7577657 0.03141385 0.7216531 0.04033315 0.7577657 0.02134895 0.7246066 0.02134895 0.7246066 0.04033315 0.7577657 0.0303663 0.7610709 0.2978188 0.5628709 0.296862 0.5286465 0.308873 0.5600509 0.308873 0.5600509 0.296862 0.5286465 0.3079141 0.5255363 0.308873 0.5600509 0.3079141 0.5255363 0.3205409 0.5576872 0.3205409 0.5576872 0.3079141 0.5255363 0.3195811 0.5229173 0.3205409 0.5576872 0.3195811 0.5229173 0.3326303 0.555811 0.3326303 0.555811 0.3195811 0.5229173 0.3316696 0.5208323 0.3326303 0.555811 0.3316696 0.5208323 0.3449414 0.5544454 0.3449414 0.5544454 0.3316696 0.5208323 0.3439787 0.5192965 0.3449414 0.5544454 0.3439787 0.5192965 0.3572731 0.5535866 0.3572731 0.5535866 0.3439787 0.5192965 0.3563083 0.5183177 0.3572731 0.5535866 0.3563083 0.5183177 0.369437 0.5532268 0.369437 0.5532268 0.3563083 0.5183177 0.3684694 0.5178767 0.369437 0.5532268 0.3684694 0.5178767 0.3812637 0.5533313 0.3812637 0.5533313 0.3684694 0.5178767 0.3802931 0.5179502 0.3812637 0.5533313 0.3802931 0.5179502 0.39261 0.553869 0.39261 0.553869 0.3802931 0.5179502 0.3916365 0.5184918 0.39261 0.553869 0.3916365 0.5184918 0.4015936 0.5536408 0.4015936 0.5536408 0.3916365 0.5184918 0.4001161 0.5187355 0.1090762 0.7545056 0.1200377 0.7899142 0.09506857 0.7415999 0.09506857 0.7415999 0.1200377 0.7899142 0.1047933 0.7753306 0.09506857 0.7415999 0.1047933 0.7753306 0.08406394 0.7446303 0.08406394 0.7446303 0.1047933 0.7753306 0.09391415 0.7787808 0.08406394 0.7446303 0.09391415 0.7787808 0.07291913 0.7478024 0.07291913 0.7478024 0.09391415 0.7787808 0.08289676 0.7823721 0.07291913 0.7478024 0.08289676 0.7823721 0.06179583 0.7510796 0.06179583 0.7510796 0.08289676 0.7823721 0.07190048 0.7860617 0.06179583 0.7510796 0.07190048 0.7860617 0.05087161 0.7544175 0.05087161 0.7544175 0.07190048 0.7860617 0.06110072 0.7897967 0.05087161 0.7544175 0.06110072 0.7897967 0.04033315 0.7577657 0.04033315 0.7577657 0.06110072 0.7897967 0.05068236 0.7935211 0.04033315 0.7577657 0.05068236 0.7935211 0.0303663 0.7610709 0.0303663 0.7610709 0.05068236 0.7935211 0.04082924 0.7971734 0.296862 0.5286465 0.2956531 0.4950759 0.3079141 0.5255363 0.3079141 0.5255363 0.2956531 0.4950759 0.3067033 0.4916794 0.3079141 0.5255363 0.3067033 0.4916794 0.3195811 0.5229173 0.3195811 0.5229173 0.3067033 0.4916794 0.3183683 0.4888129 0.3195811 0.5229173 0.3183683 0.4888129 0.3316696 0.5208323 0.3316696 0.5208323 0.3183683 0.4888129 0.3304538 0.4865188 0.3316696 0.5208323 0.3304538 0.4865188 0.3439787 0.5192965 0.3439787 0.5192965 0.3304538 0.4865188 0.34276 0.4848206 0.3439787 0.5192965 0.34276 0.4848206 0.3563083 0.5183177 0.3563083 0.5183177 0.34276 0.4848206 0.3550867 0.4837219 0.3563083 0.5183177 0.3550867 0.4837219 0.3684694 0.5178767 0.3684694 0.5178767 0.3550867 0.4837219 0.3672448 0.4832074 0.3684694 0.5178767 0.3672448 0.4832074 0.3802931 0.5179502 0.3802931 0.5179502 0.3672448 0.4832074 0.3790656 0.4832461 0.3802931 0.5179502 0.3790656 0.4832461 0.3916365 0.5184918 0.3916365 0.5184918 0.3790656 0.4832461 0.3904061 0.4837954 0.3916365 0.5184918 0.3904061 0.4837954 0.4001161 0.5187355 0.4001161 0.5187355 0.3904061 0.4837954 0.3983425 0.4844453 0.08046978 0.6095891 0.08530712 0.6461704 0.06973767 0.603857 0.06973767 0.603857 0.08530712 0.6461704 0.0740118 0.6386075 0.06973767 0.603857 0.0740118 0.6386075 0.0584051 0.6051698 0.0584051 0.6051698 0.0740118 0.6386075 0.06273508 0.6403541 0.0584051 0.6051698 0.06273508 0.6403541 0.04692888 0.6066268 0.04692888 0.6066268 0.06273508 0.6403541 0.05131477 0.6422443 0.04692888 0.6066268 0.05131477 0.6422443 0.03547424 0.6082192 0.03547424 0.6082192 0.05131477 0.6422443 0.03991597 0.6442623 0.03547424 0.6082192 0.03991597 0.6442623 0.02422451 0.60993 0.02422451 0.60993 0.03991597 0.6442623 0.02872115 0.6463841 0.02422451 0.60993 0.02872115 0.6463841 0.01337134 0.6117395 0.01337134 0.6117395 0.02872115 0.6463841 0.01792144 0.6485819 0.01337134 0.6117395 0.01792144 0.6485819 0.003107368 0.613622 0.003107368 0.613622 0.01792144 0.6485819 0.007707953 0.6508241 0.2992248 0.6689252 0.2989973 0.6330645 0.310275 0.6670181 0.310275 0.6670181 0.2989973 0.6330645 0.3100495 0.6308478 0.310275 0.6670181 0.3100495 0.6308478 0.3219409 0.6654475 0.3219409 0.6654475 0.3100495 0.6308478 0.3217164 0.6290064 0.3219409 0.6654475 0.3217164 0.6290064 0.3340304 0.6642366 0.3340304 0.6642366 0.3217164 0.6290064 0.3338078 0.6275712 0.3340304 0.6642366 0.3338078 0.6275712 0.3463424 0.6633933 0.3463424 0.6633933 0.3338078 0.6275712 0.3461198 0.6265499 0.3463424 0.6633933 0.3461198 0.6265499 0.358677 0.6629213 0.358677 0.6629213 0.3461198 0.6265499 0.3584535 0.6259465 0.358677 0.6629213 0.3584535 0.6259465 0.3708439 0.6628053 0.3708439 0.6628053 0.3584535 0.6259465 0.3706204 0.6257453 0.3708439 0.6628053 0.3706204 0.6257453 0.3826755 0.6630258 0.3826755 0.6630258 0.3706204 0.6257453 0.382451 0.6259271 0.3826755 0.6630258 0.382451 0.6259271 0.3940267 0.6635481 0.3940267 0.6635481 0.382451 0.6259271 0.3938012 0.6264571 0.3940267 0.6635481 0.3938012 0.6264571 0.4042789 0.6615597 0.4042789 0.6615597 0.3938012 0.6264571 0.403672 0.6251109 0.07718783 0.5728753 0.08046978 0.6095891 0.06685036 0.5689899 0.06685036 0.5689899 0.08046978 0.6095891 0.06973767 0.603857 0.06685036 0.5689899 0.06973767 0.603857 0.05548053 0.5698671 0.05548053 0.5698671 0.06973767 0.603857 0.0584051 0.6051698 0.05548053 0.5698671 0.0584051 0.6051698 0.04396659 0.5708894 0.04396659 0.5708894 0.0584051 0.6051698 0.04692888 0.6066268 0.04396659 0.5708894 0.04692888 0.6066268 0.03247368 0.5720542 0.03247368 0.5720542 0.04692888 0.6066268 0.03547424 0.6082192 0.03247368 0.5720542 0.03547424 0.6082192 0.0211867 0.5733531 0.0211867 0.5733531 0.03547424 0.6082192 0.02422451 0.60993 0.0211867 0.5733531 0.02422451 0.60993 0.01029771 0.5747723 0.01029771 0.5747723 0.02422451 0.60993 0.01337134 0.6117395 0.01029771 0.5747723 0.01337134 0.6117395 0 0.5762946 0 0.5762946 0.01337134 0.6117395 0.003107368 0.613622 0.299215 0.7052232 0.2992248 0.6689252 0.3102632 0.7036293 0.3102632 0.7036293 0.2992248 0.6689252 0.310275 0.6670181 0.3102632 0.7036293 0.310275 0.6670181 0.3219262 0.7023295 0.3219262 0.7023295 0.310275 0.6670181 0.3219409 0.6654475 0.3219262 0.7023295 0.3219409 0.6654475 0.3340147 0.7013469 0.3340147 0.7013469 0.3219409 0.6654475 0.3340304 0.6642366 0.3340147 0.7013469 0.3340304 0.6642366 0.3463258 0.7006893 0.3463258 0.7006893 0.3340304 0.6642366 0.3463424 0.6633933 0.3463258 0.7006893 0.3463424 0.6633933 0.3586593 0.7003489 0.3586593 0.7003489 0.3463424 0.6633933 0.358677 0.6629213 0.3586593 0.7003489 0.358677 0.6629213 0.3708263 0.7003179 0.3708263 0.7003179 0.358677 0.6629213 0.3708439 0.6628053 0.3708263 0.7003179 0.3708439 0.6628053 0.3826579 0.7005771 0.3826579 0.7005771 0.3708439 0.6628053 0.3826755 0.6630258 0.3826579 0.7005771 0.3826755 0.6630258 0.3940101 0.7010993 0.3940101 0.7010993 0.3826755 0.6630258 0.3940267 0.6635481 0.3940101 0.7010993 0.3940267 0.6635481 0.4045995 0.6984223 0.4045995 0.6984223 0.3940267 0.6635481 0.4042789 0.6615597 0.08530712 0.6461704 0.09169596 0.6825689 0.0740118 0.6386075 0.0740118 0.6386075 0.09169596 0.6825689 0.07966482 0.6731849 0.0740118 0.6386075 0.07966482 0.6731849 0.06273508 0.6403541 0.06273508 0.6403541 0.07966482 0.6731849 0.06846117 0.6753628 0.06273508 0.6403541 0.06846117 0.6753628 0.05131477 0.6422443 0.05131477 0.6422443 0.06846117 0.6753628 0.05711537 0.677684 0.05131477 0.6422443 0.05711537 0.677684 0.03991597 0.6442623 0.03991597 0.6442623 0.05711537 0.677684 0.04579061 0.6801249 0.03991597 0.6442623 0.04579061 0.6801249 0.02872115 0.6463841 0.02872115 0.6463841 0.04579061 0.6801249 0.0346688 0.6826554 0.02872115 0.6463841 0.0346688 0.6826554 0.01792144 0.6485819 0.01792144 0.6485819 0.0346688 0.6826554 0.02393919 0.6852396 0.01792144 0.6485819 0.02393919 0.6852396 0.007707953 0.6508241 0.007707953 0.6508241 0.02393919 0.6852396 0.01379191 0.6878387 0.2989973 0.6330645 0.2985297 0.597695 0.3100495 0.6308478 0.3100495 0.6308478 0.2985297 0.597695 0.3095828 0.5951727 0.3100495 0.6308478 0.3095828 0.5951727 0.3217164 0.6290064 0.3217164 0.6290064 0.3095828 0.5951727 0.3212507 0.5930683 0.3217164 0.6290064 0.3212507 0.5930683 0.3338078 0.6275712 0.3338078 0.6275712 0.3212507 0.5930683 0.3333421 0.5914087 0.3338078 0.6275712 0.3333421 0.5914087 0.3461198 0.6265499 0.3461198 0.6265499 0.3333421 0.5914087 0.3456541 0.5902134 0.3461198 0.6265499 0.3456541 0.5902134 0.3584535 0.6259465 0.3584535 0.6259465 0.3456541 0.5902134 0.3579868 0.5894822 0.3584535 0.6259465 0.3579868 0.5894822 0.3706204 0.6257453 0.3706204 0.6257453 0.3579868 0.5894822 0.3701527 0.5891998 0.3706204 0.6257453 0.3701527 0.5891998 0.382451 0.6259271 0.382451 0.6259271 0.3701527 0.5891998 0.3819814 0.589343 0.382451 0.6259271 0.3819814 0.589343 0.3938012 0.6264571 0.3938012 0.6264571 0.3819814 0.589343 0.3933296 0.5898768 0.3938012 0.6264571 0.3933296 0.5898768 0.4031161 0.6014087 0.4031161 0.6014087 0.3933296 0.5898768 0.4027769 0.5891147 0.650182 0.07375538 0.650182 0.08522444 0.6501256 0.07375538 0.6501256 0.07375538 0.650182 0.08522444 0.6501256 0.08522444 0.650182 0.2490553 0.650182 0.2605254 0.6501256 0.2490553 0.6501256 0.2490553 0.650182 0.2605254 0.6501256 0.2605254 0.650182 0.07375538 0.6501256 0.07375538 0.650182 0.07320797 0.650182 0.07320797 0.6501256 0.07375538 0.6501516 0.07252812 0.650182 0.07320797 0.6501516 0.07252812 0.6501801 0.07198071 0.7974929 0.3788805 0.7975262 0.3776594 0.7974909 0.3794259 0.7974909 0.3794259 0.7975262 0.3776594 0.7975674 0.3908461 0.7974909 0.3794259 0.7975674 0.3908461 0.7975262 0.3908456 0.7968987 0.3497847 0.7969399 0.3497854 0.7968634 0.3612044 0.7968634 0.3612044 0.7969399 0.3497854 0.7968987 0.3629723 0.7968634 0.3612044 0.7968987 0.3629723 0.7968791 0.3624268 0.6501256 0.2605254 0.650182 0.2605254 0.6501311 0.2610728 0.6501311 0.2610728 0.650182 0.2605254 0.650181 0.2617527 0.2644172 0.8248679 0.2643917 0.8242073 0.2644172 0.8236855 0.5719274 0.06813931 0.5712618 0.06705611 0.5746589 0.0664488 0.3258646 0.06527662 0.3247802 0.06613159 0.324742 0.06051456 0.5870444 0.1144102 0.5858669 0.105118 0.5887445 0.1006268 0.324742 0.06051456 0.3247802 0.06613159 0.3200801 0.06718379 0.5887445 0.1006268 0.5858669 0.105118 0.5853689 0.08871185 0.5746589 0.0664488 0.5712618 0.06705611 0.5674136 0.05630952 0.4027485 0.01082396 0.3744224 0.02316051 0.3790441 0.0161857 0.5858669 0.105118 0.5830924 0.09325343 0.5853689 0.08871185 0.5853689 0.08871185 0.5830924 0.09325343 0.5825561 0.09150105 0.5853689 0.08871185 0.5825561 0.09150105 0.5806413 0.07724571 0.5806413 0.07724571 0.5825561 0.09150105 0.5782355 0.08017027 0.5806413 0.07724571 0.5782355 0.08017027 0.5746589 0.0664488 0.5746589 0.0664488 0.5782355 0.08017027 0.5726225 0.06941205 0.5746589 0.0664488 0.5726225 0.06941205 0.5719274 0.06813931 0.546624 0.04098647 0.5219294 0.02316051 0.533662 0.02554738 0.4939249 0.01082396 0.4638409 0.00451833 0.4677851 0.001195311 0.4677851 0.001195311 0.48576 0.004526078 0.4939249 0.01082396 0.4939249 0.01082396 0.48576 0.004526078 0.502927 0.009841382 0.4939249 0.01082396 0.502927 0.009841382 0.5219294 0.02316051 0.5219294 0.02316051 0.502927 0.009841382 0.5189744 0.01694005 0.5219294 0.02316051 0.5189744 0.01694005 0.533662 0.02554738 0.3384413 0.04502516 0.3504278 0.03437525 0.3492621 0.04098647 0.6058036 0.3868708 0.605437 0.3878843 0.602384 0.3754472 0.602384 0.3754472 0.605437 0.3878843 0.6034771 0.3913698 0.602384 0.3754472 0.6034771 0.3913698 0.6029624 0.3920274 0.5712618 0.06705611 0.5693863 0.06527662 0.5674136 0.05630952 0.5674136 0.05630952 0.5693863 0.06527662 0.5693323 0.06524181 0.5674136 0.05630952 0.5693323 0.06524181 0.568799 0.06486272 0.3492621 0.04098647 0.3504278 0.03437525 0.3744224 0.02316051 0.3744224 0.02316051 0.3504278 0.03437525 0.3639967 0.02466148 0.3744224 0.02316051 0.3639967 0.02466148 0.3790441 0.0161857 0.5887445 0.1006268 0.5907279 0.1128202 0.5870444 0.1144102 0.5870444 0.1144102 0.5907279 0.1128202 0.5909563 0.1152806 0.5870444 0.1144102 0.5909563 0.1152806 0.5956073 0.2352768 0.5956073 0.2352768 0.5909563 0.1152806 0.6002634 0.2486811 0.5956073 0.2352768 0.6002634 0.2486811 0.602384 0.3754472 0.602384 0.3754472 0.6002634 0.2486811 0.6064997 0.3818843 0.602384 0.3754472 0.6064997 0.3818843 0.6058036 0.3868708 0.533662 0.02554738 0.546826 0.03536558 0.546624 0.04098647 0.546624 0.04098647 0.546826 0.03536558 0.5583782 0.04608899 0.546624 0.04098647 0.5583782 0.04608899 0.5654656 0.06153583 0.5654656 0.06153583 0.5583782 0.04608899 0.5674136 0.05630952 0.5654656 0.06153583 0.5674136 0.05630952 0.5668734 0.06317991 0.5668734 0.06317991 0.5674136 0.05630952 0.568799 0.06486272 0.3790441 0.0161857 0.3953924 0.009249508 0.4027485 0.01082396 0.4027485 0.01082396 0.3953924 0.009249508 0.412786 0.004116058 0.4027485 0.01082396 0.412786 0.004116058 0.4329971 0.00451833 0.4329971 0.00451833 0.412786 0.004116058 0.430901 9.86461e-4 0.4329971 0.00451833 0.430901 9.86461e-4 0.4638409 0.00451833 0.4638409 0.00451833 0.430901 9.86461e-4 0.4493671 0 0.4638409 0.00451833 0.4493671 0 0.4677851 0.001195311 0.3247802 0.06613159 0.3232488 0.06813931 0.3200801 0.06718379 0.3200801 0.06718379 0.3232488 0.06813931 0.3225203 0.06941205 0.3200801 0.06718379 0.3225203 0.06941205 0.3158565 0.07428634 0.3158565 0.07428634 0.3225203 0.06941205 0.3172712 0.07883566 0.3158565 0.07428634 0.3172712 0.07883566 0.3114956 0.08319926 0.3114956 0.08319926 0.3172712 0.07883566 0.312476 0.09016638 0.3114956 0.08319926 0.312476 0.09016638 0.3077475 0.09307551 0.3077475 0.09307551 0.312476 0.09016638 0.3124231 0.0903173 0.3077475 0.09307551 0.3124231 0.0903173 0.3073906 0.09419351 0.280691 0.3853582 0.2805587 0.3844723 0.2847696 0.3754472 0.3384413 0.04502516 0.3492621 0.04098647 0.3280665 0.05631339 0.3280665 0.05631339 0.3492621 0.04098647 0.3298832 0.06153583 0.3280665 0.05631339 0.3298832 0.06153583 0.324742 0.06051456 0.324742 0.06051456 0.3298832 0.06153583 0.3285234 0.06309098 0.324742 0.06051456 0.3285234 0.06309098 0.3258646 0.06527662 0.2805587 0.3844723 0.2804862 0.3818804 0.2847696 0.3754472 0.2847696 0.3754472 0.2804862 0.3818804 0.2862294 0.2982401 0.2847696 0.3754472 0.2862294 0.2982401 0.2952051 0.2352768 0.2952051 0.2352768 0.2862294 0.2982401 0.2945894 0.199153 0.2952051 0.2352768 0.2945894 0.199153 0.3069239 0.1144102 0.3069239 0.1144102 0.2945894 0.199153 0.3029896 0.1152806 0.3069239 0.1144102 0.3029896 0.1152806 0.3089221 0.1023985 0.3089221 0.1023985 0.3029896 0.1152806 0.3043808 0.1060581 0.3089221 0.1023985 0.3043808 0.1060581 0.3097632 0.09895169 0.3097632 0.09895169 0.3043808 0.1060581 0.3073906 0.09419351 0.3097632 0.09895169 0.3073906 0.09419351 0.3100662 0.09782212 0.3100662 0.09782212 0.3073906 0.09419351 0.3124231 0.0903173 0.2837588 0.3920274 0.2821911 0.3896483 0.2847696 0.3754472 0.2847696 0.3754472 0.2821911 0.3896483 0.2814048 0.3879191 0.2847696 0.3754472 0.2814048 0.3879191 0.280691 0.3853582 0.1679691 0.8832373 0.1672103 0.8712547 0.180364 0.8689448 0.1554644 0.8850106 0.1555591 0.8726759 0.1672103 0.8712547 0.1430882 0.8860328 0.1425803 0.8735845 0.1555591 0.8726759 0.1310076 0.873834 0.1425803 0.8735845 0.1310296 0.8863587 0.1310296 0.8863587 0.1425803 0.8735845 0.1430882 0.8860328 0.1310296 0.8863587 0.1430882 0.8860328 0.1310453 0.8940004 0.1310453 0.8940004 0.1430882 0.8860328 0.1431176 0.8994956 0.1310453 0.8940004 0.1431176 0.8994956 0.1310585 0.8998703 0.3765428 0.7748209 0.38858 0.7752575 0.3888097 0.7892875 0.3769568 0.8045719 0.3768523 0.7949698 0.3888097 0.7892875 0.3888097 0.7892875 0.3768523 0.7949698 0.3767729 0.7889016 0.3888097 0.7892875 0.3767729 0.7889016 0.3765428 0.7748209 0.3888097 0.7892875 0.3889926 0.8049017 0.3769568 0.8045719 0.3769568 0.8045719 0.3889926 0.8049017 0.389121 0.821923 0.3769568 0.8045719 0.389121 0.821923 0.3770985 0.8240859 0.3770985 0.8240859 0.389121 0.821923 0.3891876 0.8400917 0.3889818 0.897922 0.3770784 0.8793689 0.3891188 0.8784931 0.3891188 0.8784931 0.3770784 0.8793689 0.377147 0.8616575 0.3891188 0.8784931 0.377147 0.8616575 0.3891876 0.8590772 0.3891876 0.8590772 0.377147 0.8616575 0.3771575 0.8553664 0.3891876 0.8590772 0.3771575 0.8553664 0.3891876 0.8400917 0.3891876 0.8400917 0.3771575 0.8553664 0.3771523 0.8398886 0.3891876 0.8400917 0.3771523 0.8398886 0.3770985 0.8240859 0.180364 0.8689448 0.1803846 0.8806788 0.1679691 0.8832373 0.1679691 0.8832373 0.1803846 0.8806788 0.180412 0.8933442 0.1679691 0.8832373 0.180412 0.8933442 0.1679971 0.8962838 0.4133099 0.7785936 0.4255918 0.7815932 0.4258078 0.7947924 0.4133099 0.7785936 0.4258078 0.7947924 0.4135323 0.7921898 0.4135323 0.7921898 0.4258078 0.7947924 0.4259801 0.8094815 0.4135323 0.7921898 0.4259801 0.8094815 0.4137097 0.8073214 0.4137097 0.8073214 0.4259801 0.8094815 0.4261007 0.8254941 0.4137097 0.8073214 0.4261007 0.8254941 0.413834 0.8238156 0.413834 0.8238156 0.4261007 0.8254941 0.4261634 0.8425869 0.413834 0.8238156 0.4261634 0.8425869 0.4138987 0.8414225 0.4138987 0.8414225 0.4261634 0.8425869 0.4261634 0.8604481 0.4138987 0.8414225 0.4261634 0.8604481 0.4138987 0.8598214 0.4138987 0.8598214 0.4261634 0.8604481 0.4260985 0.8787136 0.4138987 0.8598214 0.4260985 0.8787136 0.413832 0.8786367 0.413832 0.8786367 0.4260985 0.8787136 0.4259698 0.8969917 0.413832 0.8786367 0.4259698 0.8969917 0.4136992 0.8974646 0.4136992 0.8974646 0.4259698 0.8969917 0.4257801 0.9148887 0.4136992 0.8974646 0.4257801 0.9148887 0.4135038 0.9158998 0.4135038 0.9158998 0.4257801 0.9148887 0.4255357 0.9320372 0.4135038 0.9158998 0.4255357 0.9320372 0.4132521 0.9335647 0.4132521 0.9335647 0.4255357 0.9320372 0.4252443 0.9481218 0.4132521 0.9335647 0.4252443 0.9481218 0.4129519 0.9501329 0.4129519 0.9501329 0.4252443 0.9481218 0.4249148 0.9628936 0.4129519 0.9501329 0.4249148 0.9628936 0.4126126 0.9653491 0.9284539 0.4061261 0.9412655 0.409366 0.9389272 0.4218398 0.9284539 0.4061261 0.9389272 0.4218398 0.9260455 0.4189733 0.1672103 0.8712547 0.1679691 0.8832373 0.1554644 0.8850106 0.1554644 0.8850106 0.1679691 0.8832373 0.1679971 0.8962838 0.1554644 0.8850106 0.1679971 0.8962838 0.1554929 0.898321 0.4008994 0.7764945 0.4133099 0.7785936 0.4135323 0.7921898 0.4008994 0.7764945 0.4135323 0.7921898 0.4011264 0.7903659 0.4011264 0.7903659 0.4135323 0.7921898 0.4137097 0.8073214 0.4011264 0.7903659 0.4137097 0.8073214 0.4013075 0.8058035 0.4013075 0.8058035 0.4137097 0.8073214 0.413834 0.8238156 0.4013075 0.8058035 0.413834 0.8238156 0.4014343 0.8226318 0.4014343 0.8226318 0.413834 0.8238156 0.4138987 0.8414225 0.4014343 0.8226318 0.4138987 0.8414225 0.4015002 0.8405956 0.4015002 0.8405956 0.4138987 0.8414225 0.4138987 0.8598214 0.4015002 0.8405956 0.4138987 0.8598214 0.4015002 0.8593664 0.4015002 0.8593664 0.4138987 0.8598214 0.413832 0.8786367 0.4015002 0.8593664 0.413832 0.8786367 0.401432 0.8785628 0.401432 0.8785628 0.413832 0.8786367 0.4136992 0.8974646 0.401432 0.8785628 0.4136992 0.8974646 0.4012967 0.8977721 0.4012967 0.8977721 0.4136992 0.8974646 0.4135038 0.9158998 0.4012967 0.8977721 0.4135038 0.9158998 0.4010975 0.9165802 0.4010975 0.9165802 0.4135038 0.9158998 0.4132521 0.9335647 0.4010975 0.9165802 0.4132521 0.9335647 0.4008406 0.9346029 0.4008406 0.9346029 0.4132521 0.9335647 0.4129519 0.9501329 0.4008406 0.9346029 0.4129519 0.9501329 0.4005342 0.9515067 0.4005342 0.9515067 0.4129519 0.9501329 0.4126126 0.9653491 0.4005342 0.9515067 0.4126126 0.9653491 0.4001882 0.967031 0.4001882 0.967031 0.4126126 0.9653491 0.4122443 0.9790353 0.4001882 0.967031 0.4122443 0.9790353 0.3998121 0.9809937 0.1555591 0.8726759 0.1554644 0.8850106 0.1430882 0.8860328 0.1430882 0.8860328 0.1554644 0.8850106 0.1554929 0.898321 0.1430882 0.8860328 0.1554929 0.898321 0.1431176 0.8994956 0.38858 0.7752575 0.4008994 0.7764945 0.4011264 0.7903659 0.38858 0.7752575 0.4011264 0.7903659 0.3888097 0.7892875 0.3888097 0.7892875 0.4011264 0.7903659 0.4013075 0.8058035 0.3888097 0.7892875 0.4013075 0.8058035 0.3889926 0.8049017 0.3889926 0.8049017 0.4013075 0.8058035 0.4014343 0.8226318 0.3889926 0.8049017 0.4014343 0.8226318 0.389121 0.821923 0.389121 0.821923 0.4014343 0.8226318 0.4015002 0.8405956 0.389121 0.821923 0.4015002 0.8405956 0.3891876 0.8400917 0.3891876 0.8400917 0.4015002 0.8405956 0.4015002 0.8593664 0.3891876 0.8400917 0.4015002 0.8593664 0.3891876 0.8590772 0.3891876 0.8590772 0.4015002 0.8593664 0.401432 0.8785628 0.3891876 0.8590772 0.401432 0.8785628 0.3891188 0.8784931 0.3891188 0.8784931 0.401432 0.8785628 0.4012967 0.8977721 0.3891188 0.8784931 0.4012967 0.8977721 0.3889818 0.897922 0.3889818 0.897922 0.4012967 0.8977721 0.4010975 0.9165802 0.3889818 0.897922 0.4010975 0.9165802 0.3887803 0.9169458 0.3887803 0.9169458 0.4010975 0.9165802 0.4008406 0.9346029 0.3887803 0.9169458 0.4008406 0.9346029 0.3885205 0.935174 0.3885205 0.935174 0.4008406 0.9346029 0.4005342 0.9515067 0.3885205 0.935174 0.4005342 0.9515067 0.3882107 0.9522712 0.3882107 0.9522712 0.4005342 0.9515067 0.4001882 0.967031 0.3882107 0.9522712 0.4001882 0.967031 0.3878607 0.9679729 0.3878607 0.9679729 0.4001882 0.967031 0.3998121 0.9809937 0.3878607 0.9679729 0.3998121 0.9809937 0.3874803 0.9820957 0.8878369 0.422778 0.8890119 0.4153833 0.9009019 0.4157934 0.3874803 0.9820957 0.3754391 0.9824047 0.3759305 0.9636204 0.3874803 0.9820957 0.3759305 0.9636204 0.3878607 0.9679729 0.3878607 0.9679729 0.3759305 0.9636204 0.376172 0.9524729 0.3878607 0.9679729 0.376172 0.9524729 0.3882107 0.9522712 0.3882107 0.9522712 0.376172 0.9524729 0.3764945 0.9345914 0.3882107 0.9522712 0.3764945 0.9345914 0.3885205 0.935174 0.3885205 0.935174 0.3764945 0.9345914 0.3767435 0.9170197 0.3885205 0.935174 0.3767435 0.9170197 0.3887803 0.9169458 0.3887803 0.9169458 0.3767435 0.9170197 0.3768953 0.9033607 0.3887803 0.9169458 0.3768953 0.9033607 0.3889818 0.897922 0.3889818 0.897922 0.3768953 0.9033607 0.3769457 0.8979274 0.3889818 0.897922 0.3769457 0.8979274 0.3770784 0.8793689 0.8869065 0.429306 0.8878369 0.422778 0.8988043 0.4296658 0.8988043 0.4296658 0.8878369 0.422778 0.9009019 0.4157934 0.8988043 0.4296658 0.9009019 0.4157934 0.911229 0.4306871 0.911229 0.4306871 0.9009019 0.4157934 0.9133026 0.4169714 0.911229 0.4306871 0.9133026 0.4169714 0.9240131 0.4324163 0.9240131 0.4324163 0.9133026 0.4169714 0.9260455 0.4189733 0.9240131 0.4324163 0.9260455 0.4189733 0.9369541 0.4348902 0.9369541 0.4348902 0.9260455 0.4189733 0.9389272 0.4218398 0.8851834 0.4435265 0.8869065 0.429306 0.9008298 0.4440371 0.9008298 0.4440371 0.8869065 0.429306 0.8988043 0.4296658 0.9008298 0.4440371 0.8988043 0.4296658 0.9095315 0.4446967 0.9095315 0.4446967 0.8988043 0.4296658 0.911229 0.4306871 0.9095315 0.4446967 0.911229 0.4306871 0.9183949 0.4456387 0.9183949 0.4456387 0.911229 0.4306871 0.9240131 0.4324163 0.9183949 0.4456387 0.9240131 0.4324163 0.9353389 0.4482209 0.9353389 0.4482209 0.9240131 0.4324163 0.9369541 0.4348902 0.9328472 0.5115653 0.9226391 0.510192 0.9327202 0.5022075 0.9327202 0.5022075 0.9226391 0.510192 0.9297922 0.4905266 0.9327202 0.5022075 0.9297922 0.4905266 0.9328055 0.489898 0.9328055 0.489898 0.9297922 0.4905266 0.9328285 0.4887239 0.9328285 0.4887239 0.9297922 0.4905266 0.9247975 0.481395 0.9328285 0.4887239 0.9247975 0.481395 0.933153 0.4782093 0.933153 0.4782093 0.9247975 0.481395 0.9211102 0.4717548 0.933153 0.4782093 0.9211102 0.4717548 0.9336462 0.468513 0.9336462 0.468513 0.9211102 0.4717548 0.918842 0.461896 0.9336462 0.468513 0.918842 0.461896 0.9341922 0.4606252 0.9341922 0.4606252 0.918842 0.461896 0.918061 0.4521126 0.9341922 0.4606252 0.918061 0.4521126 0.9348472 0.4530643 0.9348472 0.4530643 0.918061 0.4521126 0.9183949 0.4456387 0.9348472 0.4530643 0.9183949 0.4456387 0.9353389 0.4482209 0.8834255 0.4642441 0.8851834 0.4435265 0.9008298 0.4440371 0.9190371 0.5121166 0.9050784 0.5124763 0.9000499 0.5090605 0.9000499 0.5090605 0.9050784 0.5124763 0.8911561 0.5126388 0.9000499 0.5090605 0.8911561 0.5126388 0.8927576 0.4957277 0.8834255 0.4642441 0.8840628 0.4672577 0.8832299 0.4674821 0.8832299 0.4674821 0.8840628 0.4672577 0.8873746 0.4816542 0.8832299 0.4674821 0.8873746 0.4816542 0.8824005 0.490045 0.8824005 0.490045 0.8873746 0.4816542 0.8927576 0.4957277 0.8824005 0.490045 0.8927576 0.4957277 0.8823206 0.5007548 0.8823206 0.5007548 0.8927576 0.4957277 0.8911561 0.5126388 0.8823206 0.5007548 0.8911561 0.5126388 0.8824647 0.5126407 0.9328472 0.5115653 0.9190371 0.5121166 0.9226391 0.510192 0.9226391 0.510192 0.9190371 0.5121166 0.9149938 0.4998206 0.9226391 0.510192 0.9149938 0.4998206 0.9297922 0.4905266 0.9297922 0.4905266 0.9149938 0.4998206 0.9087868 0.4884724 0.9297922 0.4905266 0.9087868 0.4884724 0.9247975 0.481395 0.9247975 0.481395 0.9087868 0.4884724 0.9042049 0.4764918 0.9247975 0.481395 0.9042049 0.4764918 0.9211102 0.4717548 0.9211102 0.4717548 0.9042049 0.4764918 0.9013857 0.4642384 0.9211102 0.4717548 0.9013857 0.4642384 0.918842 0.461896 0.918842 0.461896 0.9013857 0.4642384 0.9004151 0.4520836 0.918842 0.461896 0.9004151 0.4520836 0.918061 0.4521126 0.918061 0.4521126 0.9004151 0.4520836 0.9095315 0.4446967 0.918061 0.4521126 0.9095315 0.4446967 0.9183949 0.4456387 0.9190371 0.5121166 0.9000499 0.5090605 0.9149938 0.4998206 0.9149938 0.4998206 0.9000499 0.5090605 0.8927576 0.4957277 0.9149938 0.4998206 0.8927576 0.4957277 0.9087868 0.4884724 0.9087868 0.4884724 0.8927576 0.4957277 0.8873746 0.4816542 0.9087868 0.4884724 0.8873746 0.4816542 0.9042049 0.4764918 0.9042049 0.4764918 0.8873746 0.4816542 0.8840628 0.4672577 0.9042049 0.4764918 0.8840628 0.4672577 0.9013857 0.4642384 0.9013857 0.4642384 0.8840628 0.4672577 0.8834255 0.4642441 0.9013857 0.4642384 0.8834255 0.4642441 0.9004151 0.4520836 0.9004151 0.4520836 0.8834255 0.4642441 0.9008298 0.4440371 0.9004151 0.4520836 0.9008298 0.4440371 0.9095315 0.4446967 0.9341678 0.778817 0.9193871 0.7796778 0.9218955 0.6957163 0.9218955 0.6957163 0.9193871 0.7796778 0.9044495 0.7801768 0.937586 0.6949446 0.9401448 0.7783606 0.9341678 0.778817 0.9341678 0.778817 0.9218955 0.6957163 0.937586 0.6949446 0.937586 0.6949446 0.9218955 0.6957163 0.9191802 0.5964687 0.937586 0.6949446 0.9191802 0.5964687 0.9348732 0.595784 0.9004833 0.5969251 0.9050784 0.5124763 0.9190371 0.5121166 0.8844942 0.5970025 0.8824647 0.5126407 0.8911561 0.5126388 0.8897879 0.7802987 0.8872119 0.6963276 0.9032 0.6962347 0.9032 0.6962347 0.8872119 0.6963276 0.8844942 0.5970025 0.9032 0.6962347 0.8844942 0.5970025 0.9004833 0.5969251 0.9004833 0.5969251 0.8844942 0.5970025 0.8911561 0.5126388 0.9004833 0.5969251 0.8911561 0.5126388 0.9050784 0.5124763 0.9328472 0.5115653 0.9348732 0.595784 0.9190371 0.5121166 0.9190371 0.5121166 0.9348732 0.595784 0.9191802 0.5964687 0.9190371 0.5121166 0.9191802 0.5964687 0.9004833 0.5969251 0.9004833 0.5969251 0.9191802 0.5964687 0.9218955 0.6957163 0.9004833 0.5969251 0.9218955 0.6957163 0.9032 0.6962347 0.9032 0.6962347 0.9218955 0.6957163 0.9044495 0.7801768 0.9032 0.6962347 0.9044495 0.7801768 0.8897879 0.7802987 0.661567 0.3157479 0.6501256 0.3106802 0.6501256 0.2744684 0.6501801 0.07198071 0.6615681 0.01853096 0.6738521 0.01474952 0.7548773 0.01167601 0.7674918 0.01241195 0.6501801 0.07198071 0.6501801 0.07198071 0.7674918 0.01241195 0.7798553 0.01460349 0.6501801 0.07198071 0.7798553 0.01460349 0.7919629 0.0182476 0.6738521 0.01474952 0.6865823 0.01244485 0.6501801 0.07198071 0.6501801 0.07198071 0.6865823 0.01244485 0.6993874 0.01164889 0.6501801 0.07198071 0.6993874 0.01164889 0.7548773 0.01167601 0.7919629 0.0182476 0.8035087 0.02326303 0.6501801 0.07198071 0.6501801 0.07198071 0.8035087 0.02326303 0.8143329 0.02956479 0.6501801 0.07198071 0.8143329 0.02956479 0.8244121 0.03714895 0.8413933 0.2788059 0.6501801 0.08522444 0.8413933 0.05543911 0.8413933 0.05543911 0.6501801 0.08522444 0.6501801 0.07198071 0.8413933 0.05543911 0.6501801 0.07198071 0.8334593 0.04580467 0.8334593 0.04580467 0.6501801 0.07198071 0.8244121 0.03714895 0.6489727 0.0625658 0.6501256 0.05981242 0.6501801 0.07198071 0.6501801 0.07198071 0.6501256 0.05981242 0.6501256 0.02360153 0.6501801 0.07198071 0.6501256 0.02360153 0.6615681 0.01853096 0.6993874 0.3225902 0.6865769 0.3218281 0.6501256 0.2744684 0.6501256 0.2744684 0.6865769 0.3218281 0.6738472 0.3195264 0.6501256 0.2744684 0.6738472 0.3195264 0.661567 0.3157479 0.6501256 0.2490553 0.6369891 0.08522635 0.6501801 0.2490553 0.6501801 0.2490553 0.6369891 0.08522635 0.6468418 0.0852254 0.6501801 0.2490553 0.6468418 0.0852254 0.6501256 0.08522444 0.6501256 0.08522444 0.6468418 0.0852254 0.6472697 0.08480179 0.6501256 0.08522444 0.6472697 0.08480179 0.6501256 0.07375538 0.6501256 0.07375538 0.6472697 0.08480179 0.6472697 0.07213354 0.6501256 0.07375538 0.6472697 0.07213354 0.6501516 0.07252812 0.6501256 0.2605254 0.6472697 0.2621473 0.6501256 0.2490553 0.6501256 0.2490553 0.6472697 0.2621473 0.6472697 0.2494789 0.6501256 0.2490553 0.6472697 0.2494789 0.6369891 0.08522635 0.6369891 0.08522635 0.6472697 0.2494789 0.6468418 0.2490563 0.6369891 0.08522635 0.6468418 0.2490563 0.6369891 0.2490572 0.6501256 0.2605254 0.6501311 0.2610728 0.6472697 0.2621473 0.6472697 0.2621473 0.6501311 0.2610728 0.6501801 0.2623001 0.6472697 0.2621473 0.6501801 0.2623001 0.647432 0.2651221 0.647432 0.2651221 0.6501801 0.2623001 0.648006 0.2684683 0.6501516 0.07252812 0.6472697 0.07213354 0.6501801 0.07198071 0.6501801 0.07198071 0.6472697 0.07213354 0.6479874 0.06589269 0.6501801 0.07198071 0.6479874 0.06589269 0.6489727 0.0625658 0.6501256 0.08522444 0.6501801 0.08522444 0.6501801 0.2490553 0.6501801 0.2490553 0.6501801 0.08522444 0.8413933 0.2788059 0.6501801 0.2490553 0.8413933 0.2788059 0.6501801 0.2623001 0.6501801 0.2623001 0.8413933 0.2788059 0.6501256 0.2744684 0.6501801 0.2623001 0.6501256 0.2744684 0.648006 0.2684683 0.8413933 0.2788059 0.8353319 0.2863697 0.6501256 0.2744684 0.6501256 0.2744684 0.8353319 0.2863697 0.8262935 0.2954616 0.6501256 0.2744684 0.8262935 0.2954616 0.8160717 0.3035061 0.8160717 0.3035061 0.8050318 0.3102024 0.6501256 0.2744684 0.6501256 0.2744684 0.8050318 0.3102024 0.7932884 0.3155119 0.6501256 0.2744684 0.7932884 0.3155119 0.780819 0.319419 0.780819 0.319419 0.7679962 0.3217846 0.6501256 0.2744684 0.6501256 0.2744684 0.7679962 0.3217846 0.7548778 0.3225854 0.6501256 0.2744684 0.7548778 0.3225854 0.6993874 0.3225902 0.1803983 0.53778 0.1747595 0.5374023 0.1804018 0.5329285 0.1804018 0.5329285 0.1747595 0.5374023 0.1744462 0.5315847 0.1804018 0.5329285 0.1744462 0.5315847 0.1804032 0.5319807 0.1804032 0.5319807 0.1744462 0.5315847 0.1804106 0.5288414 0.1804106 0.5288414 0.1744462 0.5315847 0.1731849 0.5264236 0.1804106 0.5288414 0.1731849 0.5264236 0.180412 0.5282747 0.650182 0.01717889 0.6501928 0.01663154 0.6594244 0.01277947 0.6594244 0.01277947 0.6501928 0.01663154 0.6503213 0.01221179 0.6594244 0.01277947 0.6503213 0.01221179 0.6576121 0.007527053 0.6576121 0.007527053 0.6503213 0.01221179 0.6503982 0.0105232 0.6576121 0.007527053 0.6503982 0.0105232 0.6504859 0.009032845 0.6501256 0.02360153 0.6501276 0.02233749 0.6615681 0.01853096 0.6615681 0.01853096 0.6501276 0.02233749 0.650182 0.01717889 0.1747595 0.5374023 0.1605547 0.5366761 0.1744462 0.5315847 0.1744462 0.5315847 0.1605547 0.5366761 0.1603469 0.530856 0.1744462 0.5315847 0.1603469 0.530856 0.1731849 0.5264236 0.1731849 0.5264236 0.1603469 0.530856 0.1594998 0.525706 0.6576121 0.007527053 0.6712667 0.003313302 0.6594244 0.01277947 0.6594244 0.01277947 0.6712667 0.003313302 0.6724237 0.008771717 0.1605547 0.5366761 0.1458363 0.5362331 0.1603469 0.530856 0.1603469 0.530856 0.1458363 0.5362331 0.1457353 0.5304116 0.1603469 0.530856 0.1457353 0.5304116 0.1594998 0.525706 0.1594998 0.525706 0.1457353 0.5304116 0.1453177 0.5252689 0.6712667 0.003313302 0.6854224 7.45649e-4 0.6724237 0.008771717 0.6724237 0.008771717 0.6854224 7.45649e-4 0.6858989 0.006329774 0.1458363 0.5362331 0.131038 0.5360871 0.1457353 0.5304116 0.1457353 0.5304116 0.131038 0.5360871 0.1310439 0.529884 0.1457353 0.5304116 0.1310439 0.529884 0.1453177 0.5252689 0.1453177 0.5252689 0.1310439 0.529884 0.1310561 0.5250281 0.6854224 7.45649e-4 0.6996556 5.80271e-6 0.6858989 0.006329774 0.6858989 0.006329774 0.6996556 5.80271e-6 0.6994556 0.005408108 0.6858989 0.006329774 0.6994556 0.005408108 0.6993874 0.01164889 0.650182 0.01717889 0.6594244 0.01277947 0.6615681 0.01853096 0.6615681 0.01853096 0.6594244 0.01277947 0.6724237 0.008771717 0.6615681 0.01853096 0.6724237 0.008771717 0.6738521 0.01474952 0.6738521 0.01474952 0.6724237 0.008771717 0.6858989 0.006329774 0.6738521 0.01474952 0.6858989 0.006329774 0.6865823 0.01244485 0.6865823 0.01244485 0.6858989 0.006329774 0.6993874 0.01164889 0.6503055 0.3216763 0.650184 0.3172131 0.6594601 0.3214007 0.9408389 0.7856236 0.9339511 0.7895424 0.9406012 0.7840936 0.9406012 0.7840936 0.9339511 0.7895424 0.9342781 0.7845752 0.9406012 0.7840936 0.9342781 0.7845752 0.9403414 0.7817319 0.9403414 0.7817319 0.9342781 0.7845752 0.9402747 0.7808905 0.9402747 0.7808905 0.9342781 0.7845752 0.9341678 0.778817 0.9402747 0.7808905 0.9341678 0.778817 0.9401448 0.7783606 0.8897879 0.7802987 0.9044495 0.7801768 0.890183 0.7857338 0.890183 0.7857338 0.9044495 0.7801768 0.9047789 0.7859389 0.6594601 0.3214007 0.650184 0.3172131 0.661567 0.3157479 0.661567 0.3157479 0.650184 0.3172131 0.6501624 0.3158929 0.661567 0.3157479 0.6501624 0.3158929 0.6501256 0.3106802 0.9408389 0.7856236 0.9412655 0.7876217 0.9339511 0.7895424 0.6576282 0.326717 0.6504859 0.3252721 0.6503952 0.3237189 0.6576282 0.326717 0.6503952 0.3237189 0.6594601 0.3214007 0.6594601 0.3214007 0.6503952 0.3237189 0.6503605 0.3229994 0.6594601 0.3214007 0.6503605 0.3229994 0.6503055 0.3216763 0.6993874 0.3225902 0.6993928 0.324361 0.6865769 0.3218281 0.6865769 0.3218281 0.6993928 0.324361 0.6994433 0.3282876 0.6865769 0.3218281 0.6994433 0.3282876 0.6859038 0.3278378 0.6859038 0.3278378 0.6994433 0.3282876 0.6994541 0.3285999 0.6859038 0.3278378 0.6994541 0.3285999 0.6854205 0.3334887 0.6854205 0.3334887 0.6994541 0.3285999 0.6996585 0.3343378 0.9053285 0.7908809 0.8912051 0.7910027 0.9047789 0.7859389 0.9047789 0.7859389 0.8912051 0.7910027 0.890236 0.7860066 0.9047789 0.7859389 0.890236 0.7860066 0.890183 0.7857338 0.9044495 0.7801768 0.9193871 0.7796778 0.9047789 0.7859389 0.9047789 0.7859389 0.9193871 0.7796778 0.9196072 0.7854379 0.9047789 0.7859389 0.9196072 0.7854379 0.9053285 0.7908809 0.9053285 0.7908809 0.9196072 0.7854379 0.9197165 0.7903895 0.6854205 0.3334887 0.6712731 0.3309249 0.6859038 0.3278378 0.6859038 0.3278378 0.6712731 0.3309249 0.6724438 0.3254007 0.6859038 0.3278378 0.6724438 0.3254007 0.6865769 0.3218281 0.6865769 0.3218281 0.6724438 0.3254007 0.6738472 0.3195264 0.9193871 0.7796778 0.9341678 0.778817 0.9196072 0.7854379 0.9196072 0.7854379 0.9341678 0.778817 0.9342781 0.7845752 0.9196072 0.7854379 0.9342781 0.7845752 0.9197165 0.7903895 0.9197165 0.7903895 0.9342781 0.7845752 0.9339511 0.7895424 0.6712731 0.3309249 0.6576282 0.326717 0.6724438 0.3254007 0.6724438 0.3254007 0.6576282 0.326717 0.6594601 0.3214007 0.6724438 0.3254007 0.6594601 0.3214007 0.6738472 0.3195264 0.6738472 0.3195264 0.6594601 0.3214007 0.661567 0.3157479 0.1803983 0.53778 0.1803571 0.6715978 0.1684755 0.6711414 0.1803983 0.53778 0.1684755 0.6711414 0.1747595 0.5374023 0.1747595 0.5374023 0.1684755 0.6711414 0.1562013 0.6708121 0.1747595 0.5374023 0.1562013 0.6708121 0.1605547 0.5366761 0.1605547 0.5366761 0.1562013 0.6708121 0.1436642 0.6706128 0.1605547 0.5366761 0.1436642 0.6706128 0.1458363 0.5362331 0.1309644 0.8053214 0.1309968 0.6705471 0.1436642 0.6706128 0.1436642 0.6706128 0.1309968 0.6705471 0.1310159 0.6040499 0.1436642 0.6706128 0.1310159 0.6040499 0.1458363 0.5362331 0.1458363 0.5362331 0.1310159 0.6040499 0.131038 0.5360871 0.1309644 0.8053214 0.1436642 0.6706128 0.1397979 0.805346 0.1397979 0.805346 0.1436642 0.6706128 0.1562013 0.6708121 0.1397979 0.805346 0.1562013 0.6708121 0.1536576 0.8054877 0.1536576 0.8054877 0.1562013 0.6708121 0.1684755 0.6711414 0.1536576 0.8054877 0.1684755 0.6711414 0.1672279 0.8057547 0.1672279 0.8057547 0.1684755 0.6711414 0.1803571 0.6715978 0.1672279 0.8057547 0.1803571 0.6715978 0.1803243 0.8061415 0.7682051 0.3905038 0.7678119 0.3824871 0.7682051 0.3776592 0.1309635 0.8138083 0.1469888 0.8121251 0.1483442 0.8233925 0.1803483 0.8576009 0.1716922 0.8700425 0.1651411 0.8627721 0.1788581 0.8518475 0.1742447 0.8449994 0.1803365 0.8458137 0.1803365 0.8458137 0.1742447 0.8449994 0.1703976 0.8373132 0.1803365 0.8458137 0.1703976 0.8373132 0.1803282 0.8335777 0.1803282 0.8335777 0.1703976 0.8373132 0.1674063 0.8289679 0.1803282 0.8335777 0.1674063 0.8289679 0.1803243 0.8211265 0.1674063 0.8289679 0.1653416 0.8201594 0.1803243 0.8211265 0.1803243 0.8211265 0.1653416 0.8201594 0.1642509 0.8110927 0.1803243 0.8211265 0.1642509 0.8110927 0.1803238 0.8086357 0.1803238 0.8086357 0.1642509 0.8110927 0.1672279 0.8057547 0.1803238 0.8086357 0.1672279 0.8057547 0.1803243 0.8061415 0.1536576 0.8054877 0.1469888 0.8121251 0.1397979 0.805346 0.1397979 0.805346 0.1469888 0.8121251 0.1309635 0.8138083 0.1397979 0.805346 0.1309635 0.8138083 0.1309644 0.8053214 0.1321297 0.8272175 0.134013 0.8393185 0.1309654 0.8276377 0.1309654 0.8276377 0.134013 0.8393185 0.1309713 0.8402919 0.1309713 0.8402919 0.134013 0.8393185 0.1309782 0.8494075 0.1309782 0.8494075 0.134013 0.8393185 0.1383798 0.8515023 0.1309782 0.8494075 0.1383798 0.8515023 0.1309816 0.8533756 0.150732 0.8727223 0.1425803 0.8735845 0.1439965 0.8627243 0.1309816 0.8533756 0.1383798 0.8515023 0.1309919 0.8628476 0.1309919 0.8628476 0.1383798 0.8515023 0.1439965 0.8627243 0.1309919 0.8628476 0.1439965 0.8627243 0.1310042 0.8717373 0.1310042 0.8717373 0.1439965 0.8627243 0.1425803 0.8735845 0.1310042 0.8717373 0.1425803 0.8735845 0.1310076 0.873834 0.1803483 0.8576009 0.180364 0.8689448 0.1716922 0.8700425 0.7226972 0.3875777 0.7231943 0.3785903 0.7231943 0.3919941 0.1716922 0.8700425 0.1672103 0.8712547 0.1651411 0.8627721 0.1309654 0.8276377 0.1309635 0.8138083 0.1321297 0.8272175 0.1321297 0.8272175 0.1309635 0.8138083 0.1483442 0.8233925 0.1321297 0.8272175 0.1483442 0.8233925 0.134013 0.8393185 0.134013 0.8393185 0.1483442 0.8233925 0.1509104 0.8343393 0.134013 0.8393185 0.1509104 0.8343393 0.1383798 0.8515023 0.1383798 0.8515023 0.1509104 0.8343393 0.1546272 0.8447097 0.1383798 0.8515023 0.1546272 0.8447097 0.1439965 0.8627243 0.1439965 0.8627243 0.1546272 0.8447097 0.1594082 0.8542615 0.1439965 0.8627243 0.1594082 0.8542615 0.150732 0.8727223 0.150732 0.8727223 0.1594082 0.8542615 0.1651411 0.8627721 0.150732 0.8727223 0.1651411 0.8627721 0.1555591 0.8726759 0.1555591 0.8726759 0.1651411 0.8627721 0.1672103 0.8712547 0.1536576 0.8054877 0.1672279 0.8057547 0.1469888 0.8121251 0.1469888 0.8121251 0.1672279 0.8057547 0.1642509 0.8110927 0.1469888 0.8121251 0.1642509 0.8110927 0.1483442 0.8233925 0.1483442 0.8233925 0.1642509 0.8110927 0.1653416 0.8201594 0.1483442 0.8233925 0.1653416 0.8201594 0.1509104 0.8343393 0.1509104 0.8343393 0.1653416 0.8201594 0.1674063 0.8289679 0.1509104 0.8343393 0.1674063 0.8289679 0.1546272 0.8447097 0.1546272 0.8447097 0.1674063 0.8289679 0.1703976 0.8373132 0.1546272 0.8447097 0.1703976 0.8373132 0.1594082 0.8542615 0.1594082 0.8542615 0.1703976 0.8373132 0.1742447 0.8449994 0.1594082 0.8542615 0.1742447 0.8449994 0.1651411 0.8627721 0.1651411 0.8627721 0.1742447 0.8449994 0.1788581 0.8518475 0.1651411 0.8627721 0.1788581 0.8518475 0.1803483 0.8576009 0.1803483 0.8576009 0.1788581 0.8518475 0.1803365 0.8458137 0.73973 0.8268001 0.73973 0.8267333 0.7397623 0.8267573 0.2479531 0.8268383 0.2479531 0.8269056 0.2479217 0.8268632 0.6375602 0.835812 0.6756826 0.88525 0.6353376 0.8357929 0.6353376 0.8357929 0.6756826 0.88525 0.6331189 0.8355004 0.6756826 0.8099136 0.6730177 0.8147785 0.6485418 0.8316186 0.6485418 0.8316186 0.6730177 0.8147785 0.670652 0.821662 0.670652 0.821662 0.6701246 0.8242046 0.6485418 0.8316186 0.6485418 0.8316186 0.6701246 0.8242046 0.669502 0.8318311 0.6485418 0.8316186 0.669502 0.8318311 0.6475692 0.8323478 0.6375602 0.835812 0.6424799 0.8348938 0.6756826 0.88525 0.6756826 0.88525 0.6424799 0.8348938 0.6430221 0.8347075 0.6756826 0.88525 0.6430221 0.8347075 0.6727815 0.8676983 0.6727815 0.8676983 0.6430221 0.8347075 0.6475692 0.8323478 0.6727815 0.8676983 0.6475692 0.8323478 0.6695961 0.8344687 0.6695961 0.8344687 0.6475692 0.8323478 0.669502 0.8318311 0.9759552 0.2626705 0.9780366 0.2668678 0.9150575 0.2740322 0.9759552 0.2626705 0.9150575 0.2740322 0.9756008 0.2614238 0.9780366 0.2668678 0.9789974 0.2681047 0.9150575 0.2740322 0.9150575 0.2740322 0.9789974 0.2681047 0.9796125 0.2687759 0.9150575 0.2740322 0.9796125 0.2687759 0.9812374 0.2702169 0.9150575 0.2740322 0.9311847 0.2639519 0.9756008 0.2614238 0.9756008 0.2614238 0.9311847 0.2639519 0.9601185 0.2433503 0.9756008 0.2614238 0.9601185 0.2433503 0.9751173 0.2564799 0.9751173 0.2564799 0.9601185 0.2433503 0.9646651 0.2395225 0.9751173 0.2564799 0.9646651 0.2395225 0.9701604 0.233446 0.9701604 0.233446 0.9726101 0.2299035 0.9751173 0.2564799 0.9751173 0.2564799 0.9726101 0.2299035 0.9732406 0.2288619 0.9751173 0.2564799 0.9732406 0.2288619 0.9764717 0.2220398 0.79173 0.9346083 0.8083657 0.9342736 0.7918751 0.942117 0.7918751 0.942117 0.8083657 0.9342736 0.8097941 0.9448641 0.7918751 0.942117 0.8097941 0.9448641 0.7924339 0.951617 0.7924339 0.951617 0.8097941 0.9448641 0.7932643 0.9580503 0.8097941 0.9448641 0.8114588 0.9552001 0.7932643 0.9580503 0.7932643 0.9580503 0.8114588 0.9552001 0.8118951 0.9576673 0.7932643 0.9580503 0.8118951 0.9576673 0.7937389 0.9608206 0.7937389 0.9608206 0.8118951 0.9576673 0.8125599 0.9612669 0.7937389 0.9608206 0.8125599 0.9612669 0.7947379 0.9656373 0.7947379 0.9656373 0.8125599 0.9612669 0.7971948 0.974544 0.7971948 0.974544 0.8125599 0.9612669 0.8145422 0.9711034 0.7971948 0.974544 0.8145422 0.9711034 0.7989007 0.9794197 0.7989007 0.9794197 0.8145422 0.9711034 0.8163217 0.9790537 0.7989007 0.9794197 0.8163217 0.9790537 0.8002743 0.9828675 0.8002743 0.9828675 0.8163217 0.9790537 0.8166041 0.9802548 0.8002743 0.9828675 0.8166041 0.9802548 0.8014959 0.9856649 0.8014959 0.9856649 0.8166041 0.9802548 0.8177394 0.9849415 0.9345771 0.9305754 0.919016 0.927028 0.9342594 0.9216644 0.9342594 0.9216644 0.919016 0.927028 0.9205238 0.9183762 0.9342594 0.9216644 0.9205238 0.9183762 0.9339447 0.9165947 0.9339447 0.9165947 0.9205238 0.9183762 0.9213494 0.9134013 0.9339447 0.9165947 0.9213494 0.9134013 0.9336075 0.9119332 0.9336075 0.9119332 0.9213494 0.9134013 0.9220582 0.9090551 0.9336075 0.9119332 0.9220582 0.9090551 0.9333084 0.9080435 0.9333084 0.9080435 0.9220582 0.9090551 0.9230641 0.9028539 0.9333084 0.9080435 0.9230641 0.9028539 0.9325457 0.8980647 0.9292309 0.8677842 0.9318319 0.8684457 0.927472 0.8770511 0.927472 0.8770511 0.9318319 0.8684457 0.9316397 0.8780453 0.927472 0.8770511 0.9316397 0.8780453 0.9264867 0.8825173 0.9264867 0.8825173 0.9316397 0.8780453 0.931927 0.8879757 0.9264867 0.8825173 0.931927 0.8879757 0.9249916 0.8911808 0.9249916 0.8911808 0.931927 0.8879757 0.9322074 0.8930299 0.9249916 0.8911808 0.9322074 0.8930299 0.9247347 0.8927088 0.9247347 0.8927088 0.9322074 0.8930299 0.9325457 0.8980647 0.9247347 0.8927088 0.9325457 0.8980647 0.9230876 0.9027127 0.9230876 0.9027127 0.9325457 0.8980647 0.9230641 0.9028539 0.7055321 0.8437706 0.7052174 0.8469041 0.6978703 0.8488925 0.6978703 0.8488925 0.7052174 0.8469041 0.7048655 0.8511943 0.7048449 0.8715057 0.7021968 0.8722194 0.7044674 0.8614786 0.7044674 0.8614786 0.7021968 0.8722194 0.7000468 0.8620763 0.7044674 0.8614786 0.7000468 0.8620763 0.7048655 0.8511943 0.7048655 0.8511943 0.7000468 0.8620763 0.6992124 0.8574883 0.7048655 0.8511943 0.6992124 0.8574883 0.6978703 0.8488925 0.6978703 0.8488925 0.6976349 0.847171 0.7055321 0.8437706 0.7055321 0.8437706 0.6976349 0.847171 0.6964702 0.8371168 0.7055321 0.8437706 0.6964702 0.8371168 0.7068969 0.8331092 0.7068969 0.8331092 0.6964702 0.8371168 0.696081 0.8328364 0.7068969 0.8331092 0.696081 0.8328364 0.7084548 0.8232058 0.7084548 0.8232058 0.696081 0.8328364 0.695629 0.8266623 0.7084548 0.8232058 0.695629 0.8266623 0.7084901 0.822993 0.7084901 0.822993 0.695629 0.8266623 0.6954359 0.8232987 0.7084901 0.822993 0.6954359 0.8232987 0.7092528 0.8184844 0.7092528 0.8184844 0.6954359 0.8232987 0.6950868 0.813612 0.7092528 0.8184844 0.6950868 0.813612 0.7107215 0.8099138 0.7983301 0.8163461 0.8144128 0.8165361 0.795685 0.8234795 0.8144128 0.8165361 0.8131099 0.8231343 0.795685 0.8234795 0.795685 0.8234795 0.8131099 0.8231343 0.8126942 0.8253543 0.795685 0.8234795 0.8126942 0.8253543 0.7954007 0.8243533 0.7954007 0.8243533 0.8126942 0.8253543 0.811053 0.8348301 0.7954007 0.8243533 0.811053 0.8348301 0.792882 0.8336324 0.792882 0.8336324 0.811053 0.8348301 0.7912682 0.8425216 0.7912682 0.8425216 0.811053 0.8348301 0.8101235 0.8408422 0.7912682 0.8425216 0.8101235 0.8408422 0.7909379 0.8451082 0.7909379 0.8451082 0.8101235 0.8408422 0.8095696 0.8447378 0.7909379 0.8451082 0.8095696 0.8447378 0.7903643 0.8517233 0.7903643 0.8517233 0.8095696 0.8447378 0.808746 0.8510729 0.7903643 0.8517233 0.808746 0.8510729 0.7901996 0.855953 0.7901996 0.855953 0.808746 0.8510729 0.8076029 0.8615207 0.7901996 0.855953 0.8076029 0.8615207 0.7902064 0.8611019 0.7902064 0.8611019 0.8076029 0.8615207 0.7903712 0.8686121 0.7903712 0.8686121 0.8076029 0.8615207 0.8070695 0.8674917 0.7903712 0.8686121 0.8070695 0.8674917 0.8070058 0.868277 0.1502163 0.003315269 0.1633524 0.004239797 0.1447608 0.2327391 0.1447608 0.2327391 0.1633524 0.004239797 0.1762982 0.005767881 0.1447608 0.2327391 0.1762982 0.005767881 0.1662039 0.2325224 0.1662039 0.2325224 0.1762982 0.005767881 0.1754982 0.231741 0.1754982 0.231741 0.1762982 0.005767881 0.1801395 0.006340384 0.1754982 0.231741 0.1801395 0.006340384 0.1772075 0.2314586 0.1772075 0.2314586 0.1801395 0.006340384 0.1889886 0.007880032 0.1772075 0.2314586 0.1889886 0.007880032 0.184566 0.2297178 0.2106572 0.2155282 0.2065435 0.2187816 0.1889886 0.007880032 0.2065435 0.2187816 0.1985148 0.2239035 0.1889886 0.007880032 0.1889886 0.007880032 0.1985148 0.2239035 0.1898872 0.2279112 0.1889886 0.007880032 0.1898872 0.2279112 0.184566 0.2297178 0.2315905 0.03007739 0.2393676 0.03916054 0.2474771 0.06676214 0.2474771 0.06676214 0.2393676 0.03916054 0.2456776 0.04941201 0.2474771 0.06676214 0.2456776 0.04941201 0.2484247 0.05536174 0.2315905 0.03007739 0.2474771 0.06676214 0.2224987 0.02229785 0.2224987 0.02229785 0.2474771 0.06676214 0.2484222 0.07796138 0.2224987 0.02229785 0.2484222 0.07796138 0.2429829 0.1213927 0.2429829 0.1213927 0.2374264 0.1656597 0.2224987 0.02229785 0.2224987 0.02229785 0.2374264 0.1656597 0.2359147 0.1740079 0.2224987 0.02229785 0.2359147 0.1740079 0.2346038 0.1788434 0.2346038 0.1788434 0.2313194 0.1876868 0.2224987 0.02229785 0.2224987 0.02229785 0.2313194 0.1876868 0.2269752 0.1961317 0.2224987 0.02229785 0.2269752 0.1961317 0.2269051 0.1962478 0.1889886 0.007880032 0.201008 0.01109087 0.2106572 0.2155282 0.2106572 0.2155282 0.201008 0.01109087 0.2122499 0.01593035 0.2106572 0.2155282 0.2122499 0.01593035 0.2175794 0.2088396 0.2175794 0.2088396 0.2122499 0.01593035 0.2224987 0.02229785 0.2175794 0.2088396 0.2224987 0.02229785 0.2235879 0.201358 0.2235879 0.201358 0.2224987 0.02229785 0.2269051 0.1962478 0.1502163 0.003315269 0.1447608 0.2327391 0.1369538 0.003005802 0.1369538 0.003005802 0.1447608 0.2327391 0.1339517 0.2327662 0.1369538 0.003005802 0.1339517 0.2327662 0.123627 0.003315269 0.123627 0.003315269 0.1339517 0.2327662 0.1231123 0.2327391 0.123627 0.003315269 0.1231123 0.2327391 0.1102983 0.004235923 0.1102983 0.004235923 0.1231123 0.2327391 0.1013761 0.2325224 0.1102983 0.004235923 0.1013761 0.2325224 0.09703385 0.005767881 0.1013761 0.2325224 0.1006751 0.2325069 0.09703385 0.005767881 0.09703385 0.005767881 0.1006751 0.2325069 0.09534657 0.2321743 0.09703385 0.005767881 0.09534657 0.2321743 0.09306466 0.006340384 0.09306466 0.006340384 0.09534657 0.2321743 0.09011703 0.2314547 0.09306466 0.006340384 0.09011703 0.2314547 0.08390218 0.007880032 0.08390218 0.007880032 0.09011703 0.2314547 0.08602035 0.2306153 0.08602035 0.2306153 0.07688587 0.2278223 0.08390218 0.007880032 0.08390218 0.007880032 0.07688587 0.2278223 0.0715171 0.2255398 0.08390218 0.007880032 0.0715171 0.2255398 0.07250148 0.01071566 0.07250148 0.01071566 0.0715171 0.2255398 0.06158459 0.01490908 0.0715171 0.2255398 0.06305718 0.2208551 0.06158459 0.01490908 0.06158459 0.01490908 0.06305718 0.2208551 0.05518883 0.2150601 0.06158459 0.01490908 0.05518883 0.2150601 0.05131429 0.02042168 0.02863878 0.1656597 0.02385878 0.1213927 0.05131429 0.02042168 0.02863878 0.1656597 0.05131429 0.02042168 0.03022611 0.1748241 0.05518883 0.2150601 0.04745435 0.2075592 0.05131429 0.02042168 0.05131429 0.02042168 0.04745435 0.2075592 0.04140913 0.1998725 0.05131429 0.02042168 0.04140913 0.1998725 0.03912037 0.1963367 0.03912037 0.1963367 0.03466147 0.1878532 0.05131429 0.02042168 0.05131429 0.02042168 0.03466147 0.1878532 0.03132414 0.1788899 0.05131429 0.02042168 0.03132414 0.1788899 0.03022611 0.1748241 0.01977586 0.05536949 0.02085334 0.05317604 0.02048766 0.06676989 0.02048766 0.06676989 0.02085334 0.05317604 0.02289944 0.04941976 0.02289944 0.04941976 0.02626472 0.04411607 0.02048766 0.06676989 0.02048766 0.06676989 0.02626472 0.04411607 0.02997314 0.03916442 0.02048766 0.06676989 0.02997314 0.03916442 0.03344428 0.03515666 0.02385878 0.1213927 0.01916068 0.07796138 0.05131429 0.02042168 0.05131429 0.02042168 0.01916068 0.07796138 0.02048766 0.06676989 0.05131429 0.02042168 0.02048766 0.06676989 0.04186409 0.02720695 0.04186409 0.02720695 0.02048766 0.06676989 0.03344428 0.03515666 0.2336112 0.6101012 0.2312665 0.6058498 0.2335979 0.5984184 0.2089175 0.6443681 0.2085689 0.6443411 0.2111636 0.6325229 0.2111636 0.6325229 0.2129793 0.6253159 0.2174613 0.6253004 0.2174613 0.6253004 0.2129793 0.6253159 0.2148926 0.6174474 0.2163917 0.6093275 0.2187481 0.6169793 0.2162711 0.610225 0.2336224 0.6239736 0.2336278 0.6362714 0.2314101 0.62896 0.2314101 0.62896 0.2336278 0.6362714 0.2336293 0.6457337 0.2314101 0.62896 0.2336293 0.6457337 0.2242801 0.6364378 0.2242801 0.6364378 0.2336293 0.6457337 0.2235296 0.6452618 0.2242801 0.6364378 0.2235296 0.6452618 0.2165985 0.6422443 0.2227864 0.6197143 0.2274585 0.6131302 0.2336214 0.622136 0.2255546 0.6101399 0.2276983 0.6068981 0.2312665 0.6058498 0.2276983 0.6068981 0.2282415 0.6060895 0.2312665 0.6058498 0.2312665 0.6058498 0.2282415 0.6060895 0.2283777 0.6058884 0.2312665 0.6058498 0.2283777 0.6058884 0.2335979 0.5984184 0.2336112 0.6101012 0.2336214 0.622136 0.2312665 0.6058498 0.2312665 0.6058498 0.2336214 0.622136 0.2274585 0.6131302 0.2312665 0.6058498 0.2274585 0.6131302 0.2255546 0.6101399 0.2255546 0.6101399 0.2274585 0.6131302 0.2227864 0.6197143 0.2255546 0.6101399 0.2227864 0.6197143 0.2194976 0.6197376 0.2194976 0.6197376 0.2227864 0.6197143 0.2174613 0.6253004 0.2194976 0.6197376 0.2174613 0.6253004 0.2187481 0.6169793 0.2187481 0.6169793 0.2174613 0.6253004 0.2148926 0.6174474 0.2187481 0.6169793 0.2148926 0.6174474 0.2162711 0.610225 0.2235296 0.6452618 0.2089175 0.6443681 0.2165985 0.6422443 0.2165985 0.6422443 0.2089175 0.6443681 0.2111636 0.6325229 0.2165985 0.6422443 0.2111636 0.6325229 0.2242801 0.6364378 0.2242801 0.6364378 0.2111636 0.6325229 0.2174613 0.6253004 0.2242801 0.6364378 0.2174613 0.6253004 0.2314101 0.62896 0.2314101 0.62896 0.2174613 0.6253004 0.2227864 0.6197143 0.2314101 0.62896 0.2227864 0.6197143 0.2336224 0.6239736 0.2336224 0.6239736 0.2227864 0.6197143 0.2336214 0.622136 0.9318319 0.8684457 0.9292309 0.8677842 0.9322868 0.859173 0.9322868 0.859173 0.9292309 0.8677842 0.9326555 0.8498983 0.6084184 0.8813689 0.5955818 0.8705285 0.6013771 0.8373237 0.6158823 0.8660724 0.6122763 0.8743357 0.6013771 0.8373237 0.6013771 0.8373237 0.6122763 0.8743357 0.6105586 0.8775997 0.6013771 0.8373237 0.6105586 0.8775997 0.6084184 0.8813689 0.6152725 0.8347693 0.6188265 0.8506584 0.6013771 0.8373237 0.6013771 0.8373237 0.6188265 0.8506584 0.6180912 0.8580499 0.6013771 0.8373237 0.6180912 0.8580499 0.6158823 0.8660724 0.6162039 0.8346494 0.6180824 0.8420054 0.6152725 0.8347693 0.6152725 0.8347693 0.6180824 0.8420054 0.6188216 0.8492974 0.6152725 0.8347693 0.6188216 0.8492974 0.6188265 0.8506584 0.573154 0.8488479 0.5777198 0.8461433 0.5955818 0.8705285 0.5955818 0.8705285 0.5777198 0.8461433 0.5887905 0.8411359 0.5955818 0.8705285 0.5887905 0.8411359 0.6013771 0.8373237 0.7903712 0.8686121 0.8070058 0.868277 0.8058195 0.8902891 0.7903712 0.8686121 0.8058195 0.8902891 0.79173 0.9346083 0.79173 0.9346083 0.8058195 0.8902891 0.8062735 0.9123278 0.79173 0.9346083 0.8062735 0.9123278 0.8083657 0.9342736 0.22526 0.4846852 0.2140671 0.4958767 0.2138235 0.3923176 0.1927078 0.5102055 0.1875342 0.5109289 0.1844876 0.3942209 0.2193481 0.228565 0.2222148 0.2262014 0.2239609 0.2519615 0.2440481 0.1971452 0.2479002 0.1875669 0.2534361 0.2471878 0.2074116 0.6504455 0.2085689 0.6443411 0.2089175 0.6443681 0.1961271 0.7646275 0.1947045 0.7040471 0.2089175 0.7659505 0.2654294 0.2445302 0.2479002 0.1875669 0.250612 0.1778918 0.2089175 0.7659505 0.1977516 0.6953237 0.1999899 0.6863604 0.1999899 0.6863604 0.2017659 0.6776099 0.2089175 0.7659505 0.2089175 0.7659505 0.2017659 0.6776099 0.2036287 0.6688711 0.2089175 0.7659505 0.2036287 0.6688711 0.2074116 0.6504455 0.2239609 0.2519615 0.2222148 0.2262014 0.2395098 0.249683 0.2222148 0.2262014 0.2299841 0.2185456 0.2395098 0.249683 0.2395098 0.249683 0.2299841 0.2185456 0.2367568 0.2098996 0.2395098 0.249683 0.2367568 0.2098996 0.2534361 0.2471878 0.2534361 0.2471878 0.2367568 0.2098996 0.2390564 0.2063754 0.2534361 0.2471878 0.2390564 0.2063754 0.2440481 0.1971452 0.2071346 0.2539693 0.1894053 0.2556637 0.1870548 0.2438764 0.1870548 0.2438764 0.1966143 0.2411414 0.2071346 0.2539693 0.2071346 0.2539693 0.1966143 0.2411414 0.2016017 0.2391762 0.2071346 0.2539693 0.2016017 0.2391762 0.2239609 0.2519615 0.2239609 0.2519615 0.2016017 0.2391762 0.210794 0.2344605 0.2239609 0.2519615 0.210794 0.2344605 0.2193481 0.228565 0.1960736 0.3935942 0.1844876 0.3942209 0.1778321 0.2565612 0.2138235 0.3923176 0.2140671 0.4958767 0.1960736 0.3935942 0.2140671 0.4958767 0.2050787 0.503513 0.1960736 0.3935942 0.1960736 0.3935942 0.2050787 0.503513 0.2011777 0.5062288 0.1960736 0.3935942 0.2011777 0.5062288 0.1844876 0.3942209 0.1844876 0.3942209 0.2011777 0.5062288 0.1948407 0.5095015 0.1844876 0.3942209 0.1948407 0.5095015 0.1927078 0.5102055 0.2439011 0.4699192 0.2383205 0.472925 0.2306689 0.3907083 0.2306689 0.3907083 0.2383205 0.472925 0.2337611 0.4762597 0.2306689 0.3907083 0.2337611 0.4762597 0.2138235 0.3923176 0.2138235 0.3923176 0.2337611 0.4762597 0.2282252 0.4815092 0.2138235 0.3923176 0.2282252 0.4815092 0.22526 0.4846852 0.2439011 0.4699192 0.2306689 0.3907083 0.2495468 0.4680933 0.2495468 0.4680933 0.2306689 0.3907083 0.2462359 0.3888089 0.2495468 0.4680933 0.2462359 0.3888089 0.2544812 0.4676561 0.2544812 0.4676561 0.2462359 0.3888089 0.2601789 0.386658 0.2544812 0.4676561 0.2601789 0.386658 0.2567862 0.4679154 0.2089087 0.9064109 0.2111474 0.995529 0.2054219 0.9943956 0.2054219 0.9943956 0.2044326 0.9940358 0.2089087 0.9064109 0.2089087 0.9064109 0.2044326 0.9940358 0.1994506 0.991355 0.2089087 0.9064109 0.1994506 0.991355 0.1961182 0.9047823 0.2601789 0.386658 0.2661937 0.4719889 0.2612583 0.4695904 0.2601789 0.386658 0.2612583 0.4695904 0.2567862 0.4679154 0.2111474 0.995529 0.2089087 0.9064109 0.2180868 0.9952157 0.2180868 0.9952157 0.2089087 0.9064109 0.2235208 0.9077881 0.2180868 0.9952157 0.2235208 0.9077881 0.226085 0.9933897 0.233619 0.9251382 0.2336106 0.9908675 0.2235208 0.9077881 0.2235208 0.9077881 0.2336106 0.9908675 0.2294934 0.9923143 0.2235208 0.9077881 0.2294934 0.9923143 0.226085 0.9933897 0.2235296 0.6452618 0.2336293 0.6457337 0.2336293 0.7676603 0.2074116 0.6504455 0.2089175 0.6443681 0.2089175 0.7659505 0.2089175 0.7659505 0.2089175 0.6443681 0.2235296 0.6452618 0.2089175 0.7659505 0.2235296 0.6452618 0.2235296 0.7670685 0.2235296 0.7670685 0.2235296 0.6452618 0.2336293 0.7676603 0.2235296 0.7670685 0.2336293 0.7676603 0.2336205 0.9085193 0.1771467 0.2454006 0.1870548 0.2438764 0.1778321 0.2565612 0.1778321 0.2565612 0.1870548 0.2438764 0.1894053 0.2556637 0.1778321 0.2565612 0.1894053 0.2556637 0.1960736 0.3935942 0.1960736 0.3935942 0.1894053 0.2556637 0.2071346 0.2539693 0.1960736 0.3935942 0.2071346 0.2539693 0.2138235 0.3923176 0.2138235 0.3923176 0.2071346 0.2539693 0.2239609 0.2519615 0.2138235 0.3923176 0.2239609 0.2519615 0.2306689 0.3907083 0.2306689 0.3907083 0.2239609 0.2519615 0.2395098 0.249683 0.2306689 0.3907083 0.2395098 0.249683 0.2462359 0.3888089 0.2462359 0.3888089 0.2395098 0.249683 0.2534361 0.2471878 0.2462359 0.3888089 0.2534361 0.2471878 0.2601789 0.386658 0.1961182 0.9047823 0.1961271 0.7646275 0.2089175 0.7659505 0.1961182 0.9047823 0.2089175 0.7659505 0.2089087 0.9064109 0.2089087 0.9064109 0.2089175 0.7659505 0.2235296 0.7670685 0.2089087 0.9064109 0.2235296 0.7670685 0.2235208 0.9077881 0.2235208 0.9077881 0.2235296 0.7670685 0.2336205 0.9085193 0.2235208 0.9077881 0.2336205 0.9085193 0.233619 0.9251382 0.7062655 0.8900222 0.7021968 0.8722194 0.7055988 0.880761 0.7055988 0.880761 0.7021968 0.8722194 0.7048449 0.8715057 0.9905022 0.7940213 0.9840947 0.7838506 0.9902547 0.7837757 0.9816854 0.7799594 0.9753495 0.7748513 0.978679 0.7718402 0.9705175 0.7570745 0.9701435 0.7552831 0.9705489 0.755259 0.9814467 0.7681294 0.970995 0.7592524 0.983532 0.7638816 0.983532 0.7638816 0.970995 0.7592524 0.9705175 0.7570745 0.983532 0.7638816 0.9705175 0.7570745 0.9848428 0.7592829 0.9848428 0.7592829 0.9705175 0.7570745 0.9705489 0.755259 0.9848428 0.7592829 0.9705489 0.755259 0.987159 0.7544649 0.9724465 0.7654171 0.9719921 0.7635358 0.9814467 0.7681294 0.9814467 0.7681294 0.9719921 0.7635358 0.9715474 0.7616596 0.9814467 0.7681294 0.9715474 0.7616596 0.970995 0.7592524 0.9748215 0.775222 0.9745235 0.7739512 0.9753495 0.7748513 0.9753495 0.7748513 0.9745235 0.7739512 0.9724465 0.7654171 0.9753495 0.7748513 0.9724465 0.7654171 0.978679 0.7718402 0.978679 0.7718402 0.9724465 0.7654171 0.9814467 0.7681294 0.9816854 0.7799594 0.9789623 0.7868574 0.9763814 0.7826504 0.9763814 0.7826504 0.9789623 0.7868574 0.9774608 0.790207 0.9763814 0.7826504 0.9774608 0.790207 0.9773588 0.7904258 0.9816854 0.7799594 0.9763814 0.7826504 0.9753495 0.7748513 0.9753495 0.7748513 0.9763814 0.7826504 0.9748353 0.7752814 0.9753495 0.7748513 0.9748353 0.7752814 0.9748215 0.775222 0.9954828 0.8016417 0.9905022 0.7940213 0.9964852 0.7912747 0.9964852 0.7912747 0.9905022 0.7940213 0.9902547 0.7837757 0.9964852 0.7912747 0.9902547 0.7837757 0.99737 0.7791299 0.99737 0.7791299 0.9902547 0.7837757 0.9950082 0.7774026 0.99737 0.7791299 0.9950082 0.7774026 0.9973794 0.7789717 0.9973794 0.7789717 0.9950082 0.7774026 0.9977921 0.7711001 0.9840947 0.7838506 0.9816854 0.7799594 0.9902547 0.7837757 0.9902547 0.7837757 0.9816854 0.7799594 0.978679 0.7718402 0.9902547 0.7837757 0.978679 0.7718402 0.9950082 0.7774026 0.9950082 0.7774026 0.978679 0.7718402 0.9814467 0.7681294 0.9950082 0.7774026 0.9814467 0.7681294 0.9977921 0.7711001 0.9977921 0.7711001 0.9814467 0.7681294 0.983532 0.7638816 0.9977921 0.7711001 0.983532 0.7638816 0.9978431 0.7699232 0.9978431 0.7699232 0.983532 0.7638816 0.9848428 0.7592829 0.9978431 0.7699232 0.9848428 0.7592829 0.9979818 0.7663571 0.9979818 0.7663571 0.9848428 0.7592829 0.987159 0.7544649 0.9979818 0.7663571 0.987159 0.7544649 0.9982676 0.7541289 0.9540401 0.2415544 0.9601185 0.2433503 0.9311847 0.2639519 0.9311847 0.2639519 0.9150575 0.2740322 0.9125713 0.2707479 0.9050663 0.2387816 0.9074354 0.232505 0.9084984 0.2326385 0.9050663 0.2387816 0.9084984 0.2326385 0.9038709 0.2454906 0.9125713 0.2707479 0.9083939 0.2641231 0.9246737 0.2350476 0.9246737 0.2350476 0.9083939 0.2641231 0.9053872 0.2572034 0.9246737 0.2350476 0.9053872 0.2572034 0.9084984 0.2326385 0.9084984 0.2326385 0.9053872 0.2572034 0.9039967 0.2509171 0.9084984 0.2326385 0.9039967 0.2509171 0.9038709 0.2454906 0.9125713 0.2707479 0.9246737 0.2350476 0.9311847 0.2639519 0.9311847 0.2639519 0.9246737 0.2350476 0.9399375 0.238036 0.9311847 0.2639519 0.9399375 0.238036 0.9540401 0.2415544 0.07039606 0.5094898 0.06428855 0.506368 0.07215636 0.3935942 0.004759848 0.4679927 0 0.4695904 0.003022611 0.386658 0.9705489 0.755259 0.9701435 0.7552831 0.9660655 0.7368581 0.9660655 0.7368581 0.9646066 0.7308719 0.971645 0.6342874 0.971645 0.6342874 0.9646066 0.7308719 0.9624786 0.7221837 0.9624786 0.7221837 0.960435 0.7134835 0.971645 0.6342874 0.971645 0.6342874 0.960435 0.7134835 0.9576717 0.7041929 0.971645 0.6342874 0.9576717 0.7041929 0.9563893 0.6356534 0.9660655 0.7368581 0.971645 0.6342874 0.9705489 0.755259 0.9705489 0.755259 0.971645 0.6342874 0.9882576 0.6332707 0.9705489 0.755259 0.9882576 0.6332707 0.987159 0.7544649 0.988865 0.4933796 0.999975 0.4927884 0.9993671 0.6328161 0.999975 0.4927884 0.988865 0.4933796 1 0.4762722 1 0.4762722 0.988865 0.4933796 0.9955009 0.4094883 1 0.4762722 0.9955009 0.4094883 1 0.4109861 0.9670209 0.4076145 0.972373 0.4063807 0.9722518 0.4946535 0.9722518 0.4946535 0.972373 0.4063807 0.9790496 0.4061261 0.9722518 0.4946535 0.9790496 0.4061261 0.988865 0.4933796 0.988865 0.4933796 0.9790496 0.4061261 0.9870669 0.4072294 0.988865 0.4933796 0.9870669 0.4072294 0.9955009 0.4094883 0.9569947 0.4963237 0.9555579 0.4142265 0.9722518 0.4946535 0.2536964 0.6128248 0.2479217 0.5270003 0.2536964 0.5250278 0.9722518 0.4946535 0.9608771 0.4104184 0.9670209 0.4076145 0.02833092 0.4746001 0.02369803 0.4717877 0.03597521 0.3907083 0.03597521 0.3907083 0.02369803 0.4717877 0.01730668 0.4690797 0.03597521 0.3907083 0.01730668 0.4690797 0.01890331 0.3888089 0.01890331 0.3888089 0.01730668 0.4690797 0.01420372 0.4682519 0.01890331 0.3888089 0.01420372 0.4682519 0.003022611 0.386658 0.003022611 0.386658 0.01420372 0.4682519 0.008376121 0.4676407 0.003022611 0.386658 0.008376121 0.4676407 0.004759848 0.4679927 0.02833092 0.4746001 0.03597521 0.3907083 0.03448796 0.4795866 0.03448796 0.4795866 0.03597521 0.3907083 0.05385893 0.3923176 0.03448796 0.4795866 0.05385893 0.3923176 0.03643012 0.4815092 0.06428855 0.506368 0.05831098 0.5021049 0.07215636 0.3935942 0.07215636 0.3935942 0.05831098 0.5021049 0.0521329 0.4968748 0.07215636 0.3935942 0.0521329 0.4968748 0.05385893 0.3923176 0.05385893 0.3923176 0.0521329 0.4968748 0.04761368 0.4926891 0.05385893 0.3923176 0.04761368 0.4926891 0.03643012 0.4815092 0.08383011 0.3942209 0.07773739 0.5109289 0.07545936 0.5107858 0.08242517 0.2556637 0.09407889 0.2565612 0.08383011 0.3942209 0.09505534 0.2454006 0.09407889 0.2565612 0.08968371 0.2447314 0.08968371 0.2447314 0.09407889 0.2565612 0.08242517 0.2556637 0.08968371 0.2447314 0.08242517 0.2556637 0.085262 0.2439073 0.085262 0.2439073 0.08242517 0.2556637 0.07561331 0.2412188 0.07561331 0.2412188 0.08242517 0.2556637 0.06415814 0.2539693 0.07561331 0.2412188 0.06415814 0.2539693 0.0662533 0.237358 0.0662533 0.237358 0.06415814 0.2539693 0.05643939 0.2318223 0.05643939 0.2318223 0.06415814 0.2539693 0.04630482 0.2519615 0.05643939 0.2318223 0.04630482 0.2519615 0.04793381 0.2255398 0.04793381 0.2255398 0.04630482 0.2519615 0.04010963 0.2182168 0.04010963 0.2182168 0.04630482 0.2519615 0.02926087 0.249683 0.04010963 0.2182168 0.02926087 0.249683 0.03656101 0.2142671 0.01784199 0.1783174 0.02104699 0.1883057 0.01340562 0.2471878 0.01340562 0.2471878 0.02104699 0.1883057 0.0241397 0.1953426 0.01340562 0.2471878 0.0241397 0.1953426 0.02926087 0.249683 0.02926087 0.249683 0.0241397 0.1953426 0.02977365 0.2051956 0.02926087 0.249683 0.02977365 0.2051956 0.03656101 0.2142671 0.07545936 0.5107858 0.07039606 0.5094898 0.08383011 0.3942209 0.08383011 0.3942209 0.07039606 0.5094898 0.07215636 0.3935942 0.08383011 0.3942209 0.07215636 0.3935942 0.08242517 0.2556637 0.08242517 0.2556637 0.07215636 0.3935942 0.05385893 0.3923176 0.08242517 0.2556637 0.05385893 0.3923176 0.06415814 0.2539693 0.06415814 0.2539693 0.05385893 0.3923176 0.03597521 0.3907083 0.06415814 0.2539693 0.03597521 0.3907083 0.04630482 0.2519615 0.04630482 0.2519615 0.03597521 0.3907083 0.01890331 0.3888089 0.04630482 0.2519615 0.01890331 0.3888089 0.02926087 0.249683 0.02926087 0.249683 0.01890331 0.3888089 0.003022611 0.386658 0.02926087 0.249683 0.003022611 0.386658 0.01340562 0.2471878 0.9563893 0.6356534 0.9569947 0.4963237 0.9722518 0.4946535 0.9563893 0.6356534 0.9722518 0.4946535 0.971645 0.6342874 0.971645 0.6342874 0.9722518 0.4946535 0.988865 0.4933796 0.971645 0.6342874 0.988865 0.4933796 0.9882576 0.6332707 0.9882576 0.6332707 0.988865 0.4933796 0.9993671 0.6328161 0.9882576 0.6332707 0.9993671 0.6328161 0.987159 0.7544649 0.987159 0.7544649 0.9993671 0.6328161 0.9982676 0.7541289 0.2176368 0.5830566 0.2175853 0.5829058 0.2173495 0.5809715 0.2514674 0.0600503 0.2520032 0.06186461 0.2484247 0.05536174 0.2514674 0.0600503 0.2484247 0.05536174 0.2467075 0.04860734 0.2643907 0.7869853 0.2645789 0.7784592 0.2645789 0.7907938 0.220232 0.5803913 0.2216972 0.5930606 0.2202168 0.5894435 0.2179642 0.5675209 0.2192589 0.5732539 0.220232 0.5803913 0.220232 0.5803913 0.2192589 0.5732539 0.2203354 0.5803758 0.220232 0.5803913 0.2203354 0.5803758 0.2208349 0.5843139 0.2151387 0.555339 0.2172657 0.5626775 0.2179642 0.5675209 0.2179642 0.5675209 0.2172657 0.5626775 0.2184261 0.5685344 0.2179642 0.5675209 0.2184261 0.5685344 0.2192589 0.5732539 0.2086347 0.5339154 0.2096778 0.5341436 0.2108827 0.5379696 0.2086347 0.5339154 0.2108827 0.5379696 0.2119597 0.544074 0.2119597 0.544074 0.2108827 0.5379696 0.213572 0.5472772 0.2119597 0.544074 0.213572 0.5472772 0.2151387 0.555339 0.2151387 0.555339 0.213572 0.5472772 0.2158706 0.556399 0.2151387 0.555339 0.2158706 0.556399 0.2172657 0.5626775 0.8527421 0.9904681 0.8516989 0.9900783 0.8511509 0.9851949 0.8511509 0.9851949 0.8516989 0.9900783 0.8483439 0.9791954 0.8511509 0.9851949 0.8483439 0.9791954 0.8488645 0.9768467 0.8488645 0.9768467 0.8483439 0.9791954 0.8452733 0.9673351 0.8488645 0.9768467 0.8452733 0.9673351 0.8462713 0.965839 0.2484247 0.05536174 0.2456776 0.04941201 0.2467075 0.04860734 0.2467075 0.04860734 0.2456776 0.04941201 0.2393676 0.03916054 0.2467075 0.04860734 0.2393676 0.03916054 0.2403128 0.03818958 0.2403128 0.03818958 0.2393676 0.03916054 0.2315905 0.03007739 0.2403128 0.03818958 0.2315905 0.03007739 0.2324322 0.02896326 0.2324322 0.02896326 0.2315905 0.03007739 0.2224987 0.02229785 0.2324322 0.02896326 0.2224987 0.02229785 0.2232193 0.02105993 0.2232193 0.02105993 0.2224987 0.02229785 0.2122499 0.01593035 0.2232193 0.02105993 0.2122499 0.01593035 0.2128308 0.01459962 0.2128308 0.01459962 0.2122499 0.01593035 0.201008 0.01109087 0.2128308 0.01459962 0.201008 0.01109087 0.2014306 0.009686648 0.201008 0.01109087 0.1889886 0.007880032 0.2014306 0.009686648 0.2014306 0.009686648 0.1889886 0.007880032 0.1892382 0.00639069 0.2014306 0.009686648 0.1892382 0.00639069 0.1892936 0.00492841 0.2176368 0.5830566 0.2173495 0.5809715 0.2186618 0.5806543 0.2186618 0.5806543 0.2173495 0.5809715 0.2151583 0.5684261 0.2186618 0.5806543 0.2151583 0.5684261 0.2164216 0.5679154 0.2164216 0.5679154 0.2151583 0.5684261 0.2124245 0.5565383 0.2164216 0.5679154 0.2124245 0.5565383 0.2136289 0.5558497 0.2136289 0.5558497 0.2124245 0.5565383 0.2093455 0.5455363 0.2136289 0.5558497 0.2093455 0.5455363 0.2104862 0.5446891 0.2329562 0.02785301 0.2324322 0.02896326 0.2232193 0.02105993 0.2329562 0.02785301 0.2232193 0.02105993 0.2236502 0.01983749 0.2236502 0.01983749 0.2232193 0.02105993 0.2128308 0.01459962 0.2236502 0.01983749 0.2128308 0.01459962 0.2131544 0.01328432 0.2131544 0.01328432 0.2128308 0.01459962 0.2014306 0.009686648 0.2131544 0.01328432 0.2014306 0.009686648 0.2016306 0.008301734 0.2016306 0.008301734 0.2014306 0.009686648 0.1892936 0.00492841 0.8439252 0.9673061 0.8413781 0.9547688 0.8427605 0.9547204 0.8440939 0.9545517 0.8462713 0.965839 0.8427605 0.9547204 0.8427605 0.9547204 0.8462713 0.965839 0.8452733 0.9673351 0.8427605 0.9547204 0.8452733 0.9673351 0.8439252 0.9673061 0.8439252 0.9673061 0.8452733 0.9673351 0.8483439 0.9791954 0.8439252 0.9673061 0.8483439 0.9791954 0.8469654 0.9791083 0.2039527 0.5258032 0.2053567 0.5250257 0.2086347 0.5339154 0.2039527 0.5258032 0.2086347 0.5339154 0.2071964 0.5346156 0.2071964 0.5346156 0.2086347 0.5339154 0.2119597 0.544074 0.2071964 0.5346156 0.2119597 0.544074 0.2104862 0.5446891 0.2104862 0.5446891 0.2119597 0.544074 0.2151387 0.555339 0.2104862 0.5446891 0.2151387 0.555339 0.2136289 0.5558497 0.2136289 0.5558497 0.2151387 0.555339 0.2179642 0.5675209 0.2136289 0.5558497 0.2179642 0.5675209 0.2164216 0.5679154 0.2164216 0.5679154 0.2179642 0.5675209 0.220232 0.5803913 0.2164216 0.5679154 0.220232 0.5803913 0.2186618 0.5806543 0.2186618 0.5806543 0.220232 0.5803913 0.2202168 0.5894435 0.2186618 0.5806543 0.2202168 0.5894435 0.2176368 0.5830566 0.8464635 0.8374162 0.8436036 0.8499501 0.8422821 0.8498959 0.8436036 0.8499501 0.8464635 0.8374162 0.8450507 0.8501522 0.9805947 0.8123067 0.9807452 0.812002 0.9796422 0.818966 0.9807452 0.812002 0.9830693 0.8070868 0.9812359 0.8192745 0.9812359 0.8192745 0.9830693 0.8070868 0.9831207 0.806957 0.9812359 0.8192745 0.9831207 0.806957 0.9832369 0.8066507 0.02289944 0.04941976 0.02085334 0.05317604 0.02175092 0.04861509 0.02175092 0.04861509 0.02085334 0.05317604 0.01977586 0.05536949 0.02175092 0.04861509 0.01977586 0.05536949 0.01628464 0.06006193 0.01628464 0.06006193 0.01977586 0.05536949 0.0165944 0.06042945 0.02289944 0.04941976 0.02175092 0.04861509 0.02626472 0.04411607 0.02626472 0.04411607 0.02175092 0.04861509 0.02892655 0.03819346 0.02626472 0.04411607 0.02892655 0.03819346 0.02997314 0.03916442 0.02997314 0.03916442 0.02892655 0.03819346 0.03344428 0.03515666 0.03344428 0.03515666 0.02892655 0.03819346 0.03762185 0.02896714 0.03344428 0.03515666 0.03762185 0.02896714 0.04186409 0.02720695 0.04186409 0.02720695 0.03762185 0.02896714 0.04764115 0.0210638 0.04186409 0.02720695 0.04764115 0.0210638 0.05131429 0.02042168 0.05131429 0.02042168 0.04764115 0.0210638 0.05879038 0.01459962 0.05131429 0.02042168 0.05879038 0.01459962 0.06158459 0.01490908 0.06158459 0.01490908 0.05879038 0.01459962 0.07087153 0.009686648 0.06158459 0.01490908 0.07087153 0.009686648 0.07250148 0.01071566 0.8497508 0.8256425 0.8496567 0.8300806 0.8464635 0.8374162 0.8464635 0.8374162 0.8496567 0.8300806 0.8470273 0.8406851 0.8464635 0.8374162 0.8470273 0.8406851 0.8450507 0.8501522 0.9639331 0.8661445 0.9623257 0.870923 0.9585055 0.8752709 0.8497508 0.8256425 0.8525891 0.819966 0.8508469 0.8257972 0.8497508 0.8256425 0.8508469 0.8257972 0.8496567 0.8300806 0.9739289 0.8444155 0.9707989 0.8536778 0.9691489 0.8558028 0.9691489 0.8558028 0.9707989 0.8536778 0.9670964 0.8618323 0.9691489 0.8558028 0.9670964 0.8618323 0.9639331 0.8661445 0.9639331 0.8661445 0.9670964 0.8618323 0.9647865 0.8664085 0.8533048 0.8148615 0.854193 0.8149771 0.8525891 0.819966 0.9832369 0.8066507 0.9815614 0.818099 0.9812359 0.8192745 0.2479237 0.8020801 0.2480276 0.8008828 0.2480276 0.8127397 0.9812359 0.8192745 0.9789628 0.8297244 0.9780363 0.8321638 0.8118608 0.3801745 0.8121001 0.3776599 0.8121001 0.3893814 0.9780363 0.8321638 0.9755887 0.8410216 0.9739289 0.8444155 0.9739289 0.8444155 0.9755887 0.8410216 0.9744063 0.8444307 0.9739289 0.8444155 0.9744063 0.8444307 0.9707989 0.8536778 0.08390218 0.007880032 0.07250148 0.01071566 0.08363306 0.006421625 0.08363306 0.006421625 0.07250148 0.01071566 0.07087153 0.009686648 0.08363306 0.006421625 0.07087153 0.009686648 0.07052838 0.008301734 0.07052838 0.008301734 0.07087153 0.009686648 0.05879038 0.01459962 0.07052838 0.008301734 0.05879038 0.01459962 0.05831193 0.01328432 0.05831193 0.01328432 0.05879038 0.01459962 0.04764115 0.0210638 0.05831193 0.01328432 0.04764115 0.0210638 0.04704064 0.01983749 0.04704064 0.01983749 0.04764115 0.0210638 0.03762185 0.02896714 0.9624938 0.8654015 0.966415 0.8542917 0.9676665 0.8551481 0.9676665 0.8551481 0.966415 0.8542917 0.9710739 0.8431625 0.9676665 0.8551481 0.9710739 0.8431625 0.9724048 0.8438623 0.9724048 0.8438623 0.9710739 0.8431625 0.9750716 0.8312027 0.9724048 0.8438623 0.9750716 0.8312027 0.976474 0.8317261 0.976474 0.8317261 0.9750716 0.8312027 0.9781814 0.8186369 0.976474 0.8317261 0.9781814 0.8186369 0.9796422 0.818966 0.9796422 0.818966 0.9781814 0.8186369 0.9778324 0.8183603 0.9796422 0.818966 0.9778324 0.8183603 0.9805947 0.8123067 0.9807452 0.812002 0.9812359 0.8192745 0.9796422 0.818966 0.9796422 0.818966 0.9812359 0.8192745 0.9780363 0.8321638 0.9796422 0.818966 0.9780363 0.8321638 0.976474 0.8317261 0.976474 0.8317261 0.9780363 0.8321638 0.9739289 0.8444155 0.976474 0.8317261 0.9739289 0.8444155 0.9724048 0.8438623 0.9724048 0.8438623 0.9739289 0.8444155 0.9691489 0.8558028 0.9724048 0.8438623 0.9691489 0.8558028 0.9676665 0.8551481 0.9676665 0.8551481 0.9691489 0.8558028 0.9639331 0.8661445 0.9676665 0.8551481 0.9639331 0.8661445 0.9624938 0.8654015 0.9624938 0.8654015 0.9639331 0.8661445 0.9585055 0.8752709 0.9624938 0.8654015 0.9585055 0.8752709 0.9571099 0.8744522 0.8483704 0.8257102 0.8497508 0.8256425 0.8464635 0.8374162 0.8483704 0.8257102 0.8464635 0.8374162 0.8451154 0.8374269 0.8451154 0.8374269 0.8464635 0.8374162 0.8422821 0.8498959 0.07052838 0.008301734 0.08343797 0.004990279 0.08363306 0.006421625 0.8471096 0.9672727 0.8440939 0.9545517 0.8456243 0.9542432 0.222183 0.5941244 0.2221232 0.5943952 0.2216972 0.5930606 0.2544023 0.6437569 0.2532925 0.6365054 0.2556984 0.6444455 0.2522787 0.6316118 0.2511434 0.6269252 0.2537415 0.6319445 0.2522787 0.6316118 0.2529042 0.6324842 0.2532748 0.6364088 0.2532748 0.6364088 0.2529042 0.6324842 0.2566965 0.6440644 0.2532748 0.6364088 0.2566965 0.6440644 0.2532925 0.6365054 0.4857816 0.9540653 0.4945347 0.9568315 0.4970445 0.9599369 0.4970445 0.9599369 0.4945347 0.9568315 0.5078879 0.9634569 0.2565572 0.6560393 0.2546474 0.6460548 0.2546631 0.6447008 0.2546631 0.6447008 0.2546474 0.6460548 0.2545121 0.644726 0.2546631 0.6447008 0.2545121 0.644726 0.2544023 0.6437569 0.853649 0.9902379 0.8511509 0.9851949 0.8502371 0.9792674 0.8502371 0.9792674 0.8511509 0.9851949 0.8488645 0.9768467 0.8502371 0.9792674 0.8488645 0.9768467 0.8471096 0.9672727 0.8471096 0.9672727 0.8488645 0.9768467 0.8462713 0.965839 0.8471096 0.9672727 0.8462713 0.965839 0.8440939 0.9545517 0.2171486 0.5559387 0.213572 0.5472772 0.2139495 0.5444377 0.2139495 0.5444377 0.213572 0.5472772 0.2108827 0.5379696 0.8571559 1 0.853994 0.9943617 0.853649 0.9902379 0.853649 0.9902379 0.853994 0.9943617 0.8527421 0.9904681 0.853649 0.9902379 0.8527421 0.9904681 0.8511509 0.9851949 0.2199682 0.5683565 0.2172657 0.5626775 0.2171486 0.5559387 0.2171486 0.5559387 0.2172657 0.5626775 0.2158706 0.556399 0.2171486 0.5559387 0.2158706 0.556399 0.213572 0.5472772 0.2208349 0.5843139 0.2203354 0.5803758 0.2221982 0.5814474 0.2221982 0.5814474 0.2203354 0.5803758 0.2192589 0.5732539 0.2221982 0.5814474 0.2192589 0.5732539 0.2199682 0.5683565 0.2199682 0.5683565 0.2192589 0.5732539 0.2184261 0.5685344 0.2199682 0.5683565 0.2184261 0.5685344 0.2172657 0.5626775 0.2241291 0.5874512 0.224109 0.5877608 0.2230918 0.5814087 0.2230918 0.5814087 0.224109 0.5877608 0.2239443 0.5886969 0.2230918 0.5814087 0.2239443 0.5886969 0.2232178 0.5908207 0.4595967 0.9282611 0.4612556 0.9274172 0.4668439 0.9380229 0.4668439 0.9380229 0.4612556 0.9274172 0.4683498 0.936961 0.4668439 0.9380229 0.4683498 0.936961 0.4756402 0.9466924 0.4756402 0.9466924 0.4683498 0.936961 0.4769657 0.9454359 0.4756402 0.9466924 0.4769657 0.9454359 0.4857816 0.9540653 0.4857816 0.9540653 0.4769657 0.9454359 0.4868953 0.9526402 0.4857816 0.9540653 0.4868953 0.9526402 0.4945347 0.9568315 0.2544023 0.6437569 0.2556984 0.6444455 0.2546631 0.6447008 0.2546631 0.6447008 0.2556984 0.6444455 0.2576082 0.6558923 0.2546631 0.6447008 0.2576082 0.6558923 0.2565572 0.6560393 0.2565572 0.6560393 0.2576082 0.6558923 0.2576357 0.667109 0.2565572 0.6560393 0.2576357 0.667109 0.2565906 0.6671515 0.2565906 0.6671515 0.2576357 0.667109 0.2557846 0.6779407 0.2565906 0.6671515 0.2557846 0.6779407 0.2547631 0.6778846 0.4756402 0.9466924 0.4749107 0.9472033 0.4660243 0.9384269 0.4756402 0.9466924 0.4660243 0.9384269 0.4668439 0.9380229 0.4668439 0.9380229 0.4660243 0.9384269 0.4587026 0.9285454 0.4668439 0.9380229 0.4587026 0.9285454 0.4595967 0.9282611 0.2532925 0.6365054 0.2566965 0.6440644 0.2556984 0.6444455 0.2556984 0.6444455 0.2566965 0.6440644 0.2586122 0.6556022 0.2556984 0.6444455 0.2586122 0.6556022 0.2576082 0.6558923 0.2576082 0.6558923 0.2586122 0.6556022 0.2586298 0.6669098 0.2576082 0.6558923 0.2586298 0.6669098 0.2576357 0.667109 0.2576357 0.667109 0.2586298 0.6669098 0.2567494 0.6778266 0.2576357 0.667109 0.2567494 0.6778266 0.2557846 0.6779407 0.8562088 0.9886388 0.8555147 0.9892829 0.8521597 0.9784575 0.8562088 0.9886388 0.8521597 0.9784575 0.8529009 0.9779207 0.8529009 0.9779207 0.8521597 0.9784575 0.8490831 0.9666228 0.8529009 0.9779207 0.8490831 0.9666228 0.8498675 0.966206 0.2522787 0.6316118 0.2537415 0.6319445 0.2529042 0.6324842 0.2529042 0.6324842 0.2537415 0.6319445 0.2575455 0.6435906 0.2529042 0.6324842 0.2575455 0.6435906 0.2566965 0.6440644 0.2566965 0.6440644 0.2575455 0.6435906 0.2594593 0.6551941 0.2566965 0.6440644 0.2594593 0.6551941 0.2586122 0.6556022 0.2586122 0.6556022 0.2594593 0.6551941 0.2594593 0.6665635 0.2586122 0.6556022 0.2594593 0.6665635 0.2586298 0.6669098 0.8589628 0.9989173 0.8581128 0.9995445 0.8546274 0.9898337 0.8589628 0.9989173 0.8546274 0.9898337 0.8555147 0.9892829 0.8555147 0.9892829 0.8546274 0.9898337 0.8512371 0.9789207 0.8555147 0.9892829 0.8512371 0.9789207 0.8521597 0.9784575 0.8521597 0.9784575 0.8512371 0.9789207 0.8481283 0.9669903 0.8521597 0.9784575 0.8481283 0.9669903 0.8490831 0.9666228 0.8490831 0.9666228 0.8481283 0.9669903 0.8470488 0.9538172 0.8490831 0.9666228 0.8470488 0.9538172 0.8498675 0.966206 0.4587026 0.9285454 0.452875 0.9178205 0.4544084 0.917572 0.4587026 0.9285454 0.4544084 0.917572 0.4595967 0.9282611 0.4595967 0.9282611 0.4544084 0.917572 0.4558829 0.9170408 0.4595967 0.9282611 0.4558829 0.9170408 0.4612556 0.9274172 0.222183 0.5941244 0.2216972 0.5930606 0.2228839 0.5917685 0.2228839 0.5917685 0.2216972 0.5930606 0.2208349 0.5843139 0.2228839 0.5917685 0.2208349 0.5843139 0.2232178 0.5908207 0.2232178 0.5908207 0.2208349 0.5843139 0.2221982 0.5814474 0.2232178 0.5908207 0.2221982 0.5814474 0.2230918 0.5814087 0.2230918 0.5814087 0.2221982 0.5814474 0.2199682 0.5683565 0.2230918 0.5814087 0.2199682 0.5683565 0.2208771 0.5683487 0.2208771 0.5683487 0.2199682 0.5683565 0.2171486 0.5559387 0.2208771 0.5683487 0.2171486 0.5559387 0.218076 0.5559619 0.218076 0.5559619 0.2171486 0.5559387 0.2139495 0.5444377 0.218076 0.5559619 0.2139495 0.5444377 0.2148975 0.544488 0.8581128 0.9995445 0.8571559 1 0.853649 0.9902379 0.8581128 0.9995445 0.853649 0.9902379 0.8546274 0.9898337 0.8546274 0.9898337 0.853649 0.9902379 0.8502371 0.9792674 0.8546274 0.9898337 0.8502371 0.9792674 0.8512371 0.9789207 0.8512371 0.9789207 0.8502371 0.9792674 0.8471096 0.9672727 0.8512371 0.9789207 0.8471096 0.9672727 0.8481283 0.9669903 0.8481283 0.9669903 0.8471096 0.9672727 0.8456243 0.9542432 0.8481283 0.9669903 0.8456243 0.9542432 0.8470488 0.9538172 0.8900977 0.819621 0.8899487 0.8198968 0.8907369 0.8156693 0.8907369 0.8156693 0.8899487 0.8198968 0.8886114 0.8219882 0.8907369 0.8156693 0.8886114 0.8219882 0.8838819 0.8267474 0.8997724 0.8051024 0.8997254 0.8051615 0.899143 0.8057336 0.899143 0.8057336 0.8997254 0.8051615 0.8939645 0.8131185 0.899143 0.8057336 0.8939645 0.8131185 0.8907369 0.8156693 0.8907369 0.8156693 0.8939645 0.8131185 0.8919566 0.8163531 0.8907369 0.8156693 0.8919566 0.8163531 0.8900977 0.819621 0.4881032 0.7820643 0.4963544 0.7778578 0.4894483 0.7824469 0.5050212 0.7722488 0.5004838 0.7751923 0.4996054 0.7752713 0.4996054 0.7752713 0.5004838 0.7751923 0.4963544 0.7778578 0.4996054 0.7752713 0.4963544 0.7778578 0.4875385 0.7811316 0.4991701 0.7742694 0.5058447 0.7716052 0.5050212 0.7722488 0.9843119 0.8079921 0.9845722 0.8089566 0.9831575 0.8183127 0.4987975 0.773352 0.5076448 0.7697259 0.5060408 0.771405 0.9843119 0.8079921 0.9815614 0.818099 0.9837379 0.8056041 0.9837379 0.8056041 0.9815614 0.818099 0.9832369 0.8066507 0.9837379 0.8056041 0.9832369 0.8066507 0.9836879 0.8053301 0.9843119 0.8079921 0.9831575 0.8183127 0.9815614 0.818099 0.9815614 0.818099 0.9831575 0.8183127 0.9800231 0.8314135 0.9815614 0.818099 0.9800231 0.8314135 0.9789628 0.8297244 0.9789628 0.8297244 0.9800231 0.8314135 0.9755887 0.8410216 0.9755887 0.8410216 0.9800231 0.8314135 0.9759392 0.8438932 0.9755887 0.8410216 0.9759392 0.8438932 0.9744063 0.8444307 0.9744063 0.8444307 0.9759392 0.8438932 0.9711459 0.8555127 0.9744063 0.8444307 0.9711459 0.8555127 0.9707989 0.8536778 0.9707989 0.8536778 0.9711459 0.8555127 0.9670964 0.8618323 0.8557451 0.8104491 0.8589628 0.8051024 0.8552784 0.8147479 0.8557451 0.8104491 0.8552784 0.8147479 0.854193 0.8149771 0.854193 0.8149771 0.8552784 0.8147479 0.8525891 0.819966 0.8525891 0.819966 0.8552784 0.8147479 0.8516675 0.8256125 0.8525891 0.819966 0.8516675 0.8256125 0.8508469 0.8257972 0.8508469 0.8257972 0.8516675 0.8256125 0.8496567 0.8300806 0.8496567 0.8300806 0.8516675 0.8256125 0.8483214 0.8375168 0.8496567 0.8300806 0.8483214 0.8375168 0.8470273 0.8406851 0.8786524 0.8387126 0.8762445 0.8543176 0.8751053 0.8513132 0.8751053 0.8513132 0.8762445 0.8543176 0.8748778 0.8657271 0.8751053 0.8513132 0.8748778 0.8657271 0.8732935 0.8642973 0.8886114 0.8219882 0.8853996 0.8276038 0.8838819 0.8267474 0.8838819 0.8267474 0.8853996 0.8276038 0.8833348 0.8317905 0.8838819 0.8267474 0.8833348 0.8317905 0.8786524 0.8387126 0.8786524 0.8387126 0.8833348 0.8317905 0.8790583 0.8429148 0.8786524 0.8387126 0.8790583 0.8429148 0.8762445 0.8543176 0.8748778 0.8657271 0.8749248 0.8771836 0.8732935 0.8642973 0.8732935 0.8642973 0.8749248 0.8771836 0.8732562 0.8773669 0.4477376 0.8232931 0.4445533 0.8330506 0.4435415 0.8327368 0.4894483 0.7824469 0.488664 0.7828697 0.4881032 0.7820643 0.4881032 0.7820643 0.488664 0.7828697 0.47775 0.7895126 0.4881032 0.7820643 0.47775 0.7895126 0.4770716 0.7887687 0.4770716 0.7887687 0.47775 0.7895126 0.4680008 0.796957 0.4770716 0.7887687 0.4680008 0.796957 0.4672243 0.796281 0.4672243 0.796281 0.4680008 0.796957 0.4596242 0.8051251 0.4672243 0.796281 0.4596242 0.8051251 0.4587614 0.804525 0.4587614 0.804525 0.4596242 0.8051251 0.4528123 0.8139351 0.4587614 0.804525 0.4528123 0.8139351 0.4518828 0.8134201 0.4518828 0.8134201 0.4528123 0.8139351 0.4477376 0.8232931 0.4518828 0.8134201 0.4477376 0.8232931 0.4467533 0.8228734 0.4467533 0.8228734 0.4477376 0.8232931 0.4435415 0.8327368 0.8510606 0.8386502 0.848237 0.8510478 0.8474262 0.8507416 0.4963544 0.7778578 0.4881032 0.7820643 0.4875385 0.7811316 0.4875385 0.7811316 0.4881032 0.7820643 0.4770716 0.7887687 0.4875385 0.7811316 0.4770716 0.7887687 0.4764127 0.787891 0.4764127 0.787891 0.4770716 0.7887687 0.4672243 0.796281 0.4764127 0.787891 0.4672243 0.796281 0.4664831 0.7954652 0.4664831 0.7954652 0.4672243 0.796281 0.4587614 0.804525 0.4664831 0.7954652 0.4587614 0.804525 0.4579535 0.8037791 0.4579535 0.8037791 0.4587614 0.804525 0.4518828 0.8134201 0.4579535 0.8037791 0.4518828 0.8134201 0.4510122 0.8127525 0.4510122 0.8127525 0.4518828 0.8134201 0.4467533 0.8228734 0.4510122 0.8127525 0.4467533 0.8228734 0.4458435 0.8222941 0.4458435 0.8222941 0.4467533 0.8228734 0.4426042 0.8322549 0.8502881 0.8382131 0.8474262 0.8507416 0.8464478 0.8504564 0.5050212 0.7722488 0.4996054 0.7752713 0.4991701 0.7742694 0.4991701 0.7742694 0.4996054 0.7752713 0.4875385 0.7811316 0.4991701 0.7742694 0.4875385 0.7811316 0.4870325 0.7801659 0.4870325 0.7801659 0.4875385 0.7811316 0.4764127 0.787891 0.4870325 0.7801659 0.4764127 0.787891 0.4758441 0.7869681 0.4758441 0.7869681 0.4764127 0.787891 0.4664831 0.7954652 0.4758441 0.7869681 0.4664831 0.7954652 0.4658596 0.7945914 0.4658596 0.7945914 0.4664831 0.7954652 0.4579535 0.8037791 0.4658596 0.7945914 0.4579535 0.8037791 0.4572829 0.8029606 0.4572829 0.8029606 0.4579535 0.8037791 0.4510122 0.8127525 0.4572829 0.8029606 0.4510122 0.8127525 0.4503063 0.8119967 0.8526646 0.8259829 0.8535783 0.8264703 0.8502881 0.8382131 0.8526646 0.8259829 0.8502881 0.8382131 0.8493391 0.8378224 0.8493391 0.8378224 0.8502881 0.8382131 0.8464478 0.8504564 0.8493391 0.8378224 0.8464478 0.8504564 0.8454125 0.8502209 0.8450507 0.8501522 0.8470273 0.8406851 0.8454125 0.8502209 0.8454125 0.8502209 0.8470273 0.8406851 0.8483214 0.8375168 0.8454125 0.8502209 0.8483214 0.8375168 0.8493391 0.8378224 0.8493391 0.8378224 0.8483214 0.8375168 0.8516675 0.8256125 0.8493391 0.8378224 0.8516675 0.8256125 0.8526646 0.8259829 0.8526646 0.8259829 0.8516675 0.8256125 0.8552784 0.8147479 0.8526646 0.8259829 0.8552784 0.8147479 0.8562529 0.8151763 0.8562529 0.8151763 0.8552784 0.8147479 0.8589628 0.8051024 0.4572829 0.8029606 0.4654125 0.793753 0.4658596 0.7945914 0.4658596 0.7945914 0.4654125 0.793753 0.4754205 0.7860987 0.4658596 0.7945914 0.4754205 0.7860987 0.4758441 0.7869681 0.4758441 0.7869681 0.4754205 0.7860987 0.4866325 0.7792701 0.4758441 0.7869681 0.4866325 0.7792701 0.4870325 0.7801659 0.4870325 0.7801659 0.4866325 0.7792701 0.4987975 0.773352 0.4870325 0.7801659 0.4987975 0.773352 0.4991701 0.7742694 0.4991701 0.7742694 0.4987975 0.773352 0.5060408 0.771405 0.4991701 0.7742694 0.5060408 0.771405 0.5058447 0.7716052 0.8851035 0.8371797 0.8853996 0.8276038 0.8890115 0.822804 0.8890115 0.822804 0.8853996 0.8276038 0.8886114 0.8219882 0.8890115 0.822804 0.8886114 0.8219882 0.8899487 0.8198968 0.4945347 0.9568315 0.4868953 0.9526402 0.4844207 0.9471656 0.4844207 0.9471656 0.4868953 0.9526402 0.4769657 0.9454359 0.4844207 0.9471656 0.4769657 0.9454359 0.4754049 0.9369328 0.4754049 0.9369328 0.4769657 0.9454359 0.4683498 0.936961 0.4754049 0.9369328 0.4683498 0.936961 0.4675027 0.9261934 0.4675027 0.9261934 0.4683498 0.936961 0.4612556 0.9274172 0.4675027 0.9261934 0.4612556 0.9274172 0.4635066 0.9198539 0.4635066 0.9198539 0.4612556 0.9274172 0.4558829 0.9170408 0.4635066 0.9198539 0.4558829 0.9170408 0.4576084 0.9087608 0.4576084 0.9087608 0.4558829 0.9170408 0.4518122 0.9062961 0.8997724 0.9624642 0.8938076 0.9603859 0.8942468 0.951424 0.8942468 0.951424 0.8938076 0.9603859 0.8895742 0.9495913 0.8942468 0.951424 0.8895742 0.9495913 0.8895918 0.9397132 0.8895918 0.9397132 0.8895742 0.9495913 0.8858231 0.9383409 0.8895918 0.9397132 0.8858231 0.9383409 0.8865663 0.9301064 0.8865663 0.9301064 0.8858231 0.9383409 0.8825799 0.9266856 0.8865663 0.9301064 0.8825799 0.9266856 0.8834917 0.9172103 0.8834917 0.9172103 0.8825799 0.9266856 0.8798583 0.9146817 0.8834917 0.9172103 0.8798583 0.9146817 0.8813897 0.9039617 0.8813897 0.9039617 0.8798583 0.9146817 0.877672 0.9023858 0.8813897 0.9039617 0.877672 0.9023858 0.8802583 0.8903607 0.8802583 0.8903607 0.877672 0.9023858 0.8760288 0.8898625 0.8802583 0.8903607 0.8760288 0.8898625 0.8800642 0.8837779 0.8800642 0.8837779 0.8760288 0.8898625 0.8749248 0.8771836 0.8800642 0.8837779 0.8749248 0.8771836 0.8804211 0.8694356 0.8804211 0.8694356 0.8749248 0.8771836 0.8748778 0.8657271 0.8804211 0.8694356 0.8748778 0.8657271 0.8818368 0.8550559 0.8818368 0.8550559 0.8748778 0.8657271 0.8762445 0.8543176 0.8818368 0.8550559 0.8762445 0.8543176 0.8843329 0.8406604 0.8843329 0.8406604 0.8762445 0.8543176 0.8790583 0.8429148 0.8843329 0.8406604 0.8790583 0.8429148 0.8851035 0.8371797 0.8851035 0.8371797 0.8790583 0.8429148 0.8833348 0.8317905 0.8851035 0.8371797 0.8833348 0.8317905 0.8853996 0.8276038 0.8407124 0.9418317 0.8427605 0.9547204 0.8413781 0.9547688 0.09306466 0.006340384 0.09682255 0.004263043 0.09703385 0.005767881 0.09703385 0.005767881 0.09682255 0.004263043 0.1101537 0.00272727 0.09703385 0.005767881 0.1101537 0.00272727 0.1102983 0.004235923 0.1102983 0.004235923 0.1101537 0.00272727 0.1235505 0.001798808 0.1102983 0.004235923 0.1235505 0.001798808 0.123627 0.003315269 0.123627 0.003315269 0.1235505 0.001798808 0.1369464 0.001489341 0.123627 0.003315269 0.1369464 0.001489341 0.1369538 0.003005802 0.1369538 0.003005802 0.1369464 0.001489341 0.1502776 0.001798808 0.1369538 0.003005802 0.1502776 0.001798808 0.1502163 0.003315269 0.1502163 0.003315269 0.1502776 0.001798808 0.1634798 0.00272727 0.1502163 0.003315269 0.1634798 0.00272727 0.1633524 0.004239797 0.1633524 0.004239797 0.1634798 0.00272727 0.1764884 0.004263043 0.1633524 0.004239797 0.1764884 0.004263043 0.1762982 0.005767881 0.1892382 0.00639069 0.1889886 0.007880032 0.1764884 0.004263043 0.1764884 0.004263043 0.1889886 0.007880032 0.1801395 0.006340384 0.1764884 0.004263043 0.1801395 0.006340384 0.1762982 0.005767881 0.8440939 0.9545517 0.8427605 0.9547204 0.8436791 0.9521479 0.8436791 0.9521479 0.8427605 0.9547204 0.8407124 0.9418317 0.8436791 0.9521479 0.8407124 0.9418317 0.8414252 0.9359429 0.8414252 0.9359429 0.8407124 0.9418317 0.8392604 0.9287499 0.8414252 0.9359429 0.8392604 0.9287499 0.8400653 0.9189158 0.8414359 0.8627982 0.8422359 0.8672059 0.8397448 0.8758422 0.8397448 0.8758422 0.8422359 0.8672059 0.8404507 0.8845289 0.8397448 0.8758422 0.8404507 0.8845289 0.8386731 0.889025 0.8386731 0.889025 0.8404507 0.8845289 0.8397359 0.9017659 0.8386731 0.889025 0.8397359 0.9017659 0.8382339 0.9022804 0.8382339 0.9022804 0.8397359 0.9017659 0.8400653 0.9189158 0.8382339 0.9022804 0.8400653 0.9189158 0.83843 0.9155434 0.83843 0.9155434 0.8400653 0.9189158 0.8392604 0.9287499 0.08343797 0.004990279 0.09682255 0.004263043 0.08363306 0.006421625 0.08363306 0.006421625 0.09682255 0.004263043 0.09306466 0.006340384 0.08363306 0.006421625 0.09306466 0.006340384 0.08390218 0.007880032 0.1892382 0.00639069 0.1764884 0.004263043 0.1765178 0.002789139 0.1765178 0.002789139 0.1764884 0.004263043 0.1634798 0.00272727 0.1765178 0.002789139 0.1634798 0.00272727 0.1634793 0.001245617 0.1634793 0.001245617 0.1634798 0.00272727 0.1502776 0.001798808 0.1634793 0.001245617 0.1502776 0.001798808 0.1502447 3.13347e-4 0.1502447 3.13347e-4 0.1502776 0.001798808 0.1369464 0.001489341 0.1502447 3.13347e-4 0.1369464 0.001489341 0.1368798 0 0.1368798 0 0.1369464 0.001489341 0.1235505 0.001798808 0.1368798 0 0.1235505 0.001798808 0.1234501 3.13347e-4 0.1234501 3.13347e-4 0.1235505 0.001798808 0.1101537 0.00272727 0.1234501 3.13347e-4 0.1101537 0.00272727 0.1100189 0.001245617 0.1100189 0.001245617 0.1101537 0.00272727 0.09682255 0.004263043 0.1100189 0.001245617 0.09682255 0.004263043 0.0966559 0.002789139 0.0966559 0.002789139 0.09682255 0.004263043 0.08343797 0.004990279 0.8400604 0.862747 0.8422821 0.8498959 0.8436036 0.8499501 0.8450507 0.8501522 0.8422359 0.8672059 0.8436036 0.8499501 0.8436036 0.8499501 0.8422359 0.8672059 0.8414359 0.8627982 0.8436036 0.8499501 0.8414359 0.8627982 0.8400604 0.862747 0.8400604 0.862747 0.8414359 0.8627982 0.8397448 0.8758422 0.8400604 0.862747 0.8397448 0.8758422 0.8383731 0.875806 0.8383731 0.875806 0.8397448 0.8758422 0.8386731 0.889025 0.8383731 0.875806 0.8386731 0.889025 0.8373035 0.8890023 0.8373035 0.8890023 0.8386731 0.889025 0.8382339 0.9022804 0.8373035 0.8890023 0.8382339 0.9022804 0.8368653 0.9022712 0.8368653 0.9022712 0.8382339 0.9022804 0.83843 0.9155434 0.8368653 0.9022712 0.83843 0.9155434 0.8370603 0.9155473 0.8370603 0.9155473 0.83843 0.9155434 0.8392604 0.9287499 0.8370603 0.9155473 0.8392604 0.9287499 0.8378888 0.9287673 0.8378888 0.9287673 0.8392604 0.9287499 0.8407124 0.9418317 0.8378888 0.9287673 0.8407124 0.9418317 0.8393359 0.9418641 0.8393359 0.9418641 0.8407124 0.9418317 0.8413781 0.9547688 0.1765178 0.002789139 0.1892936 0.00492841 0.1892382 0.00639069 0.4414551 0.842591 0.4435415 0.8327368 0.4445533 0.8330506 0.8422359 0.8672059 0.8450507 0.8501522 0.8454125 0.8502209 0.8422359 0.8672059 0.8443125 0.8632006 0.842637 0.8761188 0.8422359 0.8672059 0.842637 0.8761188 0.8404507 0.8845289 0.8404507 0.8845289 0.842637 0.8761188 0.8415742 0.8891759 0.8404507 0.8845289 0.8415742 0.8891759 0.8397359 0.9017659 0.8415742 0.8891759 0.8411389 0.902306 0.8397359 0.9017659 0.8397359 0.9017659 0.8411389 0.902306 0.841333 0.9154438 0.8397359 0.9017659 0.841333 0.9154438 0.8400653 0.9189158 0.8400653 0.9189158 0.841333 0.9154438 0.8421565 0.9285246 0.8400653 0.9189158 0.8421565 0.9285246 0.8414252 0.9359429 0.8414252 0.9359429 0.8421565 0.9285246 0.8435958 0.9414806 0.8414252 0.9359429 0.8435958 0.9414806 0.8436791 0.9521479 0.8732562 0.8773669 0.8749248 0.8771836 0.8745974 0.8901072 0.8745974 0.8901072 0.8749248 0.8771836 0.8760288 0.8898625 0.8745974 0.8901072 0.8760288 0.8898625 0.8762582 0.9027228 0.8762582 0.9027228 0.8760288 0.8898625 0.877672 0.9023858 0.8762582 0.9027228 0.877672 0.9023858 0.8784622 0.9151111 0.8784622 0.9151111 0.877672 0.9023858 0.8798583 0.9146817 0.8784622 0.9151111 0.8798583 0.9146817 0.8812054 0.9272055 0.8812054 0.9272055 0.8798583 0.9146817 0.8825799 0.9266856 0.8812054 0.9272055 0.8825799 0.9266856 0.8844721 0.9389477 0.8844721 0.9389477 0.8825799 0.9266856 0.8858231 0.9383409 0.8844721 0.9389477 0.8858231 0.9383409 0.8882467 0.9502809 0.8882467 0.9502809 0.8858231 0.9383409 0.8895742 0.9495913 0.4469965 0.8958805 0.4485259 0.8955156 0.4503063 0.9067446 0.4503063 0.9067446 0.4485259 0.8955156 0.4518122 0.9062961 0.452875 0.9178205 0.4503063 0.9067446 0.4544084 0.917572 0.4544084 0.917572 0.4503063 0.9067446 0.4518122 0.9062961 0.4544084 0.917572 0.4518122 0.9062961 0.4558829 0.9170408 0.4445533 0.8330506 0.4430826 0.843024 0.4414551 0.842591 0.4414551 0.842591 0.4430826 0.843024 0.442161 0.8532257 0.4414551 0.842591 0.442161 0.8532257 0.4405297 0.8528788 0.4405297 0.8528788 0.442161 0.8532257 0.4420865 0.8636626 0.4405297 0.8528788 0.4420865 0.8636626 0.4404551 0.863407 0.4404551 0.863407 0.4420865 0.8636626 0.4428748 0.8742849 0.4404551 0.863407 0.4428748 0.8742849 0.4412473 0.8741258 0.4412473 0.8741258 0.4428748 0.8742849 0.4445101 0.8850415 0.4412473 0.8741258 0.4445101 0.8850415 0.4429022 0.8849822 0.4429022 0.8849822 0.4445101 0.8850415 0.4469965 0.8958805 0.4429022 0.8849822 0.4469965 0.8958805 0.4454082 0.8959235 0.4454082 0.8959235 0.4469965 0.8958805 0.4503063 0.9067446 0.4454082 0.8959235 0.4503063 0.9067446 0.4487455 0.9068904 0.4487455 0.9068904 0.4503063 0.9067446 0.452875 0.9178205 0.8450429 0.9411615 0.8470488 0.9538172 0.8456243 0.9542432 0.8422359 0.8672059 0.8454125 0.8502209 0.8443125 0.8632006 0.8443125 0.8632006 0.8454125 0.8502209 0.8464478 0.8504564 0.8443125 0.8632006 0.8464478 0.8504564 0.8474262 0.8507416 0.8440939 0.9545517 0.8436791 0.9521479 0.8456243 0.9542432 0.8456243 0.9542432 0.8436791 0.9521479 0.8435958 0.9414806 0.8456243 0.9542432 0.8435958 0.9414806 0.8450429 0.9411615 0.8450429 0.9411615 0.8435958 0.9414806 0.8421565 0.9285246 0.8450429 0.9411615 0.8421565 0.9285246 0.8436223 0.9283152 0.8436223 0.9283152 0.8421565 0.9285246 0.841333 0.9154438 0.8436223 0.9283152 0.841333 0.9154438 0.8428085 0.9153466 0.8428085 0.9153466 0.841333 0.9154438 0.8411389 0.902306 0.8428085 0.9153466 0.8411389 0.902306 0.8426164 0.9023215 0.8426164 0.9023215 0.8411389 0.902306 0.8415742 0.8891759 0.8426164 0.9023215 0.8415742 0.8891759 0.8430467 0.8893045 0.8430467 0.8893045 0.8415742 0.8891759 0.842637 0.8761188 0.8430467 0.8893045 0.842637 0.8761188 0.8440977 0.8763592 0.8440977 0.8763592 0.842637 0.8761188 0.8443125 0.8632006 0.8440977 0.8763592 0.8443125 0.8632006 0.8457537 0.8635502 0.8457537 0.8635502 0.8443125 0.8632006 0.8474262 0.8507416 0.8457537 0.8635502 0.8474262 0.8507416 0.848237 0.8510478 0.2302277 0.5707046 0.2288601 0.5655944 0.2335303 0.5656408 0.5443053 0.9483433 0.5416602 0.9407161 0.5551585 0.940706 0.9851708 0.8358829 0.9885782 0.8278768 0.9901532 0.8351848 0.9901532 0.8351848 0.9885782 0.8278768 0.9905272 0.8202515 0.9901532 0.8351848 0.9905272 0.8202515 0.9940161 0.8109241 0.9940161 0.8109241 0.9905272 0.8202515 0.990993 0.8155095 0.9940161 0.8109241 0.990993 0.8155095 0.9934812 0.8106998 0.990993 0.8155095 0.9906135 0.810052 0.9915003 0.8101055 0.9915003 0.8101055 0.9917003 0.8101374 0.990993 0.8155095 0.990993 0.8155095 0.9917003 0.8101374 0.9931156 0.810553 0.990993 0.8155095 0.9931156 0.810553 0.9934812 0.8106998 0.5551585 0.7945685 0.5424337 0.7922484 0.5433778 0.7895293 0.5433778 0.7895293 0.5475642 0.7785868 0.5551585 0.7945685 0.5551585 0.7945685 0.5475642 0.7785868 0.5485574 0.7762097 0.5551585 0.7945685 0.5485574 0.7762097 0.5556811 0.7699258 0.5556811 0.7699258 0.5485574 0.7762097 0.549679 0.7734829 0.9901532 0.8351848 0.9836369 0.8387665 0.9851708 0.8358829 0.5343512 0.8224249 0.5357669 0.8157658 0.5547967 0.822435 0.5547967 0.822435 0.5357669 0.8157658 0.5388327 0.8037822 0.5547967 0.822435 0.5388327 0.8037822 0.5551585 0.7945685 0.5551585 0.7945685 0.5388327 0.8037822 0.5416592 0.7945622 0.5551585 0.7945685 0.5416592 0.7945622 0.5424337 0.7922484 0.5304344 0.8523002 0.5308874 0.8465153 0.5546114 0.8523026 0.5546114 0.8523026 0.5308874 0.8465153 0.532358 0.834055 0.5546114 0.8523026 0.532358 0.834055 0.5547967 0.822435 0.5547967 0.822435 0.532358 0.834055 0.5332875 0.8281894 0.5547967 0.822435 0.5332875 0.8281894 0.5343512 0.8224249 0.5546114 0.8828601 0.5299717 0.8718891 0.5546114 0.8523026 0.5546114 0.8523026 0.5299717 0.8718891 0.5300864 0.8591241 0.5546114 0.8523026 0.5300864 0.8591241 0.5304344 0.8523002 0.5343512 0.912778 0.5332061 0.9065236 0.5547967 0.9127654 0.5547967 0.9127654 0.5332061 0.9065236 0.5314599 0.8942257 0.5547967 0.9127654 0.5314599 0.8942257 0.5546114 0.8828601 0.5546114 0.8828601 0.5314599 0.8942257 0.5303639 0.8817484 0.5546114 0.8828601 0.5303639 0.8817484 0.5299717 0.8718891 0.5416602 0.9407161 0.5405356 0.9371977 0.5551585 0.940706 0.5551585 0.940706 0.5405356 0.9371977 0.5372316 0.9255193 0.5551585 0.940706 0.5372316 0.9255193 0.5547967 0.9127654 0.5547967 0.9127654 0.5372316 0.9255193 0.5355796 0.9186208 0.5547967 0.9127654 0.5355796 0.9186208 0.5343512 0.912778 0.5556811 0.965455 0.5510123 0.9654129 0.5551585 0.940706 0.5551585 0.940706 0.5510123 0.9654129 0.5484701 0.9589318 0.5551585 0.940706 0.5484701 0.9589318 0.5443053 0.9483433 0.2326102 0.5896756 0.231116 0.5900315 0.2310984 0.5850837 0.2310984 0.5850837 0.231116 0.5900315 0.2309082 0.5900548 0.2310984 0.5850837 0.2309082 0.5900548 0.2299984 0.5900741 0.2302277 0.5707046 0.2335303 0.5656408 0.2313675 0.5801244 0.2313675 0.5801244 0.2335303 0.5656408 0.2335793 0.5893468 0.2313675 0.5801244 0.2335793 0.5893468 0.2310984 0.5850837 0.2310984 0.5850837 0.2335793 0.5893468 0.2329994 0.5895479 0.2310984 0.5850837 0.2329994 0.5895479 0.2326102 0.5896756 0.01579052 0.0889517 0.01620519 0.08760935 0.01991999 0.1217951 0.01772141 0.08267706 0.01849299 0.0801509 0.02385878 0.1213927 0.02385878 0.1213927 0.01849299 0.0801509 0.01913666 0.07804262 0.02385878 0.1213927 0.01913666 0.07804262 0.01916068 0.07796138 0.01991999 0.1217951 0.01620519 0.08760935 0.02385878 0.1213927 0.02385878 0.1213927 0.01620519 0.08760935 0.01706403 0.08482015 0.02385878 0.1213927 0.01706403 0.08482015 0.01772141 0.08267706 0.01635324 0.1223483 0.01376396 0.09920704 0.01991999 0.1217951 0.01991999 0.1217951 0.01376396 0.09920704 0.01414293 0.0963366 0.01991999 0.1217951 0.01414293 0.0963366 0.01579052 0.0889517 0.7068744 0.8963529 0.7089411 0.9155889 0.7083567 0.916616 0.7083567 0.916616 0.7089411 0.9155889 0.7097136 0.9239854 0.7083567 0.916616 0.7097136 0.9239854 0.7054283 0.9171131 0.7054283 0.9171131 0.7097136 0.9239854 0.7103676 0.9356605 0.01635324 0.1223483 0.01339191 0.1035823 0.01376396 0.09920704 0.6984595 0.8730009 0.7021968 0.8722194 0.7062655 0.8900222 0.7062655 0.8900222 0.7068744 0.8963529 0.6984595 0.8730009 0.6984595 0.8730009 0.7068744 0.8963529 0.7083567 0.916616 0.6984595 0.8730009 0.7083567 0.916616 0.6955428 0.8735057 0.6955428 0.8735057 0.7083567 0.916616 0.7054283 0.9171131 0.02122098 0.1666152 0.01635324 0.1223483 0.02473479 0.1660659 0.02473479 0.1660659 0.01635324 0.1223483 0.01991999 0.1217951 0.02473479 0.1660659 0.01991999 0.1217951 0.02863878 0.1656597 0.02863878 0.1656597 0.01991999 0.1217951 0.02385878 0.1213927 0.02122098 0.1666152 0.02473479 0.1660659 0.02643728 0.1757216 0.8110667 0.8686382 0.8101206 0.8685541 0.8101853 0.8677818 0.8110667 0.8686382 0.8101853 0.8677818 0.8127246 0.8687857 0.1013761 0.2325224 0.1013246 0.2356791 0.1005923 0.2356675 0.1013761 0.2325224 0.1005923 0.2356675 0.1006751 0.2325069 0.1006751 0.2325069 0.1005923 0.2356675 0.09502398 0.2353387 0.1006751 0.2325069 0.09502398 0.2353387 0.09534657 0.2321743 0.808746 0.8510729 0.8107333 0.8619118 0.8076029 0.8615207 0.8076029 0.8615207 0.8107333 0.8619118 0.8101853 0.8677818 0.8076029 0.8615207 0.8101853 0.8677818 0.8070695 0.8674917 0.8070695 0.8674917 0.8101853 0.8677818 0.8101206 0.8685541 0.8070695 0.8674917 0.8101206 0.8685541 0.8070058 0.868277 0.8095696 0.8447378 0.8133393 0.8415511 0.808746 0.8510729 0.808746 0.8510729 0.8133393 0.8415511 0.8119118 0.8516319 0.808746 0.8510729 0.8119118 0.8516319 0.8107333 0.8619118 0.8095696 0.8447378 0.8101235 0.8408422 0.8133393 0.8415511 0.8133393 0.8415511 0.8101235 0.8408422 0.811053 0.8348301 0.8133393 0.8415511 0.811053 0.8348301 0.814304 0.8356164 0.814304 0.8356164 0.811053 0.8348301 0.8126942 0.8253543 0.814304 0.8356164 0.8126942 0.8253543 0.8160148 0.8262445 0.8160148 0.8262445 0.8126942 0.8253543 0.8131099 0.8231343 0.8160148 0.8262445 0.8131099 0.8231343 0.8178129 0.8174955 0.8131099 0.8231343 0.8144128 0.8165361 0.8178129 0.8174955 0.6918074 0.8144534 0.6950868 0.813612 0.6954359 0.8232987 0.6918074 0.8144534 0.6954359 0.8232987 0.6920349 0.8240472 0.6920349 0.8240472 0.6954359 0.8232987 0.695629 0.8266623 0.6920349 0.8240472 0.695629 0.8266623 0.692576 0.8335289 0.695629 0.8266623 0.696081 0.8328364 0.692576 0.8335289 0.692576 0.8335289 0.696081 0.8328364 0.6964702 0.8371168 0.692576 0.8335289 0.6964702 0.8371168 0.6929221 0.8377958 0.6929221 0.8377958 0.6964702 0.8371168 0.6976349 0.847171 0.6929221 0.8377958 0.6976349 0.847171 0.6940016 0.8478441 0.6940016 0.8478441 0.6976349 0.847171 0.6978703 0.8488925 0.6940016 0.8478441 0.6978703 0.8488925 0.6955173 0.8581885 0.6978703 0.8488925 0.6992124 0.8574883 0.6955173 0.8581885 0.6955173 0.8581885 0.6992124 0.8574883 0.7000468 0.8620763 0.6955173 0.8581885 0.7000468 0.8620763 0.696332 0.8627997 0.696332 0.8627997 0.7000468 0.8620763 0.7021968 0.8722194 0.7021968 0.8722194 0.6984595 0.8730009 0.696332 0.8627997 0.696332 0.8627997 0.6984595 0.8730009 0.6934819 0.8634864 0.696332 0.8627997 0.6934819 0.8634864 0.6955173 0.8581885 0.6955173 0.8581885 0.6934819 0.8634864 0.6927015 0.8589583 0.6955173 0.8581885 0.6927015 0.8589583 0.6940016 0.8478441 0.6940016 0.8478441 0.6927015 0.8589583 0.6912701 0.8488035 0.6940016 0.8478441 0.6912701 0.8488035 0.6929221 0.8377958 0.6929221 0.8377958 0.6912701 0.8488035 0.6902819 0.8389486 0.6929221 0.8377958 0.6902819 0.8389486 0.692576 0.8335289 0.692576 0.8335289 0.6902819 0.8389486 0.689975 0.8347668 0.03358155 0.2051491 0.03555661 0.2038609 0.04047137 0.2135901 0.04047137 0.2135901 0.03555661 0.2038609 0.04226994 0.2121239 0.8197698 0.8088495 0.8225728 0.8108127 0.8178129 0.8174955 0.8178129 0.8174955 0.8225728 0.8108127 0.8205659 0.8192218 0.8178129 0.8174955 0.8205659 0.8192218 0.8160148 0.8262445 0.8160148 0.8262445 0.8205659 0.8192218 0.8187267 0.8277238 0.8160148 0.8262445 0.8187267 0.8277238 0.814304 0.8356164 0.814304 0.8356164 0.8187267 0.8277238 0.8169806 0.8368253 0.814304 0.8356164 0.8169806 0.8368253 0.8133393 0.8415511 0.8133393 0.8415511 0.8169806 0.8368253 0.8159962 0.8425859 0.8133393 0.8415511 0.8159962 0.8425859 0.8119118 0.8516319 0.8119118 0.8516319 0.8159962 0.8425859 0.8145442 0.8523688 0.8119118 0.8516319 0.8145442 0.8523688 0.8107333 0.8619118 0.8107333 0.8619118 0.8145442 0.8523688 0.8133462 0.8623422 0.8107333 0.8619118 0.8133462 0.8623422 0.8101853 0.8677818 0.8101853 0.8677818 0.8133462 0.8623422 0.8127903 0.8680366 0.8101853 0.8677818 0.8127903 0.8680366 0.8127246 0.8687857 0.1012579 0.2385263 0.1004962 0.2385147 0.1013035 0.2366849 0.6984595 0.8730009 0.6955428 0.8735057 0.6934819 0.8634864 0.02301859 0.1766501 0.02122098 0.1666152 0.02643728 0.1757216 0.02301859 0.1766501 0.02643728 0.1757216 0.02425831 0.1810911 0.02425831 0.1810911 0.02643728 0.1757216 0.02761328 0.1800001 0.02425831 0.1810911 0.02761328 0.1800001 0.02801328 0.1908512 0.02801328 0.1908512 0.02761328 0.1800001 0.03117853 0.1894083 0.02801328 0.1908512 0.03117853 0.1894083 0.0330041 0.2000466 0.0330041 0.2000466 0.03117853 0.1894083 0.03592622 0.1982864 0.0330041 0.2000466 0.03592622 0.1982864 0.03555661 0.2038609 0.03555661 0.2038609 0.03592622 0.1982864 0.03835713 0.2019731 0.03555661 0.2038609 0.03835713 0.2019731 0.04226994 0.2121239 0.04226994 0.2121239 0.03835713 0.2019731 0.04476022 0.2099731 0.04226994 0.2121239 0.04476022 0.2099731 0.05081325 0.2201395 0.05081325 0.2201395 0.04476022 0.2099731 0.05292409 0.2177487 0.05081325 0.2201395 0.05292409 0.2177487 0.05946248 0.226298 0.05946248 0.226298 0.05292409 0.2177487 0.06120365 0.2237371 0.05946248 0.226298 0.06120365 0.2237371 0.06872737 0.2312497 0.06872737 0.2312497 0.06120365 0.2237371 0.07008379 0.2285611 0.06872737 0.2312497 0.07008379 0.2285611 0.07459217 0.2336521 0.07459217 0.2336521 0.07008379 0.2285611 0.07571083 0.2309015 0.07459217 0.2336521 0.07571083 0.2309015 0.08455121 0.2365766 0.08455121 0.2365766 0.07571083 0.2309015 0.08527231 0.2337565 0.08455121 0.2365766 0.08527231 0.2337565 0.09470194 0.2381859 0.09470194 0.2381859 0.08527231 0.2337565 0.09502398 0.2353387 0.09470194 0.2381859 0.09502398 0.2353387 0.1004962 0.2385147 0.1004962 0.2385147 0.09502398 0.2353387 0.1005923 0.2356675 0.1004962 0.2385147 0.1005923 0.2356675 0.1013035 0.2366849 0.1013035 0.2366849 0.1005923 0.2356675 0.1013246 0.2356791 0.09534657 0.2321743 0.09502398 0.2353387 0.09011703 0.2314547 0.09011703 0.2314547 0.09502398 0.2353387 0.08527231 0.2337565 0.09011703 0.2314547 0.08527231 0.2337565 0.08602035 0.2306153 0.08602035 0.2306153 0.08527231 0.2337565 0.07571083 0.2309015 0.08602035 0.2306153 0.07571083 0.2309015 0.07688587 0.2278223 0.07688587 0.2278223 0.07571083 0.2309015 0.07008379 0.2285611 0.07688587 0.2278223 0.07008379 0.2285611 0.0715171 0.2255398 0.0715171 0.2255398 0.07008379 0.2285611 0.06120365 0.2237371 0.0715171 0.2255398 0.06120365 0.2237371 0.06305718 0.2208551 0.06305718 0.2208551 0.06120365 0.2237371 0.05292409 0.2177487 0.06305718 0.2208551 0.05292409 0.2177487 0.05518883 0.2150601 0.05518883 0.2150601 0.05292409 0.2177487 0.04476022 0.2099731 0.05518883 0.2150601 0.04476022 0.2099731 0.04745435 0.2075592 0.04745435 0.2075592 0.04476022 0.2099731 0.03835713 0.2019731 0.04745435 0.2075592 0.03835713 0.2019731 0.04140913 0.1998725 0.04140913 0.1998725 0.03835713 0.2019731 0.03592622 0.1982864 0.04140913 0.1998725 0.03592622 0.1982864 0.03912037 0.1963367 0.03912037 0.1963367 0.03592622 0.1982864 0.03117853 0.1894083 0.03912037 0.1963367 0.03117853 0.1894083 0.03466147 0.1878532 0.03466147 0.1878532 0.03117853 0.1894083 0.02761328 0.1800001 0.03466147 0.1878532 0.02761328 0.1800001 0.03132414 0.1788899 0.03132414 0.1788899 0.02761328 0.1800001 0.02643728 0.1757216 0.03132414 0.1788899 0.02643728 0.1757216 0.03022611 0.1748241 0.03022611 0.1748241 0.02643728 0.1757216 0.02473479 0.1660659 0.03022611 0.1748241 0.02473479 0.1660659 0.02863878 0.1656597 0.8083657 0.9342736 0.8062735 0.9123278 0.8114657 0.9338679 0.8114657 0.9338679 0.8062735 0.9123278 0.8103441 0.9120932 0.8114657 0.9338679 0.8103441 0.9120932 0.8124079 0.9337427 0.8062735 0.9123278 0.8058195 0.8902891 0.8098961 0.8903529 0.8098961 0.8903529 0.8058195 0.8902891 0.8070058 0.868277 0.8098961 0.8903529 0.8070058 0.868277 0.8101206 0.8685541 0.8062735 0.9123278 0.8098961 0.8903529 0.8103441 0.9120932 0.1451981 0.2402517 0.1232491 0.2402517 0.1231212 0.2369054 0.1451981 0.2402517 0.1231212 0.2369054 0.14485 0.2369054 0.14485 0.2369054 0.1447608 0.2327391 0.1662039 0.2325224 0.1662039 0.2325224 0.1662897 0.2356791 0.14485 0.2369054 0.14485 0.2369054 0.1662897 0.2356791 0.166373 0.2366849 0.14485 0.2369054 0.166373 0.2366849 0.1451981 0.2402517 0.1451981 0.2402517 0.166373 0.2366849 0.1666137 0.2385263 0.8103441 0.9120932 0.814058 0.9335212 0.8124079 0.9337427 0.8101206 0.8685541 0.8110667 0.8686382 0.8098961 0.8903529 0.8098961 0.8903529 0.8110667 0.8686382 0.8127246 0.8687857 0.1232491 0.2402517 0.1012579 0.2385263 0.1231212 0.2369054 0.1231212 0.2369054 0.1012579 0.2385263 0.1013035 0.2366849 0.1231212 0.2369054 0.1013035 0.2366849 0.1013246 0.2356791 0.1447608 0.2327391 0.14485 0.2369054 0.1339517 0.2327662 0.1339517 0.2327662 0.14485 0.2369054 0.1231212 0.2369054 0.1339517 0.2327662 0.1231212 0.2369054 0.1231123 0.2327391 0.1231123 0.2327391 0.1231212 0.2369054 0.1013246 0.2356791 0.1231123 0.2327391 0.1013246 0.2356791 0.1013761 0.2325224 0.921968 0.8666121 0.92537 0.8670724 0.9236278 0.8763935 0.9264867 0.8825173 0.9236278 0.8763935 0.927472 0.8770511 0.927472 0.8770511 0.9236278 0.8763935 0.92537 0.8670724 0.927472 0.8770511 0.92537 0.8670724 0.9292309 0.8677842 0.9249916 0.8911808 0.9209621 0.8921034 0.9264867 0.8825173 0.9264867 0.8825173 0.9209621 0.8921034 0.9226611 0.8818848 0.9264867 0.8825173 0.9226611 0.8818848 0.9236278 0.8763935 0.9249916 0.8911808 0.9247347 0.8927088 0.9209621 0.8921034 0.9209621 0.8921034 0.9247347 0.8927088 0.9230876 0.9027127 0.9209621 0.8921034 0.9230876 0.9027127 0.9193885 0.9020995 0.9193885 0.9020995 0.9230876 0.9027127 0.9230641 0.9028539 0.9193885 0.9020995 0.9230641 0.9028539 0.919367 0.9022407 0.919367 0.9022407 0.9230641 0.9028539 0.9220582 0.9090551 0.919367 0.9022407 0.9220582 0.9090551 0.9184169 0.9084187 0.9184169 0.9084187 0.9220582 0.9090551 0.9213494 0.9134013 0.9184169 0.9084187 0.9213494 0.9134013 0.9169836 0.9176759 0.9213494 0.9134013 0.9205238 0.9183762 0.9169836 0.9176759 0.9169836 0.9176759 0.9205238 0.9183762 0.919016 0.927028 0.9169836 0.9176759 0.919016 0.927028 0.9155845 0.9262388 0.8210914 0.9838496 0.8177394 0.9849415 0.8166041 0.9802548 0.8210914 0.9838496 0.8166041 0.9802548 0.819913 0.9791987 0.819913 0.9791987 0.8166041 0.9802548 0.8163217 0.9790537 0.819913 0.9791987 0.8163217 0.9790537 0.8177815 0.9701407 0.8177815 0.9701407 0.8163217 0.9790537 0.8145422 0.9711034 0.8177815 0.9701407 0.8145422 0.9711034 0.8125599 0.9612669 0.8118951 0.9576673 0.8146128 0.9544521 0.8125599 0.9612669 0.8125599 0.9612669 0.8146128 0.9544521 0.8157413 0.9604308 0.8125599 0.9612669 0.8157413 0.9604308 0.8177815 0.9701407 0.2374264 0.1656597 0.2396166 0.1748628 0.2359147 0.1740079 0.2359147 0.1740079 0.2396166 0.1748628 0.2382162 0.1799498 0.2359147 0.1740079 0.2382162 0.1799498 0.2346038 0.1788434 0.2346038 0.1788434 0.2382162 0.1799498 0.2347146 0.1892303 0.2346038 0.1788434 0.2347146 0.1892303 0.2313194 0.1876868 0.2313194 0.1876868 0.2347146 0.1892303 0.2300963 0.1980698 0.2313194 0.1876868 0.2300963 0.1980698 0.2269752 0.1961317 0.2269752 0.1961317 0.2300963 0.1980698 0.2300218 0.1981936 0.2269752 0.1961317 0.2300218 0.1981936 0.2269051 0.1962478 0.2269051 0.1962478 0.2300218 0.1981936 0.2265051 0.2035244 0.2269051 0.1962478 0.2265051 0.2035244 0.2235879 0.201358 0.2235879 0.201358 0.2265051 0.2035244 0.220152 0.2113038 0.2235879 0.201358 0.220152 0.2113038 0.2175794 0.2088396 0.2175794 0.2088396 0.220152 0.2113038 0.2128553 0.2182362 0.2175794 0.2088396 0.2128553 0.2182362 0.2106572 0.2155282 0.2106572 0.2155282 0.2128553 0.2182362 0.2085283 0.221594 0.2106572 0.2155282 0.2085283 0.221594 0.2065435 0.2187816 0.2065435 0.2187816 0.2085283 0.221594 0.2000982 0.2268745 0.2065435 0.2187816 0.2000982 0.2268745 0.1985148 0.2239035 0.1985148 0.2239035 0.2000982 0.2268745 0.1910573 0.2309905 0.1985148 0.2239035 0.1910573 0.2309905 0.1898872 0.2279112 0.1898872 0.2279112 0.1910573 0.2309905 0.1854876 0.2328397 0.1898872 0.2279112 0.1854876 0.2328397 0.184566 0.2297178 0.1767281 0.2377449 0.1760036 0.2349016 0.1866082 0.2356404 0.1866082 0.2356404 0.1760036 0.2349016 0.1854876 0.2328397 0.1866082 0.2356404 0.1854876 0.2328397 0.1924147 0.2337449 0.1924147 0.2337449 0.1854876 0.2328397 0.1910573 0.2309905 0.1924147 0.2337449 0.1910573 0.2309905 0.2018473 0.2295205 0.2018473 0.2295205 0.1910573 0.2309905 0.2000982 0.2268745 0.2018473 0.2295205 0.2000982 0.2268745 0.2106538 0.2240969 0.2106538 0.2240969 0.2000982 0.2268745 0.2085283 0.221594 0.2106538 0.2240969 0.2085283 0.221594 0.2151799 0.2206385 0.2151799 0.2206385 0.2085283 0.221594 0.2128553 0.2182362 0.2151799 0.2206385 0.2128553 0.2182362 0.2228212 0.2134973 0.2228212 0.2134973 0.2128553 0.2182362 0.220152 0.2113038 0.2228212 0.2134973 0.220152 0.2113038 0.2294871 0.2054625 0.2294871 0.2054625 0.220152 0.2113038 0.2265051 0.2035244 0.2294871 0.2054625 0.2265051 0.2035244 0.2331822 0.1999499 0.2331822 0.1999499 0.2265051 0.2035244 0.2300218 0.1981936 0.2331822 0.1999499 0.2300218 0.1981936 0.2332606 0.1998222 0.2332606 0.1998222 0.2300218 0.1981936 0.2300963 0.1980698 0.2332606 0.1998222 0.2300963 0.1980698 0.2381206 0.1906694 0.2381206 0.1906694 0.2300963 0.1980698 0.2347146 0.1892303 0.2381206 0.1906694 0.2347146 0.1892303 0.2418113 0.1810408 0.2418113 0.1810408 0.2347146 0.1892303 0.2382162 0.1799498 0.2418113 0.1810408 0.2382162 0.1799498 0.2432883 0.1757603 0.2432883 0.1757603 0.2382162 0.1799498 0.2396166 0.1748628 0.2432883 0.1757603 0.2396166 0.1748628 0.2412334 0.1660659 0.2412334 0.1660659 0.2396166 0.1748628 0.2374264 0.1656597 0.184566 0.2297178 0.1854876 0.2328397 0.1772075 0.2314586 0.1772075 0.2314586 0.1854876 0.2328397 0.1760036 0.2349016 0.1772075 0.2314586 0.1760036 0.2349016 0.1754982 0.231741 0.8118951 0.9576673 0.8114588 0.9552001 0.8146128 0.9544521 0.8146128 0.9544521 0.8114588 0.9552001 0.8097941 0.9448641 0.8146128 0.9544521 0.8097941 0.9448641 0.8129148 0.9442794 0.8129148 0.9442794 0.8097941 0.9448641 0.8083657 0.9342736 0.8129148 0.9442794 0.8083657 0.9342736 0.8114657 0.9338679 0.8114657 0.9338679 0.8124079 0.9337427 0.8129148 0.9442794 0.8129148 0.9442794 0.8124079 0.9337427 0.8155089 0.9436194 0.8129148 0.9442794 0.8155089 0.9436194 0.8146128 0.9544521 0.8146128 0.9544521 0.8155089 0.9436194 0.8172158 0.9534874 0.8146128 0.9544521 0.8172158 0.9534874 0.8157413 0.9604308 0.8157413 0.9604308 0.8172158 0.9534874 0.8183541 0.9592877 0.8157413 0.9604308 0.8183541 0.9592877 0.8177815 0.9701407 0.8177815 0.9701407 0.8183541 0.9592877 0.820414 0.9687108 0.8177815 0.9701407 0.820414 0.9687108 0.819913 0.9791987 0.819913 0.9791987 0.820414 0.9687108 0.8225728 0.9775063 0.2125377 0.2258338 0.2106538 0.2240969 0.2172001 0.2222942 0.2172001 0.2222942 0.2106538 0.2240969 0.2151799 0.2206385 0.2172001 0.2222942 0.2151799 0.2206385 0.2250688 0.2149905 0.2250688 0.2149905 0.2151799 0.2206385 0.2228212 0.2134973 0.9169836 0.9176759 0.9140649 0.9162465 0.9184169 0.9084187 0.9184169 0.9084187 0.9140649 0.9162465 0.9153796 0.9071827 0.9184169 0.9084187 0.9153796 0.9071827 0.919367 0.9022407 0.919367 0.9022407 0.9153796 0.9071827 0.916258 0.9011304 0.919367 0.9022407 0.916258 0.9011304 0.9193885 0.9020995 0.9193885 0.9020995 0.916258 0.9011304 0.9162787 0.9009912 0.9193885 0.9020995 0.9162787 0.9009912 0.9209621 0.8921034 0.9209621 0.8921034 0.9162787 0.9009912 0.9177483 0.8911885 0.9209621 0.8921034 0.9177483 0.8911885 0.9226611 0.8818848 0.9226611 0.8818848 0.9177483 0.8911885 0.9193581 0.8811595 0.9226611 0.8818848 0.9193581 0.8811595 0.9236278 0.8763935 0.9236278 0.8763935 0.9193581 0.8811595 0.9202836 0.8757687 0.9236278 0.8763935 0.9202836 0.8757687 0.921968 0.8666121 0.2449947 0.1666152 0.2432883 0.1757603 0.2412334 0.1660659 0.1662039 0.2325224 0.1754982 0.231741 0.1662897 0.2356791 0.1662897 0.2356791 0.1754982 0.231741 0.1760036 0.2349016 0.1662897 0.2356791 0.1760036 0.2349016 0.166373 0.2366849 0.166373 0.2366849 0.1760036 0.2349016 0.1767281 0.2377449 0.166373 0.2366849 0.1767281 0.2377449 0.1666137 0.2385263 0.814058 0.9335212 0.8155089 0.9436194 0.8124079 0.9337427 0.9347957 0.8122755 0.9336869 0.8232561 0.9302642 0.8228016 0.9336869 0.8232561 0.9347957 0.8122755 0.9343643 0.8242716 0.2468114 0.1217951 0.2515071 0.0889517 0.2517557 0.08979117 0.2484222 0.07796138 0.2484526 0.07803487 0.2429829 0.1213927 0.2429829 0.1213927 0.2484526 0.07803487 0.249684 0.08268862 0.2429829 0.1213927 0.249684 0.08268862 0.2468114 0.1217951 0.2468114 0.1217951 0.249684 0.08268862 0.2510988 0.0876016 0.2468114 0.1217951 0.2510988 0.0876016 0.2515071 0.0889517 0.9292309 0.8677842 0.92537 0.8670724 0.9326555 0.8498983 0.9326555 0.8498983 0.92537 0.8670724 0.9339143 0.8305946 0.2517557 0.08979117 0.2532562 0.0967428 0.2468114 0.1217951 0.2468114 0.1217951 0.2532562 0.0967428 0.2536032 0.09921091 0.2468114 0.1217951 0.2536032 0.09921091 0.2506209 0.1223483 0.2506209 0.1223483 0.2536032 0.09921091 0.2541018 0.1045494 0.9302642 0.8228016 0.934728 0.8051033 0.9347957 0.8122755 0.9343643 0.8242716 0.9339143 0.8305946 0.9336869 0.8232561 0.9336869 0.8232561 0.9339143 0.8305946 0.92537 0.8670724 0.9336869 0.8232561 0.92537 0.8670724 0.9302642 0.8228016 0.9302642 0.8228016 0.92537 0.8670724 0.921968 0.8666121 0.2506209 0.1223483 0.2449947 0.1666152 0.2468114 0.1217951 0.2468114 0.1217951 0.2449947 0.1666152 0.2412334 0.1660659 0.2468114 0.1217951 0.2412334 0.1660659 0.2429829 0.1213927 0.2429829 0.1213927 0.2412334 0.1660659 0.2374264 0.1656597 0.7543342 0.8104437 0.754917 0.8099138 0.754917 0.811995 0.9788599 0.7920331 0.9773588 0.7904258 0.9789937 0.7915448 0.7692109 0.8100665 0.7694188 0.8099873 0.7696403 0.8117358 0.7696403 0.8117358 0.7694188 0.8099873 0.7696403 0.8099138 0.01463949 0.08769059 0.01379734 0.08613932 0.01612728 0.08444881 0.01612728 0.08444881 0.01379734 0.08613932 0.01669788 0.08321475 0.01916068 0.07796138 0.01913666 0.07804262 0.01375025 0.08607745 0.01375025 0.08607745 0.01913666 0.07804262 0.01818907 0.08002328 0.01375025 0.08607745 0.01818907 0.08002328 0.01707237 0.08241009 0.013489 0.08648747 0.01361596 0.0862863 0.01363456 0.08631342 0.01363456 0.08631342 0.01361596 0.0862863 0.01375025 0.08607745 0.01363456 0.08631342 0.01375025 0.08607745 0.01379734 0.08613932 0.01379734 0.08613932 0.01375025 0.08607745 0.01707237 0.08241009 0.01379734 0.08613932 0.01707237 0.08241009 0.01669788 0.08321475 0.9816854 0.7799594 0.9800373 0.7875102 0.9789623 0.7868574 0.9789623 0.7868574 0.9800373 0.7875102 0.9789937 0.7915448 0.9789623 0.7868574 0.9789937 0.7915448 0.9774608 0.790207 0.9774608 0.790207 0.9789937 0.7915448 0.9773588 0.7904258 0.986362 0.7913697 0.9884875 0.7952824 0.9904356 0.80225 0.9904356 0.80225 0.9884875 0.7952824 0.9930415 0.8027762 0.9953435 0.8030455 0.9930415 0.8027762 0.9954828 0.8016417 0.9954828 0.8016417 0.9930415 0.8027762 0.9884875 0.7952824 0.9954828 0.8016417 0.9884875 0.7952824 0.9905022 0.7940213 0.9905022 0.7940213 0.9884875 0.7952824 0.986362 0.7913697 0.9905022 0.7940213 0.986362 0.7913697 0.9840947 0.7838506 0.9840947 0.7838506 0.986362 0.7913697 0.9816854 0.7799594 0.2261316 0.6042559 0.2287679 0.5976911 0.2313778 0.5972462 0.233596 0.5970296 0.2335979 0.5984184 0.2313778 0.5972462 0.2313778 0.5972462 0.2335979 0.5984184 0.2265791 0.6046002 0.2313778 0.5972462 0.2265791 0.6046002 0.2261316 0.6042559 0.2261316 0.6042559 0.2265791 0.6046002 0.2264399 0.6048014 0.2261316 0.6042559 0.2264399 0.6048014 0.226036 0.604488 0.226036 0.604488 0.2264399 0.6048014 0.2258831 0.6055983 0.226036 0.604488 0.2258831 0.6055983 0.2256526 0.6054087 0.2194976 0.6197376 0.2243669 0.6084648 0.2255546 0.6101399 0.2255546 0.6101399 0.2243669 0.6084648 0.2249796 0.6070141 0.2255546 0.6101399 0.2249796 0.6070141 0.2276983 0.6068981 0.2335979 0.5984184 0.2283777 0.6058884 0.2265791 0.6046002 0.2265791 0.6046002 0.2283777 0.6058884 0.2282415 0.6060895 0.2265791 0.6046002 0.2282415 0.6060895 0.2264399 0.6048014 0.2264399 0.6048014 0.2282415 0.6060895 0.2276983 0.6068981 0.2264399 0.6048014 0.2276983 0.6068981 0.2258831 0.6055983 0.2258831 0.6055983 0.2276983 0.6068981 0.2249796 0.6070141 0.2258831 0.6055983 0.2249796 0.6070141 0.2256526 0.6054087 0.2484222 0.07796138 0.2506463 0.08164805 0.2484526 0.07803487 0.2484526 0.07803487 0.2506463 0.08164805 0.2502909 0.08242172 0.2502909 0.08242172 0.2506463 0.08164805 0.2506253 0.08320701 0.2506253 0.08320701 0.2506463 0.08164805 0.2524802 0.08526504 0.2506253 0.08320701 0.2524802 0.08526504 0.2519204 0.08620893 0.2519204 0.08620893 0.2524802 0.08526504 0.2530689 0.08595365 0.2519204 0.08620893 0.2530689 0.08595365 0.2523459 0.08718383 0.2523459 0.08718383 0.2530689 0.08595365 0.2532145 0.08612769 0.2523459 0.08718383 0.2532145 0.08612769 0.2524523 0.08742755 0.2194976 0.6197376 0.2187481 0.6169793 0.2178471 0.6082366 0.2178471 0.6082366 0.2187481 0.6169793 0.2163917 0.6093275 0.2178471 0.6082366 0.2163917 0.6093275 0.2177599 0.6077376 0.2506463 0.08164805 0.2526459 0.08500587 0.2524802 0.08526504 0.2524802 0.08526504 0.2526459 0.08500587 0.2531346 0.08584916 0.2524802 0.08526504 0.2531346 0.08584916 0.2530689 0.08595365 0.2530689 0.08595365 0.2531346 0.08584916 0.2532562 0.08605808 0.2530689 0.08595365 0.2532562 0.08605808 0.2532145 0.08612769 0.2532145 0.08612769 0.2532562 0.08605808 0.2535062 0.08649522 0.2532145 0.08612769 0.2535062 0.08649522 0.2524523 0.08742755 0.2524523 0.08742755 0.2535062 0.08649522 0.2528817 0.08840239 0.9832369 0.8066507 0.9831207 0.806957 0.9830109 0.8069435 0.9857556 0.8021439 0.9849159 0.8027182 0.9840374 0.8020015 0.9840374 0.8020015 0.9849159 0.8027182 0.9848899 0.8027482 0.9840374 0.8020015 0.9848899 0.8027482 0.982059 0.8018589 0.982059 0.8018589 0.9848899 0.8027482 0.9844654 0.8034261 0.9844654 0.8034261 0.9842541 0.8038632 0.982059 0.8018589 0.982059 0.8018589 0.9842541 0.8038632 0.9836879 0.8053301 0.982059 0.8018589 0.9836879 0.8053301 0.9832369 0.8066507 0.9832369 0.8066507 0.9830109 0.8069435 0.982059 0.8018589 0.982059 0.8018589 0.9830109 0.8069435 0.9804202 0.8120346 0.982059 0.8018589 0.9804202 0.8120346 0.9795677 0.8017322 0.013987 0.07667315 0.01353603 0.06604647 0.02048766 0.06676989 0.013987 0.07667315 0.02048766 0.06676989 0.01916068 0.07796138 0.9831207 0.806957 0.9830693 0.8070868 0.9830109 0.8069435 0.9830109 0.8069435 0.9830693 0.8070868 0.9807452 0.812002 0.9830109 0.8069435 0.9807452 0.812002 0.9804202 0.8120346 0.9804202 0.8120346 0.9807452 0.812002 0.9805947 0.8123067 0.01353603 0.06604647 0.01337277 0.06572538 0.02048766 0.06676989 0.02048766 0.06676989 0.01337277 0.06572538 0.0165944 0.06042945 0.02048766 0.06676989 0.0165944 0.06042945 0.01977586 0.05536949 0.01916068 0.07796138 0.01375025 0.08607745 0.01178157 0.08650296 0.01178157 0.08650296 0.01375025 0.08607745 0.01361596 0.0862863 0.01178157 0.08650296 0.01361596 0.0862863 0.013489 0.08648747 0.9867541 0.8020912 0.9857556 0.8021439 0.9846874 0.7915726 0.9846874 0.7915726 0.9857556 0.8021439 0.9840374 0.8020015 0.9846874 0.7915726 0.9840374 0.8020015 0.9824271 0.7915784 0.9824271 0.7915784 0.9840374 0.8020015 0.982059 0.8018589 0.9824271 0.7915784 0.982059 0.8018589 0.9803756 0.7915646 0.9803756 0.7915646 0.982059 0.8018589 0.9795677 0.8017322 0.01178157 0.08650296 0.013987 0.07667315 0.01916068 0.07796138 0.9904356 0.80225 0.9867541 0.8020912 0.986362 0.7913697 0.986362 0.7913697 0.9867541 0.8020912 0.9846874 0.7915726 0.986362 0.7913697 0.9846874 0.7915726 0.9816854 0.7799594 0.9824271 0.7915784 0.9816854 0.7799594 0.9846874 0.7915726 0.013489 0.08648747 0.01321595 0.08691686 0.01178157 0.08650296 0.01178157 0.08650296 0.01321595 0.08691686 0.01103353 0.09050685 0.9803756 0.7915646 0.9800373 0.7875102 0.9824271 0.7915784 0.9824271 0.7915784 0.9800373 0.7875102 0.9816854 0.7799594 0.2498115 0.07770216 0.2484222 0.07796138 0.2474771 0.06676214 0.2197702 0.5979503 0.2184937 0.5980238 0.2191628 0.5876176 0.2231045 0.5968052 0.2240855 0.5976601 0.220907 0.5978807 0.2231045 0.5968052 0.220907 0.5978807 0.2221595 0.5945035 0.220907 0.5978807 0.2202168 0.5894435 0.2214893 0.592782 0.2214893 0.592782 0.2202168 0.5894435 0.2216972 0.5930606 0.2214893 0.592782 0.2216972 0.5930606 0.220907 0.5978807 0.220907 0.5978807 0.2216972 0.5930606 0.2221232 0.5943952 0.220907 0.5978807 0.2221232 0.5943952 0.2221595 0.5945035 0.220907 0.5978807 0.2197702 0.5979503 0.2202168 0.5894435 0.2202168 0.5894435 0.2197702 0.5979503 0.2191628 0.5876176 0.2202168 0.5894435 0.2191628 0.5876176 0.2176368 0.5830566 0.2520743 0.06199616 0.2537268 0.06605809 0.2520032 0.06186461 0.2531248 0.07670414 0.2498115 0.07770216 0.2537268 0.06605809 0.2537268 0.06605809 0.2498115 0.07770216 0.2474771 0.06676214 0.2537268 0.06605809 0.2474771 0.06676214 0.2520032 0.06186461 0.2520032 0.06186461 0.2474771 0.06676214 0.2484247 0.05536174 0.2227948 0.6082288 0.2243669 0.6084648 0.2194976 0.6197376 0.2184937 0.5980238 0.2197702 0.5979503 0.2189721 0.6082056 0.2240855 0.5976601 0.2251625 0.5977337 0.2227948 0.6082288 0.2251625 0.5977337 0.2287679 0.5976911 0.2261316 0.6042559 0.2261316 0.6042559 0.226036 0.604488 0.2251625 0.5977337 0.2251625 0.5977337 0.226036 0.604488 0.2256526 0.6054087 0.2251625 0.5977337 0.2256526 0.6054087 0.2227948 0.6082288 0.2227948 0.6082288 0.2256526 0.6054087 0.2249796 0.6070141 0.2227948 0.6082288 0.2249796 0.6070141 0.2243669 0.6084648 0.2197702 0.5979503 0.220907 0.5978807 0.2207329 0.608194 0.2207329 0.608194 0.220907 0.5978807 0.2240855 0.5976601 0.2506463 0.08164805 0.2484222 0.07796138 0.2498115 0.07770216 0.2506463 0.08164805 0.2498115 0.07770216 0.2526459 0.08500587 0.2526459 0.08500587 0.2498115 0.07770216 0.2531248 0.07670414 0.2526459 0.08500587 0.2531248 0.07670414 0.2531346 0.08584916 0.2531346 0.08584916 0.2531248 0.07670414 0.254989 0.08652615 0.2531346 0.08584916 0.254989 0.08652615 0.2532562 0.08605808 0.2590352 0.09732311 0.2537577 0.08693623 0.254989 0.08652615 0.254989 0.08652615 0.2537577 0.08693623 0.2535062 0.08649522 0.254989 0.08652615 0.2535062 0.08649522 0.2532562 0.08605808 0.2197702 0.5979503 0.2207329 0.608194 0.2189721 0.6082056 0.2189721 0.6082056 0.2207329 0.608194 0.2194976 0.6197376 0.2240855 0.5976601 0.2227948 0.6082288 0.2207329 0.608194 0.2207329 0.608194 0.2227948 0.6082288 0.2194976 0.6197376 0.8278886 0.3497989 0.8279415 0.3497847 0.8279415 0.3509979 0.2298356 0.5908478 0.2299984 0.5900741 0.2309082 0.5900548 0.2288517 0.5932579 0.2298356 0.5908478 0.2292679 0.5933004 0.2292679 0.5933004 0.2298356 0.5908478 0.2314283 0.5935131 0.2298356 0.5908478 0.2309082 0.5900548 0.2314283 0.5935131 0.2314283 0.5935131 0.2309082 0.5900548 0.231116 0.5900315 0.2314283 0.5935131 0.231116 0.5900315 0.2323979 0.5936138 0.8278886 0.3497989 0.8279415 0.3509979 0.8273661 0.3499397 0.2323979 0.5936138 0.231116 0.5900315 0.2335876 0.5932307 0.2335876 0.5932307 0.231116 0.5900315 0.2326102 0.5896756 0.2335876 0.5932307 0.2326102 0.5896756 0.2335827 0.5912269 0.2335827 0.5912269 0.2326102 0.5896756 0.2329994 0.5895479 0.2335827 0.5912269 0.2329994 0.5895479 0.2335793 0.5893468 0.9940161 0.8109241 0.9934812 0.8106998 0.9942857 0.8091123 0.9926131 0.8065772 0.9902606 0.8074483 0.9904522 0.8067201 0.9904522 0.8067201 0.9902606 0.8074483 0.990041 0.8067462 0.9935964 0.8065049 0.9948229 0.8064065 0.9942857 0.8091123 0.9934812 0.8106998 0.9931156 0.810553 0.9942857 0.8091123 0.9942857 0.8091123 0.9931156 0.810553 0.9917003 0.8101374 0.9942857 0.8091123 0.9917003 0.8101374 0.9935964 0.8065049 0.9935964 0.8065049 0.9917003 0.8101374 0.9915003 0.8101055 0.9935964 0.8065049 0.9915003 0.8101055 0.9926131 0.8065772 0.9926131 0.8065772 0.9915003 0.8101055 0.9906135 0.810052 0.9926131 0.8065772 0.9906135 0.810052 0.9902606 0.8074483 0.9854168 0.8027338 0.9857556 0.8021439 0.9855007 0.8034147 0.9855007 0.8034147 0.9857556 0.8021439 0.9867541 0.8020912 0.9855007 0.8034147 0.9867541 0.8020912 0.9859384 0.8041492 0.9859384 0.8041492 0.9867541 0.8020912 0.9874429 0.8047385 0.9859384 0.8041492 0.9874429 0.8047385 0.9872537 0.8052945 0.9872537 0.8052945 0.9874429 0.8047385 0.9879596 0.8057409 0.9905238 0.8046268 0.9904522 0.8067201 0.990041 0.8067462 0.990041 0.8067462 0.9879596 0.8057409 0.9905238 0.8046268 0.9905238 0.8046268 0.9879596 0.8057409 0.9874429 0.8047385 0.9905238 0.8046268 0.9874429 0.8047385 0.9904356 0.80225 0.9904356 0.80225 0.9874429 0.8047385 0.9867541 0.8020912 0.9905238 0.8046268 0.9904356 0.80225 0.9930415 0.8027762 0.9950425 0.8053371 0.9948229 0.8064065 0.9933268 0.8047735 0.9933268 0.8047735 0.9948229 0.8064065 0.9935964 0.8065049 0.9933268 0.8047735 0.9935964 0.8065049 0.9926131 0.8065772 0.9953435 0.8030455 0.9950425 0.8053371 0.9930415 0.8027762 0.9930415 0.8027762 0.9950425 0.8053371 0.9933268 0.8047735 0.9930415 0.8027762 0.9933268 0.8047735 0.9905238 0.8046268 0.9905238 0.8046268 0.9933268 0.8047735 0.9926131 0.8065772 0.9905238 0.8046268 0.9926131 0.8065772 0.9904522 0.8067201 0.2314283 0.5935131 0.2323979 0.5936138 0.2318371 0.5952849 0.233596 0.5970296 0.2313778 0.5972462 0.2318371 0.5952849 0.233596 0.5970296 0.2318371 0.5952849 0.2335945 0.595842 0.2335945 0.595842 0.2318371 0.5952849 0.2323979 0.5936138 0.2335945 0.595842 0.2323979 0.5936138 0.2335896 0.5937452 0.2313778 0.5972462 0.2287679 0.5976911 0.2318371 0.5952849 0.2318371 0.5952849 0.2287679 0.5976911 0.2290155 0.5953352 0.2318371 0.5952849 0.2290155 0.5953352 0.2314283 0.5935131 0.2314283 0.5935131 0.2290155 0.5953352 0.2292679 0.5933004 0.2290155 0.5953352 0.2287679 0.5976911 0.2251625 0.5977337 0.2288517 0.5932579 0.2292679 0.5933004 0.2290155 0.5953352 0.2238727 0.5963681 0.2243433 0.5956524 0.2259698 0.5951263 0.2259698 0.5951263 0.2243433 0.5956524 0.2257615 0.5945615 0.2259698 0.5951263 0.2257615 0.5945615 0.2265355 0.5941514 0.2251625 0.5977337 0.2240855 0.5976601 0.2237683 0.5970489 0.2237683 0.5970489 0.2238727 0.5963681 0.2251625 0.5977337 0.2251625 0.5977337 0.2238727 0.5963681 0.2259698 0.5951263 0.2251625 0.5977337 0.2259698 0.5951263 0.2290155 0.5953352 0.2290155 0.5953352 0.2259698 0.5951263 0.2265355 0.5941514 0.2290155 0.5953352 0.2265355 0.5941514 0.2288517 0.5932579 0.2231045 0.5968052 0.2237683 0.5970489 0.2240855 0.5976601 0.2221595 0.5945035 0.2229085 0.5959851 0.2231045 0.5968052 0.2221595 0.5945035 0.2221232 0.5943952 0.222183 0.5941244 0.2229085 0.5959851 0.2221595 0.5945035 0.2232658 0.5948981 0.2237683 0.5970489 0.2231045 0.5968052 0.2238727 0.5963681 0.2221595 0.5945035 0.222183 0.5941244 0.2232658 0.5948981 0.2232658 0.5948981 0.222183 0.5941244 0.2228839 0.5917685 0.2232658 0.5948981 0.2228839 0.5917685 0.2242855 0.593223 0.2242855 0.593223 0.2228839 0.5917685 0.2232178 0.5908207 0.2242855 0.593223 0.2232178 0.5908207 0.2247977 0.5925847 0.2247977 0.5925847 0.2232178 0.5908207 0.2239443 0.5886969 0.2247977 0.5925847 0.2239443 0.5886969 0.2261262 0.5912811 0.2231045 0.5968052 0.2229085 0.5959851 0.2238727 0.5963681 0.2238727 0.5963681 0.2229085 0.5959851 0.2232658 0.5948981 0.2238727 0.5963681 0.2232658 0.5948981 0.2243433 0.5956524 0.2243433 0.5956524 0.2232658 0.5948981 0.2242855 0.593223 0.2243433 0.5956524 0.2242855 0.593223 0.2257615 0.5945615 0.2257615 0.5945615 0.2242855 0.593223 0.2247977 0.5925847 0.2257615 0.5945615 0.2247977 0.5925847 0.2265355 0.5941514 0.2265355 0.5941514 0.2247977 0.5925847 0.2261262 0.5912811 0.2265355 0.5941514 0.2261262 0.5912811 0.2288517 0.5932579 0.2266978 0.5895403 0.224109 0.5877608 0.2241291 0.5874512 0.7400419 0.8126347 0.7397297 0.8112431 0.7400419 0.8099138 0.2266978 0.5895403 0.2253566 0.5882559 0.2267865 0.5889832 0.2266978 0.5895403 0.2267865 0.5889832 0.2298356 0.5908478 0.7254375 0.8099138 0.7254375 0.8130134 0.7250145 0.811494 0.2298356 0.5908478 0.2283561 0.5895982 0.2299984 0.5900741 0.2239443 0.5886969 0.224109 0.5877608 0.2261262 0.5912811 0.2261262 0.5912811 0.224109 0.5877608 0.2266978 0.5895403 0.2261262 0.5912811 0.2266978 0.5895403 0.2288517 0.5932579 0.2288517 0.5932579 0.2266978 0.5895403 0.2298356 0.5908478 0.2545121 0.644726 0.2546474 0.6460548 0.2516748 0.6459175 0.2288601 0.5655944 0.2302277 0.5707046 0.2273081 0.5707781 0.5510123 0.9654129 0.5495721 0.9707853 0.5484701 0.9589318 0.5470191 0.9721726 0.5422729 0.9622103 0.5450534 0.9601973 0.4970445 0.9543206 0.5097978 0.9616832 0.5078879 0.9634569 0.4970445 0.9543206 0.5078879 0.9634569 0.4945347 0.9568315 0.2514042 0.6582366 0.2479237 0.6582192 0.2516748 0.6459175 0.2516748 0.6459175 0.2479237 0.6582192 0.2490218 0.6463275 0.2516748 0.6459175 0.2490218 0.6463275 0.2510179 0.636579 0.2510179 0.636579 0.2532748 0.6364088 0.2532925 0.6365054 0.2510179 0.636579 0.2532925 0.6365054 0.2516748 0.6459175 0.2516748 0.6459175 0.2532925 0.6365054 0.2544023 0.6437569 0.2516748 0.6459175 0.2544023 0.6437569 0.2545121 0.644726 0.2313675 0.5801244 0.2310984 0.5850837 0.2289581 0.579958 0.2289581 0.579958 0.2310984 0.5850837 0.2290287 0.5847665 0.2289581 0.579958 0.2290287 0.5847665 0.2270948 0.5842172 0.2302277 0.5707046 0.2313675 0.5801244 0.2273081 0.5707781 0.2273081 0.5707781 0.2313675 0.5801244 0.2289581 0.579958 0.2273081 0.5707781 0.2289581 0.579958 0.226762 0.5794396 0.226762 0.5794396 0.2289581 0.579958 0.2270948 0.5842172 0.226762 0.5794396 0.2270948 0.5842172 0.2254232 0.5834706 0.2522787 0.6316118 0.2532748 0.6364088 0.2504728 0.6317782 0.2504728 0.6317782 0.2532748 0.6364088 0.2510179 0.636579 0.2504728 0.6317782 0.2510179 0.636579 0.2491276 0.6369851 0.2491276 0.6369851 0.2510179 0.636579 0.2490218 0.6463275 0.226762 0.5794396 0.2247825 0.5702095 0.2273081 0.5707781 0.5495721 0.9707853 0.5470191 0.9721726 0.5450534 0.9601973 0.5495721 0.9707853 0.5450534 0.9601973 0.5484701 0.9589318 0.2511434 0.6269252 0.2522787 0.6316118 0.2498316 0.6269561 0.2498316 0.6269561 0.2522787 0.6316118 0.2504728 0.6317782 0.2253566 0.5882559 0.2254232 0.5834706 0.2267865 0.5889832 0.2267865 0.5889832 0.2254232 0.5834706 0.2270948 0.5842172 0.2267865 0.5889832 0.2270948 0.5842172 0.2283561 0.5895982 0.2283561 0.5895982 0.2270948 0.5842172 0.2290287 0.5847665 0.2283561 0.5895982 0.2290287 0.5847665 0.2299984 0.5900741 0.2299984 0.5900741 0.2290287 0.5847665 0.2310984 0.5850837 0.5372385 0.9382335 0.5409533 0.9495067 0.5381914 0.9512872 0.4805305 0.7946292 0.4818403 0.7957907 0.4799422 0.7978081 0.4825227 0.7965138 0.4840639 0.7986299 0.4821423 0.8005211 0.5469161 0.7757314 0.5485574 0.7762097 0.5475642 0.7785868 0.2643927 0.8082938 0.2653201 0.804891 0.2653201 0.8095864 0.4805305 0.7946292 0.4799422 0.7978081 0.4790049 0.7935755 0.545223 0.7749896 0.5475642 0.7785868 0.5441622 0.7773407 0.5441622 0.7773407 0.5475642 0.7785868 0.5433778 0.7895293 0.5441622 0.7773407 0.5433778 0.7895293 0.5400405 0.7883934 0.5400405 0.7883934 0.5433778 0.7895293 0.5424337 0.7922484 0.5400405 0.7883934 0.5424337 0.7922484 0.5391091 0.791143 0.5391091 0.791143 0.5424337 0.7922484 0.5416592 0.7945622 0.5391091 0.791143 0.5416592 0.7945622 0.5355591 0.8028175 0.5355591 0.8028175 0.5416592 0.7945622 0.5388327 0.8037822 0.5355591 0.8028175 0.5388327 0.8037822 0.5357669 0.8157658 0.5343512 0.8224249 0.5300854 0.827568 0.5357669 0.8157658 0.5357669 0.8157658 0.5300854 0.827568 0.5325335 0.8149631 0.5357669 0.8157658 0.5325335 0.8149631 0.5355591 0.8028175 0.5343512 0.8224249 0.5332875 0.8281894 0.5300854 0.827568 0.5300854 0.827568 0.5332875 0.8281894 0.532358 0.834055 0.5300854 0.827568 0.532358 0.834055 0.5291668 0.8335221 0.5291668 0.8335221 0.532358 0.834055 0.5308874 0.8465153 0.5291668 0.8335221 0.5308874 0.8465153 0.5277128 0.8461763 0.5277128 0.8461763 0.5308874 0.8465153 0.5304344 0.8523002 0.5277128 0.8461763 0.5304344 0.8523002 0.5269206 0.8589868 0.5304344 0.8523002 0.5300864 0.8591241 0.5269206 0.8589868 0.5269206 0.8589868 0.5300864 0.8591241 0.5299717 0.8718891 0.5269206 0.8589868 0.5299717 0.8718891 0.5268089 0.8719568 0.5268089 0.8719568 0.5299717 0.8718891 0.5303639 0.8817484 0.5268089 0.8719568 0.5303639 0.8817484 0.5271952 0.8819748 0.5271952 0.8819748 0.5303639 0.8817484 0.5314599 0.8942257 0.5271952 0.8819748 0.5314599 0.8942257 0.5282795 0.8946493 0.5282795 0.8946493 0.5314599 0.8942257 0.5332061 0.9065236 0.5343512 0.912778 0.5323492 0.9194095 0.5332061 0.9065236 0.5332061 0.9065236 0.5323492 0.9194095 0.530004 0.9071358 0.5332061 0.9065236 0.530004 0.9071358 0.5282795 0.8946493 0.5343512 0.912778 0.5355796 0.9186208 0.5323492 0.9194095 0.5323492 0.9194095 0.5355796 0.9186208 0.5372316 0.9255193 0.5323492 0.9194095 0.5372316 0.9255193 0.5339796 0.9264037 0.4818403 0.7957907 0.4825227 0.7965138 0.4799422 0.7978081 0.4799422 0.7978081 0.4825227 0.7965138 0.4821423 0.8005211 0.4799422 0.7978081 0.4821423 0.8005211 0.4722362 0.8070675 0.4722362 0.8070675 0.4821423 0.8005211 0.4745225 0.8095433 0.4722362 0.8070675 0.4745225 0.8095433 0.4705656 0.8093613 0.4705656 0.8093613 0.4745225 0.8095433 0.4728715 0.8117791 0.5363542 0.7894713 0.5391091 0.791143 0.5328168 0.8014007 0.5328168 0.8014007 0.5391091 0.791143 0.5355591 0.8028175 0.5328168 0.8014007 0.5355591 0.8028175 0.5298001 0.8138113 0.5298001 0.8138113 0.5355591 0.8028175 0.5325335 0.8149631 0.5298001 0.8138113 0.5325335 0.8149631 0.5273589 0.8266909 0.5273589 0.8266909 0.5325335 0.8149631 0.5300854 0.827568 0.5273589 0.8266909 0.5300854 0.827568 0.5264432 0.832775 0.5264432 0.832775 0.5300854 0.827568 0.5291668 0.8335221 0.5264432 0.832775 0.5291668 0.8335221 0.5249932 0.8457054 0.5249932 0.8457054 0.5291668 0.8335221 0.5277128 0.8461763 0.5249932 0.8457054 0.5277128 0.8461763 0.524203 0.8587943 0.524203 0.8587943 0.5277128 0.8461763 0.5269206 0.8589868 0.524203 0.8587943 0.5269206 0.8589868 0.5240912 0.8720473 0.5240912 0.8720473 0.5269206 0.8589868 0.5268089 0.8719568 0.5240912 0.8720473 0.5268089 0.8719568 0.5244775 0.8822833 0.5244775 0.8822833 0.5268089 0.8719568 0.5271952 0.8819748 0.5244775 0.8822833 0.5271952 0.8819748 0.5255579 0.8952339 0.5255579 0.8952339 0.5271952 0.8819748 0.5282795 0.8946493 0.5255579 0.8952339 0.5282795 0.8946493 0.5272785 0.9079922 0.5272785 0.9079922 0.5282795 0.8946493 0.530004 0.9071358 0.5272785 0.9079922 0.530004 0.9071358 0.5296158 0.9205338 0.5296158 0.9205338 0.530004 0.9071358 0.5323492 0.9194095 0.5296158 0.9205338 0.5323492 0.9194095 0.5312413 0.9276808 0.5312413 0.9276808 0.5323492 0.9194095 0.5339796 0.9264037 0.5312413 0.9276808 0.5339796 0.9264037 0.5344904 0.9397683 0.5443053 0.9483433 0.5409533 0.9495067 0.5416602 0.9407161 0.5416602 0.9407161 0.5409533 0.9495067 0.5372385 0.9382335 0.5416602 0.9407161 0.5372385 0.9382335 0.5405356 0.9371977 0.8925586 0.8205743 0.8932429 0.8208686 0.8922036 0.8239945 0.4770873 0.795647 0.4790049 0.7935755 0.4799422 0.7978081 0.4770873 0.795647 0.4799422 0.7978081 0.4692988 0.8051528 0.4692988 0.8051528 0.4799422 0.7978081 0.4722362 0.8070675 0.4692988 0.8051528 0.4722362 0.8070675 0.4676126 0.8075063 0.4676126 0.8075063 0.4722362 0.8070675 0.4705656 0.8093613 0.4676126 0.8075063 0.4705656 0.8093613 0.4614399 0.8174725 0.4614399 0.8174725 0.4705656 0.8093613 0.4644517 0.8190779 0.4614399 0.8174725 0.4644517 0.8190779 0.4565574 0.8278241 0.4565574 0.8278241 0.4644517 0.8190779 0.4596084 0.8291766 0.4565574 0.8278241 0.4596084 0.8291766 0.452973 0.8385794 0.452973 0.8385794 0.4596084 0.8291766 0.4560476 0.8396739 0.452973 0.8385794 0.4560476 0.8396739 0.451773 0.8436703 0.451773 0.8436703 0.4560476 0.8396739 0.4548515 0.8446442 0.451773 0.8436703 0.4548515 0.8446442 0.4502083 0.8545207 0.4502083 0.8545207 0.4548515 0.8446442 0.4532907 0.8552395 0.4502083 0.8545207 0.4532907 0.8552395 0.4499495 0.8655557 0.4499495 0.8655557 0.4532907 0.8552395 0.4530162 0.8660168 0.4499495 0.8655557 0.4530162 0.8660168 0.4510083 0.8767871 0.4510083 0.8767871 0.4530162 0.8660168 0.4540476 0.8769866 0.4510083 0.8767871 0.4540476 0.8769866 0.4527338 0.8855033 0.4527338 0.8855033 0.4540476 0.8769866 0.4557417 0.8854992 0.4527338 0.8855033 0.4557417 0.8854992 0.4560633 0.8965819 0.4560633 0.8965819 0.4557417 0.8854992 0.4590202 0.8963174 0.4560633 0.8965819 0.4590202 0.8963174 0.460636 0.9075471 0.460636 0.9075471 0.4590202 0.8963174 0.4635301 0.9070217 0.460636 0.9075471 0.4635301 0.9070217 0.4664556 0.9183657 0.4664556 0.9183657 0.4635301 0.9070217 0.4692675 0.9175785 0.4664556 0.9183657 0.4692675 0.9175785 0.4703969 0.9245427 0.4703969 0.9245427 0.4692675 0.9175785 0.4731578 0.9236032 0.4703969 0.9245427 0.4731578 0.9236032 0.4781892 0.9349961 0.4781892 0.9349961 0.4731578 0.9236032 0.4808442 0.9337937 0.4781892 0.9349961 0.4808442 0.9337937 0.4870796 0.9449417 0.8900977 0.819621 0.8925586 0.8205743 0.8899487 0.8198968 0.8899487 0.8198968 0.8925586 0.8205743 0.8922036 0.8239945 0.8899487 0.8198968 0.8922036 0.8239945 0.8890115 0.822804 0.8890115 0.822804 0.8922036 0.8239945 0.8882703 0.8380405 0.8890115 0.822804 0.8882703 0.8380405 0.8851035 0.8371797 0.8851035 0.8371797 0.8882703 0.8380405 0.8874918 0.8414428 0.8851035 0.8371797 0.8874918 0.8414428 0.8843329 0.8406604 0.8843329 0.8406604 0.8874918 0.8414428 0.8849526 0.8555197 0.8843329 0.8406604 0.8849526 0.8555197 0.8818368 0.8550559 0.8818368 0.8550559 0.8849526 0.8555197 0.8834839 0.8695864 0.8818368 0.8550559 0.8834839 0.8695864 0.8804211 0.8694356 0.8804211 0.8694356 0.8834839 0.8695864 0.8830682 0.8836203 0.8804211 0.8694356 0.8830682 0.8836203 0.8800642 0.8837779 0.8800642 0.8837779 0.8830682 0.8836203 0.8832329 0.8900623 0.8800642 0.8837779 0.8832329 0.8900623 0.8802583 0.8903607 0.8802583 0.8903607 0.8832329 0.8900623 0.8842996 0.9033713 0.8802583 0.8903607 0.8842996 0.9033713 0.8813897 0.9039617 0.8813897 0.9039617 0.8842996 0.9033713 0.8863329 0.9163351 0.8813897 0.9039617 0.8863329 0.9163351 0.8834917 0.9172103 0.8834917 0.9172103 0.8863329 0.9163351 0.8893389 0.9289511 0.8834917 0.9172103 0.8893389 0.9289511 0.8865663 0.9301064 0.8865663 0.9301064 0.8893389 0.9289511 0.8923096 0.9383466 0.8865663 0.9301064 0.8923096 0.9383466 0.8895918 0.9397132 0.8895918 0.9397132 0.8923096 0.9383466 0.8968901 0.9497954 0.8895918 0.9397132 0.8968901 0.9497954 0.8942468 0.951424 0.452973 0.8975284 0.4560633 0.8965819 0.460636 0.9075471 0.452973 0.8975284 0.460636 0.9075471 0.4576084 0.9087608 0.4576084 0.9087608 0.460636 0.9075471 0.4664556 0.9183657 0.4576084 0.9087608 0.4664556 0.9183657 0.4635066 0.9198539 0.4635066 0.9198539 0.4664556 0.9183657 0.4703969 0.9245427 0.4635066 0.9198539 0.4703969 0.9245427 0.4675027 0.9261934 0.4675027 0.9261934 0.4703969 0.9245427 0.4781892 0.9349961 0.4675027 0.9261934 0.4781892 0.9349961 0.4754049 0.9369328 0.4754049 0.9369328 0.4781892 0.9349961 0.4870796 0.9449417 0.4754049 0.9369328 0.4870796 0.9449417 0.4844207 0.9471656 0.4844207 0.9471656 0.4870796 0.9449417 0.4970445 0.9543206 0.4844207 0.9471656 0.4970445 0.9543206 0.4945347 0.9568315 0.5443053 0.9483433 0.5484701 0.9589318 0.5409533 0.9495067 0.5409533 0.9495067 0.5484701 0.9589318 0.5450534 0.9601973 0.5409533 0.9495067 0.5450534 0.9601973 0.5381914 0.9512872 0.5381914 0.9512872 0.5450534 0.9601973 0.5422729 0.9622103 0.5372316 0.9255193 0.5405356 0.9371977 0.5339796 0.9264037 0.5339796 0.9264037 0.5405356 0.9371977 0.5372385 0.9382335 0.5339796 0.9264037 0.5372385 0.9382335 0.5344904 0.9397683 0.5344904 0.9397683 0.5372385 0.9382335 0.5381914 0.9512872 0.4808442 0.9337937 0.489613 0.9434801 0.4870796 0.9449417 0.4870796 0.9449417 0.489613 0.9434801 0.4994367 0.9526049 0.4870796 0.9449417 0.4994367 0.9526049 0.4970445 0.9543206 0.9874904 0.8110194 0.9889855 0.8104723 0.9889664 0.8157339 0.8925586 0.8205743 0.8900977 0.819621 0.8919566 0.8163531 0.4818403 0.7957907 0.4805305 0.7946292 0.4816285 0.7915687 0.4816285 0.7915687 0.4805305 0.7946292 0.4790049 0.7935755 0.8948919 0.8176355 0.8932429 0.8208686 0.8925586 0.8205743 0.4840639 0.7986299 0.4825227 0.7965138 0.4842756 0.7938013 0.549679 0.7734829 0.5485574 0.7762097 0.5469161 0.7757314 0.8925586 0.8205743 0.8919566 0.8163531 0.8948919 0.8176355 0.8948919 0.8176355 0.8919566 0.8163531 0.8939645 0.8131185 0.8948919 0.8176355 0.8939645 0.8131185 0.8966371 0.8143954 0.8966371 0.8143954 0.8939645 0.8131185 0.8997254 0.8051615 0.4843227 0.7895242 0.4893856 0.7824887 0.4915856 0.7842116 0.4915856 0.7842116 0.4893856 0.7824887 0.4894483 0.7824469 0.4915856 0.7842116 0.4894483 0.7824469 0.4981583 0.7794677 0.4894483 0.7824469 0.4963544 0.7778578 0.4981583 0.7794677 0.4981583 0.7794677 0.4963544 0.7778578 0.5004838 0.7751923 0.4981583 0.7794677 0.5004838 0.7751923 0.5020604 0.7765832 0.5020604 0.7765832 0.5004838 0.7751923 0.5050212 0.7722488 0.5050212 0.7722488 0.5063428 0.773235 0.5020604 0.7765832 0.5020604 0.7765832 0.5063428 0.773235 0.5035074 0.7779483 0.5020604 0.7765832 0.5035074 0.7779483 0.4981583 0.7794677 0.4981583 0.7794677 0.5035074 0.7779483 0.4998054 0.7811524 0.4981583 0.7794677 0.4998054 0.7811524 0.4915856 0.7842116 0.4915856 0.7842116 0.4998054 0.7811524 0.4935974 0.7862595 0.4915856 0.7842116 0.4935974 0.7862595 0.4843227 0.7895242 0.4843227 0.7895242 0.4935974 0.7862595 0.4867894 0.7917479 0.4843227 0.7895242 0.4867894 0.7917479 0.4816285 0.7915687 0.4816285 0.7915687 0.4867894 0.7917479 0.4842756 0.7938013 0.4816285 0.7915687 0.4842756 0.7938013 0.4818403 0.7957907 0.4818403 0.7957907 0.4842756 0.7938013 0.4825227 0.7965138 0.5063428 0.773235 0.5075781 0.7741347 0.5035074 0.7779483 0.5035074 0.7779483 0.5075781 0.7741347 0.504731 0.7791963 0.5035074 0.7779483 0.504731 0.7791963 0.4998054 0.7811524 0.4998054 0.7811524 0.504731 0.7791963 0.5011466 0.7827641 0.4998054 0.7811524 0.5011466 0.7827641 0.4935974 0.7862595 0.4935974 0.7862595 0.5011466 0.7827641 0.4951661 0.7883775 0.4935974 0.7862595 0.4951661 0.7883775 0.4867894 0.7917479 0.4867894 0.7917479 0.4951661 0.7883775 0.4886797 0.794288 0.4867894 0.7917479 0.4886797 0.794288 0.4842756 0.7938013 0.4842756 0.7938013 0.4886797 0.794288 0.4862992 0.7964606 0.4842756 0.7938013 0.4862992 0.7964606 0.4840639 0.7986299 0.545223 0.7749896 0.5463759 0.7723456 0.5469161 0.7757314 0.5469161 0.7757314 0.5463759 0.7723456 0.549679 0.7734829 0.549679 0.7734829 0.5463759 0.7723456 0.5475495 0.7697261 0.549679 0.7734829 0.5475495 0.7697261 0.5507349 0.7707319 0.9851708 0.8358829 0.9822697 0.8355584 0.9859492 0.8277184 0.9851708 0.8358829 0.9859492 0.8277184 0.9885782 0.8278768 0.9885782 0.8278768 0.9859492 0.8277184 0.9882336 0.8203163 0.9885782 0.8278768 0.9882336 0.8203163 0.9905272 0.8202515 0.9905272 0.8202515 0.9882336 0.8203163 0.9889664 0.8157339 0.9905272 0.8202515 0.9889664 0.8157339 0.990993 0.8155095 0.990993 0.8155095 0.9889664 0.8157339 0.9889855 0.8104723 0.990993 0.8155095 0.9889855 0.8104723 0.9906135 0.810052 0.5089076 0.7724896 0.5058447 0.7716052 0.5060408 0.771405 0.9871811 0.8086473 0.990041 0.8067462 0.9902606 0.8074483 0.9906135 0.810052 0.9889855 0.8104723 0.9902606 0.8074483 0.9902606 0.8074483 0.9889855 0.8104723 0.9873105 0.8091487 0.9902606 0.8074483 0.9873105 0.8091487 0.9871811 0.8086473 0.5092095 0.7719391 0.5089076 0.7724896 0.5060408 0.771405 0.5050212 0.7722488 0.5058447 0.7716052 0.5063428 0.773235 0.5063428 0.773235 0.5058447 0.7716052 0.5089076 0.7724896 0.5063428 0.773235 0.5089076 0.7724896 0.5075781 0.7741347 0.9874904 0.8110194 0.9873105 0.8091487 0.9889855 0.8104723 0.9844654 0.8034261 0.98451 0.8037706 0.9842541 0.8038632 0.9857556 0.8021439 0.9854168 0.8027338 0.9849159 0.8027182 0.9849159 0.8027182 0.9854168 0.8027338 0.9848899 0.8027482 0.9848899 0.8027482 0.9854168 0.8027338 0.9844654 0.8034261 0.9844654 0.8034261 0.9854168 0.8027338 0.9855007 0.8034147 0.9844654 0.8034261 0.9855007 0.8034147 0.98451 0.8037706 0.98451 0.8037706 0.9855007 0.8034147 0.9859384 0.8041492 0.98451 0.8037706 0.9859384 0.8041492 0.9848193 0.8048702 0.9848193 0.8048702 0.9859384 0.8041492 0.9872537 0.8052945 0.9848193 0.8048702 0.9872537 0.8052945 0.9856982 0.8065944 0.9856982 0.8065944 0.9872537 0.8052945 0.9879596 0.8057409 0.9856982 0.8065944 0.9879596 0.8057409 0.9861247 0.8072605 0.9861247 0.8072605 0.9879596 0.8057409 0.990041 0.8067462 0.9861247 0.8072605 0.990041 0.8067462 0.9871811 0.8086473 0.9842541 0.8038632 0.98451 0.8037706 0.9836879 0.8053301 0.9836879 0.8053301 0.98451 0.8037706 0.9848193 0.8048702 0.9836879 0.8053301 0.9848193 0.8048702 0.9837379 0.8056041 0.9837379 0.8056041 0.9848193 0.8048702 0.9856982 0.8065944 0.9837379 0.8056041 0.9856982 0.8065944 0.9843119 0.8079921 0.9843119 0.8079921 0.9856982 0.8065944 0.9861247 0.8072605 0.9843119 0.8079921 0.9861247 0.8072605 0.9845722 0.8089566 0.5076448 0.7697259 0.5097978 0.7700242 0.5092095 0.7719391 0.5076448 0.7697259 0.5092095 0.7719391 0.5060408 0.771405 0.2479217 0.7789775 0.2480158 0.7782155 0.2482722 0.7790317 0.2482722 0.7790317 0.2480158 0.7782155 0.2485948 0.774757 0.01463311 0.08851844 0.01612728 0.08444881 0.01500225 0.08865386 0.01579052 0.0889517 0.01539683 0.08880084 0.01620519 0.08760935 0.01620519 0.08760935 0.01539683 0.08880084 0.01706403 0.08482015 0.01500225 0.08865386 0.01612728 0.08444881 0.01657432 0.0846306 0.01657432 0.0846306 0.01612728 0.08444881 0.01669788 0.08321475 0.01657432 0.0846306 0.01669788 0.08321475 0.0173856 0.08254551 0.01669788 0.08321475 0.01707237 0.08241009 0.0173856 0.08254551 0.0173856 0.08254551 0.01707237 0.08241009 0.01818907 0.08002328 0.0173856 0.08254551 0.01818907 0.08002328 0.01833856 0.08008903 0.01833856 0.08008903 0.01818907 0.08002328 0.01913666 0.07804262 0.01913666 0.07804262 0.01849299 0.0801509 0.01833856 0.08008903 0.01833856 0.08008903 0.01849299 0.0801509 0.01772141 0.08267706 0.01833856 0.08008903 0.01772141 0.08267706 0.0173856 0.08254551 0.0173856 0.08254551 0.01772141 0.08267706 0.01706403 0.08482015 0.0173856 0.08254551 0.01706403 0.08482015 0.01657432 0.0846306 0.01657432 0.0846306 0.01706403 0.08482015 0.01539683 0.08880084 0.01657432 0.0846306 0.01539683 0.08880084 0.01500225 0.08865386 0.01376396 0.09920704 0.01339191 0.1035823 0.01287573 0.1034933 0.0107634 0.117416 0.01070904 0.1154624 0.01136982 0.1154159 0.01111787 0.1240774 0.01099479 0.1222013 0.01167863 0.1240272 0.01167863 0.1240272 0.01099479 0.1222013 0.01183646 0.1240156 0.0107634 0.117416 0.01136982 0.1154159 0.01086884 0.1199266 0.01099479 0.1222013 0.01086884 0.1199266 0.01183646 0.1240156 0.01183646 0.1240156 0.01086884 0.1199266 0.01136982 0.1154159 0.01183646 0.1240156 0.01136982 0.1154159 0.01232671 0.1239808 0.01232671 0.1239808 0.01136982 0.1154159 0.01212769 0.1154005 0.01232671 0.1239808 0.01212769 0.1154005 0.0126512 0.1239614 0.0126512 0.1239614 0.01212769 0.1154005 0.01295858 0.123946 0.01295858 0.123946 0.01212769 0.1154005 0.01282036 0.1154082 0.01295858 0.123946 0.01282036 0.1154082 0.01336103 0.1239266 0.7097136 0.9239854 0.7089411 0.9155889 0.7102783 0.9240396 0.7102783 0.9240396 0.7089411 0.9155889 0.709496 0.9155753 0.01282036 0.1154082 0.01347428 0.1239227 0.01336103 0.1239266 0.01068109 0.1135088 0.01096493 0.1047196 0.01162475 0.1033772 0.01162475 0.1033772 0.01096493 0.1047196 0.01107424 0.1034275 0.01162475 0.1033772 0.01107424 0.1034275 0.01108008 0.1033657 0.01339191 0.1035823 0.01330071 0.1154469 0.01287573 0.1034933 0.7107215 0.9357978 0.7097136 0.9239854 0.7102783 0.9240396 0.01287573 0.1034933 0.01282036 0.1154082 0.01225513 0.1034237 0.01225513 0.1034237 0.01282036 0.1154082 0.01212769 0.1154005 0.01225513 0.1034237 0.01212769 0.1154005 0.01162475 0.1033772 0.01162475 0.1033772 0.01212769 0.1154005 0.01136982 0.1154159 0.01162475 0.1033772 0.01136982 0.1154159 0.01068109 0.1135088 0.01068109 0.1135088 0.01136982 0.1154159 0.01070904 0.1154624 0.01414293 0.0963366 0.01376396 0.09920704 0.01365369 0.09621673 0.01365369 0.09621673 0.01376396 0.09920704 0.01287573 0.1034933 0.01365369 0.09621673 0.01287573 0.1034933 0.01311987 0.09610837 0.01311987 0.09610837 0.01287573 0.1034933 0.01225513 0.1034237 0.01311987 0.09610837 0.01225513 0.1034237 0.01259922 0.09601938 0.01259922 0.09601938 0.01225513 0.1034237 0.01162475 0.1033772 0.01259922 0.09601938 0.01162475 0.1033772 0.0121507 0.09596139 0.0121507 0.09596139 0.01162475 0.1033772 0.01108008 0.1033657 0.01579052 0.0889517 0.01414293 0.0963366 0.01539683 0.08880084 0.01539683 0.08880084 0.01414293 0.0963366 0.01365369 0.09621673 0.01539683 0.08880084 0.01365369 0.09621673 0.01500225 0.08865386 0.01500225 0.08865386 0.01365369 0.09621673 0.01311987 0.09610837 0.01500225 0.08865386 0.01311987 0.09610837 0.01463311 0.08851844 0.01463311 0.08851844 0.01311987 0.09610837 0.01259922 0.09601938 0.2482722 0.7790317 0.2485948 0.7867841 0.2479217 0.7789775 0.01431351 0.08840239 0.01259922 0.09601938 0.0121507 0.09596139 0.01430028 0.1497216 0.01351934 0.1433889 0.0150547 0.1496326 0.0150547 0.1496326 0.01351934 0.1433889 0.01424831 0.1433115 0.0150547 0.1496326 0.01424831 0.1433115 0.01572579 0.1495707 0.7068744 0.8963529 0.7062655 0.8900222 0.7075724 0.8963162 0.7075724 0.8963162 0.7062655 0.8900222 0.7070067 0.8899835 0.7075724 0.8963162 0.7070067 0.8899835 0.7081058 0.8963123 0.01111787 0.1240774 0.01351934 0.1433889 0.01287281 0.143474 0.01287281 0.143474 0.01351934 0.1433889 0.01430028 0.1497216 0.01287281 0.143474 0.01430028 0.1497216 0.01362377 0.1498222 0.01232671 0.1239808 0.01424831 0.1433115 0.01183646 0.1240156 0.01183646 0.1240156 0.01424831 0.1433115 0.01351934 0.1433889 0.01183646 0.1240156 0.01351934 0.1433889 0.01167863 0.1240272 0.01167863 0.1240272 0.01351934 0.1433889 0.01111787 0.1240774 0.01232671 0.1239808 0.0126512 0.1239614 0.01424831 0.1433115 0.01424831 0.1433115 0.0126512 0.1239614 0.01491403 0.1432574 0.01424831 0.1433115 0.01491403 0.1432574 0.01572579 0.1495707 0.7075949 0.8899699 0.7081058 0.8963123 0.7070067 0.8899835 0.7089411 0.9155889 0.7068744 0.8963529 0.709496 0.9155753 0.709496 0.9155753 0.7068744 0.8963529 0.7075724 0.8963162 0.01347428 0.1239227 0.01538461 0.1432341 0.01336103 0.1239266 0.7096097 0.9155773 0.7075724 0.8963162 0.7081058 0.8963123 0.01336103 0.1239266 0.01491403 0.1432574 0.01295858 0.123946 0.01295858 0.123946 0.01491403 0.1432574 0.0126512 0.1239614 0.7055988 0.880761 0.7048449 0.8715057 0.7063332 0.8807146 0.7063332 0.8807146 0.7048449 0.8715057 0.7055733 0.8714535 0.7063332 0.8807146 0.7055733 0.8714535 0.7069194 0.8806952 0.7069194 0.8806952 0.7055733 0.8714535 0.7061567 0.8714283 0.0168724 0.1588009 0.0180121 0.1680388 0.01621061 0.1588667 0.01621061 0.1588667 0.0180121 0.1680388 0.01736015 0.1681046 0.01621061 0.1588667 0.01736015 0.1681046 0.01546305 0.1589556 0.01546305 0.1589556 0.01736015 0.1681046 0.01661896 0.1681897 0.01546305 0.1589556 0.01661896 0.1681897 0.01478558 0.1590485 0.01478558 0.1590485 0.01661896 0.1681897 0.0159415 0.1682825 0.7062655 0.8900222 0.7055988 0.880761 0.7070067 0.8899835 0.7070067 0.8899835 0.7055988 0.880761 0.7063332 0.8807146 0.7070067 0.8899835 0.7063332 0.8807146 0.7075949 0.8899699 0.7075949 0.8899699 0.7063332 0.8807146 0.7069194 0.8806952 0.01572579 0.1495707 0.0168724 0.1588009 0.0150547 0.1496326 0.0150547 0.1496326 0.0168724 0.1588009 0.01621061 0.1588667 0.0150547 0.1496326 0.01621061 0.1588667 0.01430028 0.1497216 0.01430028 0.1497216 0.01621061 0.1588667 0.01546305 0.1589556 0.01430028 0.1497216 0.01546305 0.1589556 0.01362377 0.1498222 0.01362377 0.1498222 0.01546305 0.1589556 0.01478558 0.1590485 0.7909379 0.8451082 0.7903643 0.8517233 0.7898555 0.8516778 0.08983027 0.2437565 0.09512692 0.244418 0.08976507 0.2442323 0.08976507 0.2442323 0.09512692 0.244418 0.09510046 0.2448938 0.08976507 0.2442323 0.09510046 0.2448938 0.08968371 0.2447314 0.08968371 0.2447314 0.09510046 0.2448938 0.09505534 0.2454006 0.7901996 0.855953 0.7902064 0.8611019 0.7896927 0.8559293 0.7896927 0.8559293 0.7902064 0.8611019 0.7897006 0.8611048 0.7896927 0.8559293 0.7897006 0.8611048 0.7892398 0.8558838 0.7892398 0.8558838 0.7897006 0.8611048 0.7892486 0.8610937 0.08987289 0.243358 0.09513133 0.2440118 0.08983027 0.2437565 0.7888849 0.855821 0.7892486 0.8610937 0.7890574 0.8610826 0.08983027 0.2437565 0.09513181 0.2442014 0.09512692 0.244418 0.7903643 0.8517233 0.7901996 0.855953 0.7898555 0.8516778 0.7898555 0.8516778 0.7901996 0.855953 0.7896927 0.8559293 0.7898555 0.8516778 0.7896927 0.8559293 0.7894015 0.8516043 0.7894015 0.8516043 0.7896927 0.8559293 0.7892398 0.8558838 0.08554488 0.2425457 0.08987289 0.243358 0.0854699 0.2429403 0.0854699 0.2429403 0.08987289 0.243358 0.08983027 0.2437565 0.0854699 0.2429403 0.08983027 0.2437565 0.08537232 0.2434083 0.08537232 0.2434083 0.08983027 0.2437565 0.08976507 0.2442323 0.08537232 0.2434083 0.08976507 0.2442323 0.085262 0.2439073 0.085262 0.2439073 0.08976507 0.2442323 0.08968371 0.2447314 0.7912682 0.8425216 0.7909379 0.8451082 0.7907545 0.8424302 0.7907545 0.8424302 0.7909379 0.8451082 0.7898555 0.8516778 0.7907545 0.8424302 0.7898555 0.8516778 0.7902967 0.8422958 0.7902967 0.8422958 0.7898555 0.8516778 0.7894015 0.8516043 0.07610303 0.2398841 0.08554488 0.2425457 0.07595789 0.2402671 0.07595789 0.2402671 0.08554488 0.2425457 0.0854699 0.2429403 0.07595789 0.2402671 0.0854699 0.2429403 0.07578927 0.2407275 0.07578927 0.2407275 0.0854699 0.2429403 0.08537232 0.2434083 0.07578927 0.2407275 0.08537232 0.2434083 0.07561331 0.2412188 0.07561331 0.2412188 0.08537232 0.2434083 0.085262 0.2439073 0.792882 0.8336324 0.7912682 0.8425216 0.7923594 0.8334999 0.7923594 0.8334999 0.7912682 0.8425216 0.7907545 0.8424302 0.7923594 0.8334999 0.7907545 0.8424302 0.7918957 0.8333064 0.7918957 0.8333064 0.7907545 0.8424302 0.7902967 0.8422958 0.06694746 0.236066 0.07610303 0.2398841 0.06673371 0.2364335 0.06673371 0.2364335 0.07610303 0.2398841 0.07595789 0.2402671 0.06673371 0.2364335 0.07595789 0.2402671 0.06649351 0.2368783 0.06649351 0.2368783 0.07595789 0.2402671 0.07578927 0.2407275 0.06649351 0.2368783 0.07578927 0.2407275 0.0662533 0.237358 0.0662533 0.237358 0.07578927 0.2407275 0.07561331 0.2412188 0.0662533 0.237358 0.05643939 0.2318223 0.06649351 0.2368783 0.06649351 0.2368783 0.05643939 0.2318223 0.05674916 0.231358 0.06649351 0.2368783 0.05674916 0.231358 0.06673371 0.2364335 0.06673371 0.2364335 0.05674916 0.231358 0.05706685 0.2309286 0.06673371 0.2364335 0.05706685 0.2309286 0.06694746 0.236066 0.06694746 0.236066 0.05706685 0.2309286 0.0573551 0.2305843 0.7918957 0.8333064 0.7943948 0.8239288 0.7923594 0.8334999 0.7923594 0.8334999 0.7943948 0.8239288 0.7948654 0.8241822 0.7923594 0.8334999 0.7948654 0.8241822 0.792882 0.8336324 0.7983301 0.8163461 0.795685 0.8234795 0.7948654 0.8241822 0.7948654 0.8241822 0.795685 0.8234795 0.7954007 0.8243533 0.7948654 0.8241822 0.7954007 0.8243533 0.792882 0.8336324 0.04793381 0.2255398 0.04010963 0.2182168 0.04830634 0.225095 0.04830634 0.225095 0.04010963 0.2182168 0.04054296 0.217799 0.04830634 0.225095 0.04054296 0.217799 0.04869461 0.2246888 0.04869461 0.2246888 0.04054296 0.217799 0.04100084 0.2174161 0.04869461 0.2246888 0.04100084 0.2174161 0.04904901 0.2243677 0.04904901 0.2243677 0.04100084 0.2174161 0.04141849 0.2171259 0.7972998 0.8158432 0.8006488 0.8084442 0.7977792 0.8161473 0.7977792 0.8161473 0.8006488 0.8084442 0.8011391 0.8087939 0.04010963 0.2182168 0.03656101 0.2142671 0.04054296 0.217799 0.04054296 0.217799 0.03656101 0.2142671 0.03702378 0.2138648 0.04054296 0.217799 0.03702378 0.2138648 0.04100084 0.2174161 0.04100084 0.2174161 0.03702378 0.2138648 0.03751498 0.2134973 0.04100084 0.2174161 0.03751498 0.2134973 0.04141849 0.2171259 0.04141849 0.2171259 0.03751498 0.2134973 0.03796249 0.2132226 0.8006488 0.8084442 0.8024057 0.8051024 0.8011391 0.8087939 0.8011391 0.8087939 0.8024057 0.8051024 0.8029018 0.8054723 0.05643939 0.2318223 0.04793381 0.2255398 0.05674916 0.231358 0.05674916 0.231358 0.04793381 0.2255398 0.04830634 0.225095 0.05674916 0.231358 0.04830634 0.225095 0.05706685 0.2309286 0.05706685 0.2309286 0.04830634 0.225095 0.04869461 0.2246888 0.05706685 0.2309286 0.04869461 0.2246888 0.0573551 0.2305843 0.0573551 0.2305843 0.04869461 0.2246888 0.04904901 0.2243677 0.7943948 0.8239288 0.7972998 0.8158432 0.7948654 0.8241822 0.7948654 0.8241822 0.7972998 0.8158432 0.7977792 0.8161473 0.7948654 0.8241822 0.7977792 0.8161473 0.7983301 0.8163461 0.7983301 0.8163461 0.7977792 0.8161473 0.8011391 0.8087939 0.7983301 0.8163461 0.8011391 0.8087939 0.8017097 0.8090105 0.7092528 0.8184844 0.7098274 0.8184457 0.7090803 0.8229699 0.7068969 0.8331092 0.7084548 0.8232058 0.7090803 0.8229699 0.7090803 0.8229699 0.7084548 0.8232058 0.7084901 0.822993 0.7090803 0.8229699 0.7084901 0.822993 0.7092528 0.8184844 0.02977365 0.2051956 0.0241397 0.1953426 0.03029519 0.204828 0.03029519 0.204828 0.0241397 0.1953426 0.02471619 0.1950291 0.03029519 0.204828 0.02471619 0.1950291 0.03085452 0.2045031 0.03085452 0.2045031 0.02471619 0.1950291 0.02533972 0.1947506 0.03085452 0.2045031 0.02533972 0.1947506 0.03136241 0.2042671 0.03136241 0.2042671 0.02533972 0.1947506 0.02590048 0.1945611 0.7080175 0.8330144 0.7067136 0.8437204 0.7075204 0.8331111 0.7075204 0.8331111 0.7067136 0.8437204 0.70619 0.8437842 0.03656101 0.2142671 0.02977365 0.2051956 0.03702378 0.2138648 0.03702378 0.2138648 0.02977365 0.2051956 0.03029519 0.204828 0.03702378 0.2138648 0.03029519 0.204828 0.03751498 0.2134973 0.03751498 0.2134973 0.03029519 0.204828 0.03085452 0.2045031 0.03751498 0.2134973 0.03085452 0.2045031 0.03796249 0.2132226 0.03796249 0.2132226 0.03085452 0.2045031 0.03136241 0.2042671 0.7095519 0.8228344 0.7080175 0.8330144 0.7090803 0.8229699 0.7090803 0.8229699 0.7080175 0.8330144 0.7075204 0.8331111 0.7090803 0.8229699 0.7075204 0.8331111 0.7068969 0.8331092 0.7068969 0.8331092 0.7075204 0.8331111 0.70619 0.8437842 0.7068969 0.8331092 0.70619 0.8437842 0.7055321 0.8437706 0.7055321 0.8437706 0.70619 0.8437842 0.7052174 0.8469041 0.0241397 0.1953426 0.02104699 0.1883057 0.02471619 0.1950291 0.02471619 0.1950291 0.02104699 0.1883057 0.02165728 0.1880388 0.02471619 0.1950291 0.02165728 0.1880388 0.02533972 0.1947506 0.02533972 0.1947506 0.02165728 0.1880388 0.02231955 0.1878029 0.02533972 0.1947506 0.02231955 0.1878029 0.02590048 0.1945611 0.02590048 0.1945611 0.02231955 0.1878029 0.0229122 0.1876443 0.7067136 0.8437204 0.7060881 0.8511595 0.70619 0.8437842 0.70619 0.8437842 0.7060881 0.8511595 0.7055469 0.8512039 0.70619 0.8437842 0.7055469 0.8512039 0.7052174 0.8469041 0.7052174 0.8469041 0.7055469 0.8512039 0.7048655 0.8511943 0.7044674 0.8614786 0.7048655 0.8511943 0.7051773 0.861467 0.7051773 0.861467 0.7048655 0.8511943 0.7055469 0.8512039 0.7051773 0.861467 0.7055469 0.8512039 0.705742 0.861438 0.705742 0.861438 0.7055469 0.8512039 0.7060881 0.8511595 0.01982831 0.1778493 0.0229122 0.1876443 0.01920038 0.1779615 0.01920038 0.1779615 0.0229122 0.1876443 0.02231955 0.1878029 0.01920038 0.1779615 0.02231955 0.1878029 0.0184915 0.1781278 0.0184915 0.1781278 0.02231955 0.1878029 0.02165728 0.1880388 0.0184915 0.1781278 0.02165728 0.1880388 0.01784199 0.1783174 0.01784199 0.1783174 0.02165728 0.1880388 0.02104699 0.1883057 0.7048449 0.8715057 0.7044674 0.8614786 0.7055733 0.8714535 0.7055733 0.8714535 0.7044674 0.8614786 0.7051773 0.861467 0.7055733 0.8714535 0.7051773 0.861467 0.7061567 0.8714283 0.7061567 0.8714283 0.7051773 0.861467 0.705742 0.861438 0.0180121 0.1680388 0.01982831 0.1778493 0.01736015 0.1681046 0.01736015 0.1681046 0.01982831 0.1778493 0.01920038 0.1779615 0.01736015 0.1681046 0.01920038 0.1779615 0.01661896 0.1681897 0.01661896 0.1681897 0.01920038 0.1779615 0.0184915 0.1781278 0.01661896 0.1681897 0.0184915 0.1781278 0.0159415 0.1682825 0.0159415 0.1682825 0.0184915 0.1781278 0.01784199 0.1783174 0.102782 0.2457488 0.09505534 0.2454006 0.1027801 0.2451801 0.1027801 0.2451801 0.09505534 0.2454006 0.09510046 0.2448938 0.1027801 0.2451801 0.09510046 0.2448938 0.1027722 0.2449132 0.1027722 0.2449132 0.09510046 0.2448938 0.09512692 0.244418 0.1027722 0.2449132 0.09512692 0.244418 0.1027526 0.2445456 0.09512692 0.244418 0.09513181 0.2442014 0.1027526 0.2445456 0.7892231 0.8686363 0.7890574 0.8610826 0.7892486 0.8610937 0.7892231 0.8686363 0.7892486 0.8610937 0.7895554 0.868629 0.7895554 0.868629 0.7892486 0.8610937 0.7898055 0.8686237 0.7892486 0.8610937 0.7897006 0.8611048 0.7898055 0.8686237 0.7898055 0.8686237 0.7897006 0.8611048 0.7902064 0.8611019 0.7898055 0.8686237 0.7902064 0.8611019 0.7903712 0.8686121 0.1694108 0.2457488 0.102782 0.2457488 0.1694089 0.2451801 0.1694089 0.2451801 0.102782 0.2457488 0.1027801 0.2451801 0.1694089 0.2451801 0.1027801 0.2451801 0.169401 0.2449132 0.169401 0.2449132 0.1027801 0.2451801 0.1027722 0.2449132 0.169401 0.2449132 0.1027722 0.2449132 0.1693814 0.2445456 0.1693814 0.2445456 0.1027722 0.2449132 0.1027526 0.2445456 0.790582 0.9346329 0.7892231 0.8686363 0.7909153 0.9346257 0.7909153 0.9346257 0.7892231 0.8686363 0.7895554 0.868629 0.7909153 0.9346257 0.7895554 0.868629 0.7911643 0.9346199 0.7911643 0.9346199 0.7895554 0.868629 0.7898055 0.8686237 0.7911643 0.9346199 0.7898055 0.8686237 0.79173 0.9346083 0.79173 0.9346083 0.7898055 0.8686237 0.7903712 0.8686121 0.1771467 0.2454006 0.1694108 0.2457488 0.1770997 0.2448938 0.1770997 0.2448938 0.1694108 0.2457488 0.1694089 0.2451801 0.1770997 0.2448938 0.1694089 0.2451801 0.1770423 0.244418 0.1770423 0.244418 0.1694089 0.2451801 0.169401 0.2449132 0.1770423 0.244418 0.169401 0.2449132 0.1770114 0.2442014 0.1770114 0.2442014 0.169401 0.2449132 0.1693814 0.2445456 0.1770114 0.2442014 0.1693814 0.2445456 0.1769801 0.2440118 0.7909182 0.9421653 0.790582 0.9346329 0.7909153 0.9346257 0.7909182 0.9421653 0.7909153 0.9346257 0.7913702 0.9421344 0.7909153 0.9346257 0.7911643 0.9346199 0.7913702 0.9421344 0.7913702 0.9421344 0.7911643 0.9346199 0.79173 0.9346083 0.7913702 0.9421344 0.79173 0.9346083 0.7918751 0.942117 0.2516282 0.1681897 0.2522385 0.1682825 0.250612 0.1778918 0.250187 0.1680388 0.2508939 0.1681046 0.2493164 0.1775436 0.932578 0.8684844 0.9332467 0.8684979 0.9330211 0.8780647 0.9326349 0.8879544 0.9316397 0.8780453 0.9323711 0.8780453 0.9323711 0.8780453 0.9316397 0.8780453 0.9318319 0.8684457 0.9323711 0.8780453 0.9318319 0.8684457 0.932578 0.8684844 0.9342457 0.9119313 0.9333084 0.9080435 0.9339584 0.9080338 0.9339584 0.9080338 0.9333084 0.9080435 0.9325457 0.8980647 0.9339584 0.9080338 0.9325457 0.8980647 0.9332261 0.8980396 0.9332261 0.8980396 0.9325457 0.8980647 0.9322074 0.8930299 0.9332261 0.8980396 0.9322074 0.8930299 0.9326349 0.8879544 0.9326349 0.8879544 0.9322074 0.8930299 0.931927 0.8879757 0.9326349 0.8879544 0.931927 0.8879757 0.9316397 0.8780453 0.799738 0.9830759 0.8014959 0.9856649 0.8009547 0.9858829 0.9351526 0.9306392 0.9345771 0.9305754 0.9342594 0.9216644 0.9351526 0.9306392 0.9342594 0.9216644 0.9348663 0.9216933 0.9348663 0.9216933 0.9342594 0.9216644 0.9339447 0.9165947 0.9348663 0.9216933 0.9339447 0.9165947 0.9342457 0.9119313 0.9342457 0.9119313 0.9339447 0.9165947 0.9336075 0.9119332 0.9342457 0.9119313 0.9336075 0.9119332 0.9333084 0.9080435 0.250187 0.1680388 0.2493164 0.1775436 0.2486326 0.1774315 0.2486326 0.1774315 0.2493164 0.1775436 0.2466742 0.1870756 0.2486326 0.1774315 0.2466742 0.1870756 0.2460241 0.186917 0.2460241 0.186917 0.2466742 0.1870756 0.2429089 0.196534 0.2460241 0.186917 0.2429089 0.196534 0.242302 0.1963367 0.242302 0.1963367 0.2429089 0.196534 0.2380161 0.2056675 0.242302 0.1963367 0.2380161 0.2056675 0.2374603 0.2054277 0.2374603 0.2054277 0.2380161 0.2056675 0.2357597 0.2091646 0.2374603 0.2054277 0.2357597 0.2091646 0.2352259 0.2089093 0.2352259 0.2089093 0.2357597 0.2091646 0.2291047 0.217741 0.2352259 0.2089093 0.2291047 0.217741 0.2286331 0.2174509 0.2286331 0.2174509 0.2291047 0.217741 0.2214609 0.2253425 0.2286331 0.2174509 0.2214609 0.2253425 0.221056 0.2250215 0.221056 0.2250215 0.2214609 0.2253425 0.2186383 0.2276907 0.221056 0.2250215 0.2186383 0.2276907 0.2182574 0.2273619 0.2182574 0.2273619 0.2186383 0.2276907 0.2102131 0.2335515 0.2182574 0.2273619 0.2102131 0.2335515 0.2099009 0.2331956 0.2099009 0.2331956 0.2102131 0.2335515 0.2011541 0.2382401 0.2099009 0.2331956 0.2011541 0.2382401 0.2009124 0.2378648 0.2009124 0.2378648 0.2011541 0.2382401 0.1962378 0.2401936 0.2009124 0.2378648 0.1962378 0.2401936 0.1960339 0.2398107 0.932578 0.8684844 0.9330211 0.8780647 0.9323711 0.8780453 0.9323711 0.8780453 0.9330211 0.8780647 0.9332624 0.8879892 0.9323711 0.8780453 0.9332624 0.8879892 0.9326349 0.8879544 0.9326349 0.8879544 0.9332624 0.8879892 0.9338271 0.8981015 0.9326349 0.8879544 0.9338271 0.8981015 0.9332261 0.8980396 0.9332261 0.8980396 0.9338271 0.8981015 0.934531 0.9081286 0.9332261 0.8980396 0.934531 0.9081286 0.9339584 0.9080338 0.9339584 0.9080338 0.934531 0.9081286 0.9348065 0.9120396 0.9339584 0.9080338 0.9348065 0.9120396 0.9342457 0.9119313 0.9342457 0.9119313 0.9348065 0.9120396 0.9353977 0.9218423 0.9342457 0.9119313 0.9353977 0.9218423 0.9348663 0.9216933 0.8047891 0.9935068 0.8043146 0.9938747 0.800489 0.9862026 0.8047891 0.9935068 0.800489 0.9862026 0.8009547 0.9858829 0.8009547 0.9858829 0.800489 0.9862026 0.7992753 0.9833772 0.8009547 0.9858829 0.7992753 0.9833772 0.799738 0.9830759 0.799738 0.9830759 0.7992753 0.9833772 0.7962154 0.9749671 0.799738 0.9830759 0.7962154 0.9749671 0.7966723 0.9747205 0.7966723 0.9747205 0.7962154 0.9749671 0.7937703 0.9659613 0.7966723 0.9747205 0.7937703 0.9659613 0.7942242 0.9657737 0.7942242 0.9657737 0.7937703 0.9659613 0.7927761 0.9610894 0.7942242 0.9657737 0.7927761 0.9610894 0.7932291 0.9609337 0.7932643 0.9580503 0.7937389 0.9608206 0.7932291 0.9609337 0.7932291 0.9609337 0.7937389 0.9608206 0.7947379 0.9656373 0.7932291 0.9609337 0.7947379 0.9656373 0.7942242 0.9657737 0.7942242 0.9657737 0.7947379 0.9656373 0.7971948 0.974544 0.7942242 0.9657737 0.7971948 0.974544 0.7966723 0.9747205 0.7966723 0.9747205 0.7971948 0.974544 0.7989007 0.9794197 0.7966723 0.9747205 0.7989007 0.9794197 0.799738 0.9830759 0.799738 0.9830759 0.7989007 0.9794197 0.8002743 0.9828675 0.799738 0.9830759 0.8002743 0.9828675 0.8014959 0.9856649 0.1962378 0.2401936 0.1868126 0.2429054 0.1960339 0.2398107 0.1960339 0.2398107 0.1868126 0.2429054 0.1866788 0.2425109 0.7927761 0.9610894 0.7914761 0.9517785 0.7932291 0.9609337 0.7932291 0.9609337 0.7914761 0.9517785 0.7919271 0.9516842 0.7932291 0.9609337 0.7919271 0.9516842 0.7932643 0.9580503 0.7932643 0.9580503 0.7919271 0.9516842 0.7924339 0.951617 0.2516282 0.1681897 0.250612 0.1778918 0.2500228 0.1777061 0.2500228 0.1777061 0.250612 0.1778918 0.2479002 0.1875669 0.2500228 0.1777061 0.2479002 0.1875669 0.2473409 0.1873039 0.2473409 0.1873039 0.2479002 0.1875669 0.2440481 0.1971452 0.2473409 0.1873039 0.2440481 0.1971452 0.2435265 0.1968203 0.2435265 0.1968203 0.2440481 0.1971452 0.2390564 0.2063754 0.2435265 0.1968203 0.2390564 0.2063754 0.2385779 0.2060002 0.2385779 0.2060002 0.2390564 0.2063754 0.2367568 0.2098996 0.2385779 0.2060002 0.2367568 0.2098996 0.2362975 0.2095127 0.2362975 0.2095127 0.2367568 0.2098996 0.2299841 0.2185456 0.2362975 0.2095127 0.2299841 0.2185456 0.2295768 0.218124 0.2295768 0.218124 0.2299841 0.2185456 0.2222148 0.2262014 0.2295768 0.218124 0.2222148 0.2262014 0.2218639 0.2257526 0.2218639 0.2257526 0.2222148 0.2262014 0.2193481 0.228565 0.2218639 0.2257526 0.2193481 0.228565 0.2190172 0.2281123 0.2190172 0.2281123 0.2193481 0.228565 0.210794 0.2344605 0.2190172 0.2281123 0.210794 0.2344605 0.2105224 0.2339886 0.2105224 0.2339886 0.210794 0.2344605 0.2016017 0.2391762 0.2105224 0.2339886 0.2016017 0.2391762 0.2013924 0.2386927 0.2013924 0.2386927 0.2016017 0.2391762 0.1966143 0.2411414 0.2013924 0.2386927 0.1966143 0.2411414 0.1964383 0.240654 0.1964383 0.240654 0.1966143 0.2411414 0.1870548 0.2438764 0.1964383 0.240654 0.1870548 0.2438764 0.1869421 0.2433774 0.1869421 0.2433774 0.1870548 0.2438764 0.1771467 0.2454006 0.1869421 0.2433774 0.1771467 0.2454006 0.1770997 0.2448938 0.1770997 0.2448938 0.1868126 0.2429054 0.1869421 0.2433774 0.1869421 0.2433774 0.1868126 0.2429054 0.1962378 0.2401936 0.1869421 0.2433774 0.1962378 0.2401936 0.1964383 0.240654 0.1964383 0.240654 0.1962378 0.2401936 0.2011541 0.2382401 0.1964383 0.240654 0.2011541 0.2382401 0.2013924 0.2386927 0.2013924 0.2386927 0.2011541 0.2382401 0.2102131 0.2335515 0.2013924 0.2386927 0.2102131 0.2335515 0.2105224 0.2339886 0.2105224 0.2339886 0.2102131 0.2335515 0.2186383 0.2276907 0.2105224 0.2339886 0.2186383 0.2276907 0.2190172 0.2281123 0.2190172 0.2281123 0.2186383 0.2276907 0.2214609 0.2253425 0.2190172 0.2281123 0.2214609 0.2253425 0.2218639 0.2257526 0.2218639 0.2257526 0.2214609 0.2253425 0.2291047 0.217741 0.2218639 0.2257526 0.2291047 0.217741 0.2295768 0.218124 0.2295768 0.218124 0.2291047 0.217741 0.2357597 0.2091646 0.2295768 0.218124 0.2357597 0.2091646 0.2362975 0.2095127 0.2362975 0.2095127 0.2357597 0.2091646 0.2380161 0.2056675 0.2362975 0.2095127 0.2380161 0.2056675 0.2385779 0.2060002 0.2385779 0.2060002 0.2380161 0.2056675 0.2429089 0.196534 0.2385779 0.2060002 0.2429089 0.196534 0.2435265 0.1968203 0.2435265 0.1968203 0.2429089 0.196534 0.2466742 0.1870756 0.2435265 0.1968203 0.2466742 0.1870756 0.2473409 0.1873039 0.2473409 0.1873039 0.2466742 0.1870756 0.2493164 0.1775436 0.2473409 0.1873039 0.2493164 0.1775436 0.2500228 0.1777061 0.2500228 0.1777061 0.2493164 0.1775436 0.2508939 0.1681046 0.2500228 0.1777061 0.2508939 0.1681046 0.2516282 0.1681897 0.7918751 0.942117 0.7924339 0.951617 0.7913702 0.9421344 0.7913702 0.9421344 0.7924339 0.951617 0.7919271 0.9516842 0.7913702 0.9421344 0.7919271 0.9516842 0.7909182 0.9421653 0.7909182 0.9421653 0.7919271 0.9516842 0.7914761 0.9517785 0.1769801 0.2440118 0.1866788 0.2425109 0.1770114 0.2442014 0.1770114 0.2442014 0.1866788 0.2425109 0.1868126 0.2429054 0.1770114 0.2442014 0.1868126 0.2429054 0.1770423 0.244418 0.1770423 0.244418 0.1868126 0.2429054 0.1770997 0.2448938 0.9322868 0.859173 0.9326555 0.8498983 0.9330388 0.8592059 0.9330388 0.8592059 0.9326555 0.8498983 0.9334153 0.8499234 0.9330388 0.8592059 0.9334153 0.8499234 0.9337114 0.8592156 0.9337114 0.8592156 0.9334153 0.8499234 0.9340918 0.8499273 0.2512415 0.1588009 0.2522866 0.1495707 0.2519571 0.1588667 0.2519571 0.1588667 0.2522866 0.1495707 0.2530111 0.1496326 0.2519571 0.1588667 0.2530111 0.1496326 0.2526963 0.1589556 0.2526963 0.1589556 0.2530111 0.1496326 0.2537542 0.1497216 0.2526963 0.1589556 0.2537542 0.1497216 0.2533032 0.1590485 0.2533032 0.1590485 0.2537542 0.1497216 0.2543582 0.1498222 0.9318319 0.8684457 0.9322868 0.859173 0.932578 0.8684844 0.932578 0.8684844 0.9322868 0.859173 0.9330388 0.8592059 0.932578 0.8684844 0.9330388 0.8592059 0.9332467 0.8684979 0.9332467 0.8684979 0.9330388 0.8592059 0.9337114 0.8592156 0.250187 0.1680388 0.2512415 0.1588009 0.2508939 0.1681046 0.2508939 0.1681046 0.2512415 0.1588009 0.2519571 0.1588667 0.2508939 0.1681046 0.2519571 0.1588667 0.2516282 0.1681897 0.2516282 0.1681897 0.2519571 0.1588667 0.2526963 0.1589556 0.2516282 0.1681897 0.2526963 0.1589556 0.2522385 0.1682825 0.2522385 0.1682825 0.2526963 0.1589556 0.2533032 0.1590485 0.9345702 0.8306043 0.9339143 0.8305946 0.9343643 0.8242716 0.2566126 0.1240774 0.256167 0.1304488 0.2559773 0.1240156 0.2559773 0.1240156 0.256167 0.1304488 0.2556513 0.1303908 0.2559773 0.1240156 0.2556513 0.1303908 0.2555033 0.1239808 0.2555033 0.1239808 0.2556513 0.1303908 0.2550008 0.1303367 0.2555033 0.1239808 0.2550008 0.1303367 0.2551743 0.1239614 0.2551743 0.1239614 0.2550008 0.1303367 0.2543268 0.1302941 0.2551743 0.1239614 0.2543268 0.1302941 0.2544023 0.1239266 0.2544023 0.1239266 0.2543268 0.1302941 0.2537459 0.130267 0.9351163 0.8242735 0.9345702 0.8306043 0.93498 0.8242774 0.93498 0.8242774 0.9345702 0.8306043 0.9343643 0.8242716 0.9326555 0.8498983 0.9339143 0.8305946 0.9334153 0.8499234 0.9334153 0.8499234 0.9339143 0.8305946 0.9345702 0.8306043 0.9334153 0.8499234 0.9345702 0.8306043 0.9340918 0.8499273 0.2522866 0.1495707 0.2537459 0.130267 0.2543268 0.1302941 0.2522866 0.1495707 0.2543268 0.1302941 0.2530111 0.1496326 0.2530111 0.1496326 0.2543268 0.1302941 0.2550008 0.1303367 0.2530111 0.1496326 0.2550008 0.1303367 0.2537542 0.1497216 0.2537542 0.1497216 0.2550008 0.1303367 0.2556513 0.1303908 0.2537542 0.1497216 0.2556513 0.1303908 0.2543582 0.1498222 0.2543582 0.1498222 0.2556513 0.1303908 0.256167 0.1304488 0.2522822 0.08865386 0.2526155 0.08851844 0.2529228 0.08937335 0.2519042 0.08880084 0.2522822 0.08865386 0.2525699 0.08950102 0.2515071 0.0889517 0.2519042 0.08880084 0.2521713 0.089648 0.2515071 0.0889517 0.2521713 0.089648 0.2517557 0.08979117 0.2517557 0.08979117 0.2521713 0.089648 0.2537807 0.09662675 0.2517557 0.08979117 0.2537807 0.09662675 0.2532562 0.0967428 0.2522822 0.08865386 0.2529228 0.08937335 0.2525699 0.08950102 0.2525699 0.08950102 0.2529228 0.08937335 0.2548116 0.09643334 0.2525699 0.08950102 0.2548116 0.09643334 0.2543194 0.09651845 0.2543194 0.09651845 0.2548116 0.09643334 0.255942 0.104356 0.2543194 0.09651845 0.255942 0.104356 0.2553283 0.1043947 0.2553283 0.1043947 0.255942 0.104356 0.2563318 0.1117486 0.2553283 0.1043947 0.2563318 0.1117486 0.2556298 0.1117486 0.2519042 0.08880084 0.2525699 0.08950102 0.2521713 0.089648 0.2521713 0.089648 0.2525699 0.08950102 0.2543194 0.09651845 0.2521713 0.089648 0.2543194 0.09651845 0.2537807 0.09662675 0.2537807 0.09662675 0.2543194 0.09651845 0.2553283 0.1043947 0.2537807 0.09662675 0.2553283 0.1043947 0.2546812 0.1044643 0.2546812 0.1044643 0.2553283 0.1043947 0.2556298 0.1117486 0.2546812 0.1044643 0.2556298 0.1117486 0.2549155 0.1117757 0.2566126 0.1240774 0.2563318 0.1117486 0.2568847 0.1117796 0.2568847 0.1117796 0.2563318 0.1117486 0.255942 0.104356 0.2568847 0.1117796 0.255942 0.104356 0.2564254 0.1043521 0.2564254 0.1043521 0.255942 0.104356 0.2548116 0.09643334 0.2564254 0.1043521 0.2548116 0.09643334 0.2552013 0.09637916 0.2552013 0.09637916 0.2548116 0.09643334 0.2529228 0.08937335 0.2552013 0.09637916 0.2529228 0.08937335 0.2532047 0.08926504 0.2532047 0.08926504 0.2529228 0.08937335 0.2526155 0.08851844 0.2532047 0.08926504 0.2526155 0.08851844 0.2528817 0.08840239 0.2566126 0.1240774 0.2559773 0.1240156 0.2563318 0.1117486 0.2563318 0.1117486 0.2559773 0.1240156 0.2555033 0.1239808 0.2563318 0.1117486 0.2555033 0.1239808 0.2556298 0.1117486 0.2556298 0.1117486 0.2555033 0.1239808 0.2551743 0.1239614 0.2556298 0.1117486 0.2551743 0.1239614 0.2549155 0.1117757 0.2549155 0.1117757 0.2551743 0.1239614 0.2544023 0.1239266 0.9353977 0.8121884 0.9351163 0.8242735 0.93498 0.8242774 0.2532562 0.0967428 0.2537807 0.09662675 0.2536032 0.09921091 0.2536032 0.09921091 0.2537807 0.09662675 0.2546812 0.1044643 0.2536032 0.09921091 0.2546812 0.1044643 0.2541018 0.1045494 0.2541018 0.1045494 0.2546812 0.1044643 0.2549155 0.1117757 0.934728 0.8051033 0.9353977 0.8121884 0.9347957 0.8122755 0.9347957 0.8122755 0.9353977 0.8121884 0.93498 0.8242774 0.9347957 0.8122755 0.93498 0.8242774 0.9343643 0.8242716 0.249684 0.08268862 0.2519042 0.08880084 0.2510988 0.0876016 0.2510988 0.0876016 0.2519042 0.08880084 0.2515071 0.0889517 0.7038076 0.3862828 0.7038076 0.3918766 0.7035571 0.38866 0.7035571 0.38866 0.7035219 0.3876193 0.7038076 0.3862828 0.7038076 0.3862828 0.7035219 0.3876193 0.7035164 0.3873602 0.7038076 0.3862828 0.7035164 0.3873602 0.7035101 0.3863214 0.2484526 0.07803487 0.2500056 0.08255714 0.249684 0.08268862 0.249684 0.08268862 0.2500056 0.08255714 0.2522822 0.08865386 0.249684 0.08268862 0.2522822 0.08865386 0.2519042 0.08880084 0.2526155 0.08851844 0.2522822 0.08865386 0.2506253 0.08320701 0.2506253 0.08320701 0.2522822 0.08865386 0.2500056 0.08255714 0.2506253 0.08320701 0.2500056 0.08255714 0.2502909 0.08242172 0.2502909 0.08242172 0.2500056 0.08255714 0.2484526 0.07803487</float_array>
          <technique_common>
            <accessor source="#th_distal_pst-mesh-map-0-array" count="14256" stride="2">
              <param name="S" type="float"/>
              <param name="T" type="float"/>
            </accessor>
          </technique_common>
        </source>
        <vertices id="th_distal_pst-mesh-vertices">
          <input semantic="POSITION" source="#th_distal_pst-mesh-positions"/>
        </vertices>
        <triangles material="black_spec_009-material" count="4752">
          <input semantic="VERTEX" source="#th_distal_pst-mesh-vertices" offset="0"/>
          <input semantic="NORMAL" source="#th_distal_pst-mesh-normals" offset="1"/>
          <input semantic="TEXCOORD" source="#th_distal_pst-mesh-map-0" offset="2" set="0"/>
          <p>0 0 0 1 0 1 2 0 2 3 1 3 4 1 4 5 1 5 0 0 6 2 0 7 6 0 8 5 0 9 7 0 10 3 0 11 3 0 12 7 0 13 8 0 14 3 0 15 8 0 16 2 0 17 2 2 18 8 2 19 9 2 20 2 0 21 9 0 22 6 0 23 10 3 24 11 3 25 12 3 26 12 4 27 11 4 28 13 4 29 14 5 30 15 5 31 16 5 32 16 5 33 15 5 34 17 5 35 18 6 36 19 6 37 20 6 38 21 7 39 22 7 40 23 7 41 23 8 42 22 8 43 24 8 44 25 9 45 26 9 46 27 9 47 26 10 48 28 10 49 27 10 50 27 11 51 28 11 52 29 11 53 27 12 54 29 12 55 30 12 56 31 13 57 32 13 58 33 13 59 33 14 60 32 14 61 34 14 62 35 15 63 36 15 64 37 15 65 37 16 66 36 16 67 31 16 68 38 17 69 39 17 70 35 17 71 38 18 72 35 18 73 40 18 74 40 19 75 35 19 76 37 19 77 40 20 78 37 20 79 41 20 80 41 21 81 37 21 82 42 21 83 41 22 84 42 22 85 43 22 86 43 23 87 42 23 88 44 23 89 44 24 90 42 24 91 45 24 92 44 25 93 45 25 94 46 25 95 46 26 96 45 26 97 22 26 98 46 27 99 22 27 100 47 27 101 47 28 102 22 28 103 21 28 104 47 29 105 21 29 106 48 29 107 31 30 108 33 30 109 37 30 110 37 31 111 33 31 112 49 31 113 37 32 114 49 32 115 42 32 116 42 33 117 49 33 118 50 33 119 42 34 120 50 34 121 45 34 122 45 35 123 50 35 124 27 35 125 45 36 126 27 36 127 22 36 128 22 37 129 27 37 130 30 37 131 22 38 132 30 38 133 24 38 134 34 39 135 18 39 136 33 39 137 33 40 138 18 40 139 20 40 140 33 41 141 20 41 142 49 41 143 49 42 144 20 42 145 51 42 146 49 43 147 51 43 148 50 43 149 50 44 150 51 44 151 52 44 152 50 45 153 52 45 154 27 45 155 27 46 156 52 46 157 53 46 158 27 47 159 53 47 160 25 47 161 15 48 162 10 48 163 17 48 164 17 48 165 10 48 166 12 48 167 54 49 168 55 49 169 56 49 170 57 50 171 58 50 172 59 50 173 60 51 174 61 51 175 62 51 176 63 52 177 64 52 178 65 52 179 65 53 180 64 53 181 66 53 182 65 54 183 66 54 184 67 54 185 68 55 186 69 55 187 70 55 188 70 56 189 69 56 190 71 56 191 72 57 192 54 57 193 73 57 194 74 58 195 75 58 196 73 58 197 73 59 198 75 59 199 76 59 200 73 60 201 76 60 202 72 60 203 77 61 204 74 61 205 78 61 206 78 62 207 74 62 208 73 62 209 78 63 210 73 63 211 79 63 212 79 64 213 73 64 214 80 64 215 79 65 216 80 65 217 81 65 218 81 66 219 80 66 220 82 66 221 82 67 222 80 67 223 83 67 224 82 68 225 83 68 226 84 68 227 84 69 228 83 69 229 69 69 230 84 70 231 69 70 232 66 70 233 66 71 234 69 71 235 68 71 236 66 72 237 68 72 238 67 72 239 54 73 240 56 73 241 73 73 242 73 74 243 56 74 244 85 74 245 73 75 246 85 75 247 80 75 248 80 76 249 85 76 250 86 76 251 80 77 252 86 77 253 83 77 254 83 78 255 86 78 256 62 78 257 83 79 258 62 79 259 69 79 260 69 80 261 62 80 262 61 80 263 69 81 264 61 81 265 71 81 266 87 82 267 60 82 268 88 82 269 88 83 270 60 83 271 62 83 272 88 84 273 62 84 274 89 84 275 89 85 276 62 85 277 86 85 278 89 86 279 86 86 280 90 86 281 90 87 282 86 87 283 85 87 284 90 88 285 85 88 286 59 88 287 59 89 288 85 89 289 56 89 290 59 90 291 56 90 292 57 90 293 57 91 294 56 91 295 55 91 296 91 92 297 39 92 298 38 92 299 48 93 300 92 93 301 11 93 302 93 94 303 77 94 304 14 94 305 14 95 306 77 95 307 78 95 308 14 96 309 78 96 310 15 96 311 15 97 312 78 97 313 79 97 314 15 98 315 79 98 316 10 98 317 94 99 318 95 99 319 96 99 320 96 100 321 95 100 322 97 100 323 94 101 324 96 101 325 98 101 326 98 102 327 96 102 328 91 102 329 98 103 330 91 103 331 99 103 332 100 104 333 101 104 334 96 104 335 96 105 336 101 105 337 102 105 338 96 106 339 102 106 340 91 106 341 97 107 342 103 107 343 96 107 344 96 108 345 103 108 346 9 108 347 96 109 348 9 109 349 100 109 350 100 110 351 9 110 352 8 110 353 100 111 354 8 111 355 104 111 356 104 112 357 8 112 358 105 112 359 48 113 360 11 113 361 47 113 362 47 114 363 11 114 364 10 114 365 47 115 366 10 115 367 46 115 368 46 116 369 10 116 370 79 116 371 46 117 372 79 117 373 44 117 374 44 118 375 79 118 376 81 118 377 44 119 378 81 119 379 43 119 380 43 120 381 81 120 382 82 120 383 43 121 384 82 121 385 41 121 386 41 122 387 82 122 388 84 122 389 41 123 390 84 123 391 40 123 392 40 124 393 84 124 394 66 124 395 40 125 396 66 125 397 38 125 398 38 125 399 66 125 400 64 125 401 38 126 402 64 126 403 91 126 404 91 127 405 64 127 406 63 127 407 91 128 408 63 128 409 99 128 410 16 129 411 93 129 412 14 129 413 92 130 414 13 130 415 11 130 416 106 131 417 107 131 418 108 131 419 109 132 420 110 132 421 111 132 422 112 133 423 113 133 424 114 133 425 112 134 426 114 134 427 115 134 428 109 135 429 111 135 430 116 135 431 116 136 432 111 136 433 117 136 434 116 137 435 117 137 436 108 137 437 108 138 438 117 138 439 118 138 440 108 139 441 118 139 442 106 139 443 115 140 444 114 140 445 119 140 446 119 141 447 114 141 448 120 141 449 119 142 450 120 142 451 110 142 452 110 143 453 120 143 454 121 143 455 110 144 456 121 144 457 111 144 458 111 145 459 121 145 460 122 145 461 111 146 462 122 146 463 117 146 464 123 147 465 124 147 466 125 147 467 123 148 468 125 148 469 126 148 470 125 149 471 127 149 472 126 149 473 126 150 474 127 150 475 128 150 476 126 151 477 128 151 478 129 151 479 129 152 480 128 152 481 130 152 482 131 153 483 132 153 484 133 153 485 133 154 486 132 154 487 134 154 488 133 155 489 134 155 490 130 155 491 130 156 492 134 156 493 135 156 494 130 157 495 135 157 496 129 157 497 133 158 498 136 158 499 131 158 500 131 159 501 136 159 502 137 159 503 131 160 504 137 160 505 138 160 506 138 161 507 137 161 508 139 161 509 140 162 510 116 162 511 108 162 512 107 163 513 141 163 514 142 163 515 107 164 516 142 164 517 108 164 518 108 165 519 142 165 520 143 165 521 108 166 522 143 166 523 140 166 524 144 167 525 145 167 526 146 167 527 146 168 528 145 168 529 147 168 530 147 169 531 145 169 532 148 169 533 147 170 534 148 170 535 149 170 536 146 171 537 150 171 538 144 171 539 144 172 540 150 172 541 151 172 542 144 173 543 151 173 544 152 173 545 152 174 546 151 174 547 153 174 548 152 175 549 153 175 550 154 175 551 154 176 552 153 176 553 155 176 554 154 177 555 155 177 556 156 177 557 156 178 558 155 178 559 157 178 560 158 179 561 159 179 562 160 179 563 160 180 564 159 180 565 125 180 566 160 181 567 125 181 568 124 181 569 149 182 570 148 182 571 161 182 572 161 183 573 148 183 574 162 183 575 161 184 576 162 184 577 163 184 578 158 185 579 164 185 580 159 185 581 159 186 582 164 186 583 165 186 584 159 187 585 165 187 586 162 187 587 162 188 588 165 188 589 166 188 590 162 189 591 166 189 592 163 189 593 114 190 594 113 190 595 167 190 596 168 191 597 169 191 598 170 191 599 134 192 600 132 192 601 171 192 602 171 193 603 132 193 604 131 193 605 170 194 606 172 194 607 168 194 608 168 195 609 172 195 610 173 195 611 168 196 612 173 196 613 174 196 614 174 197 615 173 197 616 175 197 617 174 198 618 175 198 619 176 198 620 176 199 621 175 199 622 177 199 623 176 200 624 177 200 625 178 200 626 178 201 627 177 201 628 179 201 629 178 202 630 179 202 631 180 202 632 180 203 633 179 203 634 171 203 635 180 204 636 171 204 637 181 204 638 181 205 639 171 205 640 131 205 641 181 206 642 131 206 643 138 206 644 129 207 645 135 207 646 182 207 647 182 208 648 135 208 649 134 208 650 123 209 651 126 209 652 183 209 653 183 210 654 126 210 655 129 210 656 184 211 657 124 211 658 123 211 659 123 212 660 183 212 661 184 212 662 184 213 663 183 213 664 185 213 665 184 214 666 185 214 667 186 214 668 186 215 669 185 215 670 187 215 671 186 216 672 187 216 673 188 216 674 188 217 675 187 217 676 189 217 677 189 218 678 187 218 679 190 218 680 189 219 681 190 219 682 191 219 683 192 220 684 193 220 685 194 220 686 194 221 687 193 221 688 195 221 689 194 222 690 195 222 691 190 222 692 190 223 693 195 223 694 196 223 695 190 224 696 196 224 697 191 224 698 197 225 699 122 225 700 121 225 701 170 226 702 118 226 703 117 226 704 169 227 705 107 227 706 170 227 707 170 228 708 107 228 709 106 228 710 170 229 711 106 229 712 118 229 713 194 230 714 198 230 715 192 230 716 192 231 717 198 231 718 199 231 719 192 232 720 199 232 721 167 232 722 167 233 723 199 233 724 120 233 725 167 234 726 120 234 727 114 234 728 129 235 729 182 235 730 183 235 731 183 236 732 182 236 733 200 236 734 183 237 735 200 237 736 185 237 737 185 238 738 200 238 739 201 238 740 185 239 741 201 239 742 187 239 743 187 240 744 201 240 745 202 240 746 187 241 747 202 241 748 190 241 749 190 242 750 202 242 751 203 242 752 190 243 753 203 243 754 194 243 755 194 244 756 203 244 757 204 244 758 194 245 759 204 245 760 198 245 761 198 246 762 204 246 763 197 246 764 198 247 765 197 247 766 199 247 767 199 248 768 197 248 769 121 248 770 199 249 771 121 249 772 120 249 773 134 250 774 171 250 775 182 250 776 182 251 777 171 251 778 179 251 779 182 252 780 179 252 781 200 252 782 200 253 783 179 253 784 177 253 785 200 254 786 177 254 787 201 254 788 201 255 789 177 255 790 175 255 791 201 256 792 175 256 793 202 256 794 202 257 795 175 257 796 173 257 797 202 258 798 173 258 799 203 258 800 203 259 801 173 259 802 172 259 803 203 260 804 172 260 805 204 260 806 204 261 807 172 261 808 170 261 809 204 262 810 170 262 811 197 262 812 197 263 813 170 263 814 117 263 815 197 264 816 117 264 817 122 264 818 115 265 819 119 265 820 205 265 821 206 266 822 207 266 823 208 266 824 209 267 825 210 267 826 211 267 827 211 268 828 210 268 829 212 268 830 119 269 831 110 269 832 205 269 833 205 270 834 110 270 835 213 270 836 205 271 837 213 271 838 214 271 839 214 272 840 213 272 841 215 272 842 210 273 843 206 273 844 212 273 845 212 274 846 206 274 847 208 274 848 212 275 849 208 275 850 216 275 851 110 276 852 109 276 853 213 276 854 213 277 855 109 277 856 116 277 857 213 278 858 116 278 859 217 278 860 218 279 861 219 279 862 220 279 863 220 280 864 219 280 865 221 280 866 220 281 867 221 281 868 222 281 869 222 282 870 221 282 871 223 282 872 222 283 873 223 283 874 216 283 875 216 284 876 223 284 877 224 284 878 216 285 879 224 285 880 212 285 881 212 286 882 224 286 883 225 286 884 212 287 885 225 287 886 211 287 887 113 288 888 112 288 889 226 288 890 226 289 891 112 289 892 115 289 893 226 290 894 115 290 895 227 290 896 227 291 897 115 291 898 205 291 899 227 292 900 205 292 901 228 292 902 228 293 903 205 293 904 214 293 905 228 294 906 214 294 907 229 294 908 229 295 909 214 295 910 215 295 911 208 296 912 230 296 913 216 296 914 216 297 915 230 297 916 231 297 917 216 298 918 231 298 919 222 298 920 222 299 921 231 299 922 232 299 923 222 300 924 232 300 925 233 300 926 217 301 927 218 301 928 213 301 929 213 302 930 218 302 931 220 302 932 213 303 933 220 303 934 215 303 935 215 304 936 220 304 937 222 304 938 215 305 939 222 305 940 229 305 941 229 306 942 222 306 943 233 306 944 229 307 945 233 307 946 228 307 947 228 308 948 233 308 949 234 308 950 228 309 951 234 309 952 227 309 953 227 310 954 234 310 955 235 310 956 227 311 957 235 311 958 226 311 959 236 312 960 237 312 961 238 312 962 238 313 963 237 313 964 239 313 965 238 314 966 239 314 967 240 314 968 239 315 969 241 315 970 240 315 971 240 316 972 241 316 973 242 316 974 240 317 975 242 317 976 243 317 977 243 318 978 242 318 979 244 318 980 243 319 981 244 319 982 245 319 983 244 320 984 246 320 985 245 320 986 245 321 987 246 321 988 247 321 989 245 322 990 247 322 991 248 322 992 248 323 993 247 323 994 249 323 995 248 324 996 249 324 997 250 324 998 250 325 999 249 325 1000 251 325 1001 250 326 1002 251 326 1003 252 326 1004 252 327 1005 251 327 1006 253 327 1007 252 328 1008 253 328 1009 254 328 1010 254 329 1011 253 329 1012 255 329 1013 256 330 1014 257 330 1015 258 330 1016 258 331 1017 257 331 1018 259 331 1019 258 332 1020 259 332 1021 255 332 1022 255 333 1023 259 333 1024 260 333 1025 255 334 1026 260 334 1027 254 334 1028 261 335 1029 262 335 1030 263 335 1031 236 336 1032 264 336 1033 265 336 1034 265 337 1035 264 337 1036 266 337 1037 267 338 1038 268 338 1039 269 338 1040 269 339 1041 268 339 1042 266 339 1043 269 340 1044 266 340 1045 270 340 1046 270 341 1047 266 341 1048 264 341 1049 263 342 1050 262 342 1051 271 342 1052 262 343 1053 272 343 1054 271 343 1055 271 344 1056 272 344 1057 273 344 1058 271 345 1059 273 345 1060 267 345 1061 267 346 1062 273 346 1063 274 346 1064 267 347 1065 274 347 1066 268 347 1067 261 348 1068 263 348 1069 275 348 1070 275 349 1071 263 349 1072 276 349 1073 275 350 1074 276 350 1075 277 350 1076 277 351 1077 276 351 1078 278 351 1079 277 352 1080 278 352 1081 279 352 1082 279 353 1083 278 353 1084 280 353 1085 279 354 1086 280 354 1087 281 354 1088 281 355 1089 280 355 1090 156 355 1091 281 356 1092 156 356 1093 157 356 1094 282 357 1095 283 357 1096 284 357 1097 285 358 1098 283 358 1099 286 358 1100 287 359 1101 283 359 1102 285 359 1103 288 360 1104 286 360 1105 283 360 1106 289 361 1107 283 361 1108 290 361 1109 291 362 1110 283 362 1111 289 362 1112 292 363 1113 290 363 1114 283 363 1115 287 364 1116 292 364 1117 283 364 1118 293 365 1119 283 365 1120 294 365 1121 295 366 1122 283 366 1123 293 366 1124 296 367 1125 294 367 1126 283 367 1127 291 368 1128 296 368 1129 283 368 1130 297 369 1131 298 369 1132 299 369 1133 283 370 1134 300 370 1135 301 370 1136 302 371 1137 300 371 1138 283 371 1139 295 372 1140 302 372 1141 283 372 1142 303 373 1143 304 373 1144 305 373 1145 306 374 1146 307 374 1147 308 374 1148 308 375 1149 307 375 1150 309 375 1151 310 376 1152 311 376 1153 312 376 1154 312 377 1155 311 377 1156 313 377 1157 312 378 1158 313 378 1159 314 378 1160 303 379 1161 305 379 1162 315 379 1163 315 380 1164 305 380 1165 316 380 1166 315 381 1167 316 381 1168 317 381 1169 318 382 1170 319 382 1171 305 382 1172 305 383 1173 319 383 1174 320 383 1175 305 384 1176 320 384 1177 316 384 1178 321 385 1179 322 385 1180 323 385 1181 323 386 1182 322 386 1183 324 386 1184 323 387 1185 324 387 1186 318 387 1187 283 388 1188 325 388 1189 326 388 1190 326 389 1191 325 389 1192 321 389 1193 326 390 1194 321 390 1195 327 390 1196 327 391 1197 321 391 1198 323 391 1199 328 392 1200 329 392 1201 330 392 1202 331 393 1203 332 393 1204 329 393 1205 333 394 1206 334 394 1207 335 394 1208 147 395 1209 149 395 1210 334 395 1211 334 396 1212 333 396 1213 147 396 1214 147 397 1215 333 397 1216 336 397 1217 147 398 1218 336 398 1219 146 398 1220 146 399 1221 336 399 1222 150 399 1223 150 400 1224 336 400 1225 337 400 1226 150 401 1227 337 401 1228 151 401 1229 151 402 1230 337 402 1231 338 402 1232 151 403 1233 338 403 1234 153 403 1235 298 404 1236 157 404 1237 339 404 1238 339 405 1239 157 405 1240 155 405 1241 339 406 1242 155 406 1243 340 406 1244 340 407 1245 155 407 1246 153 407 1247 340 408 1248 153 408 1249 341 408 1250 341 409 1251 153 409 1252 338 409 1253 299 410 1254 298 410 1255 342 410 1256 343 411 1257 344 411 1258 345 411 1259 345 412 1260 344 412 1261 346 412 1262 346 413 1263 347 413 1264 345 413 1265 345 414 1266 347 414 1267 348 414 1268 345 415 1269 348 415 1270 349 415 1271 350 416 1272 351 416 1273 352 416 1274 352 417 1275 351 417 1276 353 417 1277 306 418 1278 308 418 1279 350 418 1280 350 419 1281 308 419 1282 354 419 1283 350 420 1284 354 420 1285 351 420 1286 298 421 1287 339 421 1288 342 421 1289 342 422 1290 339 422 1291 340 422 1292 342 423 1293 340 423 1294 355 423 1295 355 424 1296 340 424 1297 341 424 1298 355 425 1299 341 425 1300 356 425 1301 356 426 1302 341 426 1303 338 426 1304 356 427 1305 338 427 1306 357 427 1307 357 428 1308 338 428 1309 337 428 1310 357 429 1311 337 429 1312 358 429 1313 358 430 1314 337 430 1315 336 430 1316 358 431 1317 336 431 1318 359 431 1319 359 432 1320 336 432 1321 333 432 1322 359 433 1323 333 433 1324 360 433 1325 360 434 1326 333 434 1327 335 434 1328 360 435 1329 335 435 1330 332 435 1331 332 436 1332 331 436 1333 360 436 1334 360 437 1335 331 437 1336 361 437 1337 360 438 1338 361 438 1339 359 438 1340 359 439 1341 361 439 1342 362 439 1343 359 440 1344 362 440 1345 358 440 1346 358 441 1347 362 441 1348 363 441 1349 358 442 1350 363 442 1351 357 442 1352 357 443 1353 363 443 1354 364 443 1355 357 444 1356 364 444 1357 356 444 1358 356 445 1359 364 445 1360 365 445 1361 356 446 1362 365 446 1363 355 446 1364 355 447 1365 365 447 1366 366 447 1367 355 448 1368 366 448 1369 342 448 1370 342 449 1371 366 449 1372 349 449 1373 342 450 1374 349 450 1375 299 450 1376 299 451 1377 349 451 1378 348 451 1379 299 452 1380 348 452 1381 297 452 1382 329 453 1383 367 453 1384 331 453 1385 331 454 1386 367 454 1387 368 454 1388 331 455 1389 368 455 1390 361 455 1391 361 456 1392 368 456 1393 369 456 1394 361 457 1395 369 457 1396 362 457 1397 362 458 1398 369 458 1399 370 458 1400 362 459 1401 370 459 1402 363 459 1403 363 460 1404 370 460 1405 371 460 1406 363 461 1407 371 461 1408 364 461 1409 364 462 1410 371 462 1411 372 462 1412 364 463 1413 372 463 1414 365 463 1415 365 464 1416 372 464 1417 373 464 1418 365 465 1419 373 465 1420 366 465 1421 366 466 1422 373 466 1423 374 466 1424 366 467 1425 374 467 1426 349 467 1427 349 468 1428 374 468 1429 375 468 1430 349 469 1431 375 469 1432 345 469 1433 345 470 1434 375 470 1435 352 470 1436 345 471 1437 352 471 1438 343 471 1439 343 472 1440 352 472 1441 353 472 1442 343 473 1443 353 473 1444 344 473 1445 312 474 1446 376 474 1447 310 474 1448 310 475 1449 376 475 1450 377 475 1451 310 476 1452 377 476 1453 378 476 1454 378 477 1455 377 477 1456 379 477 1457 378 478 1458 379 478 1459 380 478 1460 380 479 1461 379 479 1462 381 479 1463 380 480 1464 381 480 1465 382 480 1466 382 481 1467 381 481 1468 383 481 1469 382 482 1470 383 482 1471 384 482 1472 384 483 1473 383 483 1474 385 483 1475 384 484 1476 385 484 1477 386 484 1478 386 485 1479 385 485 1480 387 485 1481 386 486 1482 387 486 1483 388 486 1484 388 487 1485 387 487 1486 389 487 1487 388 488 1488 389 488 1489 390 488 1490 390 489 1491 389 489 1492 391 489 1493 390 490 1494 391 490 1495 392 490 1496 392 491 1497 391 491 1498 393 491 1499 392 492 1500 393 492 1501 394 492 1502 394 493 1503 393 493 1504 395 493 1505 394 494 1506 395 494 1507 396 494 1508 396 495 1509 395 495 1510 397 495 1511 396 496 1512 397 496 1513 398 496 1514 398 497 1515 397 497 1516 399 497 1517 398 498 1518 399 498 1519 400 498 1520 400 499 1521 399 499 1522 401 499 1523 400 500 1524 401 500 1525 402 500 1526 402 501 1527 401 501 1528 403 501 1529 402 502 1530 403 502 1531 404 502 1532 404 503 1533 403 503 1534 328 503 1535 404 504 1536 328 504 1537 405 504 1538 405 505 1539 328 505 1540 330 505 1541 405 506 1542 330 506 1543 301 506 1544 329 507 1545 328 507 1546 367 507 1547 367 508 1548 328 508 1549 403 508 1550 367 509 1551 403 509 1552 368 509 1553 368 510 1554 403 510 1555 401 510 1556 368 511 1557 401 511 1558 369 511 1559 369 512 1560 401 512 1561 399 512 1562 369 513 1563 399 513 1564 370 513 1565 370 514 1566 399 514 1567 397 514 1568 370 515 1569 397 515 1570 371 515 1571 371 516 1572 397 516 1573 395 516 1574 371 517 1575 395 517 1576 372 517 1577 372 518 1578 395 518 1579 393 518 1580 372 519 1581 393 519 1582 373 519 1583 373 520 1584 393 520 1585 391 520 1586 373 521 1587 391 521 1588 374 521 1589 374 522 1590 391 522 1591 389 522 1592 374 523 1593 389 523 1594 375 523 1595 375 524 1596 389 524 1597 387 524 1598 375 525 1599 387 525 1600 352 525 1601 352 526 1602 387 526 1603 385 526 1604 352 527 1605 385 527 1606 350 527 1607 350 528 1608 385 528 1609 383 528 1610 350 529 1611 383 529 1612 306 529 1613 306 530 1614 383 530 1615 381 530 1616 306 531 1617 381 531 1618 307 531 1619 307 532 1620 381 532 1621 379 532 1622 307 533 1623 379 533 1624 309 533 1625 282 534 1626 288 534 1627 283 534 1628 406 535 1629 284 535 1630 283 535 1631 301 536 1632 300 536 1633 405 536 1634 405 537 1635 300 537 1636 302 537 1637 405 538 1638 302 538 1639 404 538 1640 404 539 1641 302 539 1642 295 539 1643 404 540 1644 295 540 1645 402 540 1646 402 541 1647 295 541 1648 293 541 1649 402 542 1650 293 542 1651 400 542 1652 400 543 1653 293 543 1654 294 543 1655 400 544 1656 294 544 1657 398 544 1658 398 545 1659 294 545 1660 296 545 1661 398 546 1662 296 546 1663 396 546 1664 396 547 1665 296 547 1666 291 547 1667 396 548 1668 291 548 1669 394 548 1670 394 549 1671 291 549 1672 289 549 1673 394 550 1674 289 550 1675 392 550 1676 392 551 1677 289 551 1678 290 551 1679 392 552 1680 290 552 1681 390 552 1682 390 553 1683 290 553 1684 292 553 1685 390 554 1686 292 554 1687 388 554 1688 388 555 1689 292 555 1690 287 555 1691 388 556 1692 287 556 1693 386 556 1694 386 557 1695 287 557 1696 285 557 1697 386 558 1698 285 558 1699 384 558 1700 384 559 1701 285 559 1702 286 559 1703 384 560 1704 286 560 1705 382 560 1706 382 561 1707 286 561 1708 288 561 1709 382 562 1710 288 562 1711 380 562 1712 380 563 1713 288 563 1714 282 563 1715 380 564 1716 282 564 1717 378 564 1718 378 565 1719 282 565 1720 284 565 1721 378 566 1722 284 566 1723 310 566 1724 310 567 1725 284 567 1726 406 567 1727 310 568 1728 406 568 1729 311 568 1730 407 569 1731 408 569 1732 409 569 1733 409 570 1734 408 570 1735 410 570 1736 409 571 1737 410 571 1738 411 571 1739 411 572 1740 410 572 1741 412 572 1742 411 573 1743 412 573 1744 413 573 1745 413 574 1746 412 574 1747 414 574 1748 413 575 1749 414 575 1750 283 575 1751 408 576 1752 314 576 1753 410 576 1754 410 577 1755 314 577 1756 313 577 1757 410 578 1758 313 578 1759 412 578 1760 412 579 1761 313 579 1762 311 579 1763 412 580 1764 311 580 1765 414 580 1766 414 581 1767 311 581 1768 406 581 1769 414 582 1770 406 582 1771 283 582 1772 304 583 1773 415 583 1774 416 583 1775 416 584 1776 415 584 1777 417 584 1778 416 585 1779 417 585 1780 418 585 1781 418 586 1782 417 586 1783 419 586 1784 418 587 1785 419 587 1786 420 587 1787 420 588 1788 419 588 1789 421 588 1790 420 589 1791 421 589 1792 283 589 1793 415 590 1794 407 590 1795 417 590 1796 417 591 1797 407 591 1798 409 591 1799 417 592 1800 409 592 1801 419 592 1802 419 593 1803 409 593 1804 411 593 1805 419 594 1806 411 594 1807 421 594 1808 421 595 1809 411 595 1810 413 595 1811 421 596 1812 413 596 1813 283 596 1814 323 597 1815 422 597 1816 327 597 1817 327 598 1818 422 598 1819 423 598 1820 327 599 1821 423 599 1822 326 599 1823 326 600 1824 423 600 1825 424 600 1826 326 601 1827 424 601 1828 283 601 1829 318 602 1830 305 602 1831 323 602 1832 323 603 1833 305 603 1834 304 603 1835 323 604 1836 304 604 1837 422 604 1838 422 605 1839 304 605 1840 416 605 1841 422 606 1842 416 606 1843 423 606 1844 423 607 1845 416 607 1846 418 607 1847 423 608 1848 418 608 1849 424 608 1850 424 609 1851 418 609 1852 420 609 1853 424 610 1854 420 610 1855 283 610 1856 425 611 1857 209 611 1858 116 611 1859 116 612 1860 209 612 1861 211 612 1862 116 613 1863 211 613 1864 225 613 1865 221 614 1866 219 614 1867 116 614 1868 116 615 1869 219 615 1870 218 615 1871 116 616 1872 218 616 1873 217 616 1874 116 617 1875 140 617 1876 425 617 1877 425 618 1878 140 618 1879 426 618 1880 425 619 1881 426 619 1882 427 619 1883 427 620 1884 428 620 1885 425 620 1886 425 621 1887 428 621 1888 429 621 1889 425 622 1890 429 622 1891 430 622 1892 430 623 1893 429 623 1894 431 623 1895 225 624 1896 224 624 1897 116 624 1898 116 625 1899 224 625 1900 223 625 1901 116 626 1902 223 626 1903 221 626 1904 432 627 1905 433 627 1906 434 627 1907 434 628 1908 435 628 1909 432 628 1910 432 629 1911 435 629 1912 436 629 1913 432 630 1914 436 630 1915 437 630 1916 437 631 1917 436 631 1918 438 631 1919 437 632 1920 438 632 1921 439 632 1922 439 633 1923 438 633 1924 440 633 1925 439 634 1926 440 634 1927 441 634 1928 441 635 1929 440 635 1930 442 635 1931 438 636 1932 443 636 1933 440 636 1934 440 637 1935 443 637 1936 140 637 1937 440 638 1938 140 638 1939 442 638 1940 442 639 1941 140 639 1942 143 639 1943 442 640 1944 143 640 1945 444 640 1946 444 641 1947 143 641 1948 142 641 1949 444 642 1950 142 642 1951 445 642 1952 445 643 1953 142 643 1954 141 643 1955 446 644 1956 447 644 1957 448 644 1958 449 645 1959 450 645 1960 451 645 1961 449 646 1962 451 646 1963 452 646 1964 449 647 1965 452 647 1966 453 647 1967 453 648 1968 452 648 1969 448 648 1970 453 649 1971 448 649 1972 454 649 1973 454 650 1974 448 650 1975 447 650 1976 446 651 1977 448 651 1978 455 651 1979 455 652 1980 448 652 1981 456 652 1982 455 653 1983 456 653 1984 457 653 1985 457 654 1986 456 654 1987 458 654 1988 457 655 1989 458 655 1990 459 655 1991 460 656 1992 461 656 1993 462 656 1994 462 657 1995 461 657 1996 463 657 1997 462 658 1998 463 658 1999 464 658 2000 464 659 2001 463 659 2002 465 659 2003 464 660 2004 465 660 2005 466 660 2006 257 661 2007 256 661 2008 467 661 2009 467 662 2010 256 662 2011 468 662 2012 467 663 2013 468 663 2014 469 663 2015 469 664 2016 468 664 2017 470 664 2018 469 665 2019 470 665 2020 471 665 2021 471 666 2022 470 666 2023 472 666 2024 471 667 2025 472 667 2026 473 667 2027 473 668 2028 472 668 2029 466 668 2030 473 669 2031 466 669 2032 474 669 2033 474 670 2034 466 670 2035 465 670 2036 475 671 2037 476 671 2038 477 671 2039 478 672 2040 479 672 2041 480 672 2042 481 673 2043 482 673 2044 483 673 2045 478 674 2046 480 674 2047 484 674 2048 475 675 2049 477 675 2050 485 675 2051 208 676 2052 486 676 2053 230 676 2054 230 677 2055 486 677 2056 487 677 2057 230 678 2058 487 678 2059 231 678 2060 231 679 2061 487 679 2062 488 679 2063 231 680 2064 488 680 2065 232 680 2066 232 681 2067 488 681 2068 233 681 2069 233 682 2070 488 682 2071 489 682 2072 233 683 2073 489 683 2074 234 683 2075 234 684 2076 489 684 2077 235 684 2078 235 685 2079 489 685 2080 490 685 2081 235 686 2082 490 686 2083 226 686 2084 226 687 2085 490 687 2086 491 687 2087 226 688 2088 491 688 2089 113 688 2090 113 689 2091 491 689 2092 492 689 2093 113 690 2094 492 690 2095 167 690 2096 167 691 2097 492 691 2098 493 691 2099 167 692 2100 493 692 2101 192 692 2102 192 693 2103 493 693 2104 494 693 2105 192 694 2106 494 694 2107 193 694 2108 193 695 2109 494 695 2110 495 695 2111 193 696 2112 495 696 2113 195 696 2114 195 697 2115 495 697 2116 196 697 2117 196 698 2118 495 698 2119 496 698 2120 196 699 2121 496 699 2122 191 699 2123 191 700 2124 496 700 2125 497 700 2126 191 701 2127 497 701 2128 189 701 2129 189 702 2130 497 702 2131 498 702 2132 189 703 2133 498 703 2134 188 703 2135 188 704 2136 498 704 2137 499 704 2138 188 705 2139 499 705 2140 186 705 2141 186 706 2142 499 706 2143 500 706 2144 186 707 2145 500 707 2146 184 707 2147 184 708 2148 500 708 2149 160 708 2150 184 709 2151 160 709 2152 124 709 2153 334 710 2154 149 710 2155 161 710 2156 161 711 2157 501 711 2158 334 711 2159 334 712 2160 501 712 2161 502 712 2162 334 713 2163 502 713 2164 335 713 2165 335 714 2166 502 714 2167 503 714 2168 335 715 2169 503 715 2170 332 715 2171 504 716 2172 321 716 2173 505 716 2174 505 717 2175 321 717 2176 325 717 2177 505 718 2178 325 718 2179 506 718 2180 506 719 2181 325 719 2182 283 719 2183 506 720 2184 283 720 2185 507 720 2186 507 721 2187 283 721 2188 301 721 2189 507 722 2190 301 722 2191 508 722 2192 508 723 2193 301 723 2194 330 723 2195 508 724 2196 330 724 2197 509 724 2198 509 725 2199 330 725 2200 329 725 2201 509 726 2202 329 726 2203 510 726 2204 510 727 2205 329 727 2206 332 727 2207 510 728 2208 332 728 2209 511 728 2210 511 729 2211 332 729 2212 503 729 2213 512 730 2214 318 730 2215 513 730 2216 513 731 2217 318 731 2218 324 731 2219 513 732 2220 324 732 2221 504 732 2222 504 733 2223 324 733 2224 322 733 2225 504 734 2226 322 734 2227 321 734 2228 514 735 2229 317 735 2230 515 735 2231 515 736 2232 317 736 2233 316 736 2234 515 737 2235 316 737 2236 516 737 2237 516 738 2238 316 738 2239 320 738 2240 516 739 2241 320 739 2242 512 739 2243 512 740 2244 320 740 2245 319 740 2246 512 741 2247 319 741 2248 318 741 2249 165 742 2250 164 742 2251 517 742 2252 517 743 2253 164 743 2254 518 743 2255 517 744 2256 518 744 2257 519 744 2258 519 745 2259 518 745 2260 520 745 2261 519 746 2262 520 746 2263 521 746 2264 521 747 2265 520 747 2266 522 747 2267 521 748 2268 522 748 2269 523 748 2270 523 749 2271 522 749 2272 524 749 2273 523 750 2274 524 750 2275 525 750 2276 525 751 2277 524 751 2278 526 751 2279 525 752 2280 526 752 2281 527 752 2282 527 753 2283 526 753 2284 528 753 2285 527 754 2286 528 754 2287 529 754 2288 529 755 2289 528 755 2290 530 755 2291 529 756 2292 530 756 2293 531 756 2294 531 757 2295 530 757 2296 532 757 2297 531 758 2298 532 758 2299 533 758 2300 533 759 2301 532 759 2302 534 759 2303 533 760 2304 534 760 2305 535 760 2306 535 761 2307 534 761 2308 536 761 2309 535 762 2310 536 762 2311 537 762 2312 537 763 2313 536 763 2314 538 763 2315 537 764 2316 538 764 2317 539 764 2318 539 765 2319 538 765 2320 540 765 2321 539 766 2322 540 766 2323 541 766 2324 541 767 2325 540 767 2326 542 767 2327 541 768 2328 542 768 2329 543 768 2330 543 769 2331 542 769 2332 544 769 2333 543 770 2334 544 770 2335 480 770 2336 480 771 2337 544 771 2338 545 771 2339 480 772 2340 545 772 2341 484 772 2342 164 773 2343 158 773 2344 518 773 2345 518 774 2346 158 774 2347 546 774 2348 518 775 2349 546 775 2350 520 775 2351 520 776 2352 546 776 2353 547 776 2354 520 777 2355 547 777 2356 522 777 2357 522 778 2358 547 778 2359 548 778 2360 522 779 2361 548 779 2362 524 779 2363 524 780 2364 548 780 2365 549 780 2366 524 781 2367 549 781 2368 526 781 2369 526 782 2370 549 782 2371 550 782 2372 526 783 2373 550 783 2374 528 783 2375 528 784 2376 550 784 2377 551 784 2378 528 785 2379 551 785 2380 530 785 2381 530 786 2382 551 786 2383 552 786 2384 530 787 2385 552 787 2386 532 787 2387 532 788 2388 552 788 2389 553 788 2390 532 789 2391 553 789 2392 534 789 2393 534 790 2394 553 790 2395 554 790 2396 534 791 2397 554 791 2398 536 791 2399 536 792 2400 554 792 2401 555 792 2402 536 793 2403 555 793 2404 538 793 2405 538 794 2406 555 794 2407 556 794 2408 538 795 2409 556 795 2410 540 795 2411 540 796 2412 556 796 2413 557 796 2414 540 797 2415 557 797 2416 542 797 2417 542 798 2418 557 798 2419 558 798 2420 542 799 2421 558 799 2422 544 799 2423 544 800 2424 558 800 2425 559 800 2426 544 801 2427 559 801 2428 545 801 2429 545 802 2430 559 802 2431 477 802 2432 545 803 2433 477 803 2434 484 803 2435 484 804 2436 477 804 2437 476 804 2438 158 805 2439 160 805 2440 546 805 2441 546 806 2442 160 806 2443 500 806 2444 546 807 2445 500 807 2446 547 807 2447 547 808 2448 500 808 2449 499 808 2450 547 809 2451 499 809 2452 548 809 2453 548 810 2454 499 810 2455 498 810 2456 548 811 2457 498 811 2458 549 811 2459 549 812 2460 498 812 2461 497 812 2462 549 813 2463 497 813 2464 550 813 2465 550 814 2466 497 814 2467 496 814 2468 550 815 2469 496 815 2470 551 815 2471 551 816 2472 496 816 2473 495 816 2474 551 817 2475 495 817 2476 552 817 2477 552 818 2478 495 818 2479 494 818 2480 552 819 2481 494 819 2482 553 819 2483 553 820 2484 494 820 2485 493 820 2486 553 821 2487 493 821 2488 554 821 2489 554 822 2490 493 822 2491 492 822 2492 554 823 2493 492 823 2494 555 823 2495 555 824 2496 492 824 2497 491 824 2498 555 825 2499 491 825 2500 556 825 2501 556 826 2502 491 826 2503 490 826 2504 556 827 2505 490 827 2506 557 827 2507 557 828 2508 490 828 2509 489 828 2510 557 829 2511 489 829 2512 558 829 2513 558 830 2514 489 830 2515 488 830 2516 558 831 2517 488 831 2518 559 831 2519 559 832 2520 488 832 2521 487 832 2522 559 833 2523 487 833 2524 477 833 2525 477 834 2526 487 834 2527 486 834 2528 477 835 2529 486 835 2530 485 835 2531 485 836 2532 486 836 2533 208 836 2534 485 837 2535 208 837 2536 207 837 2537 163 838 2538 166 838 2539 560 838 2540 560 839 2541 166 839 2542 561 839 2543 560 840 2544 561 840 2545 562 840 2546 562 841 2547 561 841 2548 563 841 2549 562 842 2550 563 842 2551 564 842 2552 564 843 2553 563 843 2554 565 843 2555 564 844 2556 565 844 2557 566 844 2558 566 845 2559 565 845 2560 567 845 2561 566 846 2562 567 846 2563 568 846 2564 568 847 2565 567 847 2566 569 847 2567 568 848 2568 569 848 2569 570 848 2570 570 849 2571 569 849 2572 571 849 2573 570 850 2574 571 850 2575 572 850 2576 572 851 2577 571 851 2578 573 851 2579 572 852 2580 573 852 2581 574 852 2582 574 853 2583 573 853 2584 575 853 2585 574 854 2586 575 854 2587 576 854 2588 576 855 2589 575 855 2590 577 855 2591 576 856 2592 577 856 2593 578 856 2594 578 857 2595 577 857 2596 579 857 2597 578 858 2598 579 858 2599 580 858 2600 580 859 2601 579 859 2602 581 859 2603 580 860 2604 581 860 2605 582 860 2606 582 861 2607 581 861 2608 583 861 2609 582 862 2610 583 862 2611 584 862 2612 584 863 2613 583 863 2614 585 863 2615 584 864 2616 585 864 2617 586 864 2618 586 865 2619 585 865 2620 587 865 2621 586 866 2622 587 866 2623 483 866 2624 483 867 2625 587 867 2626 588 867 2627 483 868 2628 588 868 2629 481 868 2630 481 869 2631 588 869 2632 589 869 2633 161 870 2634 163 870 2635 501 870 2636 501 871 2637 163 871 2638 560 871 2639 501 872 2640 560 872 2641 502 872 2642 502 873 2643 560 873 2644 562 873 2645 502 874 2646 562 874 2647 503 874 2648 503 875 2649 562 875 2650 564 875 2651 503 876 2652 564 876 2653 511 876 2654 511 877 2655 564 877 2656 566 877 2657 511 878 2658 566 878 2659 510 878 2660 510 879 2661 566 879 2662 568 879 2663 510 880 2664 568 880 2665 509 880 2666 509 881 2667 568 881 2668 570 881 2669 509 882 2670 570 882 2671 508 882 2672 508 883 2673 570 883 2674 572 883 2675 508 884 2676 572 884 2677 507 884 2678 507 885 2679 572 885 2680 574 885 2681 507 886 2682 574 886 2683 506 886 2684 506 887 2685 574 887 2686 576 887 2687 506 888 2688 576 888 2689 505 888 2690 505 889 2691 576 889 2692 578 889 2693 505 890 2694 578 890 2695 504 890 2696 504 891 2697 578 891 2698 580 891 2699 504 892 2700 580 892 2701 513 892 2702 513 893 2703 580 893 2704 582 893 2705 513 894 2706 582 894 2707 512 894 2708 512 895 2709 582 895 2710 584 895 2711 512 896 2712 584 896 2713 516 896 2714 516 897 2715 584 897 2716 586 897 2717 516 898 2718 586 898 2719 515 898 2720 515 899 2721 586 899 2722 483 899 2723 515 900 2724 483 900 2725 514 900 2726 514 901 2727 483 901 2728 482 901 2729 166 902 2730 165 902 2731 561 902 2732 561 903 2733 165 903 2734 517 903 2735 561 904 2736 517 904 2737 563 904 2738 563 905 2739 517 905 2740 519 905 2741 563 906 2742 519 906 2743 565 906 2744 565 907 2745 519 907 2746 521 907 2747 565 908 2748 521 908 2749 567 908 2750 567 909 2751 521 909 2752 523 909 2753 567 910 2754 523 910 2755 569 910 2756 569 911 2757 523 911 2758 525 911 2759 569 912 2760 525 912 2761 571 912 2762 571 913 2763 525 913 2764 527 913 2765 571 914 2766 527 914 2767 573 914 2768 573 915 2769 527 915 2770 529 915 2771 573 916 2772 529 916 2773 575 916 2774 575 917 2775 529 917 2776 531 917 2777 575 918 2778 531 918 2779 577 918 2780 577 919 2781 531 919 2782 533 919 2783 577 920 2784 533 920 2785 579 920 2786 579 921 2787 533 921 2788 535 921 2789 579 922 2790 535 922 2791 581 922 2792 581 923 2793 535 923 2794 537 923 2795 581 924 2796 537 924 2797 583 924 2798 583 925 2799 537 925 2800 539 925 2801 583 926 2802 539 926 2803 585 926 2804 585 927 2805 539 927 2806 541 927 2807 585 928 2808 541 928 2809 587 928 2810 587 929 2811 541 929 2812 543 929 2813 587 930 2814 543 930 2815 588 930 2816 588 931 2817 543 931 2818 480 931 2819 588 932 2820 480 932 2821 589 932 2822 589 933 2823 480 933 2824 479 933 2825 590 934 2826 207 934 2827 591 934 2828 591 935 2829 207 935 2830 206 935 2831 591 936 2832 206 936 2833 592 936 2834 206 937 2835 210 937 2836 592 937 2837 592 938 2838 210 938 2839 209 938 2840 592 939 2841 209 939 2842 425 939 2843 593 940 2844 594 940 2845 595 940 2846 596 941 2847 597 941 2848 598 941 2849 599 942 2850 600 942 2851 601 942 2852 602 943 2853 603 943 2854 604 943 2855 605 944 2856 606 944 2857 603 944 2858 607 945 2859 608 945 2860 609 945 2861 609 946 2862 608 946 2863 610 946 2864 611 947 2865 612 947 2866 613 947 2867 614 948 2868 237 948 2869 615 948 2870 615 949 2871 237 949 2872 236 949 2873 615 950 2874 236 950 2875 616 950 2876 617 951 2877 242 951 2878 618 951 2879 618 952 2880 242 952 2881 241 952 2882 618 953 2883 241 953 2884 614 953 2885 614 954 2886 241 954 2887 239 954 2888 614 955 2889 239 955 2890 237 955 2891 619 956 2892 620 956 2893 244 956 2894 244 957 2895 620 957 2896 246 957 2897 246 958 2898 620 958 2899 247 958 2900 247 959 2901 620 959 2902 621 959 2903 247 960 2904 621 960 2905 249 960 2906 622 961 2907 623 961 2908 624 961 2909 624 962 2910 623 962 2911 625 962 2912 249 963 2913 621 963 2914 251 963 2915 251 964 2916 621 964 2917 626 964 2918 251 965 2919 626 965 2920 253 965 2921 253 966 2922 626 966 2923 627 966 2924 253 967 2925 627 967 2926 255 967 2927 255 968 2928 627 968 2929 624 968 2930 255 969 2931 624 969 2932 258 969 2933 258 970 2934 624 970 2935 625 970 2936 258 971 2937 625 971 2938 256 971 2939 599 972 2940 628 972 2941 629 972 2942 629 973 2943 628 973 2944 630 973 2945 629 974 2946 630 974 2947 631 974 2948 631 975 2949 630 975 2950 632 975 2951 631 976 2952 632 976 2953 633 976 2954 634 977 2955 635 977 2956 636 977 2957 636 978 2958 635 978 2959 637 978 2960 636 979 2961 637 979 2962 638 979 2963 639 980 2964 640 980 2965 641 980 2966 641 981 2967 640 981 2968 642 981 2969 643 982 2970 640 982 2971 644 982 2972 644 983 2973 640 983 2974 639 983 2975 644 984 2976 639 984 2977 645 984 2978 594 985 2979 646 985 2980 595 985 2981 595 986 2982 646 986 2983 647 986 2984 595 987 2985 647 987 2986 648 987 2987 648 988 2988 647 988 2989 649 988 2990 650 989 2991 651 989 2992 652 989 2993 652 990 2994 651 990 2995 609 990 2996 652 991 2997 609 991 2998 653 991 2999 653 992 3000 609 992 3001 610 992 3002 653 993 3003 610 993 3004 606 993 3005 603 994 3006 602 994 3007 605 994 3008 605 995 3009 602 995 3010 654 995 3011 605 996 3012 654 996 3013 655 996 3014 655 997 3015 654 997 3016 656 997 3017 655 998 3018 656 998 3019 657 998 3020 658 999 3021 659 999 3022 660 999 3023 660 1000 3024 659 1000 3025 661 1000 3026 660 1001 3027 661 1001 3028 662 1001 3029 662 1002 3030 661 1002 3031 663 1002 3032 662 1003 3033 663 1003 3034 593 1003 3035 596 1004 3036 598 1004 3037 664 1004 3038 664 1005 3039 598 1005 3040 665 1005 3041 664 1006 3042 665 1006 3043 666 1006 3044 666 1007 3045 665 1007 3046 667 1007 3047 666 1008 3048 667 1008 3049 668 1008 3050 668 1009 3051 667 1009 3052 669 1009 3053 668 1010 3054 669 1010 3055 670 1010 3056 670 1011 3057 669 1011 3058 671 1011 3059 670 1012 3060 671 1012 3061 672 1012 3062 673 1013 3063 674 1013 3064 675 1013 3065 675 1014 3066 674 1014 3067 634 1014 3068 675 1015 3069 634 1015 3070 676 1015 3071 676 1016 3072 634 1016 3073 636 1016 3074 676 1017 3075 636 1017 3076 677 1017 3077 677 1018 3078 636 1018 3079 638 1018 3080 677 1019 3081 638 1019 3082 633 1019 3083 678 1020 3084 597 1020 3085 679 1020 3086 679 1021 3087 597 1021 3088 596 1021 3089 679 1022 3090 596 1022 3091 680 1022 3092 606 1023 3093 605 1023 3094 653 1023 3095 653 1024 3096 605 1024 3097 655 1024 3098 653 1025 3099 655 1025 3100 652 1025 3101 652 1026 3102 655 1026 3103 657 1026 3104 652 1027 3105 657 1027 3106 650 1027 3107 604 1028 3108 681 1028 3109 602 1028 3110 602 1029 3111 681 1029 3112 682 1029 3113 602 1030 3114 682 1030 3115 654 1030 3116 654 1031 3117 682 1031 3118 643 1031 3119 654 1032 3120 643 1032 3121 656 1032 3122 656 1033 3123 643 1033 3124 644 1033 3125 656 1034 3126 644 1034 3127 657 1034 3128 657 1035 3129 644 1035 3130 645 1035 3131 657 1036 3132 645 1036 3133 650 1036 3134 616 1037 3135 683 1037 3136 615 1037 3137 615 1038 3138 683 1038 3139 684 1038 3140 615 1039 3141 684 1039 3142 614 1039 3143 614 1040 3144 684 1040 3145 680 1040 3146 614 1041 3147 680 1041 3148 618 1041 3149 618 1042 3150 680 1042 3151 685 1042 3152 618 1043 3153 685 1043 3154 617 1043 3155 617 1044 3156 685 1044 3157 686 1044 3158 617 1045 3159 686 1045 3160 687 1045 3161 687 1046 3162 686 1046 3163 688 1046 3164 687 1047 3165 688 1047 3166 689 1047 3167 689 1048 3168 688 1048 3169 690 1048 3170 689 1049 3171 690 1049 3172 691 1049 3173 691 1050 3174 690 1050 3175 692 1050 3176 691 1051 3177 692 1051 3178 693 1051 3179 693 1052 3180 692 1052 3181 694 1052 3182 693 1053 3183 694 1053 3184 601 1053 3185 680 1054 3186 596 1054 3187 685 1054 3188 685 1055 3189 596 1055 3190 664 1055 3191 685 1056 3192 664 1056 3193 686 1056 3194 686 1057 3195 664 1057 3196 666 1057 3197 686 1058 3198 666 1058 3199 688 1058 3200 688 1059 3201 666 1059 3202 668 1059 3203 688 1060 3204 668 1060 3205 690 1060 3206 690 1061 3207 668 1061 3208 670 1061 3209 690 1062 3210 670 1062 3211 692 1062 3212 692 1063 3213 670 1063 3214 672 1063 3215 692 1064 3216 672 1064 3217 694 1064 3218 684 1065 3219 695 1065 3220 680 1065 3221 680 1066 3222 695 1066 3223 696 1066 3224 680 1067 3225 696 1067 3226 679 1067 3227 679 1068 3228 696 1068 3229 612 1068 3230 679 1069 3231 612 1069 3232 678 1069 3233 678 1070 3234 612 1070 3235 611 1070 3236 678 1071 3237 611 1071 3238 597 1071 3239 597 1072 3240 611 1072 3241 697 1072 3242 597 1073 3243 697 1073 3244 598 1073 3245 598 1074 3246 697 1074 3247 698 1074 3248 598 1075 3249 698 1075 3250 665 1075 3251 665 1076 3252 698 1076 3253 699 1076 3254 665 1077 3255 699 1077 3256 667 1077 3257 667 1078 3258 699 1078 3259 700 1078 3260 667 1079 3261 700 1079 3262 669 1079 3263 669 1080 3264 700 1080 3265 701 1080 3266 669 1081 3267 701 1081 3268 671 1081 3269 671 1082 3270 701 1082 3271 702 1082 3272 659 1083 3273 637 1083 3274 661 1083 3275 661 1084 3276 637 1084 3277 635 1084 3278 661 1085 3279 635 1085 3280 663 1085 3281 663 1086 3282 635 1086 3283 634 1086 3284 663 1087 3285 634 1087 3286 593 1087 3287 593 1088 3288 634 1088 3289 674 1088 3290 593 1089 3291 674 1089 3292 594 1089 3293 594 1090 3294 674 1090 3295 673 1090 3296 594 1091 3297 673 1091 3298 646 1091 3299 641 1092 3300 658 1092 3301 639 1092 3302 639 1093 3303 658 1093 3304 660 1093 3305 639 1094 3306 660 1094 3307 645 1094 3308 645 1095 3309 660 1095 3310 662 1095 3311 645 1096 3312 662 1096 3313 650 1096 3314 650 1097 3315 662 1097 3316 593 1097 3317 650 1098 3318 593 1098 3319 651 1098 3320 651 1099 3321 593 1099 3322 595 1099 3323 651 1100 3324 595 1100 3325 609 1100 3326 609 1101 3327 595 1101 3328 648 1101 3329 609 1102 3330 648 1102 3331 607 1102 3332 607 1103 3333 648 1103 3334 649 1103 3335 607 1104 3336 649 1104 3337 608 1104 3338 244 1105 3339 242 1105 3340 619 1105 3341 619 1106 3342 242 1106 3343 617 1106 3344 619 1107 3345 617 1107 3346 620 1107 3347 620 1108 3348 617 1108 3349 687 1108 3350 620 1109 3351 687 1109 3352 621 1109 3353 621 1110 3354 687 1110 3355 689 1110 3356 621 1111 3357 689 1111 3358 626 1111 3359 626 1112 3360 689 1112 3361 691 1112 3362 626 1113 3363 691 1113 3364 627 1113 3365 627 1114 3366 691 1114 3367 693 1114 3368 627 1115 3369 693 1115 3370 624 1115 3371 624 1116 3372 693 1116 3373 601 1116 3374 624 1117 3375 601 1117 3376 622 1117 3377 622 1118 3378 601 1118 3379 600 1118 3380 599 1119 3381 601 1119 3382 628 1119 3383 628 1120 3384 601 1120 3385 694 1120 3386 628 1121 3387 694 1121 3388 630 1121 3389 630 1122 3390 694 1122 3391 672 1122 3392 630 1123 3393 672 1123 3394 632 1123 3395 632 1124 3396 672 1124 3397 671 1124 3398 632 1125 3399 671 1125 3400 633 1125 3401 633 1126 3402 671 1126 3403 702 1126 3404 633 1127 3405 702 1127 3406 677 1127 3407 677 1128 3408 702 1128 3409 701 1128 3410 677 1129 3411 701 1129 3412 676 1129 3413 676 1130 3414 701 1130 3415 700 1130 3416 676 1131 3417 700 1131 3418 675 1131 3419 675 1132 3420 700 1132 3421 699 1132 3422 675 1133 3423 699 1133 3424 673 1133 3425 673 1134 3426 699 1134 3427 698 1134 3428 673 1135 3429 698 1135 3430 646 1135 3431 646 1136 3432 698 1136 3433 697 1136 3434 646 1137 3435 697 1137 3436 647 1137 3437 647 1138 3438 697 1138 3439 611 1138 3440 647 1139 3441 611 1139 3442 649 1139 3443 649 1140 3444 611 1140 3445 613 1140 3446 649 1141 3447 613 1141 3448 608 1141 3449 703 1142 3450 704 1142 3451 705 1142 3452 612 1143 3453 706 1143 3454 613 1143 3455 613 1144 3456 706 1144 3457 707 1144 3458 613 1145 3459 707 1145 3460 608 1145 3461 608 1146 3462 708 1146 3463 610 1146 3464 610 1147 3465 708 1147 3466 709 1147 3467 610 1148 3468 709 1148 3469 606 1148 3470 606 1149 3471 709 1149 3472 710 1149 3473 606 1150 3474 710 1150 3475 603 1150 3476 603 1151 3477 710 1151 3478 711 1151 3479 603 1152 3480 711 1152 3481 604 1152 3482 315 1153 3483 317 1153 3484 712 1153 3485 712 1154 3486 713 1154 3487 315 1154 3488 315 1155 3489 713 1155 3490 714 1155 3491 315 1156 3492 714 1156 3493 303 1156 3494 303 1157 3495 714 1157 3496 715 1157 3497 303 1158 3498 715 1158 3499 304 1158 3500 304 1159 3501 715 1159 3502 716 1159 3503 304 1160 3504 716 1160 3505 415 1160 3506 415 1161 3507 716 1161 3508 717 1161 3509 415 1162 3510 717 1162 3511 407 1162 3512 407 1163 3513 717 1163 3514 408 1163 3515 408 1164 3516 717 1164 3517 718 1164 3518 408 1165 3519 718 1165 3520 314 1165 3521 314 1166 3522 718 1166 3523 312 1166 3524 312 1167 3525 718 1167 3526 719 1167 3527 312 1168 3528 719 1168 3529 376 1168 3530 379 1169 3531 377 1169 3532 720 1169 3533 720 1170 3534 377 1170 3535 376 1170 3536 379 1171 3537 720 1171 3538 721 1171 3539 379 1172 3540 721 1172 3541 309 1172 3542 309 1173 3543 721 1173 3544 308 1173 3545 308 1174 3546 721 1174 3547 722 1174 3548 308 1175 3549 722 1175 3550 354 1175 3551 348 1176 3552 347 1176 3553 723 1176 3554 723 1177 3555 347 1177 3556 346 1177 3557 346 1178 3558 344 1178 3559 723 1178 3560 723 1179 3561 344 1179 3562 353 1179 3563 723 1180 3564 353 1180 3565 722 1180 3566 722 1181 3567 353 1181 3568 351 1181 3569 722 1182 3570 351 1182 3571 354 1182 3572 348 1183 3573 723 1183 3574 297 1183 3575 297 1184 3576 723 1184 3577 724 1184 3578 297 1185 3579 724 1185 3580 298 1185 3581 298 1186 3582 724 1186 3583 281 1186 3584 298 1187 3585 281 1187 3586 157 1187 3587 262 1188 3588 261 1188 3589 725 1188 3590 725 1189 3591 261 1189 3592 275 1189 3593 726 1190 3594 272 1190 3595 262 1190 3596 727 1191 3597 273 1191 3598 272 1191 3599 728 1192 3600 265 1192 3601 266 1192 3602 706 1193 3603 729 1193 3604 707 1193 3605 707 1194 3606 729 1194 3607 730 1194 3608 707 1195 3609 730 1195 3610 608 1195 3611 608 1196 3612 730 1196 3613 731 1196 3614 608 1197 3615 731 1197 3616 708 1197 3617 376 1198 3618 719 1198 3619 720 1198 3620 720 1199 3621 719 1199 3622 732 1199 3623 720 1200 3624 732 1200 3625 721 1200 3626 721 1201 3627 732 1201 3628 733 1201 3629 721 1202 3630 733 1202 3631 722 1202 3632 712 1203 3633 734 1203 3634 713 1203 3635 713 1204 3636 734 1204 3637 735 1204 3638 713 1205 3639 735 1205 3640 714 1205 3641 714 1206 3642 735 1206 3643 736 1206 3644 714 1207 3645 736 1207 3646 715 1207 3647 715 1208 3648 736 1208 3649 737 1208 3650 715 1209 3651 737 1209 3652 716 1209 3653 716 1210 3654 737 1210 3655 738 1210 3656 716 1211 3657 738 1211 3658 717 1211 3659 717 1212 3660 738 1212 3661 739 1212 3662 717 1213 3663 739 1213 3664 718 1213 3665 718 1214 3666 739 1214 3667 740 1214 3668 718 1215 3669 740 1215 3670 719 1215 3671 719 1216 3672 740 1216 3673 741 1216 3674 719 1217 3675 741 1217 3676 732 1217 3677 732 1218 3678 741 1218 3679 742 1218 3680 732 1219 3681 742 1219 3682 733 1219 3683 743 1220 3684 744 1220 3685 745 1220 3686 745 1221 3687 744 1221 3688 746 1221 3689 745 1222 3690 746 1222 3691 747 1222 3692 747 1223 3693 746 1223 3694 748 1223 3695 747 1224 3696 748 1224 3697 749 1224 3698 749 1225 3699 748 1225 3700 750 1225 3701 749 1226 3702 750 1226 3703 751 1226 3704 751 1227 3705 750 1227 3706 752 1227 3707 751 1228 3708 752 1228 3709 753 1228 3710 753 1229 3711 752 1229 3712 277 1229 3713 753 1230 3714 277 1230 3715 279 1230 3716 740 1231 3717 743 1231 3718 741 1231 3719 741 1232 3720 743 1232 3721 745 1232 3722 741 1233 3723 745 1233 3724 742 1233 3725 742 1234 3726 745 1234 3727 747 1234 3728 742 1235 3729 747 1235 3730 733 1235 3731 733 1236 3732 747 1236 3733 749 1236 3734 733 1237 3735 749 1237 3736 722 1237 3737 722 1238 3738 749 1238 3739 751 1238 3740 722 1239 3741 751 1239 3742 723 1239 3743 723 1240 3744 751 1240 3745 753 1240 3746 723 1241 3747 753 1241 3748 724 1241 3749 724 1242 3750 753 1242 3751 279 1242 3752 724 1243 3753 279 1243 3754 281 1243 3755 734 1244 3756 754 1244 3757 735 1244 3758 735 1245 3759 754 1245 3760 755 1245 3761 735 1246 3762 755 1246 3763 736 1246 3764 736 1247 3765 755 1247 3766 756 1247 3767 736 1248 3768 756 1248 3769 737 1248 3770 737 1249 3771 756 1249 3772 757 1249 3773 737 1250 3774 757 1250 3775 738 1250 3776 738 1251 3777 757 1251 3778 758 1251 3779 738 1252 3780 758 1252 3781 739 1252 3782 739 1253 3783 758 1253 3784 759 1253 3785 739 1254 3786 759 1254 3787 740 1254 3788 740 1255 3789 759 1255 3790 760 1255 3791 740 1256 3792 760 1256 3793 743 1256 3794 743 1257 3795 760 1257 3796 761 1257 3797 743 1258 3798 761 1258 3799 744 1258 3800 760 1259 3801 762 1259 3802 761 1259 3803 761 1260 3804 762 1260 3805 763 1260 3806 761 1261 3807 763 1261 3808 744 1261 3809 744 1262 3810 763 1262 3811 764 1262 3812 744 1263 3813 764 1263 3814 746 1263 3815 746 1264 3816 764 1264 3817 765 1264 3818 746 1265 3819 765 1265 3820 748 1265 3821 748 1266 3822 765 1266 3823 766 1266 3824 748 1267 3825 766 1267 3826 750 1267 3827 750 1268 3828 766 1268 3829 725 1268 3830 750 1269 3831 725 1269 3832 752 1269 3833 752 1270 3834 725 1270 3835 275 1270 3836 752 1271 3837 275 1271 3838 277 1271 3839 754 1272 3840 767 1272 3841 755 1272 3842 755 1273 3843 767 1273 3844 768 1273 3845 755 1274 3846 768 1274 3847 756 1274 3848 756 1275 3849 768 1275 3850 769 1275 3851 756 1276 3852 769 1276 3853 757 1276 3854 757 1277 3855 769 1277 3856 770 1277 3857 757 1278 3858 770 1278 3859 758 1278 3860 758 1279 3861 770 1279 3862 771 1279 3863 758 1280 3864 771 1280 3865 759 1280 3866 759 1281 3867 771 1281 3868 772 1281 3869 759 1282 3870 772 1282 3871 760 1282 3872 760 1283 3873 772 1283 3874 773 1283 3875 760 1284 3876 773 1284 3877 762 1284 3878 703 1285 3879 705 1285 3880 774 1285 3881 774 1286 3882 705 1286 3883 775 1286 3884 774 1287 3885 775 1287 3886 776 1287 3887 776 1288 3888 775 1288 3889 777 1288 3890 776 1289 3891 777 1289 3892 778 1289 3893 778 1290 3894 777 1290 3895 779 1290 3896 778 1291 3897 779 1291 3898 780 1291 3899 780 1292 3900 779 1292 3901 781 1292 3902 780 1293 3903 781 1293 3904 727 1293 3905 272 1294 3906 726 1294 3907 727 1294 3908 727 1295 3909 726 1295 3910 782 1295 3911 727 1296 3912 782 1296 3913 780 1296 3914 780 1297 3915 782 1297 3916 783 1297 3917 780 1298 3918 783 1298 3919 778 1298 3920 778 1299 3921 783 1299 3922 784 1299 3923 778 1300 3924 784 1300 3925 776 1300 3926 776 1301 3927 784 1301 3928 785 1301 3929 776 1302 3930 785 1302 3931 774 1302 3932 774 1303 3933 785 1303 3934 786 1303 3935 774 1304 3936 786 1304 3937 703 1304 3938 729 1305 3939 773 1305 3940 730 1305 3941 730 1306 3942 773 1306 3943 772 1306 3944 730 1307 3945 772 1307 3946 731 1307 3947 731 1308 3948 772 1308 3949 771 1308 3950 731 1309 3951 771 1309 3952 708 1309 3953 708 1310 3954 771 1310 3955 770 1310 3956 708 1311 3957 770 1311 3958 709 1311 3959 709 1312 3960 770 1312 3961 769 1312 3962 709 1313 3963 769 1313 3964 710 1313 3965 710 1314 3966 769 1314 3967 768 1314 3968 710 1315 3969 768 1315 3970 711 1315 3971 711 1316 3972 768 1316 3973 767 1316 3974 787 1317 3975 788 1317 3976 789 1317 3977 789 1318 3978 788 1318 3979 728 1318 3980 789 1319 3981 728 1319 3982 790 1319 3983 790 1320 3984 728 1320 3985 266 1320 3986 791 1321 3987 787 1321 3988 792 1321 3989 792 1322 3990 787 1322 3991 789 1322 3992 792 1323 3993 789 1323 3994 793 1323 3995 793 1324 3996 789 1324 3997 790 1324 3998 793 1325 3999 790 1325 4000 794 1325 4001 794 1326 4002 790 1326 4003 266 1326 4004 794 1327 4005 266 1327 4006 268 1327 4007 273 1328 4008 727 1328 4009 274 1328 4010 274 1329 4011 727 1329 4012 781 1329 4013 274 1330 4014 781 1330 4015 268 1330 4016 268 1331 4017 781 1331 4018 779 1331 4019 268 1332 4020 779 1332 4021 794 1332 4022 794 1333 4023 779 1333 4024 777 1333 4025 794 1334 4026 777 1334 4027 793 1334 4028 793 1335 4029 777 1335 4030 775 1335 4031 793 1336 4032 775 1336 4033 792 1336 4034 792 1337 4035 775 1337 4036 705 1337 4037 792 1338 4038 705 1338 4039 791 1338 4040 791 1339 4041 705 1339 4042 704 1339 4043 791 1340 4044 704 1340 4045 795 1340 4046 262 1341 4047 725 1341 4048 726 1341 4049 726 1342 4050 725 1342 4051 766 1342 4052 726 1343 4053 766 1343 4054 782 1343 4055 782 1344 4056 766 1344 4057 765 1344 4058 782 1345 4059 765 1345 4060 783 1345 4061 783 1346 4062 765 1346 4063 764 1346 4064 783 1347 4065 764 1347 4066 784 1347 4067 784 1348 4068 764 1348 4069 763 1348 4070 784 1349 4071 763 1349 4072 785 1349 4073 785 1350 4074 763 1350 4075 762 1350 4076 785 1351 4077 762 1351 4078 786 1351 4079 786 1352 4080 762 1352 4081 773 1352 4082 786 1353 4083 773 1353 4084 703 1353 4085 703 1354 4086 773 1354 4087 729 1354 4088 703 1355 4089 729 1355 4090 704 1355 4091 704 1356 4092 729 1356 4093 706 1356 4094 704 1357 4095 706 1357 4096 795 1357 4097 795 1358 4098 706 1358 4099 612 1358 4100 795 1359 4101 612 1359 4102 791 1359 4103 791 1360 4104 612 1360 4105 696 1360 4106 791 1361 4107 696 1361 4108 787 1361 4109 787 1362 4110 696 1362 4111 695 1362 4112 787 1363 4113 695 1363 4114 788 1363 4115 788 1364 4116 695 1364 4117 684 1364 4118 788 1365 4119 684 1365 4120 728 1365 4121 728 1366 4122 684 1366 4123 683 1366 4124 728 1367 4125 683 1367 4126 265 1367 4127 265 1368 4128 683 1368 4129 616 1368 4130 265 1369 4131 616 1369 4132 236 1369 4133 434 1370 4134 433 1370 4135 796 1370 4136 426 1371 4137 140 1371 4138 443 1371 4139 591 1372 4140 592 1372 4141 797 1372 4142 798 1373 4143 799 1373 4144 800 1373 4145 590 1374 4146 591 1374 4147 801 1374 4148 801 1375 4149 591 1375 4150 797 1375 4151 801 1376 4152 797 1376 4153 802 1376 4154 802 1377 4155 797 1377 4156 798 1377 4157 802 1378 4158 798 1378 4159 803 1378 4160 803 1379 4161 798 1379 4162 800 1379 4163 804 1380 4164 429 1380 4165 428 1380 4166 428 1381 4167 427 1381 4168 805 1381 4169 805 1382 4170 427 1382 4171 426 1382 4172 428 1383 4173 805 1383 4174 804 1383 4175 804 1384 4176 805 1384 4177 806 1384 4178 804 1385 4179 806 1385 4180 807 1385 4181 807 1386 4182 806 1386 4183 808 1386 4184 807 1387 4185 808 1387 4186 809 1387 4187 592 1388 4188 425 1388 4189 797 1388 4190 797 1389 4191 425 1389 4192 430 1389 4193 797 1390 4194 430 1390 4195 798 1390 4196 798 1391 4197 430 1391 4198 431 1391 4199 798 1392 4200 431 1392 4201 799 1392 4202 434 1393 4203 796 1393 4204 435 1393 4205 443 1394 4206 438 1394 4207 810 1394 4208 810 1395 4209 438 1395 4210 436 1395 4211 810 1396 4212 436 1396 4213 811 1396 4214 811 1397 4215 436 1397 4216 435 1397 4217 426 1398 4218 443 1398 4219 805 1398 4220 805 1399 4221 443 1399 4222 810 1399 4223 805 1400 4224 810 1400 4225 806 1400 4226 806 1401 4227 810 1401 4228 811 1401 4229 806 1402 4230 811 1402 4231 808 1402 4232 435 1403 4233 796 1403 4234 811 1403 4235 811 1404 4236 796 1404 4237 812 1404 4238 811 1405 4239 812 1405 4240 808 1405 4241 808 1406 4242 812 1406 4243 813 1406 4244 808 1407 4245 813 1407 4246 809 1407 4247 809 1408 4248 813 1408 4249 800 1408 4250 809 1409 4251 800 1409 4252 807 1409 4253 807 1410 4254 800 1410 4255 799 1410 4256 807 1411 4257 799 1411 4258 804 1411 4259 804 1412 4260 799 1412 4261 431 1412 4262 804 1413 4263 431 1413 4264 429 1413 4265 444 1414 4266 445 1414 4267 814 1414 4268 446 1415 4269 455 1415 4270 815 1415 4271 815 1416 4272 455 1416 4273 457 1416 4274 454 1417 4275 447 1417 4276 816 1417 4277 816 1418 4278 447 1418 4279 446 1418 4280 817 1419 4281 453 1419 4282 454 1419 4283 445 1420 4284 141 1420 4285 818 1420 4286 819 1421 4287 441 1421 4288 442 1421 4289 432 1422 4290 437 1422 4291 820 1422 4292 820 1423 4293 437 1423 4294 439 1423 4295 821 1424 4296 433 1424 4297 432 1424 4298 454 1425 4299 816 1425 4300 817 1425 4301 817 1426 4302 816 1426 4303 822 1426 4304 817 1427 4305 822 1427 4306 823 1427 4307 823 1428 4308 822 1428 4309 824 1428 4310 823 1429 4311 824 1429 4312 825 1429 4313 825 1430 4314 824 1430 4315 826 1430 4316 825 1431 4317 826 1431 4318 827 1431 4319 827 1432 4320 826 1432 4321 828 1432 4322 827 1433 4323 828 1433 4324 829 1433 4325 829 1434 4326 828 1434 4327 830 1434 4328 829 1435 4329 830 1435 4330 831 1435 4331 831 1436 4332 830 1436 4333 819 1436 4334 831 1437 4335 819 1437 4336 814 1437 4337 814 1438 4338 819 1438 4339 442 1438 4340 814 1439 4341 442 1439 4342 444 1439 4343 446 1440 4344 815 1440 4345 816 1440 4346 816 1441 4347 815 1441 4348 832 1441 4349 816 1442 4350 832 1442 4351 822 1442 4352 822 1443 4353 832 1443 4354 833 1443 4355 822 1444 4356 833 1444 4357 824 1444 4358 824 1445 4359 833 1445 4360 834 1445 4361 824 1446 4362 834 1446 4363 826 1446 4364 826 1447 4365 834 1447 4366 835 1447 4367 826 1448 4368 835 1448 4369 828 1448 4370 828 1449 4371 835 1449 4372 836 1449 4373 828 1450 4374 836 1450 4375 830 1450 4376 830 1451 4377 836 1451 4378 820 1451 4379 830 1452 4380 820 1452 4381 819 1452 4382 819 1453 4383 820 1453 4384 439 1453 4385 819 1454 4386 439 1454 4387 441 1454 4388 432 1455 4389 820 1455 4390 821 1455 4391 821 1456 4392 820 1456 4393 836 1456 4394 821 1457 4395 836 1457 4396 837 1457 4397 837 1458 4398 836 1458 4399 835 1458 4400 837 1459 4401 835 1459 4402 838 1459 4403 838 1460 4404 835 1460 4405 834 1460 4406 838 1461 4407 834 1461 4408 839 1461 4409 839 1462 4410 834 1462 4411 833 1462 4412 839 1463 4413 833 1463 4414 840 1463 4415 840 1464 4416 833 1464 4417 832 1464 4418 840 1465 4419 832 1465 4420 841 1465 4421 841 1466 4422 832 1466 4423 815 1466 4424 841 1467 4425 815 1467 4426 842 1467 4427 842 1468 4428 815 1468 4429 457 1468 4430 842 1469 4431 457 1469 4432 459 1469 4433 843 1470 4434 450 1470 4435 449 1470 4436 445 1471 4437 818 1471 4438 814 1471 4439 814 1472 4440 818 1472 4441 844 1472 4442 814 1473 4443 844 1473 4444 831 1473 4445 831 1474 4446 844 1474 4447 845 1474 4448 831 1475 4449 845 1475 4450 829 1475 4451 829 1476 4452 845 1476 4453 846 1476 4454 829 1477 4455 846 1477 4456 827 1477 4457 827 1478 4458 846 1478 4459 847 1478 4460 827 1479 4461 847 1479 4462 825 1479 4463 825 1480 4464 847 1480 4465 848 1480 4466 825 1481 4467 848 1481 4468 823 1481 4469 823 1482 4470 848 1482 4471 843 1482 4472 823 1483 4473 843 1483 4474 817 1483 4475 817 1484 4476 843 1484 4477 449 1484 4478 817 1485 4479 449 1485 4480 453 1485 4481 459 1486 4482 458 1486 4483 849 1486 4484 849 1487 4485 458 1487 4486 850 1487 4487 849 1488 4488 850 1488 4489 851 1488 4490 852 1489 4491 853 1489 4492 850 1489 4493 850 1490 4494 853 1490 4495 854 1490 4496 850 1491 4497 854 1491 4498 851 1491 4499 461 1492 4500 460 1492 4501 852 1492 4502 852 1493 4503 460 1493 4504 855 1493 4505 855 1494 4506 856 1494 4507 852 1494 4508 852 1495 4509 856 1495 4510 857 1495 4511 852 1496 4512 857 1496 4513 853 1496 4514 858 1497 4515 859 1497 4516 860 1497 4517 861 1498 4518 862 1498 4519 863 1498 4520 633 1499 4521 864 1499 4522 865 1499 4523 633 1500 4524 866 1500 4525 867 1500 4526 868 1501 4527 866 1501 4528 633 1501 4529 860 1502 4530 859 1502 4531 633 1502 4532 633 1503 4533 869 1503 4534 870 1503 4535 871 1504 4536 869 1504 4537 633 1504 4538 633 1505 4539 872 1505 4540 873 1505 4541 874 1506 4542 872 1506 4543 633 1506 4544 870 1507 4545 874 1507 4546 633 1507 4547 863 1508 4548 862 1508 4549 633 1508 4550 875 1509 4551 876 1509 4552 877 1509 4553 877 1510 4554 876 1510 4555 878 1510 4556 879 1511 4557 880 1511 4558 881 1511 4559 881 1512 4560 880 1512 4561 882 1512 4562 464 1513 4563 883 1513 4564 462 1513 4565 600 1514 4566 599 1514 4567 884 1514 4568 884 1515 4569 599 1515 4570 629 1515 4571 884 1516 4572 629 1516 4573 885 1516 4574 885 1517 4575 629 1517 4576 631 1517 4577 885 1518 4578 631 1518 4579 633 1518 4580 886 1519 4581 468 1519 4582 887 1519 4583 887 1520 4584 468 1520 4585 256 1520 4586 887 1521 4587 256 1521 4588 625 1521 4589 623 1522 4590 622 1522 4591 888 1522 4592 889 1523 4593 472 1523 4594 886 1523 4595 886 1524 4596 472 1524 4597 470 1524 4598 886 1525 4599 470 1525 4600 468 1525 4601 890 1526 4602 883 1526 4603 891 1526 4604 891 1527 4605 883 1527 4606 464 1527 4607 891 1528 4608 464 1528 4609 889 1528 4610 889 1529 4611 464 1529 4612 466 1529 4613 889 1530 4614 466 1530 4615 472 1530 4616 892 1531 4617 893 1531 4618 894 1531 4619 895 1532 4620 896 1532 4621 897 1532 4622 892 1533 4623 898 1533 4624 893 1533 4625 893 1534 4626 898 1534 4627 895 1534 4628 893 1535 4629 895 1535 4630 899 1535 4631 899 1536 4632 895 1536 4633 897 1536 4634 899 1537 4635 897 1537 4636 900 1537 4637 900 1538 4638 897 1538 4639 901 1538 4640 902 1539 4641 658 1539 4642 903 1539 4643 903 1540 4644 658 1540 4645 641 1540 4646 903 1541 4647 641 1541 4648 904 1541 4649 633 1542 4650 638 1542 4651 905 1542 4652 905 1543 4653 638 1543 4654 637 1543 4655 905 1544 4656 637 1544 4657 902 1544 4658 902 1545 4659 637 1545 4660 659 1545 4661 902 1546 4662 659 1546 4663 658 1546 4664 622 1547 4665 600 1547 4666 888 1547 4667 888 1548 4668 600 1548 4669 884 1548 4670 888 1549 4671 884 1549 4672 861 1549 4673 861 1550 4674 884 1550 4675 885 1550 4676 861 1551 4677 885 1551 4678 862 1551 4679 862 1552 4680 885 1552 4681 633 1552 4682 906 1553 4683 873 1553 4684 907 1553 4685 907 1554 4686 873 1554 4687 872 1554 4688 907 1555 4689 872 1555 4690 908 1555 4691 908 1556 4692 872 1556 4693 874 1556 4694 908 1557 4695 874 1557 4696 909 1557 4697 909 1558 4698 874 1558 4699 870 1558 4700 909 1559 4701 870 1559 4702 910 1559 4703 910 1560 4704 870 1560 4705 869 1560 4706 910 1561 4707 869 1561 4708 911 1561 4709 911 1562 4710 869 1562 4711 871 1562 4712 911 1563 4713 871 1563 4714 912 1563 4715 868 1564 4716 913 1564 4717 866 1564 4718 866 1565 4719 913 1565 4720 914 1565 4721 866 1566 4722 914 1566 4723 867 1566 4724 867 1567 4725 914 1567 4726 915 1567 4727 892 1568 4728 916 1568 4729 898 1568 4730 898 1569 4731 916 1569 4732 865 1569 4733 898 1570 4734 865 1570 4735 895 1570 4736 895 1571 4737 865 1571 4738 864 1571 4739 895 1572 4740 864 1572 4741 896 1572 4742 916 1573 4743 633 1573 4744 865 1573 4745 910 1574 4746 917 1574 4747 909 1574 4748 909 1575 4749 917 1575 4750 918 1575 4751 909 1576 4752 918 1576 4753 908 1576 4754 908 1577 4755 918 1577 4756 919 1577 4757 908 1578 4758 919 1578 4759 907 1578 4760 907 1579 4761 919 1579 4762 920 1579 4763 907 1580 4764 920 1580 4765 906 1580 4766 906 1581 4767 920 1581 4768 921 1581 4769 858 1582 4770 912 1582 4771 859 1582 4772 859 1583 4773 912 1583 4774 871 1583 4775 859 1584 4776 871 1584 4777 633 1584 4778 641 1585 4779 642 1585 4780 904 1585 4781 904 1586 4782 642 1586 4783 901 1586 4784 904 1587 4785 901 1587 4786 903 1587 4787 903 1588 4788 901 1588 4789 897 1588 4790 903 1589 4791 897 1589 4792 902 1589 4793 902 1590 4794 897 1590 4795 896 1590 4796 902 1591 4797 896 1591 4798 905 1591 4799 905 1592 4800 896 1592 4801 864 1592 4802 905 1593 4803 864 1593 4804 633 1593 4805 922 1594 4806 915 1594 4807 923 1594 4808 923 1595 4809 915 1595 4810 914 1595 4811 923 1596 4812 914 1596 4813 894 1596 4814 894 1597 4815 914 1597 4816 913 1597 4817 894 1598 4818 913 1598 4819 892 1598 4820 892 1599 4821 913 1599 4822 868 1599 4823 892 1600 4824 868 1600 4825 916 1600 4826 916 1601 4827 868 1601 4828 633 1601 4829 887 1602 4830 921 1602 4831 886 1602 4832 886 1603 4833 921 1603 4834 920 1603 4835 886 1604 4836 920 1604 4837 889 1604 4838 889 1605 4839 920 1605 4840 919 1605 4841 889 1606 4842 919 1606 4843 891 1606 4844 891 1607 4845 919 1607 4846 918 1607 4847 891 1608 4848 918 1608 4849 890 1608 4850 890 1609 4851 918 1609 4852 917 1609 4853 890 1610 4854 917 1610 4855 924 1610 4856 625 1611 4857 623 1611 4858 887 1611 4859 887 1612 4860 623 1612 4861 888 1612 4862 887 1613 4863 888 1613 4864 921 1613 4865 921 1614 4866 888 1614 4867 861 1614 4868 921 1615 4869 861 1615 4870 906 1615 4871 906 1616 4872 861 1616 4873 863 1616 4874 906 1617 4875 863 1617 4876 873 1617 4877 873 1618 4878 863 1618 4879 633 1618 4880 460 1619 4881 462 1619 4882 882 1619 4883 882 1620 4884 462 1620 4885 883 1620 4886 882 1621 4887 883 1621 4888 881 1621 4889 881 1622 4890 883 1622 4891 890 1622 4892 881 1623 4893 890 1623 4894 879 1623 4895 879 1624 4896 890 1624 4897 924 1624 4898 879 1625 4899 924 1625 4900 878 1625 4901 878 1626 4902 924 1626 4903 917 1626 4904 878 1627 4905 917 1627 4906 877 1627 4907 877 1628 4908 917 1628 4909 910 1628 4910 877 1629 4911 910 1629 4912 875 1629 4913 875 1630 4914 910 1630 4915 911 1630 4916 875 1631 4917 911 1631 4918 925 1631 4919 925 1632 4920 911 1632 4921 912 1632 4922 925 1633 4923 912 1633 4924 922 1633 4925 922 1634 4926 912 1634 4927 858 1634 4928 922 1635 4929 858 1635 4930 915 1635 4931 915 1636 4932 858 1636 4933 860 1636 4934 915 1637 4935 860 1637 4936 867 1637 4937 867 1638 4938 860 1638 4939 633 1638 4940 712 1639 4941 317 1639 4942 514 1639 4943 754 1640 4944 734 1640 4945 926 1640 4946 926 1641 4947 642 1641 4948 754 1641 4949 754 1642 4950 642 1642 4951 640 1642 4952 754 1643 4953 640 1643 4954 767 1643 4955 767 1644 4956 640 1644 4957 643 1644 4958 767 1645 4959 643 1645 4960 711 1645 4961 682 1646 4962 681 1646 4963 643 1646 4964 643 1647 4965 681 1647 4966 604 1647 4967 643 1648 4968 604 1648 4969 711 1648 4970 734 1649 4971 712 1649 4972 926 1649 4973 926 1650 4974 712 1650 4975 514 1650 4976 926 1651 4977 514 1651 4978 927 1651 4979 927 1652 4980 514 1652 4981 482 1652 4982 927 1653 4983 482 1653 4984 928 1653 4985 482 1654 4986 481 1654 4987 928 1654 4988 928 1655 4989 481 1655 4990 589 1655 4991 928 1656 4992 589 1656 4993 929 1656 4994 929 1657 4995 589 1657 4996 479 1657 4997 929 1658 4998 479 1658 4999 930 1658 5000 930 1659 5001 479 1659 5002 478 1659 5003 930 1660 5004 478 1660 5005 931 1660 5006 931 1661 5007 478 1661 5008 484 1661 5009 931 1662 5010 484 1662 5011 932 1662 5012 207 1663 5013 590 1663 5014 485 1663 5015 485 1664 5016 590 1664 5017 933 1664 5018 485 1665 5019 933 1665 5020 475 1665 5021 475 1666 5022 933 1666 5023 932 1666 5024 475 1667 5025 932 1667 5026 476 1667 5027 476 1668 5028 932 1668 5029 484 1668 5030 930 1669 5031 931 1669 5032 934 1669 5033 935 1670 5034 936 1670 5035 875 1670 5036 875 1671 5037 936 1671 5038 876 1671 5039 876 1672 5040 936 1672 5041 937 1672 5042 876 1673 5043 937 1673 5044 878 1673 5045 878 1674 5046 937 1674 5047 938 1674 5048 878 1675 5049 938 1675 5050 879 1675 5051 879 1676 5052 938 1676 5053 939 1676 5054 879 1677 5055 939 1677 5056 880 1677 5057 939 1678 5058 940 1678 5059 880 1678 5060 880 1679 5061 940 1679 5062 941 1679 5063 880 1680 5064 941 1680 5065 882 1680 5066 882 1681 5067 941 1681 5068 855 1681 5069 882 1682 5070 855 1682 5071 460 1682 5072 942 1683 5073 842 1683 5074 849 1683 5075 849 1684 5076 842 1684 5077 459 1684 5078 942 1685 5079 943 1685 5080 842 1685 5081 842 1686 5082 943 1686 5083 944 1686 5084 842 1687 5085 944 1687 5086 841 1687 5087 841 1688 5088 944 1688 5089 945 1688 5090 841 1689 5091 945 1689 5092 840 1689 5093 840 1690 5094 945 1690 5095 946 1690 5096 840 1691 5097 946 1691 5098 839 1691 5099 839 1692 5100 946 1692 5101 947 1692 5102 839 1693 5103 947 1693 5104 838 1693 5105 838 1694 5106 947 1694 5107 948 1694 5108 838 1695 5109 948 1695 5110 837 1695 5111 837 1696 5112 948 1696 5113 949 1696 5114 837 1697 5115 949 1697 5116 821 1697 5117 950 1698 5118 433 1698 5119 951 1698 5120 951 1699 5121 433 1699 5122 821 1699 5123 951 1700 5124 821 1700 5125 952 1700 5126 952 1701 5127 821 1701 5128 949 1701 5129 813 1702 5130 812 1702 5131 950 1702 5132 950 1703 5133 812 1703 5134 796 1703 5135 950 1704 5136 796 1704 5137 433 1704 5138 950 1705 5139 953 1705 5140 813 1705 5141 813 1706 5142 953 1706 5143 954 1706 5144 813 1707 5145 954 1707 5146 800 1707 5147 800 1708 5148 954 1708 5149 803 1708 5150 954 1709 5151 955 1709 5152 803 1709 5153 803 1710 5154 955 1710 5155 956 1710 5156 803 1711 5157 956 1711 5158 802 1711 5159 933 1712 5160 590 1712 5161 956 1712 5162 956 1713 5163 590 1713 5164 801 1713 5165 956 1714 5166 801 1714 5167 802 1714 5168 901 1715 5169 642 1715 5170 926 1715 5171 926 1716 5172 957 1716 5173 901 1716 5174 901 1717 5175 957 1717 5176 958 1717 5177 901 1718 5178 958 1718 5179 900 1718 5180 875 1719 5181 925 1719 5182 935 1719 5183 935 1720 5184 925 1720 5185 922 1720 5186 935 1721 5187 922 1721 5188 959 1721 5189 959 1722 5190 922 1722 5191 923 1722 5192 959 1723 5193 923 1723 5194 960 1723 5195 960 1724 5196 923 1724 5197 894 1724 5198 960 1725 5199 894 1725 5200 961 1725 5201 961 1726 5202 894 1726 5203 893 1726 5204 961 1727 5205 893 1727 5206 962 1727 5207 962 1728 5208 893 1728 5209 899 1728 5210 962 1729 5211 899 1729 5212 963 1729 5213 963 1730 5214 899 1730 5215 900 1730 5216 963 1731 5217 900 1731 5218 964 1731 5219 964 1732 5220 900 1732 5221 958 1732 5222 853 1733 5223 857 1733 5224 965 1733 5225 965 1734 5226 857 1734 5227 966 1734 5228 965 1735 5229 966 1735 5230 967 1735 5231 967 1736 5232 966 1736 5233 968 1736 5234 967 1737 5235 968 1737 5236 969 1737 5237 969 1738 5238 968 1738 5239 970 1738 5240 969 1739 5241 970 1739 5242 971 1739 5243 971 1740 5244 970 1740 5245 972 1740 5246 971 1741 5247 972 1741 5248 973 1741 5249 973 1742 5250 972 1742 5251 974 1742 5252 973 1743 5253 974 1743 5254 975 1743 5255 975 1744 5256 974 1744 5257 976 1744 5258 975 1745 5259 976 1745 5260 977 1745 5261 977 1746 5262 976 1746 5263 978 1746 5264 977 1747 5265 978 1747 5266 979 1747 5267 979 1748 5268 978 1748 5269 980 1748 5270 979 1749 5271 980 1749 5272 981 1749 5273 981 1750 5274 980 1750 5275 982 1750 5276 981 1751 5277 982 1751 5278 983 1751 5279 983 1752 5280 982 1752 5281 984 1752 5282 983 1753 5283 984 1753 5284 985 1753 5285 985 1754 5286 984 1754 5287 986 1754 5288 985 1755 5289 986 1755 5290 987 1755 5291 987 1756 5292 986 1756 5293 988 1756 5294 987 1757 5295 988 1757 5296 989 1757 5297 989 1758 5298 988 1758 5299 990 1758 5300 989 1759 5301 990 1759 5302 991 1759 5303 991 1760 5304 990 1760 5305 992 1760 5306 991 1761 5307 992 1761 5308 993 1761 5309 993 1762 5310 992 1762 5311 994 1762 5312 993 1763 5313 994 1763 5314 929 1763 5315 929 1764 5316 994 1764 5317 928 1764 5318 857 1765 5319 856 1765 5320 966 1765 5321 966 1766 5322 856 1766 5323 995 1766 5324 966 1767 5325 995 1767 5326 968 1767 5327 968 1768 5328 995 1768 5329 996 1768 5330 968 1769 5331 996 1769 5332 970 1769 5333 970 1770 5334 996 1770 5335 997 1770 5336 970 1771 5337 997 1771 5338 972 1771 5339 972 1772 5340 997 1772 5341 998 1772 5342 972 1773 5343 998 1773 5344 974 1773 5345 974 1774 5346 998 1774 5347 999 1774 5348 974 1775 5349 999 1775 5350 976 1775 5351 976 1776 5352 999 1776 5353 1000 1776 5354 976 1777 5355 1000 1777 5356 978 1777 5357 978 1778 5358 1000 1778 5359 1001 1778 5360 978 1779 5361 1001 1779 5362 980 1779 5363 980 1780 5364 1001 1780 5365 1002 1780 5366 980 1781 5367 1002 1781 5368 982 1781 5369 982 1782 5370 1002 1782 5371 1003 1782 5372 982 1783 5373 1003 1783 5374 984 1783 5375 984 1784 5376 1003 1784 5377 1004 1784 5378 984 1785 5379 1004 1785 5380 986 1785 5381 986 1786 5382 1004 1786 5383 1005 1786 5384 986 1787 5385 1005 1787 5386 988 1787 5387 988 1788 5388 1005 1788 5389 1006 1788 5390 988 1789 5391 1006 1789 5392 990 1789 5393 990 1790 5394 1006 1790 5395 1007 1790 5396 990 1791 5397 1007 1791 5398 992 1791 5399 992 1792 5400 1007 1792 5401 1008 1792 5402 992 1793 5403 1008 1793 5404 994 1793 5405 994 1794 5406 1008 1794 5407 1009 1794 5408 994 1795 5409 1009 1795 5410 928 1795 5411 928 1796 5412 1009 1796 5413 927 1796 5414 856 1797 5415 855 1797 5416 995 1797 5417 995 1798 5418 855 1798 5419 941 1798 5420 995 1799 5421 941 1799 5422 996 1799 5423 996 1800 5424 941 1800 5425 940 1800 5426 996 1801 5427 940 1801 5428 997 1801 5429 997 1802 5430 940 1802 5431 939 1802 5432 997 1803 5433 939 1803 5434 998 1803 5435 998 1804 5436 939 1804 5437 938 1804 5438 998 1805 5439 938 1805 5440 999 1805 5441 999 1806 5442 938 1806 5443 937 1806 5444 999 1807 5445 937 1807 5446 1000 1807 5447 1000 1808 5448 937 1808 5449 936 1808 5450 1000 1809 5451 936 1809 5452 1001 1809 5453 1001 1810 5454 936 1810 5455 935 1810 5456 1001 1811 5457 935 1811 5458 1002 1811 5459 1002 1812 5460 935 1812 5461 959 1812 5462 1002 1813 5463 959 1813 5464 1003 1813 5465 1003 1814 5466 959 1814 5467 960 1814 5468 1003 1815 5469 960 1815 5470 1004 1815 5471 1004 1816 5472 960 1816 5473 961 1816 5474 1004 1817 5475 961 1817 5476 1005 1817 5477 1005 1818 5478 961 1818 5479 962 1818 5480 1005 1819 5481 962 1819 5482 1006 1819 5483 1006 1820 5484 962 1820 5485 963 1820 5486 1006 1821 5487 963 1821 5488 1007 1821 5489 1007 1822 5490 963 1822 5491 964 1822 5492 1007 1823 5493 964 1823 5494 1008 1823 5495 1008 1824 5496 964 1824 5497 958 1824 5498 1008 1825 5499 958 1825 5500 1009 1825 5501 1009 1826 5502 958 1826 5503 957 1826 5504 1009 1827 5505 957 1827 5506 927 1827 5507 927 1828 5508 957 1828 5509 926 1828 5510 851 1829 5511 854 1829 5512 1010 1829 5513 1010 1830 5514 854 1830 5515 1011 1830 5516 1010 1831 5517 1011 1831 5518 1012 1831 5519 1012 1832 5520 1011 1832 5521 1013 1832 5522 1012 1833 5523 1013 1833 5524 1014 1833 5525 1014 1834 5526 1013 1834 5527 1015 1834 5528 1014 1835 5529 1015 1835 5530 1016 1835 5531 1016 1836 5532 1015 1836 5533 1017 1836 5534 1016 1837 5535 1017 1837 5536 1018 1837 5537 1018 1838 5538 1017 1838 5539 1019 1838 5540 1018 1839 5541 1019 1839 5542 1020 1839 5543 1020 1840 5544 1019 1840 5545 1021 1840 5546 1020 1841 5547 1021 1841 5548 1022 1841 5549 1022 1842 5550 1021 1842 5551 1023 1842 5552 1022 1843 5553 1023 1843 5554 1024 1843 5555 1024 1844 5556 1023 1844 5557 1025 1844 5558 1024 1845 5559 1025 1845 5560 1026 1845 5561 1026 1846 5562 1025 1846 5563 1027 1846 5564 1026 1847 5565 1027 1847 5566 1028 1847 5567 1028 1848 5568 1027 1848 5569 1029 1848 5570 1028 1849 5571 1029 1849 5572 1030 1849 5573 1030 1850 5574 1029 1850 5575 1031 1850 5576 1030 1851 5577 1031 1851 5578 1032 1851 5579 1032 1852 5580 1031 1852 5581 1033 1852 5582 1032 1853 5583 1033 1853 5584 1034 1853 5585 1034 1854 5586 1033 1854 5587 1035 1854 5588 1034 1855 5589 1035 1855 5590 1036 1855 5591 1036 1856 5592 1035 1856 5593 1037 1856 5594 1036 1857 5595 1037 1857 5596 1038 1857 5597 1038 1858 5598 1037 1858 5599 934 1858 5600 1038 1859 5601 934 1859 5602 932 1859 5603 932 1860 5604 934 1860 5605 931 1860 5606 849 1861 5607 851 1861 5608 942 1861 5609 942 1862 5610 851 1862 5611 1010 1862 5612 942 1863 5613 1010 1863 5614 943 1863 5615 943 1864 5616 1010 1864 5617 1012 1864 5618 943 1865 5619 1012 1865 5620 944 1865 5621 944 1866 5622 1012 1866 5623 1014 1866 5624 944 1867 5625 1014 1867 5626 945 1867 5627 945 1868 5628 1014 1868 5629 1016 1868 5630 945 1869 5631 1016 1869 5632 946 1869 5633 946 1870 5634 1016 1870 5635 1018 1870 5636 946 1871 5637 1018 1871 5638 947 1871 5639 947 1872 5640 1018 1872 5641 1020 1872 5642 947 1873 5643 1020 1873 5644 948 1873 5645 948 1874 5646 1020 1874 5647 1022 1874 5648 948 1875 5649 1022 1875 5650 949 1875 5651 949 1876 5652 1022 1876 5653 1024 1876 5654 949 1877 5655 1024 1877 5656 952 1877 5657 952 1878 5658 1024 1878 5659 1026 1878 5660 952 1879 5661 1026 1879 5662 951 1879 5663 951 1880 5664 1026 1880 5665 1028 1880 5666 951 1881 5667 1028 1881 5668 950 1881 5669 950 1882 5670 1028 1882 5671 1030 1882 5672 950 1883 5673 1030 1883 5674 953 1883 5675 953 1884 5676 1030 1884 5677 1032 1884 5678 953 1885 5679 1032 1885 5680 954 1885 5681 954 1886 5682 1032 1886 5683 1034 1886 5684 954 1887 5685 1034 1887 5686 955 1887 5687 955 1888 5688 1034 1888 5689 1036 1888 5690 955 1889 5691 1036 1889 5692 956 1889 5693 956 1890 5694 1036 1890 5695 1038 1890 5696 956 1891 5697 1038 1891 5698 933 1891 5699 933 1892 5700 1038 1892 5701 932 1892 5702 854 1893 5703 853 1893 5704 1011 1893 5705 1011 1894 5706 853 1894 5707 965 1894 5708 1011 1895 5709 965 1895 5710 1013 1895 5711 1013 1896 5712 965 1896 5713 967 1896 5714 1013 1897 5715 967 1897 5716 1015 1897 5717 1015 1898 5718 967 1898 5719 969 1898 5720 1015 1899 5721 969 1899 5722 1017 1899 5723 1017 1900 5724 969 1900 5725 971 1900 5726 1017 1901 5727 971 1901 5728 1019 1901 5729 1019 1902 5730 971 1902 5731 973 1902 5732 1019 1903 5733 973 1903 5734 1021 1903 5735 1021 1904 5736 973 1904 5737 975 1904 5738 1021 1905 5739 975 1905 5740 1023 1905 5741 1023 1906 5742 975 1906 5743 977 1906 5744 1023 1907 5745 977 1907 5746 1025 1907 5747 1025 1908 5748 977 1908 5749 979 1908 5750 1025 1909 5751 979 1909 5752 1027 1909 5753 1027 1910 5754 979 1910 5755 981 1910 5756 1027 1911 5757 981 1911 5758 1029 1911 5759 1029 1912 5760 981 1912 5761 983 1912 5762 1029 1913 5763 983 1913 5764 1031 1913 5765 1031 1914 5766 983 1914 5767 985 1914 5768 1031 1915 5769 985 1915 5770 1033 1915 5771 1033 1916 5772 985 1916 5773 987 1916 5774 1033 1917 5775 987 1917 5776 1035 1917 5777 1035 1918 5778 987 1918 5779 989 1918 5780 1035 1919 5781 989 1919 5782 1037 1919 5783 1037 1920 5784 989 1920 5785 991 1920 5786 1037 1921 5787 991 1921 5788 934 1921 5789 934 1922 5790 991 1922 5791 993 1922 5792 934 1923 5793 993 1923 5794 930 1923 5795 930 1924 5796 993 1924 5797 929 1924 5798 1039 1925 5799 1040 1925 5800 1041 1925 5801 1041 1926 5802 1040 1926 5803 1042 1926 5804 1043 1926 5805 1044 1926 5806 1045 1926 5807 1045 1925 5808 1044 1925 5809 1046 1925 5810 1039 1927 5811 1041 1927 5812 1047 1927 5813 1047 1928 5814 1041 1928 5815 1048 1928 5816 1047 1929 5817 1048 1929 5818 1049 1929 5819 1047 0 5820 1049 0 5821 1039 0 5822 1039 0 5823 1049 0 5824 1050 0 5825 1039 0 5826 1050 0 5827 1040 0 5828 1043 0 5829 1051 0 5830 1044 0 5831 1044 0 5832 1051 0 5833 1052 0 5834 1044 1930 5835 1052 1930 5836 1053 1930 5837 1046 1931 5838 1044 1931 5839 1054 1931 5840 1054 1932 5841 1044 1932 5842 1053 1932 5843 1054 1933 5844 1053 1933 5845 1052 1933 5846 1055 0 5847 1056 0 5848 1057 0 5849 1058 0 5850 1059 0 5851 1060 0 5852 1061 0 5853 1062 0 5854 1063 0 5855 1060 0 5856 1059 0 5857 1064 0 5858 1063 0 5859 1062 0 5860 1065 0 5861 1057 1934 5862 1056 1934 5863 1066 1934 5864 1067 1935 5865 1068 1935 5866 1069 1935 5867 1062 0 5868 1070 0 5869 1065 0 5870 1065 0 5871 1070 0 5872 1071 0 5873 1065 0 5874 1071 0 5875 1072 0 5876 1072 0 5877 1071 0 5878 1073 0 5879 1072 0 5880 1073 0 5881 1057 0 5882 1057 0 5883 1073 0 5884 1074 0 5885 1057 0 5886 1074 0 5887 1055 0 5888 1075 0 5889 1076 0 5890 1077 0 5891 1078 0 5892 1079 0 5893 1080 0 5894 1080 1936 5895 1081 1936 5896 1078 1936 5897 1078 0 5898 1081 0 5899 1082 0 5900 1078 0 5901 1082 0 5902 1076 0 5903 1076 1937 5904 1082 1937 5905 1083 1937 5906 1076 0 5907 1083 0 5908 1077 0 5909 1084 0 5910 1085 0 5911 1086 0 5912 1087 0 5913 1088 0 5914 1089 0 5915 1089 0 5916 1088 0 5917 1090 0 5918 1089 0 5919 1090 0 5920 1091 0 5921 1056 1938 5922 1092 1938 5923 1066 1938 5924 1066 1939 5925 1092 1939 5926 1093 1939 5927 1066 1940 5928 1093 1940 5929 1094 1940 5930 1086 0 5931 1085 0 5932 1068 0 5933 1068 0 5934 1085 0 5935 1095 0 5936 1068 0 5937 1095 0 5938 1069 0 5939 1063 0 5940 1096 0 5941 1061 0 5942 1061 0 5943 1096 0 5944 1097 0 5945 1061 0 5946 1097 0 5947 1098 0 5948 1098 0 5949 1097 0 5950 1099 0 5951 1098 0 5952 1099 0 5953 1089 0 5954 1089 1941 5955 1099 1941 5956 1100 1941 5957 1089 1942 5958 1100 1942 5959 1087 1942 5960 1077 0 5961 1101 0 5962 1075 0 5963 1075 0 5964 1101 0 5965 1102 0 5966 1075 0 5967 1102 0 5968 1103 0 5969 1103 1943 5970 1102 1943 5971 1066 1943 5972 1103 1944 5973 1066 1944 5974 1104 1944 5975 1104 1945 5976 1066 1945 5977 1094 1945 5978 1069 0 5979 1105 0 5980 1067 0 5981 1067 0 5982 1105 0 5983 1106 0 5984 1067 1946 5985 1106 1946 5986 1107 1946 5987 1107 0 5988 1106 0 5989 1108 0 5990 1107 0 5991 1108 0 5992 1079 0 5993 1079 0 5994 1108 0 5995 1109 0 5996 1079 1947 5997 1109 1947 5998 1080 1947 5999 1059 0 6000 1110 0 6001 1064 0 6002 1064 0 6003 1110 0 6004 1111 0 6005 1064 0 6006 1111 0 6007 1112 0 6008 1112 0 6009 1111 0 6010 1113 0 6011 1112 0 6012 1113 0 6013 1114 0 6014 1114 0 6015 1113 0 6016 1115 0 6017 1114 0 6018 1115 0 6019 1116 0 6020 1116 0 6021 1115 0 6022 1117 0 6023 1116 0 6024 1117 0 6025 1118 0 6026 1119 0 6027 1120 0 6028 1121 0 6029 1084 0 6030 1086 0 6031 1122 0 6032 1122 0 6033 1086 0 6034 1123 0 6035 1122 0 6036 1123 0 6037 1060 0 6038 1060 0 6039 1123 0 6040 1124 0 6041 1060 0 6042 1124 0 6043 1058 0 6044 1120 1948 6045 1125 1948 6046 1121 1948 6047 1121 1949 6048 1125 1949 6049 1126 1949 6050 1121 0 6051 1126 0 6052 1127 0 6053 1127 0 6054 1126 0 6055 1128 0 6056 1127 0 6057 1128 0 6058 1129 0 6059 1129 0 6060 1128 0 6061 1130 0 6062 1129 0 6063 1130 0 6064 1131 0 6065 1131 0 6066 1130 0 6067 1132 0 6068 1131 0 6069 1132 0 6070 1133 0 6071 1133 0 6072 1132 0 6073 1118 0 6074 1133 0 6075 1118 0 6076 1134 0 6077 1134 0 6078 1118 0 6079 1117 0 6080 1135 0 6081 1136 0 6082 1121 0 6083 1121 0 6084 1136 0 6085 1137 0 6086 1121 0 6087 1137 0 6088 1119 0 6089 1138 1950 6090 1139 1950 6091 1066 1950 6092 1140 1951 6093 1141 1951 6094 1139 1951 6095 1142 1952 6096 1143 1952 6097 1141 1952 6098 257 1953 6099 1143 1953 6100 259 1953 6101 259 1954 6102 1143 1954 6103 1142 1954 6104 259 1955 6105 1142 1955 6106 260 1955 6107 260 1956 6108 1142 1956 6109 1144 1956 6110 260 1957 6111 1144 1957 6112 254 1957 6113 254 1958 6114 1144 1958 6115 1145 1958 6116 248 1959 6117 250 1959 6118 1145 1959 6119 1145 1960 6120 250 1960 6121 252 1960 6122 1145 1961 6123 252 1961 6124 254 1961 6125 1145 1962 6126 1146 1962 6127 248 1962 6128 248 1963 6129 1146 1963 6130 1147 1963 6131 248 1964 6132 1147 1964 6133 245 1964 6134 245 1965 6135 1147 1965 6136 1148 1965 6137 1149 1966 6138 236 1966 6139 1150 1966 6140 1150 1967 6141 236 1967 6142 238 1967 6143 1150 1968 6144 238 1968 6145 1151 1968 6146 1151 1969 6147 238 1969 6148 240 1969 6149 1151 1970 6150 240 1970 6151 1148 1970 6152 1148 1971 6153 240 1971 6154 243 1971 6155 1148 1972 6156 243 1972 6157 245 1972 6158 1066 1973 6159 1102 1973 6160 1138 1973 6161 1138 1974 6162 1102 1974 6163 1101 1974 6164 1138 1975 6165 1101 1975 6166 1152 1975 6167 1152 1976 6168 1101 1976 6169 1077 1976 6170 1152 1977 6171 1077 1977 6172 1153 1977 6173 1153 1978 6174 1077 1978 6175 1083 1978 6176 1153 1979 6177 1083 1979 6178 1154 1979 6179 1154 1980 6180 1083 1980 6181 1082 1980 6182 1154 1981 6183 1082 1981 6184 1155 1981 6185 1155 1982 6186 1082 1982 6187 1081 1982 6188 1155 1983 6189 1081 1983 6190 1156 1983 6191 1156 1984 6192 1081 1984 6193 1080 1984 6194 1156 1985 6195 1080 1985 6196 1157 1985 6197 1157 1986 6198 1080 1986 6199 1109 1986 6200 1157 1987 6201 1109 1987 6202 1158 1987 6203 1158 1988 6204 1109 1988 6205 1108 1988 6206 1158 1989 6207 1108 1989 6208 1159 1989 6209 1159 1990 6210 1108 1990 6211 1106 1990 6212 1159 1991 6213 1106 1991 6214 1160 1991 6215 1160 1992 6216 1106 1992 6217 1105 1992 6218 1160 1993 6219 1105 1993 6220 1161 1993 6221 1161 1994 6222 1105 1994 6223 1069 1994 6224 1161 1995 6225 1069 1995 6226 1162 1995 6227 1162 1996 6228 1069 1996 6229 1095 1996 6230 1162 1997 6231 1095 1997 6232 1163 1997 6233 1163 1998 6234 1095 1998 6235 1085 1998 6236 1163 1999 6237 1085 1999 6238 1164 1999 6239 1139 2000 6240 1138 2000 6241 1140 2000 6242 1140 2001 6243 1138 2001 6244 1152 2001 6245 1140 2002 6246 1152 2002 6247 1165 2002 6248 1165 2003 6249 1152 2003 6250 1153 2003 6251 1165 2004 6252 1153 2004 6253 1166 2004 6254 1166 2005 6255 1153 2005 6256 1154 2005 6257 1166 2006 6258 1154 2006 6259 1167 2006 6260 1167 2007 6261 1154 2007 6262 1155 2007 6263 1167 2008 6264 1155 2008 6265 1168 2008 6266 1168 2009 6267 1155 2009 6268 1156 2009 6269 1168 2010 6270 1156 2010 6271 1169 2010 6272 1169 2011 6273 1156 2011 6274 1157 2011 6275 1169 2012 6276 1157 2012 6277 1170 2012 6278 1170 2013 6279 1157 2013 6280 1158 2013 6281 1170 2014 6282 1158 2014 6283 1171 2014 6284 1171 2015 6285 1158 2015 6286 1159 2015 6287 1171 2016 6288 1159 2016 6289 1172 2016 6290 1172 2017 6291 1159 2017 6292 1160 2017 6293 1172 2018 6294 1160 2018 6295 1173 2018 6296 1173 2019 6297 1160 2019 6298 1161 2019 6299 1173 2020 6300 1161 2020 6301 1174 2020 6302 1174 2021 6303 1161 2021 6304 1162 2021 6305 1174 2022 6306 1162 2022 6307 1175 2022 6308 1175 2023 6309 1162 2023 6310 1163 2023 6311 1175 2024 6312 1163 2024 6313 1176 2024 6314 1176 2025 6315 1163 2025 6316 1164 2025 6317 1176 2026 6318 1164 2026 6319 1177 2026 6320 1141 2027 6321 1140 2027 6322 1142 2027 6323 1142 2028 6324 1140 2028 6325 1165 2028 6326 1142 2029 6327 1165 2029 6328 1144 2029 6329 1144 2030 6330 1165 2030 6331 1166 2030 6332 1144 2031 6333 1166 2031 6334 1145 2031 6335 1145 2032 6336 1166 2032 6337 1167 2032 6338 1145 2033 6339 1167 2033 6340 1146 2033 6341 1146 2034 6342 1167 2034 6343 1168 2034 6344 1146 2035 6345 1168 2035 6346 1147 2035 6347 1147 2036 6348 1168 2036 6349 1169 2036 6350 1147 2037 6351 1169 2037 6352 1148 2037 6353 1148 2038 6354 1169 2038 6355 1170 2038 6356 1148 2039 6357 1170 2039 6358 1151 2039 6359 1151 2040 6360 1170 2040 6361 1171 2040 6362 1151 2041 6363 1171 2041 6364 1150 2041 6365 1150 2042 6366 1171 2042 6367 1172 2042 6368 1150 2043 6369 1172 2043 6370 1149 2043 6371 1149 2044 6372 1172 2044 6373 1173 2044 6374 1149 2045 6375 1173 2045 6376 1178 2045 6377 1178 2046 6378 1173 2046 6379 1174 2046 6380 1178 2047 6381 1174 2047 6382 1179 2047 6383 1179 2048 6384 1174 2048 6385 1175 2048 6386 1179 2049 6387 1175 2049 6388 1180 2049 6389 1180 2050 6390 1175 2050 6391 1176 2050 6392 1180 2051 6393 1176 2051 6394 1181 2051 6395 1181 2052 6396 1176 2052 6397 1177 2052 6398 1181 2053 6399 1177 2053 6400 1182 2053 6401 278 2054 6402 276 2054 6403 1182 2054 6404 1182 2055 6405 276 2055 6406 263 2055 6407 1182 2056 6408 263 2056 6409 1181 2056 6410 1181 2057 6411 263 2057 6412 271 2057 6413 1181 2058 6414 271 2058 6415 1180 2058 6416 1180 2059 6417 271 2059 6418 267 2059 6419 1180 2060 6420 267 2060 6421 1179 2060 6422 1179 2061 6423 267 2061 6424 269 2061 6425 1179 2062 6426 269 2062 6427 1178 2062 6428 1178 2063 6429 269 2063 6430 270 2063 6431 1178 2064 6432 270 2064 6433 1149 2064 6434 1149 2065 6435 270 2065 6436 264 2065 6437 1149 2066 6438 264 2066 6439 236 2066 6440 280 2067 6441 278 2067 6442 1183 2067 6443 1183 2068 6444 278 2068 6445 1182 2068 6446 1183 2069 6447 1182 2069 6448 1184 2069 6449 1184 2070 6450 1182 2070 6451 1177 2070 6452 1184 2071 6453 1177 2071 6454 1185 2071 6455 1185 2072 6456 1177 2072 6457 1164 2072 6458 1185 2073 6459 1164 2073 6460 1084 2073 6461 1084 2074 6462 1164 2074 6463 1085 2074 6464 156 2075 6465 280 2075 6466 1186 2075 6467 1186 2076 6468 280 2076 6469 1183 2076 6470 1186 2077 6471 1183 2077 6472 1187 2077 6473 1187 2078 6474 1183 2078 6475 1184 2078 6476 1187 2079 6477 1184 2079 6478 1188 2079 6479 1188 2080 6480 1184 2080 6481 1185 2080 6482 1188 2081 6483 1185 2081 6484 1122 2081 6485 1122 2082 6486 1185 2082 6487 1084 2082 6488 1130 2083 6489 1189 2083 6490 1132 2083 6491 1132 2084 6492 1189 2084 6493 1190 2084 6494 1132 2085 6495 1190 2085 6496 1118 2085 6497 1118 2086 6498 1190 2086 6499 1116 2086 6500 1116 2087 6501 1190 2087 6502 1191 2087 6503 1116 2088 6504 1191 2088 6505 1114 2088 6506 1114 2089 6507 1191 2089 6508 1192 2089 6509 1114 2090 6510 1192 2090 6511 1112 2090 6512 1112 2091 6513 1192 2091 6514 1193 2091 6515 1112 2092 6516 1193 2092 6517 1064 2092 6518 1064 2093 6519 1193 2093 6520 1194 2093 6521 1064 2094 6522 1194 2094 6523 1060 2094 6524 1060 2095 6525 1194 2095 6526 1188 2095 6527 1060 2096 6528 1188 2096 6529 1122 2096 6530 154 2097 6531 156 2097 6532 1186 2097 6533 1195 2098 6534 1196 2098 6535 1197 2098 6536 1197 2099 6537 1196 2099 6538 1198 2099 6539 1197 2100 6540 1198 2100 6541 1199 2100 6542 154 2101 6543 1200 2101 6544 152 2101 6545 152 2102 6546 1200 2102 6547 1201 2102 6548 152 2103 6549 1201 2103 6550 144 2103 6551 144 2104 6552 1201 2104 6553 1199 2104 6554 144 2105 6555 1199 2105 6556 145 2105 6557 145 2106 6558 1199 2106 6559 1198 2106 6560 145 2107 6561 1198 2107 6562 148 2107 6563 1130 2108 6564 1195 2108 6565 1189 2108 6566 1189 2109 6567 1195 2109 6568 1202 2109 6569 1189 2110 6570 1202 2110 6571 1190 2110 6572 1190 2111 6573 1202 2111 6574 1203 2111 6575 1190 2112 6576 1203 2112 6577 1191 2112 6578 1191 2113 6579 1203 2113 6580 1204 2113 6581 1191 2114 6582 1204 2114 6583 1192 2114 6584 1192 2115 6585 1204 2115 6586 1205 2115 6587 1192 2116 6588 1205 2116 6589 1193 2116 6590 1193 2117 6591 1205 2117 6592 1206 2117 6593 1193 2118 6594 1206 2118 6595 1194 2118 6596 1194 2119 6597 1206 2119 6598 1187 2119 6599 1194 2120 6600 1187 2120 6601 1188 2120 6602 1195 2121 6603 1197 2121 6604 1202 2121 6605 1202 2122 6606 1197 2122 6607 1199 2122 6608 1202 2123 6609 1199 2123 6610 1203 2123 6611 1203 2124 6612 1199 2124 6613 1201 2124 6614 1203 2125 6615 1201 2125 6616 1204 2125 6617 1204 2126 6618 1201 2126 6619 1200 2126 6620 1204 2127 6621 1200 2127 6622 1205 2127 6623 1205 2128 6624 1200 2128 6625 154 2128 6626 1205 2129 6627 154 2129 6628 1206 2129 6629 1206 2130 6630 154 2130 6631 1186 2130 6632 1206 2131 6633 1186 2131 6634 1187 2131 6635 1207 2132 6636 1208 2132 6637 1209 2132 6638 1209 2133 6639 1208 2133 6640 1210 2133 6641 1126 2134 6642 1125 2134 6643 1207 2134 6644 1207 2135 6645 1209 2135 6646 1126 2135 6647 1126 2136 6648 1209 2136 6649 1211 2136 6650 1126 2137 6651 1211 2137 6652 1128 2137 6653 1212 2138 6654 1196 2138 6655 1195 2138 6656 162 2139 6657 148 2139 6658 1198 2139 6659 125 2140 6660 159 2140 6661 1213 2140 6662 1213 2141 6663 159 2141 6664 162 2141 6665 1213 2142 6666 162 2142 6667 1212 2142 6668 1212 2143 6669 162 2143 6670 1198 2143 6671 1212 2144 6672 1198 2144 6673 1196 2144 6674 1130 2145 6675 1128 2145 6676 1195 2145 6677 1195 2146 6678 1128 2146 6679 1211 2146 6680 1195 2147 6681 1211 2147 6682 1212 2147 6683 1212 2148 6684 1211 2148 6685 1209 2148 6686 1212 2149 6687 1209 2149 6688 1213 2149 6689 1213 2150 6690 1209 2150 6691 1210 2150 6692 1213 2151 6693 1210 2151 6694 125 2151 6695 1214 2152 6696 1215 2152 6697 76 2152 6698 1049 2152 6699 1216 2152 6700 1217 2152 6701 450 2153 6702 843 2153 6703 1049 2153 6704 1049 2154 6705 843 2154 6706 848 2154 6707 1049 2155 6708 848 2155 6709 847 2155 6710 1217 2152 6711 1218 2152 6712 1049 2152 6713 1049 2156 6714 1218 2156 6715 451 2156 6716 1049 2157 6717 451 2157 6718 450 2157 6719 847 2158 6720 846 2158 6721 1049 2158 6722 1049 2159 6723 846 2159 6724 845 2159 6725 1049 2160 6726 845 2160 6727 844 2160 6728 107 2161 6729 1050 2161 6730 141 2161 6731 141 2162 6732 1050 2162 6733 1049 2162 6734 141 2163 6735 1049 2163 6736 818 2163 6737 818 2164 6738 1049 2164 6739 844 2164 6740 23 2165 6741 24 2165 6742 1049 2165 6743 1049 2152 6744 24 2152 6745 1219 2152 6746 1049 2152 6747 1219 2152 6748 1216 2152 6749 139 2166 6750 1220 2166 6751 76 2166 6752 76 2152 6753 1220 2152 6754 1221 2152 6755 76 2152 6756 1221 2152 6757 1214 2152 6758 1045 2152 6759 12 2152 6760 1051 2152 6761 1051 2152 6762 12 2152 6763 13 2152 6764 1051 2152 6765 13 2152 6766 1042 2152 6767 1042 2167 6768 13 2167 6769 92 2167 6770 1042 2152 6771 92 2152 6772 1041 2152 6773 1041 2152 6774 92 2152 6775 48 2152 6776 1041 2168 6777 48 2168 6778 1048 2168 6779 1046 2152 6780 77 2152 6781 1045 2152 6782 1045 2152 6783 77 2152 6784 93 2152 6785 1045 2152 6786 93 2152 6787 12 2152 6788 12 2169 6789 93 2169 6790 16 2169 6791 12 2152 6792 16 2152 6793 17 2152 6794 1046 2152 6795 1054 2152 6796 77 2152 6797 77 2170 6798 1054 2170 6799 1052 2170 6800 77 2152 6801 1052 2152 6802 74 2152 6803 74 2152 6804 1052 2152 6805 75 2152 6806 1048 2171 6807 48 2171 6808 1049 2171 6809 1049 2172 6810 48 2172 6811 21 2172 6812 1049 2152 6813 21 2152 6814 23 2152 6815 1042 2152 6816 1050 2152 6817 1051 2152 6818 1051 2161 6819 1050 2161 6820 107 2161 6821 1051 2162 6822 107 2162 6823 1052 2162 6824 1052 2173 6825 107 2173 6826 76 2173 6827 1052 2152 6828 76 2152 6829 75 2152 6830 107 2174 6831 169 2174 6832 76 2174 6833 76 2175 6834 169 2175 6835 168 2175 6836 76 2176 6837 168 2176 6838 174 2176 6839 174 2177 6840 176 2177 6841 76 2177 6842 76 2178 6843 176 2178 6844 178 2178 6845 76 2179 6846 178 2179 6847 180 2179 6848 180 2180 6849 181 2180 6850 76 2180 6851 76 2181 6852 181 2181 6853 138 2181 6854 76 2182 6855 138 2182 6856 139 2182 6857 1100 2183 6858 1222 2183 6859 1087 2183 6860 1087 2184 6861 1222 2184 6862 1223 2184 6863 1087 2185 6864 1223 2185 6865 1088 2185 6866 1088 2186 6867 1223 2186 6868 1090 2186 6869 1090 2187 6870 1223 2187 6871 1224 2187 6872 1090 2188 6873 1224 2188 6874 1091 2188 6875 1225 2189 6876 1226 2189 6877 1227 2189 6878 1227 2190 6879 1226 2190 6880 1228 2190 6881 1227 2191 6882 1228 2191 6883 1224 2191 6884 1224 2192 6885 1228 2192 6886 1229 2192 6887 1224 2193 6888 1229 2193 6889 1091 2193 6890 1219 2194 6891 1230 2194 6892 1216 2194 6893 1216 2195 6894 1230 2195 6895 1225 2195 6896 1222 2196 6897 1231 2196 6898 1223 2196 6899 1223 2197 6900 1231 2197 6901 1232 2197 6902 1223 2198 6903 1232 2198 6904 1224 2198 6905 1224 2199 6906 1232 2199 6907 1233 2199 6908 1224 2200 6909 1233 2200 6910 1227 2200 6911 1227 2201 6912 1233 2201 6913 1234 2201 6914 1231 2202 6915 1235 2202 6916 1232 2202 6917 1232 2203 6918 1235 2203 6919 1236 2203 6920 1232 2204 6921 1236 2204 6922 1233 2204 6923 1233 2205 6924 1236 2205 6925 1237 2205 6926 1233 2206 6927 1237 2206 6928 1234 2206 6929 1234 2207 6930 1237 2207 6931 1238 2207 6932 1235 2208 6933 458 2208 6934 1236 2208 6935 1236 2209 6936 458 2209 6937 456 2209 6938 1236 2210 6939 456 2210 6940 1237 2210 6941 1237 2211 6942 456 2211 6943 448 2211 6944 1237 2212 6945 448 2212 6946 1238 2212 6947 1238 2213 6948 448 2213 6949 452 2213 6950 1238 2214 6951 452 2214 6952 451 2214 6953 1225 2215 6954 1227 2215 6955 1216 2215 6956 1216 2216 6957 1227 2216 6958 1234 2216 6959 1216 2217 6960 1234 2217 6961 1217 2217 6962 1217 2218 6963 1234 2218 6964 1238 2218 6965 1217 2219 6966 1238 2219 6967 1218 2219 6968 1218 2220 6969 1238 2220 6970 451 2220 6971 1239 2221 6972 1240 2221 6973 1241 2221 6974 1136 2222 6975 1242 2222 6976 1137 2222 6977 1137 2223 6978 1242 2223 6979 1243 2223 6980 1137 2224 6981 1243 2224 6982 1119 2224 6983 1119 2225 6984 1243 2225 6985 1120 2225 6986 1120 2226 6987 1243 2226 6988 1207 2226 6989 1120 2227 6990 1207 2227 6991 1125 2227 6992 125 2228 6993 1210 2228 6994 127 2228 6995 127 2229 6996 1210 2229 6997 1244 2229 6998 1241 2230 6999 1240 2230 7000 1214 2230 7001 1214 2231 7002 1240 2231 7003 1245 2231 7004 1214 2232 7005 1245 2232 7006 1215 2232 7007 1136 2233 7008 1135 2233 7009 1242 2233 7010 1242 2234 7011 1135 2234 7012 1246 2234 7013 1242 2235 7014 1246 2235 7015 1241 2235 7016 1241 2236 7017 1246 2236 7018 1247 2236 7019 1241 2237 7020 1247 2237 7021 1239 2237 7022 139 2238 7023 137 2238 7024 1220 2238 7025 1220 2239 7026 137 2239 7027 136 2239 7028 1220 2240 7029 136 2240 7030 1248 2240 7031 1248 2241 7032 136 2241 7033 1249 2241 7034 1248 2242 7035 1249 2242 7036 1250 2242 7037 1250 2243 7038 1249 2243 7039 130 2243 7040 1250 2244 7041 130 2244 7042 1244 2244 7043 1244 2245 7044 130 2245 7045 1251 2245 7046 1244 2246 7047 1251 2246 7048 127 2246 7049 1210 2247 7050 1208 2247 7051 1244 2247 7052 1244 2248 7053 1208 2248 7054 1252 2248 7055 1244 2249 7056 1252 2249 7057 1250 2249 7058 1250 2250 7059 1252 2250 7060 1253 2250 7061 1250 2251 7062 1253 2251 7063 1248 2251 7064 1248 2252 7065 1253 2252 7066 1254 2252 7067 1248 2253 7068 1254 2253 7069 1220 2253 7070 1220 2254 7071 1254 2254 7072 1221 2254 7073 1208 2255 7074 1207 2255 7075 1252 2255 7076 1252 2256 7077 1207 2256 7078 1243 2256 7079 1252 2257 7080 1243 2257 7081 1253 2257 7082 1253 2258 7083 1243 2258 7084 1242 2258 7085 1253 2259 7086 1242 2259 7087 1254 2259 7088 1254 2260 7089 1242 2260 7090 1241 2260 7091 1254 2261 7092 1241 2261 7093 1221 2261 7094 1221 2262 7095 1241 2262 7096 1214 2262 7097 1100 2263 7098 1099 2263 7099 1255 2263 7100 1100 2264 7101 1255 2264 7102 1222 2264 7103 1222 2265 7104 1255 2265 7105 1256 2265 7106 1222 2266 7107 1256 2266 7108 1231 2266 7109 1231 2267 7110 1256 2267 7111 1257 2267 7112 1231 2268 7113 1257 2268 7114 1235 2268 7115 461 2269 7116 852 2269 7117 1257 2269 7118 1257 2270 7119 852 2270 7120 850 2270 7121 1257 2271 7122 850 2271 7123 1235 2271 7124 1235 2272 7125 850 2272 7126 458 2272 7127 461 2273 7128 1257 2273 7129 1258 2273 7130 1258 2274 7131 1257 2274 7132 1256 2274 7133 1258 2275 7134 1256 2275 7135 1259 2275 7136 1259 2276 7137 1256 2276 7138 1255 2276 7139 1259 2277 7140 1255 2277 7141 1260 2277 7142 1260 2278 7143 1255 2278 7144 1099 2278 7145 1260 2279 7146 1099 2279 7147 1097 2279 7148 1143 2280 7149 1261 2280 7150 1141 2280 7151 463 2281 7152 1262 2281 7153 1263 2281 7154 1057 2282 7155 1264 2282 7156 1265 2282 7157 1266 2283 7158 1267 2283 7159 1072 2283 7160 1072 2284 7161 1267 2284 7162 1268 2284 7163 1072 2285 7164 1268 2285 7165 1065 2285 7166 1065 2286 7167 1268 2286 7168 1269 2286 7169 1065 2287 7170 1269 2287 7171 1063 2287 7172 1269 2288 7173 1270 2288 7174 1063 2288 7175 1063 2289 7176 1270 2289 7177 1271 2289 7178 1063 2290 7179 1271 2290 7180 1096 2290 7181 1096 2291 7182 1271 2291 7183 1260 2291 7184 1096 2292 7185 1260 2292 7186 1097 2292 7187 1259 2293 7188 1262 2293 7189 1258 2293 7190 1258 2294 7191 1262 2294 7192 463 2294 7193 1258 2295 7194 463 2295 7195 461 2295 7196 1272 2296 7197 1273 2296 7198 465 2296 7199 465 2297 7200 1273 2297 7201 474 2297 7202 474 2298 7203 1273 2298 7204 473 2298 7205 473 2299 7206 1273 2299 7207 1274 2299 7208 473 2300 7209 1274 2300 7210 471 2300 7211 1261 2301 7212 1143 2301 7213 1275 2301 7214 471 2302 7215 1274 2302 7216 469 2302 7217 469 2303 7218 1274 2303 7219 1275 2303 7220 469 2304 7221 1275 2304 7222 467 2304 7223 467 2305 7224 1275 2305 7225 1143 2305 7226 467 2306 7227 1143 2306 7228 257 2306 7229 1057 2307 7230 1066 2307 7231 1264 2307 7232 1264 2308 7233 1066 2308 7234 1139 2308 7235 1264 2309 7236 1139 2309 7237 1265 2309 7238 465 2310 7239 463 2310 7240 1272 2310 7241 1272 2311 7242 463 2311 7243 1263 2311 7244 1272 2312 7245 1263 2312 7246 1273 2312 7247 1273 2313 7248 1263 2313 7249 1276 2313 7250 1273 2314 7251 1276 2314 7252 1274 2314 7253 1274 2315 7254 1276 2315 7255 1277 2315 7256 1274 2316 7257 1277 2316 7258 1275 2316 7259 1275 2317 7260 1277 2317 7261 1278 2317 7262 1275 2318 7263 1278 2318 7264 1261 2318 7265 1261 2319 7266 1278 2319 7267 1265 2319 7268 1261 2320 7269 1265 2320 7270 1141 2320 7271 1141 2321 7272 1265 2321 7273 1139 2321 7274 1259 2322 7275 1260 2322 7276 1262 2322 7277 1262 2323 7278 1260 2323 7279 1271 2323 7280 1262 2324 7281 1271 2324 7282 1263 2324 7283 1263 2325 7284 1271 2325 7285 1270 2325 7286 1263 2326 7287 1270 2326 7288 1276 2326 7289 1276 2327 7290 1270 2327 7291 1269 2327 7292 1276 2328 7293 1269 2328 7294 1277 2328 7295 1277 2329 7296 1269 2329 7297 1268 2329 7298 1277 2330 7299 1268 2330 7300 1278 2330 7301 1278 2331 7302 1268 2331 7303 1267 2331 7304 1278 2332 7305 1267 2332 7306 1265 2332 7307 1265 2333 7308 1267 2333 7309 1266 2333 7310 1265 2334 7311 1266 2334 7312 1057 2334 7313 1057 2335 7314 1266 2335 7315 1072 2335 7316 1042 5 7317 1040 5 7318 1050 5 7319 1043 4 7320 1045 4 7321 1051 4 7322 1228 48 7323 1279 48 7324 1229 48 7325 1229 48 7326 1279 48 7327 1091 48 7328 24 48 7329 30 48 7330 1219 48 7331 1219 2336 7332 30 2336 7333 29 2336 7334 29 48 7335 28 48 7336 1219 48 7337 1219 48 7338 28 48 7339 26 48 7340 1219 48 7341 26 48 7342 1230 48 7343 1228 48 7344 1226 48 7345 1279 48 7346 1279 48 7347 1226 48 7348 1225 48 7349 1279 48 7350 1225 48 7351 1280 48 7352 1280 48 7353 1225 48 7354 1230 48 7355 1280 48 7356 1230 48 7357 25 48 7358 25 48 7359 1230 48 7360 26 48 7361 1240 48 7362 1239 48 7363 1281 48 7364 1240 48 7365 1281 48 7366 1245 48 7367 1239 48 7368 1247 48 7369 1281 48 7370 1281 48 7371 1247 48 7372 1246 48 7373 1281 48 7374 1246 48 7375 1135 48 7376 1281 48 7377 1282 48 7378 1245 48 7379 1245 48 7380 1282 48 7381 58 48 7382 1245 48 7383 58 48 7384 1215 48 7385 1215 48 7386 58 48 7387 57 48 7388 1215 48 7389 57 48 7390 55 48 7391 55 48 7392 54 48 7393 1215 48 7394 1215 2337 7395 54 2337 7396 72 2337 7397 1215 48 7398 72 48 7399 76 48 7400 1283 2338 7401 1284 2338 7402 1285 2338 7403 1285 2339 7404 1284 2339 7405 1286 2339 7406 1285 2340 7407 1286 2340 7408 1287 2340 7409 1287 2341 7410 1286 2341 7411 1288 2341 7412 1286 2342 7413 1289 2342 7414 1288 2342 7415 1288 2343 7416 1289 2343 7417 1290 2343 7418 1288 2344 7419 1290 2344 7420 1291 2344 7421 1291 2345 7422 1290 2345 7423 1292 2345 7424 1291 2346 7425 1292 2346 7426 1293 2346 7427 1293 2347 7428 1292 2347 7429 1294 2347 7430 1294 2348 7431 1292 2348 7432 1295 2348 7433 1294 2349 7434 1295 2349 7435 1296 2349 7436 1296 2350 7437 1295 2350 7438 1297 2350 7439 1296 2351 7440 1297 2351 7441 1298 2351 7442 1298 2352 7443 1297 2352 7444 1299 2352 7445 1298 2353 7446 1299 2353 7447 1300 2353 7448 1300 2354 7449 1299 2354 7450 1301 2354 7451 1300 2355 7452 1301 2355 7453 1302 2355 7454 1302 2356 7455 1301 2356 7456 1303 2356 7457 1302 2357 7458 1303 2357 7459 1304 2357 7460 1304 2358 7461 1303 2358 7462 1305 2358 7463 1304 2359 7464 1305 2359 7465 1306 2359 7466 1306 2360 7467 1305 2360 7468 1307 2360 7469 1306 2361 7470 1307 2361 7471 1308 2361 7472 1308 2362 7473 1307 2362 7474 1309 2362 7475 1308 2363 7476 1309 2363 7477 1310 2363 7478 1311 2364 7479 1312 2364 7480 1313 2364 7481 1313 2365 7482 1312 2365 7483 1314 2365 7484 1313 2366 7485 1314 2366 7486 1315 2366 7487 1315 2367 7488 1314 2367 7489 1316 2367 7490 1315 2368 7491 1316 2368 7492 1317 2368 7493 1317 2369 7494 1316 2369 7495 1318 2369 7496 1317 2370 7497 1318 2370 7498 1319 2370 7499 1319 2371 7500 1318 2371 7501 1310 2371 7502 1319 2372 7503 1310 2372 7504 1320 2372 7505 1320 2373 7506 1310 2373 7507 1309 2373 7508 1321 2374 7509 1322 2374 7510 1323 2374 7511 1323 2375 7512 1322 2375 7513 1324 2375 7514 1325 2376 7515 1326 2376 7516 1327 2376 7517 1327 2377 7518 1326 2377 7519 1328 2377 7520 1327 2378 7521 1328 2378 7522 1324 2378 7523 1324 2379 7524 1328 2379 7525 1329 2379 7526 1324 2380 7527 1329 2380 7528 1323 2380 7529 1323 2381 7530 1330 2381 7531 1321 2381 7532 1321 2382 7533 1330 2382 7534 1331 2382 7535 1321 2383 7536 1331 2383 7537 1332 2383 7538 1332 2384 7539 1331 2384 7540 1333 2384 7541 1332 2385 7542 1333 2385 7543 1334 2385 7544 1334 2386 7545 1333 2386 7546 1335 2386 7547 1334 2387 7548 1335 2387 7549 1336 2387 7550 1336 2388 7551 1335 2388 7552 1337 2388 7553 1336 2389 7554 1337 2389 7555 1338 2389 7556 1338 2390 7557 1337 2390 7558 1339 2390 7559 1338 2391 7560 1339 2391 7561 1340 2391 7562 1340 2392 7563 1339 2392 7564 1341 2392 7565 1339 2393 7566 1342 2393 7567 1341 2393 7568 1341 2394 7569 1342 2394 7570 1343 2394 7571 1341 2395 7572 1343 2395 7573 1344 2395 7574 1344 2396 7575 1343 2396 7576 1345 2396 7577 1344 2397 7578 1345 2397 7579 1346 2397 7580 1346 2398 7581 1345 2398 7582 1347 2398 7583 1347 2399 7584 1345 2399 7585 1348 2399 7586 1347 2400 7587 1348 2400 7588 1349 2400 7589 1349 2401 7590 1348 2401 7591 1350 2401 7592 1349 2402 7593 1350 2402 7594 1351 2402 7595 1351 2403 7596 1350 2403 7597 1352 2403 7598 1351 2404 7599 1352 2404 7600 1353 2404 7601 1353 2405 7602 1352 2405 7603 1354 2405 7604 1353 2406 7605 1354 2406 7606 1355 2406 7607 1355 2407 7608 1354 2407 7609 1356 2407 7610 1356 2408 7611 1354 2408 7612 1357 2408 7613 1356 2409 7614 1357 2409 7615 1358 2409 7616 1359 2410 7617 1360 2410 7618 1361 2410 7619 1361 2411 7620 1360 2411 7621 1362 2411 7622 1361 2412 7623 1362 2412 7624 1363 2412 7625 1363 2413 7626 1362 2413 7627 1364 2413 7628 1364 2414 7629 1362 2414 7630 1365 2414 7631 1364 2415 7632 1365 2415 7633 1366 2415 7634 1366 2416 7635 1365 2416 7636 1367 2416 7637 1366 2417 7638 1367 2417 7639 1368 2417 7640 1369 2418 7641 1370 2418 7642 1367 2418 7643 1370 2419 7644 1371 2419 7645 1367 2419 7646 1367 2420 7647 1371 2420 7648 1372 2420 7649 1367 2421 7650 1372 2421 7651 1368 2421 7652 1373 2422 7653 1374 2422 7654 1375 2422 7655 1375 2423 7656 1374 2423 7657 1376 2423 7658 1375 2424 7659 1376 2424 7660 1377 2424 7661 1373 2425 7662 1375 2425 7663 1378 2425 7664 1378 2426 7665 1375 2426 7666 1379 2426 7667 1378 2427 7668 1379 2427 7669 1380 2427 7670 1380 2428 7671 1381 2428 7672 1378 2428 7673 1378 2429 7674 1381 2429 7675 1382 2429 7676 1378 2430 7677 1382 2430 7678 1383 2430 7679 1383 2431 7680 1384 2431 7681 1378 2431 7682 1378 2432 7683 1384 2432 7684 1385 2432 7685 1378 2433 7686 1385 2433 7687 1386 2433 7688 1367 2434 7689 1387 2434 7690 1369 2434 7691 1369 2435 7692 1387 2435 7693 1388 2435 7694 1369 2436 7695 1388 2436 7696 1389 2436 7697 1389 2437 7698 1388 2437 7699 1378 2437 7700 1389 2438 7701 1378 2438 7702 1390 2438 7703 1390 2439 7704 1378 2439 7705 1386 2439 7706 1359 2440 7707 1361 2440 7708 1391 2440 7709 1391 2441 7710 1361 2441 7711 1392 2441 7712 1391 2442 7713 1392 2442 7714 1393 2442 7715 1393 2443 7716 1392 2443 7717 1394 2443 7718 1393 2444 7719 1394 2444 7720 1395 2444 7721 1395 2445 7722 1394 2445 7723 1396 2445 7724 1395 2446 7725 1396 2446 7726 1397 2446 7727 1396 2447 7728 1398 2447 7729 1397 2447 7730 1397 2448 7731 1398 2448 7732 1399 2448 7733 1397 2449 7734 1399 2449 7735 1400 2449 7736 1400 2450 7737 1399 2450 7738 1401 2450 7739 1400 2451 7740 1401 2451 7741 1402 2451 7742 1402 2452 7743 1401 2452 7744 1403 2452 7745 1403 2453 7746 1404 2453 7747 1402 2453 7748 1402 2454 7749 1404 2454 7750 1405 2454 7751 1402 2455 7752 1405 2455 7753 1406 2455 7754 1406 2456 7755 1405 2456 7756 1407 2456 7757 1405 2457 7758 1408 2457 7759 1407 2457 7760 1407 2458 7761 1408 2458 7762 1409 2458 7763 1407 2459 7764 1409 2459 7765 1410 2459 7766 1411 2460 7767 1412 2460 7768 1410 2460 7769 1411 2461 7770 1410 2461 7771 1413 2461 7772 1409 2462 7773 1414 2462 7774 1410 2462 7775 1410 2463 7776 1414 2463 7777 1415 2463 7778 1410 2464 7779 1415 2464 7780 1416 2464 7781 1416 2465 7782 1417 2465 7783 1410 2465 7784 1410 2466 7785 1417 2466 7786 1418 2466 7787 1410 2467 7788 1418 2467 7789 1413 2467 7790 1419 2468 7791 1420 2468 7792 1421 2468 7793 1421 2469 7794 1420 2469 7795 1422 2469 7796 1422 2470 7797 1423 2470 7798 1421 2470 7799 1421 2471 7800 1423 2471 7801 1424 2471 7802 1421 2472 7803 1424 2472 7804 1425 2472 7805 1412 2473 7806 1426 2473 7807 1410 2473 7808 1410 2474 7809 1426 2474 7810 1421 2474 7811 1410 2475 7812 1421 2475 7813 1427 2475 7814 1427 2476 7815 1421 2476 7816 1425 2476 7817 1073 2477 7818 1428 2477 7819 1074 2477 7820 1429 2478 7821 1430 2478 7822 1431 2478 7823 1431 2479 7824 1432 2479 7825 1433 2479 7826 1433 2480 7827 1432 2480 7828 1434 2480 7829 1435 2481 7830 1436 2481 7831 1437 2481 7832 1070 2482 7833 1062 2482 7834 1438 2482 7835 1438 2483 7836 1062 2483 7837 1061 2483 7838 1438 2484 7839 1061 2484 7840 1439 2484 7841 1439 2485 7842 1061 2485 7843 1440 2485 7844 1439 2486 7845 1440 2486 7846 1441 2486 7847 1442 2487 7848 1443 2487 7849 1071 2487 7850 1444 2488 7851 1445 2488 7852 1428 2488 7853 1445 2489 7854 1446 2489 7855 1428 2489 7856 1428 2490 7857 1446 2490 7858 1447 2490 7859 1428 2491 7860 1447 2491 7861 1074 2491 7862 1073 2492 7863 1071 2492 7864 1428 2492 7865 1428 2493 7866 1071 2493 7867 1443 2493 7868 1428 2494 7869 1443 2494 7870 1444 2494 7871 1444 2495 7872 1443 2495 7873 1442 2495 7874 1444 2496 7875 1442 2496 7876 1448 2496 7877 1448 2497 7878 1442 2497 7879 1433 2497 7880 1448 2498 7881 1433 2498 7882 1436 2498 7883 1436 2499 7884 1433 2499 7885 1434 2499 7886 1436 2500 7887 1434 2500 7888 1437 2500 7889 1440 2501 7890 1429 2501 7891 1441 2501 7892 1441 2502 7893 1429 2502 7894 1431 2502 7895 1441 2503 7896 1431 2503 7897 1439 2503 7898 1439 2504 7899 1431 2504 7900 1433 2504 7901 1439 2505 7902 1433 2505 7903 1438 2505 7904 1438 2506 7905 1433 2506 7906 1442 2506 7907 1438 2507 7908 1442 2507 7909 1070 2507 7910 1070 2508 7911 1442 2508 7912 1071 2508 7913 1312 2509 7914 1311 2509 7915 1449 2509 7916 1449 2510 7917 1311 2510 7918 1450 2510 7919 1279 2511 7920 1280 2511 7921 51 2511 7922 1451 2512 7923 1452 2512 7924 51 2512 7925 51 2513 7926 1452 2513 7927 1453 2513 7928 51 2514 7929 1453 2514 7930 1279 2514 7931 20 2515 7932 1454 2515 7933 51 2515 7934 51 2516 7935 1454 2516 7936 1455 2516 7937 51 2517 7938 1455 2517 7939 1451 2517 7940 19 2518 7941 1456 2518 7942 20 2518 7943 20 2519 7944 1456 2519 7945 1457 2519 7946 20 2520 7947 1457 2520 7948 1454 2520 7949 25 2521 7950 53 2521 7951 1280 2521 7952 1280 2522 7953 53 2522 7954 52 2522 7955 1280 2523 7956 52 2523 7957 51 2523 7958 1356 2524 7959 1358 2524 7960 1458 2524 7961 1356 2525 7962 1458 2525 7963 1283 2525 7964 1283 2525 7965 1458 2525 7966 1459 2525 7967 1283 2526 7968 1459 2526 7969 1284 2526 7970 91 2527 7971 102 2527 7972 1460 2527 7973 105 2528 7974 8 2528 7975 7 2528 7976 1461 2529 7977 1462 2529 7978 1463 2529 7979 1464 2530 7980 1465 2530 7981 1466 2530 7982 1467 2531 7983 1430 2531 7984 1429 2531 7985 1466 2532 7986 1465 2532 7987 1468 2532 7988 1468 2533 7989 1465 2533 7990 1469 2533 7991 1468 2534 7992 1469 2534 7993 1470 2534 7994 1470 2535 7995 1471 2535 7996 1468 2535 7997 1468 2536 7998 1471 2536 7999 1472 2536 8000 1468 2537 8001 1472 2537 8002 1467 2537 8003 1463 2538 8004 1462 2538 8005 1473 2538 8006 1462 2539 8007 1474 2539 8008 1473 2539 8009 1473 2540 8010 1474 2540 8011 1475 2540 8012 1473 2541 8013 1475 2541 8014 1466 2541 8015 1466 2542 8016 1475 2542 8017 1476 2542 8018 1466 2543 8019 1476 2543 8020 1464 2543 8021 1477 2544 8022 1478 2544 8023 1479 2544 8024 1479 2545 8025 1480 2545 8026 1477 2545 8027 1477 2546 8028 1480 2546 8029 1481 2546 8030 1477 2547 8031 1481 2547 8032 1463 2547 8033 1463 2548 8034 1481 2548 8035 1482 2548 8036 1463 2549 8037 1482 2549 8038 1461 2549 8039 1483 2550 8040 7 2550 8041 5 2550 8042 1460 2551 8043 102 2551 8044 1483 2551 8045 102 2552 8046 101 2552 8047 1483 2552 8048 1483 2553 8049 101 2553 8050 100 2553 8051 1483 2554 8052 100 2554 8053 7 2554 8054 7 2555 8055 100 2555 8056 104 2555 8057 7 2556 8058 104 2556 8059 105 2556 8060 31 2557 8061 36 2557 8062 1484 2557 8063 1484 2558 8064 36 2558 8065 35 2558 8066 1484 2559 8067 35 2559 8068 1460 2559 8069 1460 2560 8070 35 2560 8071 39 2560 8072 1460 2561 8073 39 2561 8074 91 2561 8075 31 2562 8076 1484 2562 8077 32 2562 8078 32 2563 8079 1484 2563 8080 1485 2563 8081 32 2564 8082 1485 2564 8083 34 2564 8084 34 2565 8085 1485 2565 8086 1486 2565 8087 34 2566 8088 1486 2566 8089 18 2566 8090 1487 2567 8091 1455 2567 8092 1454 2567 8093 1454 2568 8094 1457 2568 8095 1487 2568 8096 1487 2569 8097 1457 2569 8098 1456 2569 8099 1487 2570 8100 1456 2570 8101 1486 2570 8102 1486 2571 8103 1456 2571 8104 19 2571 8105 1486 2572 8106 19 2572 8107 18 2572 8108 1455 2573 8109 1487 2573 8110 1451 2573 8111 1451 2574 8112 1487 2574 8113 1488 2574 8114 1451 2575 8115 1488 2575 8116 1452 2575 8117 1091 2576 8118 1279 2576 8119 1488 2576 8120 1488 2577 8121 1279 2577 8122 1453 2577 8123 1488 2578 8124 1453 2578 8125 1452 2578 8126 1440 2579 8127 1061 2579 8128 1098 2579 8129 1467 2580 8130 1429 2580 8131 1468 2580 8132 1468 2581 8133 1429 2581 8134 1440 2581 8135 1468 2582 8136 1440 2582 8137 1489 2582 8138 1489 2583 8139 1440 2583 8140 1098 2583 8141 1489 2584 8142 1098 2584 8143 1089 2584 8144 4 2585 8145 1479 2585 8146 5 2585 8147 5 2586 8148 1479 2586 8149 1478 2586 8150 5 2587 8151 1478 2587 8152 1483 2587 8153 1483 2588 8154 1478 2588 8155 1477 2588 8156 1483 2589 8157 1477 2589 8158 1460 2589 8159 1460 2590 8160 1477 2590 8161 1463 2590 8162 1460 2591 8163 1463 2591 8164 1484 2591 8165 1484 2592 8166 1463 2592 8167 1473 2592 8168 1484 2593 8169 1473 2593 8170 1485 2593 8171 1485 2594 8172 1473 2594 8173 1466 2594 8174 1485 2595 8175 1466 2595 8176 1486 2595 8177 1486 2596 8178 1466 2596 8179 1468 2596 8180 1486 2597 8181 1468 2597 8182 1487 2597 8183 1487 2598 8184 1468 2598 8185 1489 2598 8186 1487 2599 8187 1489 2599 8188 1488 2599 8189 1488 2600 8190 1489 2600 8191 1089 2600 8192 1488 2601 8193 1089 2601 8194 1091 2601 8195 1490 2602 8196 1326 2602 8197 1491 2602 8198 1491 2603 8199 1326 2603 8200 1325 2603 8201 1492 2604 8202 1493 2604 8203 1494 2604 8204 1495 2605 8205 1496 2605 8206 1497 2605 8207 1498 2606 8208 1499 2606 8209 1500 2606 8210 1501 2607 8211 1502 2607 8212 1503 2607 8213 1503 2608 8214 1502 2608 8215 1498 2608 8216 1503 2609 8217 1498 2609 8218 1504 2609 8219 1504 2610 8220 1498 2610 8221 1500 2610 8222 1504 2611 8223 1500 2611 8224 1505 2611 8225 1506 2612 8226 1507 2612 8227 1501 2612 8228 1501 2613 8229 1507 2613 8230 1508 2613 8231 1501 2614 8232 1508 2614 8233 1502 2614 8234 1509 2615 8235 1510 2615 8236 1496 2615 8237 1496 2616 8238 1510 2616 8239 1506 2616 8240 1496 2617 8241 1506 2617 8242 1497 2617 8243 1497 2618 8244 1506 2618 8245 1501 2618 8246 1495 2619 8247 1511 2619 8248 1512 2619 8249 1512 2620 8250 1511 2620 8251 1513 2620 8252 1512 2621 8253 1513 2621 8254 1514 2621 8255 1495 2622 8256 1512 2622 8257 1496 2622 8258 1496 2623 8259 1512 2623 8260 1515 2623 8261 1496 2624 8262 1515 2624 8263 1509 2624 8264 1111 2625 8265 1492 2625 8266 1113 2625 8267 1113 2626 8268 1492 2626 8269 1494 2626 8270 1113 2627 8271 1494 2627 8272 1115 2627 8273 1115 2628 8274 1494 2628 8275 1516 2628 8276 1115 2629 8277 1516 2629 8278 1117 2629 8279 1117 2630 8280 1516 2630 8281 1134 2630 8282 1493 2631 8283 1495 2631 8284 1494 2631 8285 1494 2632 8286 1495 2632 8287 1497 2632 8288 1494 2633 8289 1497 2633 8290 1516 2633 8291 1516 2634 8292 1497 2634 8293 1501 2634 8294 1516 2635 8295 1501 2635 8296 1134 2635 8297 1134 2636 8298 1501 2636 8299 1503 2636 8300 1134 2637 8301 1503 2637 8302 1133 2637 8303 1133 2638 8304 1503 2638 8305 1504 2638 8306 1133 2639 8307 1504 2639 8308 1131 2639 8309 1131 2640 8310 1504 2640 8311 1505 2640 8312 1131 2641 8313 1505 2641 8314 1129 2641 8315 59 2642 8316 58 2642 8317 1282 2642 8318 1282 2643 8319 1281 2643 8320 1517 2643 8321 1518 2644 8322 87 2644 8323 88 2644 8324 1518 2645 8325 88 2645 8326 1519 2645 8327 1517 2646 8328 1520 2646 8329 89 2646 8330 89 2647 8331 1520 2647 8332 1521 2647 8333 89 2648 8334 1521 2648 8335 88 2648 8336 88 2649 8337 1521 2649 8338 1522 2649 8339 88 2650 8340 1522 2650 8341 1519 2650 8342 1517 2651 8343 89 2651 8344 1282 2651 8345 1282 2652 8346 89 2652 8347 90 2652 8348 1282 2653 8349 90 2653 8350 59 2653 8351 97 2654 8352 95 2654 8353 1523 2654 8354 60 2655 8355 87 2655 8356 1524 2655 8357 1500 2656 8358 1499 2656 8359 1525 2656 8360 1525 2657 8361 1526 2657 8362 1527 2657 8363 1527 2658 8364 1526 2658 8365 1528 2658 8366 1528 2659 8367 1529 2659 8368 1527 2659 8369 1527 2660 8370 1529 2660 8371 1530 2660 8372 1527 2661 8373 1530 2661 8374 1531 2661 8375 1525 2662 8376 1527 2662 8377 1500 2662 8378 1500 2663 8379 1527 2663 8380 1532 2663 8381 1500 2664 8382 1532 2664 8383 1505 2664 8384 1533 2665 8385 1121 2665 8386 1127 2665 8387 1121 2666 8388 1533 2666 8389 1135 2666 8390 1135 2667 8391 1533 2667 8392 1517 2667 8393 1135 2668 8394 1517 2668 8395 1281 2668 8396 1519 2669 8397 1522 2669 8398 1534 2669 8399 1534 2670 8400 1522 2670 8401 1521 2670 8402 1534 2671 8403 1521 2671 8404 1533 2671 8405 1533 2672 8406 1521 2672 8407 1520 2672 8408 1533 2673 8409 1520 2673 8410 1517 2673 8411 1524 2674 8412 87 2674 8413 1534 2674 8414 1534 2675 8415 87 2675 8416 1518 2675 8417 1534 2676 8418 1518 2676 8419 1519 2676 8420 67 2677 8421 68 2677 8422 1535 2677 8423 1535 2678 8424 68 2678 8425 70 2678 8426 1535 2679 8427 70 2679 8428 1536 2679 8429 1536 2680 8430 70 2680 8431 71 2680 8432 1536 2681 8433 71 2681 8434 1524 2681 8435 1524 2682 8436 71 2682 8437 61 2682 8438 1524 2683 8439 61 2683 8440 60 2683 8441 67 2684 8442 1535 2684 8443 65 2684 8444 65 2685 8445 1535 2685 8446 1537 2685 8447 65 2686 8448 1537 2686 8449 63 2686 8450 95 2687 8451 94 2687 8452 1523 2687 8453 1523 2688 8454 94 2688 8455 98 2688 8456 1523 2689 8457 98 2689 8458 1537 2689 8459 1537 2690 8460 98 2690 8461 99 2690 8462 1537 2691 8463 99 2691 8464 63 2691 8465 6 2692 8466 9 2692 8467 103 2692 8468 1538 2693 8469 0 2693 8470 6 2693 8471 1 2694 8472 0 2694 8473 1539 2694 8474 1539 2695 8475 0 2695 8476 1538 2695 8477 1539 2696 8478 1538 2696 8479 1540 2696 8480 1540 2697 8481 1538 2697 8482 1541 2697 8483 1541 2698 8484 1538 2698 8485 1542 2698 8486 1541 2699 8487 1542 2699 8488 1543 2699 8489 1543 2700 8490 1542 2700 8491 1544 2700 8492 1544 2701 8493 1542 2701 8494 1545 2701 8495 1544 2702 8496 1545 2702 8497 1546 2702 8498 1546 2703 8499 1545 2703 8500 1547 2703 8501 1547 2704 8502 1545 2704 8503 1548 2704 8504 1547 2705 8505 1548 2705 8506 1549 2705 8507 1530 2706 8508 1550 2706 8509 1531 2706 8510 1531 2707 8511 1550 2707 8512 1551 2707 8513 1531 2708 8514 1551 2708 8515 1548 2708 8516 1548 2709 8517 1551 2709 8518 1552 2709 8519 1548 2710 8520 1552 2710 8521 1549 2710 8522 103 2711 8523 97 2711 8524 6 2711 8525 6 2712 8526 97 2712 8527 1523 2712 8528 6 2713 8529 1523 2713 8530 1538 2713 8531 1538 2714 8532 1523 2714 8533 1537 2714 8534 1538 2715 8535 1537 2715 8536 1542 2715 8537 1542 2716 8538 1537 2716 8539 1535 2716 8540 1542 2717 8541 1535 2717 8542 1545 2717 8543 1545 2718 8544 1535 2718 8545 1536 2718 8546 1545 2719 8547 1536 2719 8548 1548 2719 8549 1548 2720 8550 1536 2720 8551 1524 2720 8552 1548 2721 8553 1524 2721 8554 1531 2721 8555 1531 2722 8556 1524 2722 8557 1534 2722 8558 1531 2723 8559 1534 2723 8560 1527 2723 8561 1527 2724 8562 1534 2724 8563 1533 2724 8564 1527 2725 8565 1533 2725 8566 1532 2725 8567 1532 2726 8568 1533 2726 8569 1127 2726 8570 1532 2727 8571 1127 2727 8572 1505 2727 8573 1505 2728 8574 1127 2728 8575 1129 2728 8576 1553 2729 8577 1554 2729 8578 1555 2729 8579 1555 2730 8580 1554 2730 8581 1377 2730 8582 1555 2731 8583 1377 2731 8584 1556 2731 8585 1557 2732 8586 1558 2732 8587 1559 2732 8588 1559 2733 8589 1558 2733 8590 1560 2733 8591 1561 2734 8592 1562 2734 8593 1559 2734 8594 1559 2735 8595 1562 2735 8596 1563 2735 8597 1559 2736 8598 1563 2736 8599 1557 2736 8600 1564 2737 8601 1565 2737 8602 1561 2737 8603 1561 2738 8604 1565 2738 8605 1566 2738 8606 1561 2739 8607 1566 2739 8608 1562 2739 8609 1567 2740 8610 1568 2740 8611 1569 2740 8612 1567 2741 8613 1569 2741 8614 1570 2741 8615 1570 2742 8616 1569 2742 8617 1571 2742 8618 1570 2743 8619 1571 2743 8620 1564 2743 8621 1564 2744 8622 1571 2744 8623 1572 2744 8624 1564 2745 8625 1572 2745 8626 1565 2745 8627 1568 2746 8628 1567 2746 8629 1573 2746 8630 1573 2747 8631 1567 2747 8632 1574 2747 8633 1573 2748 8634 1574 2748 8635 1575 2748 8636 1575 2749 8637 1574 2749 8638 1576 2749 8639 1575 2750 8640 1576 2750 8641 1577 2750 8642 1377 2751 8643 1376 2751 8644 1556 2751 8645 1556 2752 8646 1376 2752 8647 1374 2752 8648 1556 2753 8649 1374 2753 8650 1578 2753 8651 1578 2754 8652 1374 2754 8653 1373 2754 8654 1578 2755 8655 1373 2755 8656 1579 2755 8657 1579 2756 8658 1373 2756 8659 1378 2756 8660 1579 2757 8661 1378 2757 8662 1580 2757 8663 1580 2758 8664 1378 2758 8665 1388 2758 8666 1580 2759 8667 1388 2759 8668 1581 2759 8669 1581 2760 8670 1388 2760 8671 1387 2760 8672 1581 2761 8673 1387 2761 8674 1582 2761 8675 1387 2762 8676 1367 2762 8677 1582 2762 8678 1582 2763 8679 1367 2763 8680 1583 2763 8681 1582 2764 8682 1583 2764 8683 1584 2764 8684 1553 2765 8685 1555 2765 8686 1585 2765 8687 1585 2766 8688 1555 2766 8689 1556 2766 8690 1585 2767 8691 1556 2767 8692 1586 2767 8693 1586 2768 8694 1556 2768 8695 1578 2768 8696 1586 2769 8697 1578 2769 8698 1587 2769 8699 1587 2770 8700 1578 2770 8701 1579 2770 8702 1587 2771 8703 1579 2771 8704 1588 2771 8705 1588 2772 8706 1579 2772 8707 1580 2772 8708 1588 2773 8709 1580 2773 8710 1589 2773 8711 1589 2774 8712 1580 2774 8713 1581 2774 8714 1589 2775 8715 1581 2775 8716 1590 2775 8717 1590 2776 8718 1581 2776 8719 1582 2776 8720 1590 2777 8721 1582 2777 8722 1591 2777 8723 1591 2778 8724 1582 2778 8725 1584 2778 8726 1591 2779 8727 1584 2779 8728 1592 2779 8729 1593 2780 8730 1577 2780 8731 1592 2780 8732 1592 2781 8733 1577 2781 8734 1576 2781 8735 1592 2782 8736 1576 2782 8737 1591 2782 8738 1591 2783 8739 1576 2783 8740 1574 2783 8741 1591 2784 8742 1574 2784 8743 1590 2784 8744 1590 2785 8745 1574 2785 8746 1567 2785 8747 1590 2786 8748 1567 2786 8749 1589 2786 8750 1589 2787 8751 1567 2787 8752 1570 2787 8753 1589 2788 8754 1570 2788 8755 1588 2788 8756 1588 2789 8757 1570 2789 8758 1564 2789 8759 1588 2790 8760 1564 2790 8761 1587 2790 8762 1587 2791 8763 1564 2791 8764 1561 2791 8765 1587 2792 8766 1561 2792 8767 1586 2792 8768 1586 2793 8769 1561 2793 8770 1559 2793 8771 1586 2794 8772 1559 2794 8773 1585 2794 8774 1585 2795 8775 1559 2795 8776 1560 2795 8777 1585 2796 8778 1560 2796 8779 1553 2796 8780 1594 2797 8781 1595 2797 8782 1596 2797 8783 1595 2798 8784 1594 2798 8785 1597 2798 8786 1598 2799 8787 1599 2799 8788 1600 2799 8789 1599 2800 8790 1601 2800 8791 1602 2800 8792 1602 2801 8793 1601 2801 8794 1603 2801 8795 1602 2802 8796 1603 2802 8797 1604 2802 8798 1422 2803 8799 1420 2803 8800 1605 2803 8801 1605 2804 8802 1420 2804 8803 1419 2804 8804 1605 2805 8805 1419 2805 8806 1606 2805 8807 1606 2806 8808 1419 2806 8809 1607 2806 8810 1422 2807 8811 1605 2807 8812 1423 2807 8813 1423 2808 8814 1605 2808 8815 1608 2808 8816 1423 2809 8817 1608 2809 8818 1424 2809 8819 1424 2810 8820 1608 2810 8821 1425 2810 8822 1425 2811 8823 1608 2811 8824 1609 2811 8825 1425 2812 8826 1609 2812 8827 1427 2812 8828 1427 2813 8829 1609 2813 8830 1610 2813 8831 1427 2814 8832 1610 2814 8833 1410 2814 8834 1410 2815 8835 1610 2815 8836 1611 2815 8837 1410 2816 8838 1611 2816 8839 1407 2816 8840 1407 2817 8841 1611 2817 8842 1612 2817 8843 1407 2818 8844 1612 2818 8845 1406 2818 8846 1613 2819 8847 1614 2819 8848 1594 2819 8849 1594 2820 8850 1614 2820 8851 1615 2820 8852 1594 2821 8853 1615 2821 8854 1597 2821 8855 1616 2822 8856 1617 2822 8857 1613 2822 8858 1613 2823 8859 1617 2823 8860 1618 2823 8861 1613 2824 8862 1618 2824 8863 1614 2824 8864 1619 2825 8865 1620 2825 8866 1621 2825 8867 1621 2826 8868 1620 2826 8869 1622 2826 8870 1621 2827 8871 1622 2827 8872 1616 2827 8873 1616 2828 8874 1622 2828 8875 1623 2828 8876 1616 2829 8877 1623 2829 8878 1617 2829 8879 1604 2830 8880 1624 2830 8881 1602 2830 8882 1602 2831 8883 1624 2831 8884 1625 2831 8885 1602 2832 8886 1625 2832 8887 1626 2832 8888 1626 2833 8889 1625 2833 8890 1627 2833 8891 1626 2834 8892 1627 2834 8893 1619 2834 8894 1619 2835 8895 1627 2835 8896 1628 2835 8897 1619 2836 8898 1628 2836 8899 1620 2836 8900 1402 2837 8901 1406 2837 8902 1629 2837 8903 1629 2838 8904 1406 2838 8905 1612 2838 8906 1629 2839 8907 1612 2839 8908 1630 2839 8909 1630 2840 8910 1612 2840 8911 1611 2840 8912 1630 2841 8913 1611 2841 8914 1631 2841 8915 1631 2842 8916 1611 2842 8917 1610 2842 8918 1631 2843 8919 1610 2843 8920 1632 2843 8921 1632 2844 8922 1610 2844 8923 1609 2844 8924 1632 2845 8925 1609 2845 8926 1633 2845 8927 1633 2846 8928 1609 2846 8929 1608 2846 8930 1633 2847 8931 1608 2847 8932 1634 2847 8933 1634 2848 8934 1608 2848 8935 1605 2848 8936 1634 2849 8937 1605 2849 8938 1635 2849 8939 1635 2850 8940 1605 2850 8941 1606 2850 8942 1635 2851 8943 1606 2851 8944 1600 2851 8945 1600 2852 8946 1606 2852 8947 1607 2852 8948 1600 2853 8949 1607 2853 8950 1598 2853 8951 1599 2854 8952 1602 2854 8953 1600 2854 8954 1600 2855 8955 1602 2855 8956 1626 2855 8957 1600 2856 8958 1626 2856 8959 1635 2856 8960 1635 2857 8961 1626 2857 8962 1619 2857 8963 1635 2858 8964 1619 2858 8965 1634 2858 8966 1634 2859 8967 1619 2859 8968 1621 2859 8969 1634 2860 8970 1621 2860 8971 1633 2860 8972 1633 2861 8973 1621 2861 8974 1616 2861 8975 1633 2862 8976 1616 2862 8977 1632 2862 8978 1632 2863 8979 1616 2863 8980 1613 2863 8981 1632 2864 8982 1613 2864 8983 1631 2864 8984 1631 2865 8985 1613 2865 8986 1594 2865 8987 1631 2866 8988 1594 2866 8989 1630 2866 8990 1630 2867 8991 1594 2867 8992 1596 2867 8993 1630 2868 8994 1596 2868 8995 1629 2868 8996 1636 2869 8997 1593 2869 8998 1637 2869 8999 1638 2870 9000 1639 2870 9001 1558 2870 9002 1640 2871 9003 1641 2871 9004 1642 2871 9005 1643 2872 9006 1644 2872 9007 1645 2872 9008 1643 2873 9009 1646 2873 9010 1647 2873 9011 1647 2874 9012 1646 2874 9013 1648 2874 9014 1647 2875 9015 1648 2875 9016 1641 2875 9017 1649 2876 9018 1650 2876 9019 1651 2876 9020 1651 2877 9021 1650 2877 9022 1652 2877 9023 1651 2878 9024 1652 2878 9025 1653 2878 9026 1653 2879 9027 1652 2879 9028 1654 2879 9029 1653 2880 9030 1654 2880 9031 1640 2880 9032 1655 2881 9033 1573 2881 9034 1656 2881 9035 1656 2882 9036 1573 2882 9037 1575 2882 9038 1656 2883 9039 1575 2883 9040 1636 2883 9041 1636 2884 9042 1575 2884 9043 1577 2884 9044 1636 2885 9045 1577 2885 9046 1593 2885 9047 1657 2886 9048 1571 2886 9049 1658 2886 9050 1658 2887 9051 1571 2887 9052 1569 2887 9053 1658 2888 9054 1569 2888 9055 1655 2888 9056 1655 2889 9057 1569 2889 9058 1568 2889 9059 1655 2890 9060 1568 2890 9061 1573 2890 9062 1659 2891 9063 1565 2891 9064 1657 2891 9065 1657 2892 9066 1565 2892 9067 1572 2892 9068 1657 2893 9069 1572 2893 9070 1571 2893 9071 1557 2894 9072 1563 2894 9073 1660 2894 9074 1660 2895 9075 1563 2895 9076 1562 2895 9077 1660 2896 9078 1562 2896 9079 1659 2896 9080 1659 2897 9081 1562 2897 9082 1566 2897 9083 1659 2898 9084 1566 2898 9085 1565 2898 9086 1644 2899 9087 1661 2899 9088 1645 2899 9089 1645 2900 9090 1661 2900 9091 1662 2900 9092 1645 2901 9093 1662 2901 9094 1663 2901 9095 1664 2902 9096 1665 2902 9097 1666 2902 9098 1666 2903 9099 1665 2903 9100 1667 2903 9101 1666 2904 9102 1667 2904 9103 1668 2904 9104 1668 2905 9105 1667 2905 9106 1669 2905 9107 1668 2906 9108 1669 2906 9109 1649 2906 9110 1649 2907 9111 1669 2907 9112 1670 2907 9113 1649 2908 9114 1670 2908 9115 1650 2908 9116 1640 2909 9117 1642 2909 9118 1653 2909 9119 1653 2910 9120 1642 2910 9121 1671 2910 9122 1653 2911 9123 1671 2911 9124 1651 2911 9125 1651 2912 9126 1671 2912 9127 1672 2912 9128 1651 2913 9129 1672 2913 9130 1649 2913 9131 1649 2914 9132 1672 2914 9133 1673 2914 9134 1649 2915 9135 1673 2915 9136 1668 2915 9137 1668 2916 9138 1673 2916 9139 1674 2916 9140 1668 2917 9141 1674 2917 9142 1666 2917 9143 1666 2918 9144 1674 2918 9145 1675 2918 9146 1666 2919 9147 1675 2919 9148 1664 2919 9149 1641 2920 9150 1648 2920 9151 1642 2920 9152 1642 2921 9153 1648 2921 9154 1676 2921 9155 1642 2922 9156 1676 2922 9157 1671 2922 9158 1671 2923 9159 1676 2923 9160 1677 2923 9161 1671 2924 9162 1677 2924 9163 1672 2924 9164 1672 2925 9165 1677 2925 9166 1678 2925 9167 1672 2926 9168 1678 2926 9169 1673 2926 9170 1673 2927 9171 1678 2927 9172 1679 2927 9173 1673 2928 9174 1679 2928 9175 1674 2928 9176 1674 2929 9177 1679 2929 9178 1680 2929 9179 1674 2930 9180 1680 2930 9181 1675 2930 9182 1643 2931 9183 1645 2931 9184 1646 2931 9185 1646 2932 9186 1645 2932 9187 1681 2932 9188 1646 2933 9189 1681 2933 9190 1648 2933 9191 1648 2934 9192 1681 2934 9193 1682 2934 9194 1648 2935 9195 1682 2935 9196 1676 2935 9197 1676 2936 9198 1682 2936 9199 1683 2936 9200 1676 2937 9201 1683 2937 9202 1677 2937 9203 1677 2938 9204 1683 2938 9205 1684 2938 9206 1677 2939 9207 1684 2939 9208 1678 2939 9209 1678 2940 9210 1684 2940 9211 1685 2940 9212 1678 2941 9213 1685 2941 9214 1679 2941 9215 1679 2942 9216 1685 2942 9217 1686 2942 9218 1679 2943 9219 1686 2943 9220 1680 2943 9221 1680 2944 9222 1686 2944 9223 1687 2944 9224 1680 2945 9225 1687 2945 9226 1675 2945 9227 1675 2946 9228 1687 2946 9229 1688 2946 9230 1675 2947 9231 1688 2947 9232 1664 2947 9233 1664 2948 9234 1688 2948 9235 1689 2948 9236 1664 2949 9237 1689 2949 9238 1665 2949 9239 1638 2950 9240 1558 2950 9241 1690 2950 9242 1690 2951 9243 1558 2951 9244 1557 2951 9245 1690 2952 9246 1557 2952 9247 1663 2952 9248 1663 2953 9249 1557 2953 9250 1660 2953 9251 1663 2954 9252 1660 2954 9253 1645 2954 9254 1645 2955 9255 1660 2955 9256 1659 2955 9257 1645 2956 9258 1659 2956 9259 1681 2956 9260 1681 2957 9261 1659 2957 9262 1657 2957 9263 1681 2958 9264 1657 2958 9265 1682 2958 9266 1682 2959 9267 1657 2959 9268 1658 2959 9269 1682 2960 9270 1658 2960 9271 1683 2960 9272 1683 2961 9273 1658 2961 9274 1655 2961 9275 1683 2962 9276 1655 2962 9277 1684 2962 9278 1684 2963 9279 1655 2963 9280 1656 2963 9281 1684 2964 9282 1656 2964 9283 1685 2964 9284 1685 2965 9285 1656 2965 9286 1636 2965 9287 1685 2966 9288 1636 2966 9289 1686 2966 9290 1686 2967 9291 1636 2967 9292 1637 2967 9293 1686 2968 9294 1637 2968 9295 1687 2968 9296 1691 2969 9297 1692 2969 9298 1693 2969 9299 1693 2970 9300 1692 2970 9301 1694 2970 9302 1693 2971 9303 1694 2971 9304 1695 2971 9305 1696 2972 9306 1697 2972 9307 1698 2972 9308 1698 2973 9309 1697 2973 9310 1699 2973 9311 1698 2974 9312 1699 2974 9313 1693 2974 9314 1693 2975 9315 1699 2975 9316 1700 2975 9317 1693 2976 9318 1700 2976 9319 1691 2976 9320 1701 2977 9321 1702 2977 9322 1696 2977 9323 1703 2978 9324 1704 2978 9325 1705 2978 9326 1705 2979 9327 1704 2979 9328 1702 2979 9329 1705 2980 9330 1702 2980 9331 1706 2980 9332 1707 2981 9333 1708 2981 9334 1703 2981 9335 1709 2982 9336 1710 2982 9337 1711 2982 9338 1711 2983 9339 1710 2983 9340 1712 2983 9341 1709 2984 9342 1624 2984 9343 1713 2984 9344 1713 2985 9345 1624 2985 9346 1604 2985 9347 1713 2986 9348 1604 2986 9349 1714 2986 9350 1709 2987 9351 1711 2987 9352 1624 2987 9353 1624 2988 9354 1711 2988 9355 1715 2988 9356 1624 2989 9357 1715 2989 9358 1625 2989 9359 1625 2990 9360 1715 2990 9361 1627 2990 9362 1627 2991 9363 1715 2991 9364 1716 2991 9365 1627 2992 9366 1716 2992 9367 1628 2992 9368 1628 2993 9369 1716 2993 9370 1717 2993 9371 1628 2994 9372 1717 2994 9373 1620 2994 9374 1620 2995 9375 1717 2995 9376 1622 2995 9377 1622 2996 9378 1717 2996 9379 1718 2996 9380 1622 2997 9381 1718 2997 9382 1623 2997 9383 1623 2998 9384 1718 2998 9385 1617 2998 9386 1617 2999 9387 1718 2999 9388 1719 2999 9389 1617 3000 9390 1719 3000 9391 1618 3000 9392 1618 3001 9393 1719 3001 9394 1614 3001 9395 1614 3002 9396 1719 3002 9397 1720 3002 9398 1614 3003 9399 1720 3003 9400 1615 3003 9401 1721 3004 9402 1722 3004 9403 1723 3004 9404 1723 3005 9405 1722 3005 9406 1724 3005 9407 1723 3006 9408 1724 3006 9409 1725 3006 9410 1694 3007 9411 1726 3007 9412 1695 3007 9413 1695 3008 9414 1726 3008 9415 1727 3008 9416 1695 3009 9417 1727 3009 9418 1721 3009 9419 1721 3010 9420 1727 3010 9421 1728 3010 9422 1721 3011 9423 1728 3011 9424 1722 3011 9425 1724 3012 9426 1729 3012 9427 1725 3012 9428 1725 3013 9429 1729 3013 9430 1730 3013 9431 1725 3014 9432 1730 3014 9433 1731 3014 9434 1696 3015 9435 1698 3015 9436 1701 3015 9437 1701 3016 9438 1698 3016 9439 1693 3016 9440 1701 3017 9441 1693 3017 9442 1732 3017 9443 1732 3018 9444 1693 3018 9445 1695 3018 9446 1732 3019 9447 1695 3019 9448 1733 3019 9449 1733 3020 9450 1695 3020 9451 1721 3020 9452 1733 3021 9453 1721 3021 9454 1734 3021 9455 1734 3022 9456 1721 3022 9457 1723 3022 9458 1734 3023 9459 1723 3023 9460 1735 3023 9461 1735 3024 9462 1723 3024 9463 1725 3024 9464 1735 3025 9465 1725 3025 9466 1736 3025 9467 1736 3026 9468 1725 3026 9469 1731 3026 9470 1736 3027 9471 1731 3027 9472 1737 3027 9473 1702 3028 9474 1701 3028 9475 1706 3028 9476 1706 3029 9477 1701 3029 9478 1732 3029 9479 1706 3030 9480 1732 3030 9481 1738 3030 9482 1738 3031 9483 1732 3031 9484 1733 3031 9485 1738 3032 9486 1733 3032 9487 1739 3032 9488 1739 3033 9489 1733 3033 9490 1734 3033 9491 1739 3034 9492 1734 3034 9493 1740 3034 9494 1740 3035 9495 1734 3035 9496 1735 3035 9497 1740 3036 9498 1735 3036 9499 1741 3036 9500 1741 3037 9501 1735 3037 9502 1736 3037 9503 1741 3038 9504 1736 3038 9505 1742 3038 9506 1742 3039 9507 1736 3039 9508 1737 3039 9509 1742 3040 9510 1737 3040 9511 1743 3040 9512 1703 3041 9513 1705 3041 9514 1707 3041 9515 1707 3042 9516 1705 3042 9517 1706 3042 9518 1707 3043 9519 1706 3043 9520 1744 3043 9521 1744 3044 9522 1706 3044 9523 1738 3044 9524 1744 3045 9525 1738 3045 9526 1745 3045 9527 1745 3046 9528 1738 3046 9529 1739 3046 9530 1745 3047 9531 1739 3047 9532 1746 3047 9533 1746 3048 9534 1739 3048 9535 1740 3048 9536 1746 3049 9537 1740 3049 9538 1747 3049 9539 1747 3050 9540 1740 3050 9541 1741 3050 9542 1747 3051 9543 1741 3051 9544 1748 3051 9545 1748 3052 9546 1741 3052 9547 1742 3052 9548 1748 3053 9549 1742 3053 9550 1749 3053 9551 1749 3054 9552 1742 3054 9553 1743 3054 9554 1749 3055 9555 1743 3055 9556 1750 3055 9557 1597 3056 9558 1615 3056 9559 1750 3056 9560 1750 3057 9561 1615 3057 9562 1720 3057 9563 1750 3058 9564 1720 3058 9565 1749 3058 9566 1749 3059 9567 1720 3059 9568 1719 3059 9569 1749 3060 9570 1719 3060 9571 1748 3060 9572 1748 3061 9573 1719 3061 9574 1718 3061 9575 1748 3062 9576 1718 3062 9577 1747 3062 9578 1747 3063 9579 1718 3063 9580 1717 3063 9581 1747 3064 9582 1717 3064 9583 1746 3064 9584 1746 3065 9585 1717 3065 9586 1716 3065 9587 1746 3066 9588 1716 3066 9589 1745 3066 9590 1745 3067 9591 1716 3067 9592 1715 3067 9593 1745 3068 9594 1715 3068 9595 1744 3068 9596 1744 3069 9597 1715 3069 9598 1711 3069 9599 1744 3070 9600 1711 3070 9601 1707 3070 9602 1707 3071 9603 1711 3071 9604 1712 3071 9605 1707 3072 9606 1712 3072 9607 1708 3072 9608 1751 3073 9609 1726 3073 9610 1752 3073 9611 1752 3074 9612 1726 3074 9613 1694 3074 9614 1752 3075 9615 1694 3075 9616 1692 3075 9617 1650 3076 9618 1670 3076 9619 1753 3076 9620 1753 3077 9621 1670 3077 9622 1669 3077 9623 1753 3078 9624 1669 3078 9625 1754 3078 9626 1754 3079 9627 1669 3079 9628 1667 3079 9629 1754 3080 9630 1667 3080 9631 1755 3080 9632 1755 3081 9633 1667 3081 9634 1665 3081 9635 1755 3082 9636 1665 3082 9637 1756 3082 9638 1756 3083 9639 1665 3083 9640 1689 3083 9641 1756 3084 9642 1689 3084 9643 1757 3084 9644 1757 3085 9645 1689 3085 9646 1758 3085 9647 1757 3086 9648 1758 3086 9649 1759 3086 9650 1759 3087 9651 1758 3087 9652 1760 3087 9653 1759 3088 9654 1760 3088 9655 1761 3088 9656 1761 3089 9657 1760 3089 9658 1762 3089 9659 1761 3090 9660 1762 3090 9661 1763 3090 9662 1763 3091 9663 1762 3091 9664 1764 3091 9665 1763 3092 9666 1764 3092 9667 1765 3092 9668 1765 3093 9669 1764 3093 9670 1766 3093 9671 1765 3094 9672 1766 3094 9673 1767 3094 9674 1767 3095 9675 1766 3095 9676 1768 3095 9677 1767 3096 9678 1768 3096 9679 1769 3096 9680 1769 3097 9681 1768 3097 9682 1770 3097 9683 1769 3098 9684 1770 3098 9685 1771 3098 9686 1771 3099 9687 1770 3099 9688 1729 3099 9689 1771 3100 9690 1729 3100 9691 1772 3100 9692 1772 3101 9693 1729 3101 9694 1724 3101 9695 1772 3102 9696 1724 3102 9697 1773 3102 9698 1773 3103 9699 1724 3103 9700 1722 3103 9701 1773 3104 9702 1722 3104 9703 1774 3104 9704 1774 3105 9705 1722 3105 9706 1728 3105 9707 1774 3106 9708 1728 3106 9709 1751 3106 9710 1751 3107 9711 1728 3107 9712 1727 3107 9713 1751 3108 9714 1727 3108 9715 1726 3108 9716 1775 3109 9717 1592 3109 9718 1584 3109 9719 1400 3110 9720 1776 3110 9721 1397 3110 9722 1397 3111 9723 1776 3111 9724 1777 3111 9725 1397 3112 9726 1777 3112 9727 1395 3112 9728 1395 3113 9729 1777 3113 9730 1778 3113 9731 1395 3114 9732 1778 3114 9733 1393 3114 9734 1393 3115 9735 1778 3115 9736 1779 3115 9737 1393 3116 9738 1779 3116 9739 1391 3116 9740 1391 3117 9741 1779 3117 9742 1780 3117 9743 1391 3118 9744 1780 3118 9745 1359 3118 9746 1359 3119 9747 1780 3119 9748 1781 3119 9749 1359 3120 9750 1781 3120 9751 1360 3120 9752 1360 3121 9753 1781 3121 9754 1782 3121 9755 1360 3122 9756 1782 3122 9757 1362 3122 9758 1583 3123 9759 1367 3123 9760 1782 3123 9761 1782 3124 9762 1367 3124 9763 1365 3124 9764 1782 3125 9765 1365 3125 9766 1362 3125 9767 1593 3126 9768 1592 3126 9769 1783 3126 9770 1783 3127 9771 1592 3127 9772 1775 3127 9773 1783 3128 9774 1775 3128 9775 1784 3128 9776 1784 3129 9777 1775 3129 9778 1785 3129 9779 1784 3130 9780 1785 3130 9781 1786 3130 9782 1787 3131 9783 1788 3131 9784 1789 3131 9785 1789 3132 9786 1788 3132 9787 1790 3132 9788 1789 3133 9789 1790 3133 9790 1791 3133 9791 1791 3134 9792 1790 3134 9793 1792 3134 9794 1791 3135 9795 1792 3135 9796 1793 3135 9797 1793 3136 9798 1792 3136 9799 1786 3136 9800 1793 3137 9801 1786 3137 9802 1794 3137 9803 1794 3138 9804 1786 3138 9805 1785 3138 9806 1596 3139 9807 1776 3139 9808 1629 3139 9809 1629 3140 9810 1776 3140 9811 1400 3140 9812 1629 3141 9813 1400 3141 9814 1402 3141 9815 1583 3142 9816 1782 3142 9817 1795 3142 9818 1795 3143 9819 1782 3143 9820 1781 3143 9821 1795 3144 9822 1781 3144 9823 1796 3144 9824 1796 3145 9825 1781 3145 9826 1780 3145 9827 1796 3146 9828 1780 3146 9829 1797 3146 9830 1797 3147 9831 1780 3147 9832 1779 3147 9833 1797 3148 9834 1779 3148 9835 1798 3148 9836 1798 3149 9837 1779 3149 9838 1778 3149 9839 1798 3150 9840 1778 3150 9841 1799 3150 9842 1799 3151 9843 1778 3151 9844 1777 3151 9845 1799 3152 9846 1777 3152 9847 1800 3152 9848 1800 3153 9849 1777 3153 9850 1776 3153 9851 1800 3154 9852 1776 3154 9853 1801 3154 9854 1801 3155 9855 1776 3155 9856 1596 3155 9857 1801 3156 9858 1596 3156 9859 1595 3156 9860 1597 3157 9861 1788 3157 9862 1595 3157 9863 1595 3158 9864 1788 3158 9865 1787 3158 9866 1595 3159 9867 1787 3159 9868 1801 3159 9869 1801 3160 9870 1787 3160 9871 1789 3160 9872 1801 3161 9873 1789 3161 9874 1800 3161 9875 1800 3162 9876 1789 3162 9877 1791 3162 9878 1800 3163 9879 1791 3163 9880 1799 3163 9881 1799 3164 9882 1791 3164 9883 1793 3164 9884 1799 3165 9885 1793 3165 9886 1798 3165 9887 1798 3166 9888 1793 3166 9889 1794 3166 9890 1798 3167 9891 1794 3167 9892 1797 3167 9893 1797 3168 9894 1794 3168 9895 1785 3168 9896 1797 3169 9897 1785 3169 9898 1796 3169 9899 1796 3170 9900 1785 3170 9901 1775 3170 9902 1796 3171 9903 1775 3171 9904 1795 3171 9905 1795 3172 9906 1775 3172 9907 1584 3172 9908 1795 3173 9909 1584 3173 9910 1583 3173 9911 1802 3174 9912 1731 3174 9913 1730 3174 9914 1788 3175 9915 1597 3175 9916 1750 3175 9917 1788 3176 9918 1803 3176 9919 1804 3176 9920 1788 3177 9921 1804 3177 9922 1790 3177 9923 1790 3178 9924 1804 3178 9925 1805 3178 9926 1790 3179 9927 1805 3179 9928 1792 3179 9929 1805 3180 9930 1806 3180 9931 1792 3180 9932 1792 3181 9933 1806 3181 9934 1807 3181 9935 1792 3182 9936 1807 3182 9937 1786 3182 9938 1786 3183 9939 1807 3183 9940 1808 3183 9941 1786 3184 9942 1808 3184 9943 1784 3184 9944 1784 3185 9945 1808 3185 9946 1809 3185 9947 1784 3186 9948 1809 3186 9949 1783 3186 9950 1730 3187 9951 1729 3187 9952 1810 3187 9953 1810 3188 9954 1729 3188 9955 1770 3188 9956 1810 3189 9957 1770 3189 9958 1811 3189 9959 1811 3190 9960 1770 3190 9961 1768 3190 9962 1811 3191 9963 1768 3191 9964 1812 3191 9965 1812 3192 9966 1768 3192 9967 1766 3192 9968 1812 3193 9969 1766 3193 9970 1813 3193 9971 1813 3194 9972 1766 3194 9973 1764 3194 9974 1813 3195 9975 1764 3195 9976 1814 3195 9977 1814 3196 9978 1764 3196 9979 1762 3196 9980 1814 3197 9981 1762 3197 9982 1815 3197 9983 1815 3198 9984 1762 3198 9985 1760 3198 9986 1815 3199 9987 1760 3199 9988 1816 3199 9989 1816 3200 9990 1760 3200 9991 1758 3200 9992 1687 3201 9993 1816 3201 9994 1688 3201 9995 1688 3202 9996 1816 3202 9997 1758 3202 9998 1688 3203 9999 1758 3203 10000 1689 3203 10001 1730 3204 10002 1810 3204 10003 1802 3204 10004 1802 3205 10005 1810 3205 10006 1811 3205 10007 1802 3206 10008 1811 3206 10009 1817 3206 10010 1817 3207 10011 1811 3207 10012 1812 3207 10013 1817 3208 10014 1812 3208 10015 1818 3208 10016 1818 3209 10017 1812 3209 10018 1813 3209 10019 1818 3210 10020 1813 3210 10021 1819 3210 10022 1819 3211 10023 1813 3211 10024 1814 3211 10025 1819 3212 10026 1814 3212 10027 1820 3212 10028 1820 3213 10029 1814 3213 10030 1815 3213 10031 1820 3214 10032 1815 3214 10033 1821 3214 10034 1821 3215 10035 1815 3215 10036 1816 3215 10037 1821 3216 10038 1816 3216 10039 1822 3216 10040 1822 3217 10041 1816 3217 10042 1687 3217 10043 1822 3218 10044 1687 3218 10045 1637 3218 10046 1788 3219 10047 1750 3219 10048 1803 3219 10049 1803 3220 10050 1750 3220 10051 1743 3220 10052 1803 3221 10053 1743 3221 10054 1737 3221 10055 1593 3222 10056 1783 3222 10057 1637 3222 10058 1637 3223 10059 1783 3223 10060 1809 3223 10061 1637 3224 10062 1809 3224 10063 1822 3224 10064 1822 3225 10065 1809 3225 10066 1808 3225 10067 1822 3226 10068 1808 3226 10069 1821 3226 10070 1821 3227 10071 1808 3227 10072 1807 3227 10073 1821 3228 10074 1807 3228 10075 1820 3228 10076 1820 3229 10077 1807 3229 10078 1806 3229 10079 1820 3230 10080 1806 3230 10081 1819 3230 10082 1819 3231 10083 1806 3231 10084 1805 3231 10085 1819 3232 10086 1805 3232 10087 1818 3232 10088 1818 3233 10089 1805 3233 10090 1804 3233 10091 1818 3234 10092 1804 3234 10093 1817 3234 10094 1817 3235 10095 1804 3235 10096 1803 3235 10097 1817 3236 10098 1803 3236 10099 1802 3236 10100 1802 3237 10101 1803 3237 10102 1737 3237 10103 1802 3238 10104 1737 3238 10105 1731 3238 10106 1823 3239 10107 1824 3239 10108 1075 3239 10109 1825 3240 10110 1826 3240 10111 1076 3240 10112 1827 3241 10113 1828 3241 10114 1086 3241 10115 1086 3242 10116 1828 3242 10117 1829 3242 10118 1086 3243 10119 1829 3243 10120 1123 3243 10121 1123 3244 10122 1829 3244 10123 1830 3244 10124 1123 3245 10125 1830 3245 10126 1831 3245 10127 1830 3246 10128 1832 3246 10129 1833 3246 10130 1833 3247 10131 1834 3247 10132 1830 3247 10133 1830 3248 10134 1834 3248 10135 1835 3248 10136 1830 3249 10137 1835 3249 10138 1831 3249 10139 1068 3250 10140 1836 3250 10141 1837 3250 10142 1837 3251 10143 1838 3251 10144 1068 3251 10145 1068 3252 10146 1838 3252 10147 1839 3252 10148 1068 3253 10149 1839 3253 10150 1086 3253 10151 1086 3254 10152 1839 3254 10153 1840 3254 10154 1086 3255 10155 1840 3255 10156 1827 3255 10157 1841 3256 10158 1842 3256 10159 1067 3256 10160 1067 3257 10161 1842 3257 10162 1843 3257 10163 1067 3258 10164 1843 3258 10165 1068 3258 10166 1068 3259 10167 1843 3259 10168 1844 3259 10169 1068 3260 10170 1844 3260 10171 1836 3260 10172 1845 3261 10173 1846 3261 10174 1107 3261 10175 1107 3262 10176 1846 3262 10177 1847 3262 10178 1107 3263 10179 1847 3263 10180 1067 3263 10181 1067 3264 10182 1847 3264 10183 1848 3264 10184 1067 3265 10185 1848 3265 10186 1841 3265 10187 1079 3266 10188 1849 3266 10189 1107 3266 10190 1107 3267 10191 1849 3267 10192 1850 3267 10193 1107 3268 10194 1850 3268 10195 1845 3268 10196 1851 3269 10197 1852 3269 10198 1078 3269 10199 1078 3270 10200 1852 3270 10201 1853 3270 10202 1078 3271 10203 1853 3271 10204 1079 3271 10205 1079 3272 10206 1853 3272 10207 1854 3272 10208 1079 3273 10209 1854 3273 10210 1849 3273 10211 1826 3274 10212 1855 3274 10213 1076 3274 10214 1076 3275 10215 1855 3275 10216 1856 3275 10217 1076 3276 10218 1856 3276 10219 1078 3276 10220 1078 3277 10221 1856 3277 10222 1857 3277 10223 1078 3278 10224 1857 3278 10225 1851 3278 10226 1075 3279 10227 1824 3279 10228 1076 3279 10229 1076 3280 10230 1824 3280 10231 1858 3280 10232 1076 3281 10233 1858 3281 10234 1825 3281 10235 1859 3282 10236 1860 3282 10237 1861 3282 10238 1861 3283 10239 1860 3283 10240 1862 3283 10241 1861 3284 10242 1862 3284 10243 1863 3284 10244 1823 3285 10245 1075 3285 10246 1864 3285 10247 1864 3286 10248 1075 3286 10249 1103 3286 10250 1864 3287 10251 1103 3287 10252 1861 3287 10253 1861 3288 10254 1103 3288 10255 1865 3288 10256 1861 3289 10257 1865 3289 10258 1859 3289 10259 1866 3290 10260 1867 3290 10261 1868 3290 10262 1869 3291 10263 1870 3291 10264 1412 3291 10265 1412 3292 10266 1870 3292 10267 1871 3292 10268 1412 3293 10269 1871 3293 10270 1426 3293 10271 1868 3294 10272 1867 3294 10273 1412 3294 10274 1412 3295 10275 1867 3295 10276 1872 3295 10277 1412 3296 10278 1872 3296 10279 1869 3296 10280 1873 3297 10281 1874 3297 10282 1868 3297 10283 1868 3298 10284 1874 3298 10285 1875 3298 10286 1868 3299 10287 1875 3299 10288 1866 3299 10289 1876 3300 10290 1877 3300 10291 1878 3300 10292 1878 3301 10293 1877 3301 10294 1879 3301 10295 1878 3302 10296 1879 3302 10297 1873 3302 10298 1873 3303 10299 1879 3303 10300 1880 3303 10301 1873 3304 10302 1880 3304 10303 1874 3304 10304 1881 3305 10305 1326 3305 10306 1490 3305 10307 1490 3306 10308 1876 3306 10309 1881 3306 10310 1881 3307 10311 1876 3307 10312 1878 3307 10313 1881 3308 10314 1878 3308 10315 1882 3308 10316 1882 3309 10317 1878 3309 10318 1873 3309 10319 1882 3310 10320 1873 3310 10321 1883 3310 10322 1883 3311 10323 1873 3311 10324 1868 3311 10325 1883 3312 10326 1868 3312 10327 1411 3312 10328 1411 3313 10329 1868 3313 10330 1412 3313 10331 1882 3314 10332 1883 3314 10333 1884 3314 10334 1885 3315 10335 1886 3315 10336 1887 3315 10337 1885 3316 10338 1887 3316 10339 1888 3316 10340 1396 3317 10341 1889 3317 10342 1890 3317 10343 1396 3318 10344 1890 3318 10345 1398 3318 10346 1398 3319 10347 1890 3319 10348 1891 3319 10349 1398 3320 10350 1891 3320 10351 1399 3320 10352 1352 3321 10353 1892 3321 10354 1354 3321 10355 1354 3322 10356 1892 3322 10357 1887 3322 10358 1354 3323 10359 1887 3323 10360 1357 3323 10361 1357 3324 10362 1887 3324 10363 1886 3324 10364 1357 3325 10365 1886 3325 10366 1358 3325 10367 1350 3326 10368 1893 3326 10369 1352 3326 10370 1352 3327 10371 1893 3327 10372 1894 3327 10373 1352 3328 10374 1894 3328 10375 1892 3328 10376 1350 3329 10377 1348 3329 10378 1893 3329 10379 1893 3330 10380 1348 3330 10381 1345 3330 10382 1893 3331 10383 1345 3331 10384 1895 3331 10385 1895 3332 10386 1345 3332 10387 1343 3332 10388 1895 3333 10389 1343 3333 10390 1896 3333 10391 1896 3334 10392 1343 3334 10393 1342 3334 10394 1896 3335 10395 1342 3335 10396 1897 3335 10397 1342 3336 10398 1339 3336 10399 1897 3336 10400 1897 3337 10401 1339 3337 10402 1337 3337 10403 1897 3338 10404 1337 3338 10405 1898 3338 10406 1898 3339 10407 1337 3339 10408 1335 3339 10409 1898 3340 10410 1335 3340 10411 1899 3340 10412 1335 3341 10413 1333 3341 10414 1899 3341 10415 1899 3342 10416 1333 3342 10417 1331 3342 10418 1899 3343 10419 1331 3343 10420 1900 3343 10421 1900 3344 10422 1331 3344 10423 1330 3344 10424 1900 3345 10425 1330 3345 10426 1901 3345 10427 1901 3346 10428 1330 3346 10429 1323 3346 10430 1901 3347 10431 1323 3347 10432 1902 3347 10433 1323 3348 10434 1329 3348 10435 1902 3348 10436 1902 3349 10437 1329 3349 10438 1328 3349 10439 1902 3350 10440 1328 3350 10441 1903 3350 10442 1903 3351 10443 1328 3351 10444 1326 3351 10445 1326 3352 10446 1881 3352 10447 1903 3352 10448 1903 3353 10449 1881 3353 10450 1904 3353 10451 1903 3354 10452 1904 3354 10453 1902 3354 10454 1902 3355 10455 1904 3355 10456 1905 3355 10457 1902 3356 10458 1905 3356 10459 1901 3356 10460 1901 3357 10461 1905 3357 10462 1906 3357 10463 1901 3358 10464 1906 3358 10465 1900 3358 10466 1900 3359 10467 1906 3359 10468 1907 3359 10469 1900 3360 10470 1907 3360 10471 1899 3360 10472 1899 3361 10473 1907 3361 10474 1908 3361 10475 1899 3362 10476 1908 3362 10477 1898 3362 10478 1898 3363 10479 1908 3363 10480 1909 3363 10481 1898 3364 10482 1909 3364 10483 1897 3364 10484 1897 3365 10485 1909 3365 10486 1910 3365 10487 1897 3366 10488 1910 3366 10489 1896 3366 10490 1896 3367 10491 1910 3367 10492 1911 3367 10493 1896 3368 10494 1911 3368 10495 1895 3368 10496 1895 3369 10497 1911 3369 10498 1912 3369 10499 1895 3370 10500 1912 3370 10501 1893 3370 10502 1893 3371 10503 1912 3371 10504 1913 3371 10505 1893 3372 10506 1913 3372 10507 1894 3372 10508 1894 3373 10509 1913 3373 10510 1914 3373 10511 1894 3374 10512 1914 3374 10513 1892 3374 10514 1892 3375 10515 1914 3375 10516 1915 3375 10517 1892 3376 10518 1915 3376 10519 1887 3376 10520 1887 3377 10521 1915 3377 10522 1916 3377 10523 1887 3378 10524 1916 3378 10525 1888 3378 10526 1888 3379 10527 1916 3379 10528 1917 3379 10529 1881 3380 10530 1882 3380 10531 1904 3380 10532 1904 3381 10533 1882 3381 10534 1884 3381 10535 1904 3382 10536 1884 3382 10537 1905 3382 10538 1905 3383 10539 1884 3383 10540 1918 3383 10541 1905 3384 10542 1918 3384 10543 1906 3384 10544 1906 3385 10545 1918 3385 10546 1919 3385 10547 1906 3386 10548 1919 3386 10549 1907 3386 10550 1907 3387 10551 1919 3387 10552 1920 3387 10553 1907 3388 10554 1920 3388 10555 1908 3388 10556 1908 3389 10557 1920 3389 10558 1921 3389 10559 1908 3390 10560 1921 3390 10561 1909 3390 10562 1909 3391 10563 1921 3391 10564 1922 3391 10565 1909 3392 10566 1922 3392 10567 1910 3392 10568 1910 3393 10569 1922 3393 10570 1923 3393 10571 1910 3394 10572 1923 3394 10573 1911 3394 10574 1911 3395 10575 1923 3395 10576 1924 3395 10577 1911 3396 10578 1924 3396 10579 1912 3396 10580 1912 3397 10581 1924 3397 10582 1925 3397 10583 1912 3398 10584 1925 3398 10585 1913 3398 10586 1913 3399 10587 1925 3399 10588 1926 3399 10589 1913 3400 10590 1926 3400 10591 1914 3400 10592 1914 3401 10593 1926 3401 10594 1927 3401 10595 1914 3402 10596 1927 3402 10597 1915 3402 10598 1915 3403 10599 1927 3403 10600 1891 3403 10601 1915 3404 10602 1891 3404 10603 1916 3404 10604 1916 3405 10605 1891 3405 10606 1890 3405 10607 1916 3406 10608 1890 3406 10609 1917 3406 10610 1917 3407 10611 1890 3407 10612 1889 3407 10613 1399 3408 10614 1891 3408 10615 1401 3408 10616 1401 3409 10617 1891 3409 10618 1927 3409 10619 1401 3410 10620 1927 3410 10621 1403 3410 10622 1403 3411 10623 1927 3411 10624 1926 3411 10625 1403 3412 10626 1926 3412 10627 1404 3412 10628 1404 3413 10629 1926 3413 10630 1925 3413 10631 1404 3414 10632 1925 3414 10633 1405 3414 10634 1405 3415 10635 1925 3415 10636 1924 3415 10637 1405 3416 10638 1924 3416 10639 1408 3416 10640 1408 3417 10641 1924 3417 10642 1923 3417 10643 1408 3418 10644 1923 3418 10645 1409 3418 10646 1409 3419 10647 1923 3419 10648 1922 3419 10649 1409 3420 10650 1922 3420 10651 1414 3420 10652 1414 3421 10653 1922 3421 10654 1921 3421 10655 1414 3422 10656 1921 3422 10657 1415 3422 10658 1415 3423 10659 1921 3423 10660 1920 3423 10661 1415 3424 10662 1920 3424 10663 1416 3424 10664 1416 3425 10665 1920 3425 10666 1919 3425 10667 1416 3426 10668 1919 3426 10669 1417 3426 10670 1417 3427 10671 1919 3427 10672 1918 3427 10673 1417 3428 10674 1918 3428 10675 1418 3428 10676 1418 3429 10677 1918 3429 10678 1884 3429 10679 1418 3430 10680 1884 3430 10681 1413 3430 10682 1413 3431 10683 1884 3431 10684 1883 3431 10685 1413 3432 10686 1883 3432 10687 1411 3432 10688 1284 3433 10689 1459 3433 10690 1928 3433 10691 1928 3434 10692 1459 3434 10693 1929 3434 10694 1928 3435 10695 1929 3435 10696 1930 3435 10697 1459 3436 10698 1458 3436 10699 1931 3436 10700 1931 3437 10701 1458 3437 10702 1358 3437 10703 1931 3438 10704 1358 3438 10705 1886 3438 10706 1459 3439 10707 1931 3439 10708 1929 3439 10709 1929 3440 10710 1931 3440 10711 1932 3440 10712 1929 3441 10713 1932 3441 10714 1933 3441 10715 1933 3442 10716 1361 3442 10717 1363 3442 10718 1363 3443 10719 1934 3443 10720 1933 3443 10721 1933 3444 10722 1934 3444 10723 1935 3444 10724 1933 3445 10725 1935 3445 10726 1929 3445 10727 1929 3446 10728 1935 3446 10729 1936 3446 10730 1929 3447 10731 1936 3447 10732 1930 3447 10733 1886 3448 10734 1885 3448 10735 1931 3448 10736 1931 3449 10737 1885 3449 10738 1888 3449 10739 1931 3450 10740 1888 3450 10741 1932 3450 10742 1932 3451 10743 1888 3451 10744 1917 3451 10745 1932 3452 10746 1917 3452 10747 1889 3452 10748 1361 3453 10749 1933 3453 10750 1392 3453 10751 1392 3454 10752 1933 3454 10753 1932 3454 10754 1392 3455 10755 1932 3455 10756 1394 3455 10757 1394 3456 10758 1932 3456 10759 1889 3456 10760 1394 3457 10761 1889 3457 10762 1396 3457 10763 1937 3458 10764 1938 3458 10765 1939 3458 10766 1315 3459 10767 1939 3459 10768 1313 3459 10769 1313 3460 10770 1939 3460 10771 1938 3460 10772 1313 3461 10773 1938 3461 10774 1311 3461 10775 1317 3462 10776 1940 3462 10777 1315 3462 10778 1315 3463 10779 1940 3463 10780 1941 3463 10781 1315 3464 10782 1941 3464 10783 1939 3464 10784 1317 3465 10785 1319 3465 10786 1940 3465 10787 1940 3466 10788 1319 3466 10789 1320 3466 10790 1940 3467 10791 1320 3467 10792 1942 3467 10793 1942 3468 10794 1320 3468 10795 1309 3468 10796 1942 3469 10797 1309 3469 10798 1943 3469 10799 1943 3470 10800 1309 3470 10801 1307 3470 10802 1943 3471 10803 1307 3471 10804 1944 3471 10805 1944 3472 10806 1307 3472 10807 1305 3472 10808 1944 3473 10809 1305 3473 10810 1945 3473 10811 1305 3474 10812 1303 3474 10813 1945 3474 10814 1945 3475 10815 1303 3475 10816 1301 3475 10817 1945 3476 10818 1301 3476 10819 1946 3476 10820 1946 3477 10821 1301 3477 10822 1299 3477 10823 1946 3478 10824 1299 3478 10825 1947 3478 10826 1947 3479 10827 1299 3479 10828 1297 3479 10829 1947 3480 10830 1297 3480 10831 1948 3480 10832 1948 3481 10833 1297 3481 10834 1295 3481 10835 1948 3482 10836 1295 3482 10837 1292 3482 10838 1290 3483 10839 1949 3483 10840 1292 3483 10841 1292 3484 10842 1949 3484 10843 1950 3484 10844 1292 3485 10845 1950 3485 10846 1948 3485 10847 1381 3486 10848 1951 3486 10849 1382 3486 10850 1382 3487 10851 1951 3487 10852 1952 3487 10853 1382 3488 10854 1952 3488 10855 1383 3488 10856 1383 3489 10857 1952 3489 10858 1953 3489 10859 1383 3490 10860 1953 3490 10861 1384 3490 10862 1384 3491 10863 1953 3491 10864 1954 3491 10865 1384 3492 10866 1954 3492 10867 1385 3492 10868 1385 3493 10869 1954 3493 10870 1955 3493 10871 1385 3494 10872 1955 3494 10873 1386 3494 10874 1386 3495 10875 1955 3495 10876 1956 3495 10877 1386 3496 10878 1956 3496 10879 1390 3496 10880 1390 3497 10881 1956 3497 10882 1957 3497 10883 1390 3498 10884 1957 3498 10885 1389 3498 10886 1389 3499 10887 1957 3499 10888 1958 3499 10889 1389 3500 10890 1958 3500 10891 1369 3500 10892 1369 3501 10893 1958 3501 10894 1959 3501 10895 1369 3502 10896 1959 3502 10897 1370 3502 10898 1370 3503 10899 1959 3503 10900 1960 3503 10901 1370 3504 10902 1960 3504 10903 1371 3504 10904 1371 3505 10905 1960 3505 10906 1961 3505 10907 1371 3506 10908 1961 3506 10909 1372 3506 10910 1372 3507 10911 1961 3507 10912 1962 3507 10913 1372 3508 10914 1962 3508 10915 1368 3508 10916 1963 3509 10917 1964 3509 10918 1965 3509 10919 1965 3510 10920 1964 3510 10921 1962 3510 10922 1965 3511 10923 1962 3511 10924 1966 3511 10925 1966 3512 10926 1962 3512 10927 1961 3512 10928 1966 3513 10929 1961 3513 10930 1967 3513 10931 1967 3514 10932 1961 3514 10933 1960 3514 10934 1967 3515 10935 1960 3515 10936 1968 3515 10937 1968 3516 10938 1960 3516 10939 1959 3516 10940 1968 3517 10941 1959 3517 10942 1969 3517 10943 1969 3518 10944 1959 3518 10945 1958 3518 10946 1969 3519 10947 1958 3519 10948 1970 3519 10949 1970 3520 10950 1958 3520 10951 1957 3520 10952 1970 3521 10953 1957 3521 10954 1971 3521 10955 1971 3522 10956 1957 3522 10957 1956 3522 10958 1971 3523 10959 1956 3523 10960 1972 3523 10961 1972 3524 10962 1956 3524 10963 1955 3524 10964 1972 3525 10965 1955 3525 10966 1973 3525 10967 1973 3526 10968 1955 3526 10969 1954 3526 10970 1973 3527 10971 1954 3527 10972 1974 3527 10973 1974 3528 10974 1954 3528 10975 1953 3528 10976 1974 3529 10977 1953 3529 10978 1975 3529 10979 1975 3530 10980 1953 3530 10981 1952 3530 10982 1975 3531 10983 1952 3531 10984 1976 3531 10985 1976 3532 10986 1952 3532 10987 1951 3532 10988 1976 3533 10989 1951 3533 10990 1977 3533 10991 1977 3534 10992 1951 3534 10993 1381 3534 10994 1368 3535 10995 1962 3535 10996 1366 3535 10997 1366 3536 10998 1962 3536 10999 1964 3536 11000 1366 3537 11001 1964 3537 11002 1364 3537 11003 1290 3538 11004 1289 3538 11005 1949 3538 11006 1949 3539 11007 1289 3539 11008 1286 3539 11009 1949 3540 11010 1286 3540 11011 1978 3540 11012 1978 3541 11013 1286 3541 11014 1284 3541 11015 1978 3542 11016 1284 3542 11017 1928 3542 11018 1928 3543 11019 1930 3543 11020 1978 3543 11021 1978 3544 11022 1930 3544 11023 1963 3544 11024 1978 3545 11025 1963 3545 11026 1949 3545 11027 1949 3546 11028 1963 3546 11029 1965 3546 11030 1949 3547 11031 1965 3547 11032 1950 3547 11033 1950 3548 11034 1965 3548 11035 1966 3548 11036 1950 3549 11037 1966 3549 11038 1948 3549 11039 1948 3550 11040 1966 3550 11041 1967 3550 11042 1948 3551 11043 1967 3551 11044 1947 3551 11045 1947 3552 11046 1967 3552 11047 1968 3552 11048 1947 3553 11049 1968 3553 11050 1946 3553 11051 1946 3554 11052 1968 3554 11053 1969 3554 11054 1946 3555 11055 1969 3555 11056 1945 3555 11057 1945 3556 11058 1969 3556 11059 1970 3556 11060 1945 3557 11061 1970 3557 11062 1944 3557 11063 1944 3558 11064 1970 3558 11065 1971 3558 11066 1944 3559 11067 1971 3559 11068 1943 3559 11069 1943 3560 11070 1971 3560 11071 1972 3560 11072 1943 3561 11073 1972 3561 11074 1942 3561 11075 1942 3562 11076 1972 3562 11077 1973 3562 11078 1942 3563 11079 1973 3563 11080 1940 3563 11081 1940 3564 11082 1973 3564 11083 1974 3564 11084 1940 3565 11085 1974 3565 11086 1941 3565 11087 1941 3566 11088 1974 3566 11089 1975 3566 11090 1941 3567 11091 1975 3567 11092 1939 3567 11093 1939 3568 11094 1975 3568 11095 1976 3568 11096 1939 3569 11097 1976 3569 11098 1937 3569 11099 1937 3570 11100 1976 3570 11101 1977 3570 11102 1363 3571 11103 1364 3571 11104 1934 3571 11105 1934 3572 11106 1364 3572 11107 1964 3572 11108 1934 3573 11109 1964 3573 11110 1935 3573 11111 1935 3574 11112 1964 3574 11113 1963 3574 11114 1935 3575 11115 1963 3575 11116 1936 3575 11117 1936 3576 11118 1963 3576 11119 1930 3576 11120 1979 3577 11121 1980 3577 11122 1981 3577 11123 1980 3578 11124 1979 3578 11125 1982 3578 11126 1983 3579 11127 1984 3579 11128 1985 3579 11129 1379 3580 11130 1986 3580 11131 1380 3580 11132 1380 3581 11133 1986 3581 11134 1987 3581 11135 1380 3582 11136 1987 3582 11137 1983 3582 11138 1983 3583 11139 1987 3583 11140 1988 3583 11141 1983 3584 11142 1988 3584 11143 1984 3584 11144 1311 3585 11145 1938 3585 11146 1450 3585 11147 1450 3586 11148 1938 3586 11149 1989 3586 11150 1985 3587 11151 1990 3587 11152 1983 3587 11153 1983 3588 11154 1990 3588 11155 1991 3588 11156 1983 3589 11157 1991 3589 11158 1981 3589 11159 1981 3590 11160 1991 3590 11161 1992 3590 11162 1981 3591 11163 1992 3591 11164 1979 3591 11165 1982 3592 11166 1989 3592 11167 1980 3592 11168 1980 3593 11169 1989 3593 11170 1938 3593 11171 1980 3594 11172 1938 3594 11173 1981 3594 11174 1981 3595 11175 1938 3595 11176 1937 3595 11177 1981 3596 11178 1937 3596 11179 1983 3596 11180 1983 3597 11181 1937 3597 11182 1977 3597 11183 1983 3598 11184 1977 3598 11185 1380 3598 11186 1380 3599 11187 1977 3599 11188 1381 3599 11189 1993 3600 11190 1514 3600 11191 1994 3600 11192 1994 3601 11193 1514 3601 11194 1995 3601 11195 1994 3602 11196 1996 3602 11197 1993 3602 11198 1993 3603 11199 1996 3603 11200 1997 3603 11201 1993 3604 11202 1997 3604 11203 1998 3604 11204 1998 3605 11205 1997 3605 11206 1999 3605 11207 1426 3606 11208 1871 3606 11209 2000 3606 11210 2000 3607 11211 1871 3607 11212 2001 3607 11213 2000 3608 11214 2001 3608 11215 2002 3608 11216 1994 3609 11217 2003 3609 11218 1996 3609 11219 1996 3610 11220 2003 3610 11221 2000 3610 11222 1996 3611 11223 2000 3611 11224 1997 3611 11225 1997 3612 11226 2000 3612 11227 2002 3612 11228 1997 3613 11229 2002 3613 11230 1999 3613 11231 1495 3614 11232 2004 3614 11233 1511 3614 11234 1511 3615 11235 2004 3615 11236 1995 3615 11237 1511 3616 11238 1995 3616 11239 1513 3616 11240 1513 3617 11241 1995 3617 11242 1514 3617 11243 2005 3618 11244 2006 3618 11245 2007 3618 11246 2007 3619 11247 2006 3619 11248 2008 3619 11249 1110 3620 11250 2008 3620 11251 1111 3620 11252 1111 3621 11253 2008 3621 11254 2006 3621 11255 1111 3622 11256 2006 3622 11257 1492 3622 11258 1492 3623 11259 2006 3623 11260 2005 3623 11261 1492 3624 11262 2005 3624 11263 1493 3624 11264 1493 3625 11265 2005 3625 11266 1495 3625 11267 2009 3626 11268 2010 3626 11269 2011 3626 11270 1055 3627 11271 1074 3627 11272 2011 3627 11273 2011 3628 11274 1074 3628 11275 2012 3628 11276 2011 3629 11277 2012 3629 11278 2009 3629 11279 2009 3630 11280 2012 3630 11281 2013 3630 11282 2009 3631 11283 2013 3631 11284 2014 3631 11285 2014 3632 11286 2013 3632 11287 2015 3632 11288 2014 3633 11289 2015 3633 11290 2016 3633 11291 1448 3634 11292 2017 3634 11293 1444 3634 11294 1444 3635 11295 2017 3635 11296 2018 3635 11297 1444 3636 11298 2018 3636 11299 1445 3636 11300 1074 3637 11301 1447 3637 11302 2012 3637 11303 2012 3638 11304 1447 3638 11305 1446 3638 11306 2012 3639 11307 1446 3639 11308 2013 3639 11309 2013 3640 11310 1446 3640 11311 1445 3640 11312 2013 3641 11313 1445 3641 11314 2015 3641 11315 2015 3642 11316 1445 3642 11317 2018 3642 11318 2015 3643 11319 2018 3643 11320 2016 3643 11321 1379 3644 11322 2019 3644 11323 1986 3644 11324 1986 3645 11325 2019 3645 11326 2020 3645 11327 2020 3646 11328 2019 3646 11329 2021 3646 11330 2021 3647 11331 2019 3647 11332 2022 3647 11333 2021 3648 11334 2022 3648 11335 2023 3648 11336 2023 3649 11337 2022 3649 11338 2024 3649 11339 2023 3650 11340 2024 3650 11341 2025 3650 11342 2025 3651 11343 2024 3651 11344 2026 3651 11345 2025 3652 11346 2026 3652 11347 2027 3652 11348 1448 3653 11349 1436 3653 11350 2028 3653 11351 2028 3654 11352 1436 3654 11353 1435 3654 11354 2028 3655 11355 1435 3655 11356 2029 3655 11357 2019 3656 11358 2030 3656 11359 2022 3656 11360 2022 3657 11361 2030 3657 11362 2031 3657 11363 2022 3658 11364 2031 3658 11365 2024 3658 11366 2024 3659 11367 2031 3659 11368 2032 3659 11369 2024 3660 11370 2032 3660 11371 2026 3660 11372 2026 3661 11373 2032 3661 11374 2029 3661 11375 2026 3662 11376 2029 3662 11377 2027 3662 11378 2027 3663 11379 2029 3663 11380 1435 3663 11381 1604 3664 11382 1603 3664 11383 2033 3664 11384 2034 3665 11385 2035 3665 11386 2036 3665 11387 2036 3666 11388 2035 3666 11389 2037 3666 11390 2036 3667 11391 2037 3667 11392 2038 3667 11393 2038 3668 11394 2037 3668 11395 2039 3668 11396 2039 3669 11397 2040 3669 11398 2038 3669 11399 2038 3670 11400 2040 3670 11401 1714 3670 11402 2038 3671 11403 1714 3671 11404 1604 3671 11405 1604 3672 11406 2033 3672 11407 2038 3672 11408 2038 3673 11409 2033 3673 11410 2041 3673 11411 2038 3674 11412 2041 3674 11413 2042 3674 11414 2042 3675 11415 2041 3675 11416 1421 3675 11417 2042 3676 11418 1421 3676 11419 1426 3676 11420 1603 3677 11421 1601 3677 11422 2033 3677 11423 2033 3678 11424 1601 3678 11425 1599 3678 11426 2033 3679 11427 1599 3679 11428 2041 3679 11429 2041 3680 11430 1599 3680 11431 1598 3680 11432 2041 3681 11433 1598 3681 11434 1421 3681 11435 1421 3682 11436 1598 3682 11437 1607 3682 11438 1421 3683 11439 1607 3683 11440 1419 3683 11441 1426 3684 11442 2000 3684 11443 2043 3684 11444 2043 3685 11445 2000 3685 11446 2003 3685 11447 2043 3686 11448 2003 3686 11449 1994 3686 11450 2044 3687 11451 2034 3687 11452 2045 3687 11453 2045 3688 11454 2034 3688 11455 2036 3688 11456 2045 3689 11457 2036 3689 11458 2046 3689 11459 2046 3690 11460 2036 3690 11461 2038 3690 11462 2046 3691 11463 2038 3691 11464 2043 3691 11465 2043 3692 11466 2038 3692 11467 2042 3692 11468 2043 3693 11469 2042 3693 11470 1426 3693 11471 2007 3694 11472 2044 3694 11473 2005 3694 11474 2005 3695 11475 2044 3695 11476 2045 3695 11477 2005 3696 11478 2045 3696 11479 1495 3696 11480 2046 3697 11481 1495 3697 11482 2045 3697 11483 1994 3698 11484 1995 3698 11485 2043 3698 11486 2043 3699 11487 1995 3699 11488 2004 3699 11489 2043 3700 11490 2004 3700 11491 2046 3700 11492 2046 3701 11493 2004 3701 11494 1495 3701 11495 2047 3702 11496 1379 3702 11497 1375 3702 11498 2048 3703 11499 2049 3703 11500 2050 3703 11501 2051 3704 11502 2052 3704 11503 2053 3704 11504 2051 3705 11505 2053 3705 11506 2054 3705 11507 2053 3706 11508 1560 3706 11509 2055 3706 11510 2055 3707 11511 1560 3707 11512 1558 3707 11513 2055 3708 11514 1558 3708 11515 2053 3708 11516 2053 3709 11517 1558 3709 11518 1639 3709 11519 2053 3710 11520 1639 3710 11521 2054 3710 11522 2053 3711 11523 2048 3711 11524 1560 3711 11525 1560 3712 11526 2048 3712 11527 2050 3712 11528 1560 3713 11529 2050 3713 11530 1553 3713 11531 1553 3714 11532 2050 3714 11533 1554 3714 11534 2049 3715 11535 2047 3715 11536 2050 3715 11537 2050 3716 11538 2047 3716 11539 1375 3716 11540 2050 3717 11541 1375 3717 11542 1554 3717 11543 1554 3718 11544 1375 3718 11545 1377 3718 11546 2056 3719 11547 2017 3719 11548 1448 3719 11549 2049 3720 11550 2048 3720 11551 2057 3720 11552 2052 3721 11553 2058 3721 11554 2056 3721 11555 2058 3722 11556 2010 3722 11557 2009 3722 11558 2009 3723 11559 2014 3723 11560 2058 3723 11561 2058 3724 11562 2014 3724 11563 2016 3724 11564 2058 3725 11565 2016 3725 11566 2056 3725 11567 2056 3726 11568 2016 3726 11569 2018 3726 11570 2056 3727 11571 2018 3727 11572 2017 3727 11573 2048 3728 11574 2053 3728 11575 2059 3728 11576 2059 3729 11577 2053 3729 11578 2052 3729 11579 2019 3730 11580 1379 3730 11581 2047 3730 11582 2019 3731 11583 2047 3731 11584 2030 3731 11585 2030 3732 11586 2047 3732 11587 2049 3732 11588 2030 3733 11589 2049 3733 11590 2031 3733 11591 2031 3734 11592 2049 3734 11593 2057 3734 11594 2031 3735 11595 2057 3735 11596 2032 3735 11597 1448 3736 11598 2028 3736 11599 2057 3736 11600 2057 3737 11601 2028 3737 11602 2029 3737 11603 2057 3738 11604 2029 3738 11605 2032 3738 11606 2048 3739 11607 2059 3739 11608 2057 3739 11609 2057 3740 11610 2059 3740 11611 1448 3740 11612 2052 3741 11613 2056 3741 11614 2059 3741 11615 2059 3742 11616 2056 3742 11617 1448 3742 11618 1093 3743 11619 1092 3743 11620 2060 3743 11621 2061 3744 11622 1863 3744 11623 1862 3744 11624 2062 3745 11625 2061 3745 11626 2063 3745 11627 2063 3746 11628 2061 3746 11629 2064 3746 11630 2061 3747 11631 1862 3747 11632 2064 3747 11633 2064 3748 11634 1862 3748 11635 1860 3748 11636 2064 3749 11637 1860 3749 11638 2060 3749 11639 1093 3750 11640 2060 3750 11641 1094 3750 11642 2060 3751 11643 1860 3751 11644 1094 3751 11645 1094 3752 11646 1860 3752 11647 1859 3752 11648 1094 3753 11649 1859 3753 11650 1104 3753 11651 1104 3754 11652 1859 3754 11653 1865 3754 11654 1104 3755 11655 1865 3755 11656 1103 3755 11657 1123 3756 11658 1831 3756 11659 1124 3756 11660 2065 3757 11661 2066 3757 11662 2067 3757 11663 2067 3758 11664 2066 3758 11665 2068 3758 11666 2069 3759 11667 1058 3759 11668 1124 3759 11669 1831 3760 11670 1835 3760 11671 1124 3760 11672 1124 3761 11673 1835 3761 11674 1834 3761 11675 1124 3762 11676 1834 3762 11677 2069 3762 11678 2069 3763 11679 1834 3763 11680 1833 3763 11681 2069 3764 11682 1833 3764 11683 2065 3764 11684 2065 3765 11685 1833 3765 11686 1832 3765 11687 2065 3766 11688 1832 3766 11689 2066 3766 11690 2070 3767 11691 2034 3767 11692 2071 3767 11693 2071 3768 11694 2034 3768 11695 2044 3768 11696 2071 3769 11697 2044 3769 11698 2072 3769 11699 2072 3770 11700 2044 3770 11701 2073 3770 11702 2072 3771 11703 2073 3771 11704 2074 3771 11705 2074 3772 11706 2073 3772 11707 2075 3772 11708 2076 3773 11709 2067 3773 11710 2068 3773 11711 2068 3774 11712 2075 3774 11713 2076 3774 11714 2076 3775 11715 2075 3775 11716 2073 3775 11717 2076 3776 11718 2073 3776 11719 2007 3776 11720 2007 3777 11721 2073 3777 11722 2044 3777 11723 2076 3778 11724 2007 3778 11725 2008 3778 11726 1059 3779 11727 1058 3779 11728 2077 3779 11729 2077 3780 11730 1058 3780 11731 2069 3780 11732 2077 3781 11733 2069 3781 11734 2065 3781 11735 1110 3782 11736 1059 3782 11737 2008 3782 11738 2008 3783 11739 1059 3783 11740 2077 3783 11741 2008 3784 11742 2077 3784 11743 2076 3784 11744 2076 3785 11745 2077 3785 11746 2065 3785 11747 2076 3786 11748 2065 3786 11749 2067 3786 11750 2064 3787 11751 2060 3787 11752 2078 3787 11753 1055 3788 11754 2011 3788 11755 2078 3788 11756 1055 3789 11757 2078 3789 11758 1056 3789 11759 1056 3790 11760 2078 3790 11761 2060 3790 11762 1056 3791 11763 2060 3791 11764 1092 3791 11765 2011 3792 11766 2010 3792 11767 2078 3792 11768 2078 3793 11769 2010 3793 11770 2079 3793 11771 2078 3794 11772 2079 3794 11773 2064 3794 11774 2064 3795 11775 2079 3795 11776 2063 3795 11777 2079 3796 11778 2010 3796 11779 2058 3796 11780 2062 3797 11781 2063 3797 11782 2079 3797 11783 2080 3798 11784 2081 3798 11785 2082 3798 11786 2082 3799 11787 2081 3799 11788 2083 3799 11789 2082 3800 11790 2083 3800 11791 2084 3800 11792 2058 3801 11793 2052 3801 11794 2085 3801 11795 2085 3802 11796 2080 3802 11797 2058 3802 11798 2058 3803 11799 2080 3803 11800 2082 3803 11801 2058 3804 11802 2082 3804 11803 2079 3804 11804 2079 3805 11805 2082 3805 11806 2084 3805 11807 2079 3806 11808 2084 3806 11809 2062 3806 11810 2051 3807 11811 2085 3807 11812 2052 3807 11813 2054 3808 11814 2086 3808 11815 2051 3808 11816 2054 3809 11817 1639 3809 11818 1638 3809 11819 2086 3810 11820 2054 3810 11821 2087 3810 11822 2085 3811 11823 2051 3811 11824 2080 3811 11825 2054 3812 11826 1638 3812 11827 2087 3812 11828 2087 3813 11829 1638 3813 11830 1690 3813 11831 2087 3814 11832 1690 3814 11833 2088 3814 11834 2088 3815 11835 1690 3815 11836 1663 3815 11837 2088 3816 11838 1663 3816 11839 2089 3816 11840 2089 3817 11841 1663 3817 11842 1662 3817 11843 2089 3818 11844 1662 3818 11845 2090 3818 11846 2051 3819 11847 2086 3819 11848 2080 3819 11849 2080 3820 11850 2086 3820 11851 2087 3820 11852 2080 3821 11853 2087 3821 11854 2081 3821 11855 2081 3822 11856 2087 3822 11857 2088 3822 11858 2081 3823 11859 2088 3823 11860 2083 3823 11861 2083 3824 11862 2088 3824 11863 2089 3824 11864 2083 3825 11865 2089 3825 11866 2084 3825 11867 2084 3826 11868 2089 3826 11869 2090 3826 11870 2084 3827 11871 2090 3827 11872 2062 3827 11873 2091 3828 11874 1661 3828 11875 1644 3828 11876 1644 3829 11877 2092 3829 11878 2091 3829 11879 2091 3830 11880 2092 3830 11881 2093 3830 11882 2091 3831 11883 2093 3831 11884 2061 3831 11885 2061 3832 11886 2093 3832 11887 2094 3832 11888 2061 3833 11889 2094 3833 11890 1863 3833 11891 1662 3834 11892 1661 3834 11893 2090 3834 11894 2090 3835 11895 1661 3835 11896 2091 3835 11897 2090 3836 11898 2091 3836 11899 2062 3836 11900 2062 3837 11901 2091 3837 11902 2061 3837 11903 1654 3838 11904 1652 3838 11905 2095 3838 11906 1824 3839 11907 1823 3839 11908 2096 3839 11909 1824 3840 11910 2096 3840 11911 1858 3840 11912 2097 3841 11913 2098 3841 11914 2099 3841 11915 2100 3842 11916 2095 3842 11917 1652 3842 11918 2100 3843 11919 1652 3843 11920 1650 3843 11921 2100 3844 11922 2098 3844 11923 2095 3844 11924 2095 3845 11925 2098 3845 11926 2097 3845 11927 2095 3846 11928 2097 3846 11929 2101 3846 11930 2101 3847 11931 1647 3847 11932 1641 3847 11933 2101 3848 11934 1641 3848 11935 2095 3848 11936 2095 3849 11937 1641 3849 11938 1640 3849 11939 2095 3850 11940 1640 3850 11941 1654 3850 11942 1864 3851 11943 1861 3851 11944 2102 3851 11945 2102 3852 11946 1861 3852 11947 2103 3852 11948 2102 3853 11949 2103 3853 11950 2104 3853 11951 1823 3854 11952 1864 3854 11953 2096 3854 11954 2096 3855 11955 1864 3855 11956 2102 3855 11957 2096 3856 11958 2102 3856 11959 2105 3856 11960 2105 3857 11961 2102 3857 11962 2104 3857 11963 2105 3858 11964 2104 3858 11965 2106 3858 11966 1643 3859 11967 1647 3859 11968 2106 3859 11969 2106 3860 11970 1647 3860 11971 2101 3860 11972 2106 3861 11973 2101 3861 11974 2105 3861 11975 2105 3862 11976 2101 3862 11977 2097 3862 11978 2105 3863 11979 2097 3863 11980 2096 3863 11981 2096 3864 11982 2097 3864 11983 2099 3864 11984 2096 3865 11985 2099 3865 11986 1858 3865 11987 1644 3866 11988 1643 3866 11989 2092 3866 11990 2092 3867 11991 1643 3867 11992 2106 3867 11993 2092 3868 11994 2106 3868 11995 2093 3868 11996 2093 3869 11997 2106 3869 11998 2104 3869 11999 2093 3870 12000 2104 3870 12001 2094 3870 12002 2094 3871 12003 2104 3871 12004 2103 3871 12005 2094 3872 12006 2103 3872 12007 1863 3872 12008 1863 3873 12009 2103 3873 12010 1861 3873 12011 2107 3874 12012 2108 3874 12013 2109 3874 12014 2110 3875 12015 2111 3875 12016 2112 3875 12017 2113 3876 12018 2114 3876 12019 2115 3876 12020 2116 3877 12021 1839 3877 12022 1838 3877 12023 2116 3878 12024 1838 3878 12025 2114 3878 12026 2110 3879 12027 2112 3879 12028 2117 3879 12029 2114 3880 12030 1838 3880 12031 2115 3880 12032 2115 3881 12033 1838 3881 12034 1837 3881 12035 2115 3882 12036 1837 3882 12037 2118 3882 12038 2118 3883 12039 1837 3883 12040 1836 3883 12041 2118 3884 12042 1836 3884 12043 2119 3884 12044 2119 3885 12045 1836 3885 12046 1844 3885 12047 2119 3886 12048 1844 3886 12049 2120 3886 12050 2120 3887 12051 1844 3887 12052 1843 3887 12053 2120 3888 12054 1843 3888 12055 1842 3888 12056 1841 3889 12057 2121 3889 12058 1842 3889 12059 1842 3890 12060 2121 3890 12061 2122 3890 12062 1842 3891 12063 2122 3891 12064 2120 3891 12065 1841 3892 12066 1848 3892 12067 2121 3892 12068 2121 3893 12069 1848 3893 12070 1847 3893 12071 2121 3894 12072 1847 3894 12073 2123 3894 12074 2123 3895 12075 1847 3895 12076 1846 3895 12077 2123 3896 12078 1846 3896 12079 2124 3896 12080 2124 3897 12081 1846 3897 12082 1845 3897 12083 2124 3898 12084 1845 3898 12085 2125 3898 12086 1845 3899 12087 1850 3899 12088 2125 3899 12089 2125 3900 12090 1850 3900 12091 1849 3900 12092 2125 3901 12093 1849 3901 12094 2126 3901 12095 2126 3902 12096 1849 3902 12097 1854 3902 12098 2126 3903 12099 1854 3903 12100 2127 3903 12101 2127 3904 12102 1854 3904 12103 1853 3904 12104 2127 3905 12105 1853 3905 12106 2128 3905 12107 2128 3906 12108 1853 3906 12109 1852 3906 12110 1851 3907 12111 2129 3907 12112 1852 3907 12113 1852 3908 12114 2129 3908 12115 2130 3908 12116 1852 3909 12117 2130 3909 12118 2128 3909 12119 1851 3910 12120 1857 3910 12121 2129 3910 12122 2129 3911 12123 1857 3911 12124 1856 3911 12125 2129 3912 12126 1856 3912 12127 2131 3912 12128 2111 3913 12129 2113 3913 12130 2112 3913 12131 2112 3914 12132 2113 3914 12133 2115 3914 12134 2112 3915 12135 2115 3915 12136 2132 3915 12137 2132 3916 12138 2115 3916 12139 2118 3916 12140 2132 3917 12141 2118 3917 12142 2133 3917 12143 2133 3918 12144 2118 3918 12145 2119 3918 12146 2133 3919 12147 2119 3919 12148 2134 3919 12149 2134 3920 12150 2119 3920 12151 2120 3920 12152 2134 3921 12153 2120 3921 12154 2135 3921 12155 2135 3922 12156 2120 3922 12157 2122 3922 12158 2135 3923 12159 2122 3923 12160 2136 3923 12161 2136 3924 12162 2122 3924 12163 2121 3924 12164 2136 3925 12165 2121 3925 12166 2137 3925 12167 2137 3926 12168 2121 3926 12169 2123 3926 12170 2137 3927 12171 2123 3927 12172 2138 3927 12173 2138 3928 12174 2123 3928 12175 2124 3928 12176 2138 3929 12177 2124 3929 12178 2139 3929 12179 2139 3930 12180 2124 3930 12181 2125 3930 12182 2139 3931 12183 2125 3931 12184 2140 3931 12185 2140 3932 12186 2125 3932 12187 2126 3932 12188 2140 3933 12189 2126 3933 12190 2141 3933 12191 2141 3934 12192 2126 3934 12193 2127 3934 12194 2141 3935 12195 2127 3935 12196 2142 3935 12197 2142 3936 12198 2127 3936 12199 2128 3936 12200 2142 3937 12201 2128 3937 12202 2143 3937 12203 2143 3938 12204 2128 3938 12205 2130 3938 12206 2143 3939 12207 2130 3939 12208 2144 3939 12209 2144 3940 12210 2130 3940 12211 2129 3940 12212 2144 3941 12213 2129 3941 12214 2145 3941 12215 2145 3942 12216 2129 3942 12217 2131 3942 12218 2145 3943 12219 2131 3943 12220 2146 3943 12221 1825 3944 12222 2108 3944 12223 1826 3944 12224 1826 3945 12225 2108 3945 12226 2107 3945 12227 1826 3946 12228 2107 3946 12229 1855 3946 12230 2147 3947 12231 2117 3947 12232 2148 3947 12233 2148 3948 12234 2117 3948 12235 2112 3948 12236 2148 3949 12237 2112 3949 12238 2149 3949 12239 2149 3950 12240 2112 3950 12241 2132 3950 12242 2149 3951 12243 2132 3951 12244 2150 3951 12245 2150 3952 12246 2132 3952 12247 2133 3952 12248 2150 3953 12249 2133 3953 12250 2151 3953 12251 2151 3954 12252 2133 3954 12253 2134 3954 12254 2151 3955 12255 2134 3955 12256 2152 3955 12257 2152 3956 12258 2134 3956 12259 2135 3956 12260 2152 3957 12261 2135 3957 12262 2153 3957 12263 2153 3958 12264 2135 3958 12265 2136 3958 12266 2153 3959 12267 2136 3959 12268 2154 3959 12269 2154 3960 12270 2136 3960 12271 2137 3960 12272 2154 3961 12273 2137 3961 12274 2155 3961 12275 2155 3962 12276 2137 3962 12277 2138 3962 12278 2155 3963 12279 2138 3963 12280 2156 3963 12281 2156 3964 12282 2138 3964 12283 2139 3964 12284 2156 3965 12285 2139 3965 12286 2157 3965 12287 2157 3966 12288 2139 3966 12289 2140 3966 12290 2157 3967 12291 2140 3967 12292 2158 3967 12293 2158 3968 12294 2140 3968 12295 2141 3968 12296 2158 3969 12297 2141 3969 12298 2159 3969 12299 2159 3970 12300 2141 3970 12301 2142 3970 12302 2159 3971 12303 2142 3971 12304 2160 3971 12305 2160 3972 12306 2142 3972 12307 2143 3972 12308 2160 3973 12309 2143 3973 12310 2161 3973 12311 2161 3974 12312 2143 3974 12313 2144 3974 12314 2161 3975 12315 2144 3975 12316 2162 3975 12317 2162 3976 12318 2144 3976 12319 2145 3976 12320 2162 3977 12321 2145 3977 12322 2163 3977 12323 2163 3978 12324 2145 3978 12325 2146 3978 12326 2163 3979 12327 2146 3979 12328 2164 3979 12329 1691 3980 12330 2147 3980 12331 1692 3980 12332 1692 3981 12333 2147 3981 12334 2148 3981 12335 1692 3982 12336 2148 3982 12337 1752 3982 12338 1752 3983 12339 2148 3983 12340 2149 3983 12341 1752 3984 12342 2149 3984 12343 1751 3984 12344 1751 3985 12345 2149 3985 12346 2150 3985 12347 1751 3986 12348 2150 3986 12349 1774 3986 12350 1774 3987 12351 2150 3987 12352 2151 3987 12353 1774 3988 12354 2151 3988 12355 1773 3988 12356 1773 3989 12357 2151 3989 12358 2152 3989 12359 1773 3990 12360 2152 3990 12361 1772 3990 12362 1772 3991 12363 2152 3991 12364 2153 3991 12365 1772 3992 12366 2153 3992 12367 1771 3992 12368 1771 3993 12369 2153 3993 12370 2154 3993 12371 1771 3994 12372 2154 3994 12373 1769 3994 12374 1769 3995 12375 2154 3995 12376 2155 3995 12377 1769 3996 12378 2155 3996 12379 1767 3996 12380 1767 3997 12381 2155 3997 12382 2156 3997 12383 1767 3998 12384 2156 3998 12385 1765 3998 12386 1765 3999 12387 2156 3999 12388 2157 3999 12389 1765 4000 12390 2157 4000 12391 1763 4000 12392 1763 4001 12393 2157 4001 12394 2158 4001 12395 1763 4002 12396 2158 4002 12397 1761 4002 12398 1761 4003 12399 2158 4003 12400 2159 4003 12401 1761 4004 12402 2159 4004 12403 1759 4004 12404 1759 4005 12405 2159 4005 12406 2160 4005 12407 1759 4006 12408 2160 4006 12409 1757 4006 12410 1757 4007 12411 2160 4007 12412 2161 4007 12413 1757 4008 12414 2161 4008 12415 1756 4008 12416 1756 4009 12417 2161 4009 12418 2162 4009 12419 1756 4010 12420 2162 4010 12421 1755 4010 12422 1755 4011 12423 2162 4011 12424 2163 4011 12425 1755 4012 12426 2163 4012 12427 1754 4012 12428 1754 4013 12429 2163 4013 12430 2164 4013 12431 1754 4014 12432 2164 4014 12433 1753 4014 12434 1753 4015 12435 2164 4015 12436 2100 4015 12437 1753 4016 12438 2100 4016 12439 1650 4016 12440 1825 4017 12441 1858 4017 12442 2108 4017 12443 2108 4018 12444 1858 4018 12445 2099 4018 12446 2108 4019 12447 2099 4019 12448 2109 4019 12449 2109 4020 12450 2099 4020 12451 2098 4020 12452 1856 4021 12453 1855 4021 12454 2131 4021 12455 2131 4022 12456 1855 4022 12457 2107 4022 12458 2131 4023 12459 2107 4023 12460 2146 4023 12461 2146 4024 12462 2107 4024 12463 2109 4024 12464 2146 4025 12465 2109 4025 12466 2164 4025 12467 2164 4026 12468 2109 4026 12469 2098 4026 12470 2164 4027 12471 2098 4027 12472 2100 4027 12473 2165 4028 12474 2166 4028 12475 2167 4028 12476 2147 4029 12477 1691 4029 12478 1700 4029 12479 2111 4030 12480 2110 4030 12481 2168 4030 12482 2168 4031 12483 2110 4031 12484 2117 4031 12485 2168 4032 12486 2117 4032 12487 2147 4032 12488 2114 4033 12489 2113 4033 12490 2169 4033 12491 1840 4034 12492 1839 4034 12493 2116 4034 12494 2147 4035 12495 1700 4035 12496 2168 4035 12497 2168 4036 12498 1700 4036 12499 1699 4036 12500 2168 4037 12501 1699 4037 12502 2170 4037 12503 2170 4038 12504 1699 4038 12505 1697 4038 12506 2170 4039 12507 1697 4039 12508 2171 4039 12509 2171 4040 12510 1697 4040 12511 1696 4040 12512 2171 4041 12513 1696 4041 12514 2172 4041 12515 1696 4042 12516 1702 4042 12517 2172 4042 12518 2172 4043 12519 1702 4043 12520 1704 4043 12521 2172 4044 12522 1704 4044 12523 2173 4044 12524 2173 4045 12525 1704 4045 12526 1703 4045 12527 1703 4046 12528 2174 4046 12529 2173 4046 12530 2173 4047 12531 2174 4047 12532 2175 4047 12533 2173 4048 12534 2175 4048 12535 2172 4048 12536 2172 4049 12537 2175 4049 12538 2176 4049 12539 2172 4050 12540 2176 4050 12541 2171 4050 12542 2171 4051 12543 2176 4051 12544 2177 4051 12545 2171 4052 12546 2177 4052 12547 2170 4052 12548 2170 4053 12549 2177 4053 12550 2178 4053 12551 2170 4054 12552 2178 4054 12553 2168 4054 12554 2168 4055 12555 2178 4055 12556 2169 4055 12557 2168 4056 12558 2169 4056 12559 2111 4056 12560 2111 4057 12561 2169 4057 12562 2113 4057 12563 2174 4058 12564 2165 4058 12565 2175 4058 12566 2175 4059 12567 2165 4059 12568 2167 4059 12569 2175 4060 12570 2167 4060 12571 2176 4060 12572 2176 4061 12573 2167 4061 12574 2179 4061 12575 2176 4062 12576 2179 4062 12577 2177 4062 12578 2177 4063 12579 2179 4063 12580 2180 4063 12581 2177 4064 12582 2180 4064 12583 2178 4064 12584 2178 4065 12585 2180 4065 12586 2181 4065 12587 2178 4066 12588 2181 4066 12589 2169 4066 12590 2169 4067 12591 2181 4067 12592 2182 4067 12593 2169 4068 12594 2182 4068 12595 2114 4068 12596 2114 4069 12597 2182 4069 12598 2116 4069 12599 2116 4070 12600 2182 4070 12601 1840 4070 12602 1840 4071 12603 2182 4071 12604 2181 4071 12605 1840 4072 12606 2181 4072 12607 1827 4072 12608 1827 4073 12609 2181 4073 12610 2180 4073 12611 1827 4074 12612 2180 4074 12613 1828 4074 12614 1828 4075 12615 2180 4075 12616 2179 4075 12617 1828 4076 12618 2179 4076 12619 1829 4076 12620 1829 4077 12621 2179 4077 12622 2167 4077 12623 1829 4078 12624 2167 4078 12625 1830 4078 12626 1830 4079 12627 2167 4079 12628 2166 4079 12629 1830 4080 12630 2166 4080 12631 1832 4080 12632 2183 4081 12633 1708 4081 12634 1712 4081 12635 2184 4082 12636 2068 4082 12637 2066 4082 12638 1832 4083 12639 2166 4083 12640 2066 4083 12641 2066 4084 12642 2166 4084 12643 2183 4084 12644 2066 4085 12645 2183 4085 12646 2184 4085 12647 2184 4086 12648 2183 4086 12649 1712 4086 12650 1703 4087 12651 1708 4087 12652 2174 4087 12653 2174 4088 12654 1708 4088 12655 2183 4088 12656 2174 4089 12657 2183 4089 12658 2165 4089 12659 2165 4090 12660 2183 4090 12661 2166 4090 12662 2039 4091 12663 2185 4091 12664 2040 4091 12665 2034 4092 12666 2070 4092 12667 2035 4092 12668 2035 4093 12669 2070 4093 12670 2037 4093 12671 2037 4094 12672 2070 4094 12673 2039 4094 12674 2039 4095 12675 2070 4095 12676 2071 4095 12677 2039 4096 12678 2071 4096 12679 2185 4096 12680 2185 4097 12681 2071 4097 12682 2072 4097 12683 2185 4098 12684 2072 4098 12685 2186 4098 12686 2186 4099 12687 2072 4099 12688 2074 4099 12689 2186 4100 12690 2074 4100 12691 2187 4100 12692 2187 4101 12693 2074 4101 12694 2075 4101 12695 2187 4102 12696 2075 4102 12697 2188 4102 12698 2188 4103 12699 2075 4103 12700 2068 4103 12701 2188 4104 12702 2068 4104 12703 2184 4104 12704 2040 4105 12705 2185 4105 12706 1714 4105 12707 1714 4106 12708 2185 4106 12709 2186 4106 12710 1714 4107 12711 2186 4107 12712 1713 4107 12713 1713 4108 12714 2186 4108 12715 2187 4108 12716 1713 4109 12717 2187 4109 12718 1709 4109 12719 1709 4110 12720 2187 4110 12721 2188 4110 12722 1709 4111 12723 2188 4111 12724 1710 4111 12725 1710 4112 12726 2188 4112 12727 2184 4112 12728 1710 4113 12729 2184 4113 12730 1712 4113 12731 1514 4114 12732 1993 4114 12733 2189 4114 12734 2189 4115 12735 1993 4115 12736 1998 4115 12737 2189 4116 12738 1998 4116 12739 2190 4116 12740 1866 4117 12741 2191 4117 12742 1867 4117 12743 1867 4118 12744 2191 4118 12745 1872 4118 12746 2190 4119 12747 1998 4119 12748 2192 4119 12749 2192 4120 12750 1998 4120 12751 1999 4120 12752 2192 4121 12753 1999 4121 12754 2193 4121 12755 1999 4122 12756 2002 4122 12757 2193 4122 12758 2193 4123 12759 2002 4123 12760 2001 4123 12761 2193 4124 12762 2001 4124 12763 2194 4124 12764 2194 4125 12765 2001 4125 12766 1871 4125 12767 1871 4126 12768 1870 4126 12769 2194 4126 12770 2194 4127 12771 1870 4127 12772 1869 4127 12773 2194 4128 12774 1869 4128 12775 2193 4128 12776 2193 4129 12777 1869 4129 12778 1872 4129 12779 2193 4130 12780 1872 4130 12781 2192 4130 12782 2192 4131 12783 1872 4131 12784 2191 4131 12785 2192 4132 12786 2191 4132 12787 2190 4132 12788 1874 4133 12789 1880 4133 12790 2195 4133 12791 1508 4134 12792 1507 4134 12793 2196 4134 12794 1499 4135 12795 1498 4135 12796 2197 4135 12797 2197 4136 12798 1498 4136 12799 2198 4136 12800 1508 4137 12801 2196 4137 12802 1502 4137 12803 1498 4138 12804 1502 4138 12805 2198 4138 12806 2198 4139 12807 1502 4139 12808 2196 4139 12809 2198 4140 12810 2196 4140 12811 2199 4140 12812 2199 4141 12813 2196 4141 12814 2200 4141 12815 2199 4142 12816 2200 4142 12817 2201 4142 12818 2201 4143 12819 2200 4143 12820 2202 4143 12821 2202 4144 12822 2200 4144 12823 2203 4144 12824 2202 4145 12825 2203 4145 12826 2204 4145 12827 1879 4146 12828 1877 4146 12829 2203 4146 12830 2203 4147 12831 1877 4147 12832 2205 4147 12833 2203 4148 12834 2205 4148 12835 2204 4148 12836 1506 4149 12837 1510 4149 12838 2206 4149 12839 2206 4150 12840 1510 4150 12841 1509 4150 12842 2206 4151 12843 1509 4151 12844 1515 4151 12845 1880 4152 12846 1879 4152 12847 2195 4152 12848 2195 4153 12849 1879 4153 12850 2203 4153 12851 2195 4154 12852 2203 4154 12853 2207 4154 12854 2207 4155 12855 2203 4155 12856 2200 4155 12857 2207 4156 12858 2200 4156 12859 2206 4156 12860 2206 4157 12861 2200 4157 12862 2196 4157 12863 2206 4158 12864 2196 4158 12865 1506 4158 12866 1506 4159 12867 2196 4159 12868 1507 4159 12869 1875 4160 12870 1874 4160 12871 2208 4160 12872 2208 4161 12873 1874 4161 12874 2195 4161 12875 2208 4162 12876 2195 4162 12877 2209 4162 12878 2209 4163 12879 2195 4163 12880 2207 4163 12881 2209 4164 12882 2207 4164 12883 2210 4164 12884 2210 4165 12885 2207 4165 12886 2206 4165 12887 2210 4166 12888 2206 4166 12889 1512 4166 12890 1512 4167 12891 2206 4167 12892 1515 4167 12893 1866 4168 12894 1875 4168 12895 2191 4168 12896 2191 4169 12897 1875 4169 12898 2208 4169 12899 2191 4170 12900 2208 4170 12901 2190 4170 12902 2190 4171 12903 2208 4171 12904 2209 4171 12905 2190 4172 12906 2209 4172 12907 2189 4172 12908 2189 4173 12909 2209 4173 12910 2210 4173 12911 2189 4174 12912 2210 4174 12913 1514 4174 12914 1514 4175 12915 2210 4175 12916 1512 4175 12917 2211 4176 12918 2212 4176 12919 2213 4176 12920 2213 4177 12921 2212 4177 12922 2214 4177 12923 2213 4178 12924 2214 4178 12925 2215 4178 12926 1876 4179 12927 1490 4179 12928 2216 4179 12929 2216 4180 12930 1490 4180 12931 2217 4180 12932 2216 4181 12933 2217 4181 12934 2218 4181 12935 1499 4182 12936 2212 4182 12937 1525 4182 12938 1525 4183 12939 2212 4183 12940 2211 4183 12941 1525 4184 12942 2211 4184 12943 1526 4184 12944 2199 4185 12945 2214 4185 12946 2198 4185 12947 2198 4186 12948 2214 4186 12949 2212 4186 12950 2198 4187 12951 2212 4187 12952 2197 4187 12953 2197 4188 12954 2212 4188 12955 1499 4188 12956 2199 4189 12957 2201 4189 12958 2214 4189 12959 2214 4190 12960 2201 4190 12961 2218 4190 12962 2214 4191 12963 2218 4191 12964 2215 4191 12965 2215 4192 12966 2218 4192 12967 2217 4192 12968 1877 4193 12969 1876 4193 12970 2205 4193 12971 2205 4194 12972 1876 4194 12973 2216 4194 12974 2205 4195 12975 2216 4195 12976 2204 4195 12977 2204 4196 12978 2216 4196 12979 2218 4196 12980 2204 4197 12981 2218 4197 12982 2202 4197 12983 2202 4198 12984 2218 4198 12985 2201 4198 12986 1491 4199 12987 1325 4199 12988 2219 4199 12989 2219 4200 12990 1325 4200 12991 2220 4200 12992 2219 4201 12993 2220 4201 12994 2221 4201 12995 2221 4202 12996 2220 4202 12997 2222 4202 12998 2221 4203 12999 2222 4203 13000 2223 4203 13001 2223 4204 13002 2222 4204 13003 2224 4204 13004 2223 4205 13005 2224 4205 13006 2225 4205 13007 2225 4206 13008 2224 4206 13009 2226 4206 13010 2225 4207 13011 2226 4207 13012 1528 4207 13013 1528 4208 13014 2226 4208 13015 1529 4208 13016 1490 4209 13017 1491 4209 13018 2217 4209 13019 2217 4210 13020 1491 4210 13021 2219 4210 13022 2217 4211 13023 2219 4211 13024 2215 4211 13025 2215 4212 13026 2219 4212 13027 2221 4212 13028 2215 4213 13029 2221 4213 13030 2213 4213 13031 2213 4214 13032 2221 4214 13033 2223 4214 13034 2213 4215 13035 2223 4215 13036 2211 4215 13037 2211 4216 13038 2223 4216 13039 2225 4216 13040 2211 4217 13041 2225 4217 13042 1526 4217 13043 1526 4218 13044 2225 4218 13045 1528 4218 13046 1349 4219 13047 1351 4219 13048 2227 4219 13049 2228 4220 13050 2229 4220 13051 2230 4220 13052 2230 4221 13053 2229 4221 13054 2231 4221 13055 2230 4222 13056 2231 4222 13057 1539 4222 13058 1539 4223 13059 2231 4223 13060 1 4223 13061 1353 4224 13062 1355 4224 13063 2232 4224 13064 2232 4225 13065 1355 4225 13066 2233 4225 13067 2232 4226 13068 2233 4226 13069 2234 4226 13070 2234 4227 13071 2233 4227 13072 2235 4227 13073 2234 4228 13074 2235 4228 13075 2228 4228 13076 2228 4229 13077 2235 4229 13078 2236 4229 13079 2228 4230 13080 2236 4230 13081 2229 4230 13082 1351 4231 13083 1353 4231 13084 2227 4231 13085 2227 4232 13086 1353 4232 13087 2232 4232 13088 2227 4233 13089 2232 4233 13090 2237 4233 13091 2237 4234 13092 2232 4234 13093 2234 4234 13094 2237 4235 13095 2234 4235 13096 2238 4235 13097 2238 4236 13098 2234 4236 13099 2228 4236 13100 2238 4237 13101 2228 4237 13102 2239 4237 13103 2239 4238 13104 2228 4238 13105 2230 4238 13106 2239 4239 13107 2230 4239 13108 1540 4239 13109 1540 4240 13110 2230 4240 13111 1539 4240 13112 1347 4241 13113 1349 4241 13114 2240 4241 13115 2240 4242 13116 1349 4242 13117 2227 4242 13118 2240 4243 13119 2227 4243 13120 2241 4243 13121 2241 4244 13122 2227 4244 13123 2237 4244 13124 2241 4245 13125 2237 4245 13126 2242 4245 13127 2242 4246 13128 2237 4246 13129 2238 4246 13130 2242 4247 13131 2238 4247 13132 2243 4247 13133 2243 4248 13134 2238 4248 13135 2239 4248 13136 2243 4249 13137 2239 4249 13138 1541 4249 13139 1541 4250 13140 2239 4250 13141 1540 4250 13142 1346 4251 13143 1347 4251 13144 2244 4251 13145 2244 4252 13146 1347 4252 13147 2240 4252 13148 2244 4253 13149 2240 4253 13150 2245 4253 13151 2245 4254 13152 2240 4254 13153 2241 4254 13154 2245 4255 13155 2241 4255 13156 2246 4255 13157 2246 4256 13158 2241 4256 13159 2242 4256 13160 2246 4257 13161 2242 4257 13162 2247 4257 13163 2247 4258 13164 2242 4258 13165 2243 4258 13166 2247 4259 13167 2243 4259 13168 1543 4259 13169 1543 4260 13170 2243 4260 13171 1541 4260 13172 1543 4261 13173 1544 4261 13174 2247 4261 13175 2247 4262 13176 1544 4262 13177 2248 4262 13178 2247 4263 13179 2248 4263 13180 2246 4263 13181 2246 4264 13182 2248 4264 13183 2249 4264 13184 2246 4265 13185 2249 4265 13186 2245 4265 13187 2245 4266 13188 2249 4266 13189 2250 4266 13190 2245 4267 13191 2250 4267 13192 2244 4267 13193 2244 4268 13194 2250 4268 13195 2251 4268 13196 2244 4269 13197 2251 4269 13198 1346 4269 13199 1340 4270 13200 1341 4270 13201 2251 4270 13202 2251 4271 13203 1341 4271 13204 1344 4271 13205 2251 4272 13206 1344 4272 13207 1346 4272 13208 1546 4273 13209 1547 4273 13210 2252 4273 13211 2252 4274 13212 1547 4274 13213 2253 4274 13214 2252 4275 13215 2253 4275 13216 2254 4275 13217 2254 4276 13218 2253 4276 13219 2255 4276 13220 2254 4277 13221 2255 4277 13222 2256 4277 13223 2256 4278 13224 2255 4278 13225 2257 4278 13226 2256 4279 13227 2257 4279 13228 2258 4279 13229 2258 4280 13230 2257 4280 13231 2259 4280 13232 1547 4281 13233 1549 4281 13234 2253 4281 13235 2253 4282 13236 1549 4282 13237 2260 4282 13238 2253 4283 13239 2260 4283 13240 2255 4283 13241 2255 4284 13242 2260 4284 13243 2261 4284 13244 2255 4285 13245 2261 4285 13246 2257 4285 13247 2257 4286 13248 2261 4286 13249 2262 4286 13250 2257 4287 13251 2262 4287 13252 2259 4287 13253 2259 4288 13254 2262 4288 13255 2263 4288 13256 1544 4289 13257 1546 4289 13258 2248 4289 13259 2248 4290 13260 1546 4290 13261 2252 4290 13262 2248 4291 13263 2252 4291 13264 2249 4291 13265 2249 4292 13266 2252 4292 13267 2254 4292 13268 2249 4293 13269 2254 4293 13270 2250 4293 13271 2250 4294 13272 2254 4294 13273 2256 4294 13274 2250 4295 13275 2256 4295 13276 2251 4295 13277 2251 4296 13278 2256 4296 13279 2258 4296 13280 2251 4297 13281 2258 4297 13282 1340 4297 13283 1340 4298 13284 2258 4298 13285 2259 4298 13286 1340 4299 13287 2259 4299 13288 1338 4299 13289 1338 4300 13290 2259 4300 13291 2263 4300 13292 1332 4301 13293 1334 4301 13294 2263 4301 13295 2263 4302 13296 1334 4302 13297 1336 4302 13298 2263 4303 13299 1336 4303 13300 1338 4303 13301 1552 4304 13302 1551 4304 13303 2264 4304 13304 2264 4305 13305 1551 4305 13306 2265 4305 13307 2264 4306 13308 2265 4306 13309 2266 4306 13310 2266 4307 13311 2265 4307 13312 2267 4307 13313 2266 4308 13314 2267 4308 13315 2268 4308 13316 2268 4309 13317 2267 4309 13318 2269 4309 13319 2268 4310 13320 2269 4310 13321 2270 4310 13322 2270 4311 13323 2269 4311 13324 2271 4311 13325 1549 4312 13326 1552 4312 13327 2260 4312 13328 2260 4313 13329 1552 4313 13330 2264 4313 13331 2260 4314 13332 2264 4314 13333 2261 4314 13334 2261 4315 13335 2264 4315 13336 2266 4315 13337 2261 4316 13338 2266 4316 13339 2262 4316 13340 2262 4317 13341 2266 4317 13342 2268 4317 13343 2262 4318 13344 2268 4318 13345 2263 4318 13346 2263 4319 13347 2268 4319 13348 2270 4319 13349 2263 4320 13350 2270 4320 13351 1332 4320 13352 1332 4321 13353 2270 4321 13354 2271 4321 13355 1332 4322 13356 2271 4322 13357 1321 4322 13358 1321 4323 13359 2271 4323 13360 1322 4323 13361 1551 4324 13362 1550 4324 13363 2265 4324 13364 2265 4325 13365 1550 4325 13366 2272 4325 13367 2265 4326 13368 2272 4326 13369 2267 4326 13370 2267 4327 13371 2272 4327 13372 2273 4327 13373 2267 4328 13374 2273 4328 13375 2269 4328 13376 2269 4329 13377 2273 4329 13378 2274 4329 13379 2269 4330 13380 2274 4330 13381 2271 4330 13382 2271 4331 13383 2274 4331 13384 2275 4331 13385 2271 4332 13386 2275 4332 13387 1322 4332 13388 1322 4333 13389 2275 4333 13390 1324 4333 13391 1327 4334 13392 1324 4334 13393 2276 4334 13394 2276 4335 13395 1324 4335 13396 2275 4335 13397 2276 4336 13398 2275 4336 13399 2277 4336 13400 2277 4337 13401 2275 4337 13402 2274 4337 13403 2277 4338 13404 2274 4338 13405 2278 4338 13406 2278 4339 13407 2274 4339 13408 2273 4339 13409 2278 4340 13410 2273 4340 13411 2279 4340 13412 2279 4341 13413 2273 4341 13414 2272 4341 13415 2279 4342 13416 2272 4342 13417 1530 4342 13418 1530 4343 13419 2272 4343 13420 1550 4343 13421 1325 4344 13422 1327 4344 13423 2220 4344 13424 2220 4345 13425 1327 4345 13426 2276 4345 13427 2220 4346 13428 2276 4346 13429 2222 4346 13430 2222 4347 13431 2276 4347 13432 2277 4347 13433 2222 4348 13434 2277 4348 13435 2224 4348 13436 2224 4349 13437 2277 4349 13438 2278 4349 13439 2224 4350 13440 2278 4350 13441 2226 4350 13442 2226 4351 13443 2278 4351 13444 2279 4351 13445 2226 4352 13446 2279 4352 13447 1529 4352 13448 1529 4353 13449 2279 4353 13450 1530 4353 13451 2 4354 13452 1 4354 13453 2280 4354 13454 2280 4355 13455 1 4355 13456 2231 4355 13457 2280 4356 13458 2231 4356 13459 2281 4356 13460 2281 4357 13461 2231 4357 13462 2229 4357 13463 2281 4358 13464 2229 4358 13465 2282 4358 13466 2229 4359 13467 2236 4359 13468 2282 4359 13469 2282 4360 13470 2236 4360 13471 2235 4360 13472 2282 4361 13473 2235 4361 13474 2283 4361 13475 2283 4362 13476 2235 4362 13477 2284 4362 13478 2235 4363 13479 2233 4363 13480 2284 4363 13481 2284 4364 13482 2233 4364 13483 1355 4364 13484 2284 4365 13485 1355 4365 13486 1356 4365 13487 3 4366 13488 2 4366 13489 2285 4366 13490 2285 4366 13491 2 4366 13492 2280 4366 13493 2285 4367 13494 2280 4367 13495 2286 4367 13496 2286 4367 13497 2280 4367 13498 2281 4367 13499 2286 4368 13500 2281 4368 13501 2287 4368 13502 2287 4369 13503 2281 4369 13504 2282 4369 13505 2287 4370 13506 2282 4370 13507 2288 4370 13508 2288 4370 13509 2282 4370 13510 2283 4370 13511 2288 4371 13512 2283 4371 13513 2289 4371 13514 2289 4372 13515 2283 4372 13516 2284 4372 13517 2289 4373 13518 2284 4373 13519 1283 4373 13520 1283 4374 13521 2284 4374 13522 1356 4374 13523 4 4375 13524 3 4375 13525 2290 4375 13526 2290 4376 13527 3 4376 13528 2285 4376 13529 2290 4377 13530 2285 4377 13531 2291 4377 13532 2291 4378 13533 2285 4378 13534 2286 4378 13535 2291 4379 13536 2286 4379 13537 2292 4379 13538 2292 4380 13539 2286 4380 13540 2287 4380 13541 2292 4381 13542 2287 4381 13543 2293 4381 13544 2293 4382 13545 2287 4382 13546 2288 4382 13547 2293 4383 13548 2288 4383 13549 2294 4383 13550 2288 4384 13551 2289 4384 13552 2294 4384 13553 2294 4385 13554 2289 4385 13555 1283 4385 13556 2294 4386 13557 1283 4386 13558 1285 4386 13559 2295 4387 13560 1470 4387 13561 1469 4387 13562 2296 4388 13563 2297 4388 13564 2298 4388 13565 2299 4389 13566 2296 4389 13567 2300 4389 13568 2301 4390 13569 1314 4390 13570 2302 4390 13571 2302 4391 13572 1314 4391 13573 1312 4391 13574 2302 4392 13575 1312 4392 13576 2299 4392 13577 2303 4393 13578 1308 4393 13579 2304 4393 13580 2304 4394 13581 1308 4394 13582 1310 4394 13583 2304 4395 13584 1310 4395 13585 2305 4395 13586 2305 4396 13587 1310 4396 13588 1318 4396 13589 2305 4397 13590 1318 4397 13591 2301 4397 13592 2301 4398 13593 1318 4398 13594 1316 4398 13595 2301 4399 13596 1316 4399 13597 1314 4399 13598 2306 4400 13599 1300 4400 13600 2307 4400 13601 2307 4401 13602 1300 4401 13603 1302 4401 13604 2307 4402 13605 1302 4402 13606 2308 4402 13607 2308 4403 13608 1302 4403 13609 1304 4403 13610 2308 4404 13611 1304 4404 13612 2303 4404 13613 2303 4405 13614 1304 4405 13615 1306 4405 13616 2303 4406 13617 1306 4406 13618 1308 4406 13619 2296 4407 13620 2298 4407 13621 2300 4407 13622 2300 4408 13623 2298 4408 13624 2309 4408 13625 2300 4409 13626 2309 4409 13627 2310 4409 13628 2310 4410 13629 2309 4410 13630 2311 4410 13631 2310 4411 13632 2311 4411 13633 2312 4411 13634 2312 4412 13635 2311 4412 13636 2313 4412 13637 2312 4413 13638 2313 4413 13639 2314 4413 13640 2314 4414 13641 2313 4414 13642 2315 4414 13643 2314 4415 13644 2315 4415 13645 2316 4415 13646 2316 4416 13647 2315 4416 13648 2317 4416 13649 2316 4417 13650 2317 4417 13651 2318 4417 13652 2318 4418 13653 2317 4418 13654 2319 4418 13655 2318 4419 13656 2319 4419 13657 2320 4419 13658 2320 4420 13659 2319 4420 13660 2321 4420 13661 2320 4421 13662 2321 4421 13663 2322 4421 13664 2322 4422 13665 2321 4422 13666 2323 4422 13667 2322 4423 13668 2323 4423 13669 2324 4423 13670 2324 4424 13671 2323 4424 13672 2325 4424 13673 2324 4425 13674 2325 4425 13675 2326 4425 13676 2326 4426 13677 2325 4426 13678 2327 4426 13679 2326 4427 13680 2327 4427 13681 2328 4427 13682 2299 4428 13683 2300 4428 13684 2302 4428 13685 2302 4429 13686 2300 4429 13687 2310 4429 13688 2302 4430 13689 2310 4430 13690 2301 4430 13691 2301 4431 13692 2310 4431 13693 2312 4431 13694 2301 4432 13695 2312 4432 13696 2305 4432 13697 2305 4433 13698 2312 4433 13699 2314 4433 13700 2305 4434 13701 2314 4434 13702 2304 4434 13703 2304 4435 13704 2314 4435 13705 2316 4435 13706 2304 4436 13707 2316 4436 13708 2303 4436 13709 2303 4437 13710 2316 4437 13711 2318 4437 13712 2303 4438 13713 2318 4438 13714 2308 4438 13715 2308 4439 13716 2318 4439 13717 2320 4439 13718 2308 4440 13719 2320 4440 13720 2307 4440 13721 2307 4441 13722 2320 4441 13723 2322 4441 13724 2307 4442 13725 2322 4442 13726 2306 4442 13727 2306 4443 13728 2322 4443 13729 2324 4443 13730 2306 4444 13731 2324 4444 13732 2329 4444 13733 2329 4445 13734 2324 4445 13735 2326 4445 13736 2329 4446 13737 2326 4446 13738 2330 4446 13739 2330 4447 13740 2326 4447 13741 2328 4447 13742 2330 4448 13743 2328 4448 13744 2331 4448 13745 1288 4449 13746 1291 4449 13747 2331 4449 13748 2331 4450 13749 1291 4450 13750 1293 4450 13751 2331 4451 13752 1293 4451 13753 2330 4451 13754 2330 4452 13755 1293 4452 13756 1294 4452 13757 2330 4453 13758 1294 4453 13759 2329 4453 13760 2329 4454 13761 1294 4454 13762 1296 4454 13763 2329 4455 13764 1296 4455 13765 2306 4455 13766 2306 4456 13767 1296 4456 13768 1298 4456 13769 2306 4457 13770 1298 4457 13771 1300 4457 13772 2327 4458 13773 2332 4458 13774 2328 4458 13775 2328 4459 13776 2332 4459 13777 2333 4459 13778 2328 4460 13779 2333 4460 13780 2331 4460 13781 2331 4461 13782 2333 4461 13783 2334 4461 13784 2331 4462 13785 2334 4462 13786 1288 4462 13787 1288 4463 13788 2334 4463 13789 1287 4463 13790 2295 4464 13791 1469 4464 13792 2335 4464 13793 2335 4465 13794 1469 4465 13795 1465 4465 13796 2335 4466 13797 1465 4466 13798 2336 4466 13799 2336 4467 13800 1465 4467 13801 1464 4467 13802 2336 4468 13803 1464 4468 13804 2337 4468 13805 2337 4469 13806 1464 4469 13807 1476 4469 13808 2337 4470 13809 1476 4470 13810 2338 4470 13811 2338 4471 13812 1476 4471 13813 1475 4471 13814 2338 4472 13815 1475 4472 13816 2339 4472 13817 2339 4473 13818 1475 4473 13819 1474 4473 13820 2339 4474 13821 1474 4474 13822 2340 4474 13823 2340 4475 13824 1474 4475 13825 1462 4475 13826 2340 4476 13827 1462 4476 13828 2341 4476 13829 2341 4477 13830 1462 4477 13831 1461 4477 13832 2341 4478 13833 1461 4478 13834 2342 4478 13835 2342 4479 13836 1461 4479 13837 1482 4479 13838 2342 4480 13839 1482 4480 13840 2343 4480 13841 2343 4481 13842 1482 4481 13843 1481 4481 13844 2343 4482 13845 1481 4482 13846 2344 4482 13847 2344 4483 13848 1481 4483 13849 1480 4483 13850 2344 4484 13851 1480 4484 13852 2345 4484 13853 2345 4485 13854 1480 4485 13855 1479 4485 13856 2345 4486 13857 1479 4486 13858 2346 4486 13859 2346 4487 13860 1479 4487 13861 4 4487 13862 2346 4488 13863 4 4488 13864 2290 4488 13865 2290 4489 13866 2332 4489 13867 2346 4489 13868 2346 4490 13869 2332 4490 13870 2327 4490 13871 2346 4491 13872 2327 4491 13873 2345 4491 13874 2345 4492 13875 2327 4492 13876 2325 4492 13877 2345 4493 13878 2325 4493 13879 2344 4493 13880 2344 4494 13881 2325 4494 13882 2323 4494 13883 2344 4495 13884 2323 4495 13885 2343 4495 13886 2343 4496 13887 2323 4496 13888 2321 4496 13889 2343 4497 13890 2321 4497 13891 2342 4497 13892 2342 4498 13893 2321 4498 13894 2319 4498 13895 2342 4499 13896 2319 4499 13897 2341 4499 13898 2341 4500 13899 2319 4500 13900 2317 4500 13901 2341 4501 13902 2317 4501 13903 2340 4501 13904 2340 4502 13905 2317 4502 13906 2315 4502 13907 2340 4503 13908 2315 4503 13909 2339 4503 13910 2339 4504 13911 2315 4504 13912 2313 4504 13913 2339 4505 13914 2313 4505 13915 2338 4505 13916 2338 4506 13917 2313 4506 13918 2311 4506 13919 2338 4507 13920 2311 4507 13921 2337 4507 13922 2337 4508 13923 2311 4508 13924 2309 4508 13925 2337 4509 13926 2309 4509 13927 2336 4509 13928 2336 4510 13929 2309 4510 13930 2298 4510 13931 2336 4511 13932 2298 4511 13933 2335 4511 13934 2335 4512 13935 2298 4512 13936 2297 4512 13937 2335 4513 13938 2297 4513 13939 2295 4513 13940 1285 4514 13941 1287 4514 13942 2294 4514 13943 2294 4515 13944 1287 4515 13945 2334 4515 13946 2294 4516 13947 2334 4516 13948 2293 4516 13949 2293 4517 13950 2334 4517 13951 2333 4517 13952 2293 4518 13953 2333 4518 13954 2292 4518 13955 2292 4519 13956 2333 4519 13957 2332 4519 13958 2292 4520 13959 2332 4520 13960 2291 4520 13961 2291 4521 13962 2332 4521 13963 2290 4521 13964 1449 4522 13965 1450 4522 13966 2347 4522 13967 2347 4523 13968 1450 4523 13969 2348 4523 13970 2347 4524 13971 2348 4524 13972 2349 4524 13973 2349 4525 13974 2348 4525 13975 2350 4525 13976 2349 4526 13977 2350 4526 13978 2351 4526 13979 2351 4527 13980 2350 4527 13981 2352 4527 13982 2351 4528 13983 2352 4528 13984 2353 4528 13985 2353 4529 13986 2352 4529 13987 2354 4529 13988 2353 4530 13989 2354 4530 13990 1471 4530 13991 1471 4531 13992 2354 4531 13993 1472 4531 13994 1312 4532 13995 1449 4532 13996 2299 4532 13997 2299 4533 13998 1449 4533 13999 2347 4533 14000 2299 4534 14001 2347 4534 14002 2296 4534 14003 2296 4535 14004 2347 4535 14005 2349 4535 14006 2296 4536 14007 2349 4536 14008 2297 4536 14009 2297 4537 14010 2349 4537 14011 2351 4537 14012 2297 4538 14013 2351 4538 14014 2295 4538 14015 2295 4539 14016 2351 4539 14017 2353 4539 14018 2295 4540 14019 2353 4540 14020 1470 4540 14021 1470 4541 14022 2353 4541 14023 1471 4541 14024 2355 4542 14025 1989 4542 14026 1982 4542 14027 1430 4543 14028 1467 4543 14029 2356 4543 14030 2356 4544 14031 1467 4544 14032 2357 4544 14033 2356 4545 14034 2357 4545 14035 2358 4545 14036 2358 4546 14037 2357 4546 14038 2359 4546 14039 2358 4547 14040 2359 4547 14041 2360 4547 14042 2360 4548 14043 2359 4548 14044 2361 4548 14045 2360 4549 14046 2361 4549 14047 2362 4549 14048 2362 4550 14049 2361 4550 14050 2355 4550 14051 2362 4551 14052 2355 4551 14053 2363 4551 14054 2363 4552 14055 2355 4552 14056 1982 4552 14057 1450 4553 14058 1989 4553 14059 2348 4553 14060 2348 4554 14061 1989 4554 14062 2355 4554 14063 2348 4555 14064 2355 4555 14065 2350 4555 14066 2350 4556 14067 2355 4556 14068 2361 4556 14069 2350 4557 14070 2361 4557 14071 2352 4557 14072 2352 4558 14073 2361 4558 14074 2359 4558 14075 2352 4559 14076 2359 4559 14077 2354 4559 14078 2354 4560 14079 2359 4560 14080 2357 4560 14081 2354 4561 14082 2357 4561 14083 1472 4561 14084 1472 4562 14085 2357 4562 14086 1467 4562 14087 2364 4563 14088 2365 4563 14089 2366 4563 14090 2367 4564 14091 2364 4564 14092 2368 4564 14093 1984 4565 14094 2367 4565 14095 2369 4565 14096 1984 4566 14097 2369 4566 14098 1985 4566 14099 1985 4567 14100 2369 4567 14101 2370 4567 14102 1985 4568 14103 2370 4568 14104 1990 4568 14105 2364 4569 14106 2366 4569 14107 2368 4569 14108 2368 4570 14109 2366 4570 14110 2371 4570 14111 2368 4571 14112 2371 4571 14113 2372 4571 14114 2372 4572 14115 2371 4572 14116 2373 4572 14117 2372 4573 14118 2373 4573 14119 2374 4573 14120 2374 4574 14121 2373 4574 14122 2375 4574 14123 2374 4575 14124 2375 4575 14125 2376 4575 14126 2367 4576 14127 2368 4576 14128 2369 4576 14129 2369 4577 14130 2368 4577 14131 2372 4577 14132 2369 4578 14133 2372 4578 14134 2370 4578 14135 2370 4579 14136 2372 4579 14137 2374 4579 14138 2370 4580 14139 2374 4580 14140 2377 4580 14141 2377 4581 14142 2374 4581 14143 2376 4581 14144 2377 4582 14145 2376 4582 14146 2378 4582 14147 1430 4583 14148 2375 4583 14149 1431 4583 14150 1431 4584 14151 2375 4584 14152 2373 4584 14153 1431 4585 14154 2373 4585 14155 1432 4585 14156 1432 4586 14157 2373 4586 14158 2371 4586 14159 1432 4587 14160 2371 4587 14161 1434 4587 14162 1434 4588 14163 2371 4588 14164 2366 4588 14165 1434 4589 14166 2366 4589 14167 1437 4589 14168 1437 4590 14169 2366 4590 14170 2365 4590 14171 1437 4591 14172 2365 4591 14173 1435 4591 14174 1430 4592 14175 2356 4592 14176 2375 4592 14177 2375 4593 14178 2356 4593 14179 2358 4593 14180 2375 4594 14181 2358 4594 14182 2376 4594 14183 2376 4595 14184 2358 4595 14185 2360 4595 14186 2376 4596 14187 2360 4596 14188 2378 4596 14189 2378 4597 14190 2360 4597 14191 2362 4597 14192 2378 4598 14193 2362 4598 14194 2363 4598 14195 1990 4599 14196 2370 4599 14197 1991 4599 14198 1991 4600 14199 2370 4600 14200 2377 4600 14201 1991 4601 14202 2377 4601 14203 1992 4601 14204 1992 4602 14205 2377 4602 14206 2378 4602 14207 1992 4603 14208 2378 4603 14209 1979 4603 14210 1979 4604 14211 2378 4604 14212 2363 4604 14213 1979 4605 14214 2363 4605 14215 1982 4605 14216 1987 4606 14217 2367 4606 14218 1988 4606 14219 1988 4607 14220 2367 4607 14221 1984 4607 14222 2365 4608 14223 2021 4608 14224 2023 4608 14225 2023 4609 14226 2025 4609 14227 2365 4609 14228 2365 4610 14229 2025 4610 14230 2027 4610 14231 2365 4611 14232 2027 4611 14233 1435 4611 14234 1986 4612 14235 2379 4612 14236 1987 4612 14237 1987 4613 14238 2379 4613 14239 2364 4613 14240 1987 4614 14241 2364 4614 14242 2367 4614 14243 2365 4615 14244 2364 4615 14245 2021 4615 14246 2021 4616 14247 2364 4616 14248 2379 4616 14249 2021 4617 14250 2379 4617 14251 2020 4617 14252 2020 4618 14253 2379 4618 14254 1986 4618 14255</p>
        </triangles>
      </mesh>
    </geometry>
  </library_geometries>
  <library_visual_scenes>
    <visual_scene id="Scene" name="Scene">
      <node id="Light_006" name="Light.006" type="NODE">
        <matrix sid="transform">-0.2908646 -0.7711008 0.5663932 4.076245 0.9551712 -0.1998834 0.2183912 1.005454 -0.055189 0.6045247 0.7946723 5.903862 0 0 0 1</matrix>
        <instance_light url="#Light_006-light"/>
      </node>
      <node id="Camera_006" name="Camera.006" type="NODE">
        <matrix sid="transform">0.6859207 -0.3240135 0.6515582 7.358891 0.7276763 0.3054209 -0.6141704 -6.925791 -4.01133e-9 0.8953956 0.4452714 4.958309 0 0 0 1</matrix>
        <instance_camera url="#Camera_006-camera"/>
      </node>
      <node id="Camera_005" name="Camera.005" type="NODE">
        <matrix sid="transform">0.6859207 -0.3240135 0.6515582 7.358891 0.7276763 0.3054209 -0.6141704 -6.925791 -4.01133e-9 0.8953956 0.4452714 4.958309 0 0 0 1</matrix>
        <instance_camera url="#Camera_005-camera"/>
      </node>
      <node id="Light_005" name="Light.005" type="NODE">
        <matrix sid="transform">-0.2908649 -0.7711006 0.5663933 4.076245 0.9551711 -0.1998835 0.2183913 1.005454 -0.05518904 0.6045247 0.7946722 5.903862 0 0 0 1</matrix>
        <instance_light url="#Light_005-light"/>
      </node>
      <node id="th_distal_pst" name="th_distal_pst" type="NODE">
        <matrix sid="transform">0.00100001 0 0 0 0 0.001 0 0 0 0 0.001 0 0 0 0 1</matrix>
        <instance_geometry url="#th_distal_pst-mesh" name="th_distal_pst">
          <bind_material>
            <technique_common>
              <instance_material symbol="black_spec_009-material" target="#black_spec_009-material">
                <bind_vertex_input semantic="UVMap" input_semantic="TEXCOORD" input_set="0"/>
              </instance_material>
            </technique_common>
          </bind_material>
        </instance_geometry>
      </node>
      <node id="Light_004" name="Light.004" type="NODE">
        <matrix sid="transform">-0.2908646 -0.7711008 0.5663932 4.076245 0.9551712 -0.1998834 0.2183912 1.005454 -0.055189 0.6045247 0.7946723 5.903862 0 0 0 1</matrix>
        <instance_light url="#Light_004-light"/>
      </node>
      <node id="Camera_004" name="Camera.004" type="NODE">
        <matrix sid="transform">0.6859207 -0.3240135 0.6515582 7.358891 0.7276763 0.3054209 -0.6141704 -6.925791 -4.01133e-9 0.8953956 0.4452714 4.958309 0 0 0 1</matrix>
        <instance_camera url="#Camera_004-camera"/>
      </node>
      <node id="Camera_003" name="Camera.003" type="NODE">
        <matrix sid="transform">0.6859207 -0.3240135 0.6515582 7.358891 0.7276763 0.3054209 -0.6141704 -6.925791 -4.01133e-9 0.8953956 0.4452714 4.958309 0 0 0 1</matrix>
        <instance_camera url="#Camera_003-camera"/>
      </node>
      <node id="Light_003" name="Light.003" type="NODE">
        <matrix sid="transform">-0.2908649 -0.7711006 0.5663933 4.076245 0.9551711 -0.1998835 0.2183913 1.005454 -0.05518904 0.6045247 0.7946722 5.903862 0 0 0 1</matrix>
        <instance_light url="#Light_003-light"/>
      </node>
      <node id="Light_002" name="Light.002" type="NODE">
        <matrix sid="transform">-0.2908646 -0.7711008 0.5663932 4.076245 0.9551712 -0.1998834 0.2183912 1.005454 -0.055189 0.6045247 0.7946723 5.903862 0 0 0 1</matrix>
        <instance_light url="#Light_002-light"/>
      </node>
      <node id="Camera_002" name="Camera.002" type="NODE">
        <matrix sid="transform">0.6859207 -0.3240135 0.6515582 7.358891 0.7276763 0.3054209 -0.6141704 -6.925791 -4.01133e-9 0.8953956 0.4452714 4.958309 0 0 0 1</matrix>
        <instance_camera url="#Camera_002-camera"/>
      </node>
      <node id="Camera_001" name="Camera.001" type="NODE">
        <matrix sid="transform">0.6859207 -0.3240135 0.6515582 7.358891 0.7276763 0.3054209 -0.6141704 -6.925791 -4.01133e-9 0.8953956 0.4452714 4.958309 0 0 0 1</matrix>
        <instance_camera url="#Camera_001-camera"/>
      </node>
      <node id="Light_001" name="Light.001" type="NODE">
        <matrix sid="transform">-0.2908649 -0.7711006 0.5663933 4.076245 0.9551711 -0.1998835 0.2183913 1.005454 -0.05518904 0.6045247 0.7946722 5.903862 0 0 0 1</matrix>
        <instance_light url="#Light_001-light"/>
      </node>
      <node id="Camera" name="Camera" type="NODE">
        <matrix sid="transform">0.6859207 -0.3240135 0.6515582 7.358891 0.7276763 0.3054208 -0.6141704 -6.925791 0 0.8953956 0.4452714 4.958309 0 0 0 1</matrix>
        <instance_camera url="#Camera-camera"/>
      </node>
      <node id="Light" name="Light" type="NODE">
        <matrix sid="transform">-0.2908646 -0.7711008 0.5663932 4.076245 0.9551712 -0.1998834 0.2183912 1.005454 -0.05518906 0.6045247 0.7946723 5.903862 0 0 0 1</matrix>
        <instance_light url="#Light-light"/>
      </node>
    </visual_scene>
  </library_visual_scenes>
  <scene>
    <instance_visual_scene url="#Scene"/>
  </scene>
</COLLADA>